{
"type": "FeatureCollection",
"name": "periode2",
"crs": { "type": "name", "properties": { "name": "urn:ogc:def:crs:EPSG::28992" } },
"features": [
{ "type": "Feature", "properties": { "fid": 87, "FUNCTIE": "01_Water", "Info": "", "Verhaal": null }, "geometry": { "type": "MultiPolygon", "coordinates": [ [ [ [ 134493.049208145297598, 459155.769909480237402, 0.0 ], [ 134564.272940457158256, 459190.165410792222247, 0.0 ], [ 134571.554839429270942, 459193.916294198716059, 0.0 ], [ 134573.886753351398511, 459194.75569674075814, 0.0 ], [ 134577.361566765612224, 459195.499730493640527, 0.0 ], [ 134580.260808990395162, 459195.700577716284897, 0.0 ], [ 134583.526990350801498, 459195.469134419690818, 0.0 ], [ 134587.10527495117276, 459194.627409602166153, 0.0 ], [ 134589.780377386574401, 459193.552583995973691, 0.0 ], [ 134592.792729249369586, 459191.790010401513427, 0.0 ], [ 134595.197811663616449, 459189.853238527430221, 0.0 ], [ 134597.72977941101999, 459187.104320509941317, 0.0 ], [ 134599.170627621759195, 459185.018009919673204, 0.0 ], [ 134649.024764560279436, 459101.13862445083214, 0.0 ], [ 134650.215782188111916, 459098.808532804658171, 0.0 ], [ 134651.035667213523993, 459096.681415417115204, 0.0 ], [ 134651.812756051192991, 459093.651252632378601, 0.0 ], [ 134652.166156638006214, 459090.630619444476906, 0.0 ], [ 134652.100946080376161, 459087.401156736537814, 0.0 ], [ 134651.58171950749238, 459084.190222390170675, 0.0 ], [ 134641.027179377590073, 459053.391413033939898, 0.0 ], [ 134640.59095593370148, 459052.549258803424891, 0.0 ], [ 134639.324012527737068, 459050.98382197204046, 0.0 ], [ 134637.570272868353641, 459049.792992767819669, 0.0 ], [ 134635.83671930921264, 459049.233880561951082, 0.0 ], [ 134633.736963187868241, 459049.135862480616197, 0.0 ], [ 134632.906056383391842, 459049.259490288037341, 0.0 ], [ 134622.57986609369982, 459052.964711452135816, 0.0 ], [ 134621.658195898402482, 459053.53317708754912, 0.0 ], [ 134620.990981390990783, 459054.426562446635216, 0.0 ], [ 134620.719678308960283, 459055.49454252817668, 0.0 ], [ 134620.872101213637507, 459056.665125393308699, 0.0 ], [ 134632.094333716639085, 459089.443735815468244, 0.0 ], [ 134580.991064745787298, 459174.943537471990567, 0.0 ], [ 134534.197774278698489, 459153.131442095560487, 0.0 ], [ 134532.030609474109951, 459094.463393614511006, 0.0 ], [ 134496.467750932119088, 459069.385823625372723, 0.0 ], [ 134495.973772453784477, 459016.316739497240633, 0.0 ], [ 134496.017723919387208, 459016.176201628055423, 0.0 ], [ 134604.475061440083664, 459007.911122795718256, 0.0 ], [ 134618.406780499819433, 459048.365405802847818, 0.0 ], [ 134619.040172925655497, 459049.334990179922897, 0.0 ], [ 134620.005341300420696, 459050.010550494596828, 0.0 ], [ 134621.133727407926926, 459050.245626864721999, 0.0 ], [ 134622.176242527057184, 459050.065999819024, 0.0 ], [ 134632.912252782873111, 459045.94948332576314, 0.0 ], [ 134634.735421077493811, 459043.118282645649742, 0.0 ], [ 134636.894019167724764, 459040.651444824063219, 0.0 ], [ 134643.507075943809468, 459036.187350920168683, 0.0 ], [ 134642.349430957430741, 459034.202904587902594, 0.0 ], [ 134637.946254161244724, 459037.162822361453436, 0.0 ], [ 134637.366272776009282, 459037.23558687127661, 0.0 ], [ 134636.836254557594657, 459037.095505471050274, 0.0 ], [ 134636.061580677895108, 459036.289421621477231, 0.0 ], [ 134614.590943898248952, 458975.317989654664416, 0.0 ], [ 134644.345216009183787, 458968.227557055826765, 0.0 ], [ 134669.819223791797413, 459006.147616467962507, 0.0 ], [ 134670.701365970919142, 459008.434033092693426, 0.0 ], [ 134670.887622311944142, 459010.783999846898951, 0.0 ], [ 134670.342477616562974, 459013.174008531088475, 0.0 ], [ 134669.052537222247338, 459015.339831275690813, 0.0 ], [ 134667.399530992377549, 459016.894784586329479, 0.0 ], [ 134645.831621259945678, 459031.881194936984684, 0.0 ], [ 134646.979480852023698, 459033.870130845985841, 0.0 ], [ 134669.191996292793192, 459018.244482627662364, 0.0 ], [ 134670.45958803591202, 459017.033303324424196, 0.0 ], [ 134671.419509200379252, 459015.802265424630605, 0.0 ], [ 134672.297371445922181, 459014.228312871302478, 0.0 ], [ 134672.812225597212091, 459012.820724165590946, 0.0 ], [ 134673.183242697938113, 459010.699347802088596, 0.0 ], [ 134673.132257485936861, 459008.735482439340558, 0.0 ], [ 134672.655503214307828, 459006.637376406812109, 0.0 ], [ 134671.813706307351822, 459004.733238177199382, 0.0 ], [ 134645.327147860080004, 458964.904136415105313, 0.0 ], [ 134546.26411852487945, 458988.555406102153938, 0.0 ], [ 134428.159667215717491, 459007.091525198658928, 0.0 ], [ 134428.324462409858825, 459009.563685022993013, 0.0 ], [ 134433.773748278326821, 459008.740253665891942, 0.0 ], [ 134433.858484584430698, 459008.853368875861634, 0.0 ], [ 134514.817008802492637, 459131.300826295278966, 0.0 ], [ 134491.174904341838555, 459154.116228768834844, 0.0 ], [ 134493.049208145297598, 459155.769909480237402, 0.0 ] ] ] ] } },
{ "type": "Feature", "properties": { "fid": 89, "FUNCTIE": "01_Water", "Info": null, "Verhaal": null }, "geometry": { "type": "MultiPolygon", "coordinates": [ [ [ [ 134577.028108051163144, 459062.372349606244825, 0.0 ], [ 134578.024287256586831, 459062.497031483915634, 0.0 ], [ 134577.899917947797803, 459065.856987761158962, 0.0 ], [ 134582.588631670369068, 459063.49263163266005, 0.0 ], [ 134578.939162414462771, 459062.572266664123163, 0.0 ], [ 134578.979297195066465, 459061.002646799723152, 0.0 ], [ 134578.585509706579614, 459059.367366670980118, 0.0 ], [ 134577.81546004730626, 459057.959915479877964, 0.0 ], [ 134576.628370108257513, 459056.741104190528858, 0.0 ], [ 134575.676269912248245, 459056.133581744681578, 0.0 ], [ 134574.598739317123545, 459055.707323533250019, 0.0 ], [ 134573.379242491791956, 459055.49372653325554, 0.0 ], [ 134572.325955866253935, 459055.534767337318044, 0.0 ], [ 134570.956417553592473, 459055.925638867600355, 0.0 ], [ 134569.753633486543549, 459056.658153444353957, 0.0 ], [ 134568.437976946501294, 459058.190815113135614, 0.0 ], [ 134567.770957658503903, 459060.048129736329429, 0.0 ], [ 134565.731812461686786, 459060.689132629137021, 0.0 ], [ 134563.866931369033409, 459061.676389514701441, 0.0 ], [ 134562.302942248352338, 459062.95725448068697, 0.0 ], [ 134561.021761947369669, 459064.518880093528423, 0.0 ], [ 134559.834816113405395, 459066.795106846606359, 0.0 ], [ 134559.070088996522827, 459069.287422025518026, 0.0 ], [ 134558.823003989207791, 459071.595190577208996, 0.0 ], [ 134559.047298790916102, 459074.177412141172681, 0.0 ], [ 134559.738564863597276, 459076.57536298915511, 0.0 ], [ 134560.749664508999558, 459078.53421577665722, 0.0 ], [ 134562.337202095863177, 459080.488055618829094, 0.0 ], [ 134564.069614067178918, 459081.890889956615865, 0.0 ], [ 134566.210250091942726, 459083.008766391547397, 0.0 ], [ 134568.573840241151629, 459083.715640746755525, 0.0 ], [ 134570.825526454660576, 459083.99293948628474, 0.0 ], [ 134573.06161406514002, 459083.852078525989782, 0.0 ], [ 134575.144089508597972, 459083.299794864899013, 0.0 ], [ 134577.36467832949711, 459082.155869918176904, 0.0 ], [ 134579.192458917852491, 459080.65905593149364, 0.0 ], [ 134580.611731884273468, 459078.923186569532845, 0.0 ], [ 134581.940274734632112, 459076.373862876323983, 0.0 ], [ 134582.722561453119852, 459073.850703820644412, 0.0 ], [ 134582.998842526081717, 459071.472333088866435, 0.0 ], [ 134582.797112869651755, 459068.931169955350924, 0.0 ], [ 134580.805477918678662, 459069.304467525158543, 0.0 ], [ 134579.601819237694144, 459068.474424390587956, 0.0 ], [ 134579.352784592309035, 459068.515935953008011, 0.0 ], [ 134580.472982059203787, 459070.009102000156417, 0.0 ], [ 134580.604877726407722, 459071.413181667623576, 0.0 ], [ 134580.353077892184956, 459074.001071012637112, 0.0 ], [ 134579.512945598020451, 459076.36362996842945, 0.0 ], [ 134578.322199219226604, 459078.237825697113294, 0.0 ], [ 134576.772786943329265, 459079.760415420052595, 0.0 ], [ 134574.920997492474271, 459080.906791378336493, 0.0 ], [ 134572.662752559612272, 459081.680954503070097, 0.0 ], [ 134570.680311282194452, 459081.91819272126304, 0.0 ], [ 134568.620387596165529, 459081.727097509370651, 0.0 ], [ 134566.888311581744347, 459081.176138088048901, 0.0 ], [ 134565.253272359463153, 459080.265564548433758, 0.0 ], [ 134563.813048228970729, 459079.061415324744303, 0.0 ], [ 134562.577691895799944, 459077.542682902014349, 0.0 ], [ 134561.626348882622551, 459075.793577319534961, 0.0 ], [ 134560.999851552827749, 459073.816232245415449, 0.0 ], [ 134560.765265620662831, 459071.739133729483001, 0.0 ], [ 134560.931311586842639, 459069.733102015103213, 0.0 ], [ 134561.469880888005719, 459067.759763597568963, 0.0 ], [ 134562.313224048295524, 459066.04104162735166, 0.0 ], [ 134563.714198444155045, 459064.300089466152713, 0.0 ], [ 134565.210025988140842, 459063.134825445013121, 0.0 ], [ 134567.179761195817264, 459062.17184061993612, 0.0 ], [ 134569.182699450320797, 459061.667091671202797, 0.0 ], [ 134569.728557886788622, 459059.732649327779654, 0.0 ], [ 134570.341360703750979, 459058.863600329088513, 0.0 ], [ 134571.036806523246923, 459058.254469525651075, 0.0 ], [ 134572.10732245183317, 459057.717430690769106, 0.0 ], [ 134573.303222753253067, 459057.536157267692033, 0.0 ], [ 134574.428968755499227, 459057.694498008699156, 0.0 ], [ 134575.42758195992792, 459058.174290022870991, 0.0 ], [ 134576.267670378350886, 459058.979877871461213, 0.0 ], [ 134576.825448837364092, 459059.993795658578165, 0.0 ], [ 134577.093791982711991, 459061.117529878334608, 0.0 ], [ 134577.028108051163144, 459062.372349606244825, 0.0 ] ] ] ] } },
{ "type": "Feature", "properties": { "fid": 90, "FUNCTIE": "04_Talut1", "Info": null, "Verhaal": null }, "geometry": { "type": "MultiPolygon", "coordinates": [ [ [ [ 134580.26900632987963, 459173.408856136200484, 0.0 ], [ 134578.945864140754566, 459168.557425281323958, 0.0 ], [ 134577.402156718395418, 459167.785649377387017, 0.0 ], [ 134576.409785067720804, 459165.911248265183531, 0.0 ], [ 134540.353166808257811, 459148.491192865651101, 0.0 ], [ 134535.280927973566577, 459151.90943853429053, 0.0 ], [ 134580.26900632987963, 459173.408856136200484, 0.0 ] ] ] ] } },
{ "type": "Feature", "properties": { "fid": 91, "FUNCTIE": "04_Talut1", "Info": null, "Verhaal": null }, "geometry": { "type": "MultiPolygon", "coordinates": [ [ [ [ 134626.691355418413877, 459088.28616593166953, 0.0 ], [ 134578.945864140754566, 459168.557425281323958, 0.0 ], [ 134580.26900632987963, 459173.408856136200484, 0.0 ], [ 134630.109563240141142, 459089.388666555343661, 0.0 ], [ 134626.691355418413877, 459088.28616593166953, 0.0 ] ] ] ] } },
{ "type": "Feature", "properties": { "fid": 92, "FUNCTIE": "04_Talut1", "Info": null, "Verhaal": null }, "geometry": { "type": "MultiPolygon", "coordinates": [ [ [ [ 134618.86280459430418, 459055.649279474047944, 0.0 ], [ 134617.760154756164411, 459055.539052243111655, 0.0 ], [ 134616.10616120629129, 459057.634052661131136, 0.0 ], [ 134626.691355418413877, 459088.28616593166953, 0.0 ], [ 134630.109563240141142, 459089.388666555343661, 0.0 ], [ 134618.86280459430418, 459055.649279474047944, 0.0 ] ] ] ] } },
{ "type": "Feature", "properties": { "fid": 93, "FUNCTIE": "04_Talut1", "Info": null, "Verhaal": null }, "geometry": { "type": "MultiPolygon", "coordinates": [ [ [ [ 134538.479162585135782, 459090.273569522134494, 0.0 ], [ 134533.186394289805321, 459093.691815194615629, 0.0 ], [ 134535.280927973566577, 459151.90943853429053, 0.0 ], [ 134540.353166808257811, 459148.491192865651101, 0.0 ], [ 134538.479162585135782, 459090.273569522134494, 0.0 ] ] ] ] } },
{ "type": "Feature", "properties": { "fid": 94, "FUNCTIE": "04_Talut1", "Info": null, "Verhaal": null }, "geometry": { "type": "MultiPolygon", "coordinates": [ [ [ [ 134498.011937975417823, 459068.663700692006387, 0.0 ], [ 134533.186394289805321, 459093.691815194615629, 0.0 ], [ 134538.479162585135782, 459090.273569522134494, 0.0 ], [ 134504.076564523216803, 459065.906997272628359, 0.0 ], [ 134498.011937975417823, 459068.663700692006387, 0.0 ] ] ] ] } },
{ "type": "Feature", "properties": { "fid": 95, "FUNCTIE": "04_Talut1", "Info": null, "Verhaal": null }, "geometry": { "type": "MultiPolygon", "coordinates": [ [ [ [ 134504.076952767383773, 459022.354009305941872, 0.0 ], [ 134497.461066461662995, 459017.723255880002398, 0.0 ], [ 134498.011937975417823, 459068.663700692006387, 0.0 ], [ 134504.076564523216803, 459065.906997272628359, 0.0 ], [ 134504.076952767383773, 459022.354009305941872, 0.0 ] ] ] ] } },
{ "type": "Feature", "properties": { "fid": 96, "FUNCTIE": "04_Talut1", "Info": null, "Verhaal": null }, "geometry": { "type": "MultiPolygon", "coordinates": [ [ [ [ 134601.110473462933442, 459013.750807297881693, 0.0 ], [ 134603.095277608459583, 459009.89163054805249, 0.0 ], [ 134497.461066461662995, 459017.723255880002398, 0.0 ], [ 134504.076952767383773, 459022.354009305941872, 0.0 ], [ 134508.156766355707077, 459023.235973744071089, 0.0 ], [ 134509.700505949615035, 459020.5896712912363, 0.0 ], [ 134601.110473462933442, 459013.750807297881693, 0.0 ] ] ] ] } },
{ "type": "Feature", "properties": { "fid": 97, "FUNCTIE": "04_Talut1", "Info": null, "Verhaal": null }, "geometry": { "type": "MultiPolygon", "coordinates": [ [ [ [ 134612.908550496416865, 459048.372478439297993, 0.0 ], [ 134615.99576548737241, 459050.577092153369449, 0.0 ], [ 134616.218345250119455, 459049.41524113441119, 0.0 ], [ 134616.044472849403974, 459048.229747498873621, 0.0 ], [ 134603.094457605824573, 459009.893643551506102, 0.0 ], [ 134601.112234255037038, 459013.755127138691023, 0.0 ], [ 134612.908550496416865, 459048.372478439297993, 0.0 ] ] ] ] } },
{ "type": "Feature", "properties": { "fid": 98, "FUNCTIE": "05_Talut2", "Info": null, "Verhaal": null }, "geometry": { "type": "MultiPolygon", "coordinates": [ [ [ [ 134609.380064692144515, 459048.703150944493245, 0.0 ], [ 134612.908550498221302, 459048.372263086726889, 0.0 ], [ 134601.110473462933442, 459013.750807297881693, 0.0 ], [ 134509.700505949615035, 459020.5896712912363, 0.0 ], [ 134509.369673410663381, 459024.669326749222819, 0.0 ], [ 134598.574342587700812, 459017.720261315815151, 0.0 ], [ 134609.380064692144515, 459048.703150944493245, 0.0 ] ] ] ] } },
{ "type": "Feature", "properties": { "fid": 99, "FUNCTIE": "05_Talut2", "Info": null, "Verhaal": null }, "geometry": { "type": "MultiPolygon", "coordinates": [ [ [ [ 134508.707733870920492, 459063.701641668740194, 0.0 ], [ 134508.156766355707077, 459023.235973744071089, 0.0 ], [ 134504.076952767383773, 459022.354009305941872, 0.0 ], [ 134504.076564523216803, 459065.906997272628359, 0.0 ], [ 134538.479162585135782, 459090.273569522134494, 0.0 ], [ 134540.353166808257811, 459148.491192865651101, 0.0 ], [ 134576.409785067720804, 459165.911248265183531, 0.0 ], [ 134578.127376428165007, 459160.33589108713204, 0.0 ], [ 134545.378710288117873, 459144.349119745835196, 0.0 ], [ 134543.220591519668233, 459088.178470058599487, 0.0 ], [ 134508.707733870920492, 459063.701641668740194, 0.0 ] ] ] ] } },
{ "type": "Feature", "properties": { "fid": 100, "FUNCTIE": "05_Talut2", "Info": null, "Verhaal": null }, "geometry": { "type": "MultiPolygon", "coordinates": [ [ [ [ 134578.725400071154581, 459160.728919155080803, 0.0 ], [ 134577.402156718395418, 459167.785649377387017, 0.0 ], [ 134578.945864140754566, 459168.557425281323958, 0.0 ], [ 134626.691355418413877, 459088.28616593166953, 0.0 ], [ 134616.10616120629129, 459057.634052661131136, 0.0 ], [ 134612.798192954127444, 459059.508582197362557, 0.0 ], [ 134622.501292629283853, 459087.073428330069873, 0.0 ], [ 134607.505030585540226, 459111.992788547533564, 0.0 ], [ 134606.512643322639633, 459112.103080047061667, 0.0 ], [ 134595.155390942149097, 459104.936490986088756, 0.0 ], [ 134602.984329688275466, 459091.594712811289355, 0.0 ], [ 134602.212477312539704, 459091.153694099630229, 0.0 ], [ 134586.00326547055738, 459118.388576417753939, 0.0 ], [ 134569.904620315821376, 459108.79639773973031, 0.0 ], [ 134577.733565482281847, 459095.675134532619268, 0.0 ], [ 134586.223945956880925, 459100.636602061043959, 0.0 ], [ 134586.444482907274505, 459099.864770652086008, 0.0 ], [ 134580.379928345762892, 459096.005834890878759, 0.0 ], [ 134587.43700389447622, 459083.987207298108842, 0.0 ], [ 134593.832353319798131, 459087.735872466524597, 0.0 ], [ 134594.163157200731803, 459086.743516669957899, 0.0 ], [ 134587.106220400572056, 459082.553829205571674, 0.0 ], [ 134579.497812095010886, 459095.344298131123651, 0.0 ], [ 134577.402781006472651, 459094.352016757184174, 0.0 ], [ 134568.581433202605695, 459109.237481615506113, 0.0 ], [ 134586.334049965633312, 459119.711694246972911, 0.0 ], [ 134594.714321855164599, 459105.928850483964197, 0.0 ], [ 134606.071577197784791, 459112.764657585357781, 0.0 ], [ 134606.292095550481463, 459114.198039013135713, 0.0 ], [ 134578.725400071154581, 459160.728919155080803, 0.0 ] ] ] ] } },
{ "type": "Feature", "properties": { "fid": 101, "FUNCTIE": "04_Talut1", "Info": null, "Verhaal": null }, "geometry": { "type": "MultiPolygon", "coordinates": [ [ [ [ 134577.796597455831943, 459158.351208233914804, 0.0 ], [ 134547.032698646682547, 459143.466981236240827, 0.0 ], [ 134546.591782522940775, 459126.707358415180352, 0.0 ], [ 134545.819952687917976, 459123.509820643870626, 0.0 ], [ 134545.01229770379723, 459100.362224585725926, 0.0 ], [ 134545.489388217771193, 459096.826732127112336, 0.0 ], [ 134545.04841297166422, 459086.903281195729505, 0.0 ], [ 134510.645821780664846, 459062.536710566084366, 0.0 ], [ 134509.984554157854291, 459025.930171952757519, 0.0 ], [ 134516.159422675176756, 459025.378684854600579, 0.0 ], [ 134518.254463468416361, 459025.599143917730544, 0.0 ], [ 134589.155083667690633, 459020.304528696055058, 0.0 ], [ 134591.911708694009576, 459020.745489132474177, 0.0 ], [ 134597.204439841734711, 459020.194029441627208, 0.0 ], [ 134599.189165861869697, 459025.706997460860293, 0.0 ], [ 134600.402065574744483, 459027.691651108383667, 0.0 ], [ 134608.340963155438658, 459050.515346872154623, 0.0 ], [ 134609.443630715773907, 459048.530623697210103, 0.0 ], [ 134598.574342587700812, 459017.720261315815151, 0.0 ], [ 134509.433239723060979, 459024.496799300890416, 0.0 ], [ 134509.764072259567911, 459020.417143855942413, 0.0 ], [ 134508.220332671247888, 459023.063446296844631, 0.0 ], [ 134508.707733870920492, 459063.701641668740194, 0.0 ], [ 134543.220591519668233, 459088.178470058599487, 0.0 ], [ 134545.378710288117873, 459144.349119745835196, 0.0 ], [ 134578.127376428165007, 459160.33589108713204, 0.0 ], [ 134576.409785067720804, 459165.911248265183531, 0.0 ], [ 134577.402156718395418, 459167.785649377387017, 0.0 ], [ 134578.788966226013144, 459160.556391494756099, 0.0 ], [ 134606.355661606678041, 459114.025511564745102, 0.0 ], [ 134604.811949429713422, 459114.025559624889866, 0.0 ], [ 134587.389810345950536, 459142.36309902073117, 0.0 ], [ 134577.796597455831943, 459158.351208233914804, 0.0 ] ] ] ] } },
{ "type": "Feature", "properties": { "fid": 102, "FUNCTIE": "04_Talut1", "Info": null, "Verhaal": null }, "geometry": { "type": "MultiPolygon", "coordinates": [ [ [ [ 134606.953716790158069, 459110.559417455457151, 0.0 ], [ 134607.505030585540226, 459111.992788547533564, 0.0 ], [ 134622.501292629283853, 459087.073428330069873, 0.0 ], [ 134612.798192954127444, 459059.508582197362557, 0.0 ], [ 134611.695545633381698, 459059.067573335487396, 0.0 ], [ 134618.531816976610571, 459078.914267418091185, 0.0 ], [ 134618.972855451022042, 459081.560507714399137, 0.0 ], [ 134620.847318206942873, 459086.852957962139044, 0.0 ], [ 134613.349190844368422, 459098.98185416997876, 0.0 ], [ 134612.025981910439441, 459102.289713402453344, 0.0 ], [ 134606.953716790158069, 459110.559417455457151, 0.0 ] ] ] ] } },
{ "type": "Feature", "properties": { "fid": 103, "FUNCTIE": "04_Talut1", "Info": null, "Verhaal": null }, "geometry": { "type": "MultiPolygon", "coordinates": [ [ [ [ 134595.92719168329495, 459111.552106013987213, 0.0 ], [ 134598.132484262838261, 459112.875165245146491, 0.0 ], [ 134600.55831906790263, 459112.764829119376373, 0.0 ], [ 134601.881493729015347, 459113.646873110672459, 0.0 ], [ 134604.307326414447743, 459113.757058243441861, 0.0 ], [ 134604.748383368860232, 459114.198087077529635, 0.0 ], [ 134606.292095550481463, 459114.198039013135713, 0.0 ], [ 134606.071577197784791, 459112.764657585357781, 0.0 ], [ 134594.714321855164599, 459105.928850483964197, 0.0 ], [ 134595.92719168329495, 459111.552106013987213, 0.0 ] ] ] ] } },
{ "type": "Feature", "properties": { "fid": 104, "FUNCTIE": "04_Talut1", "Info": null, "Verhaal": null }, "geometry": { "type": "MultiPolygon", "coordinates": [ [ [ [ 134599.566163404815597, 459085.199702169222292, 0.0 ], [ 134588.527112187177408, 459078.648095497046597, 0.0 ], [ 134587.073920043156249, 459078.401987151883077, 0.0 ], [ 134586.273488882667152, 459078.606348212400917, 0.0 ], [ 134585.675753963674651, 459078.953101317514665, 0.0 ], [ 134584.917478488379857, 459079.7900351115386, 0.0 ], [ 134578.408668870426482, 459090.580475590773858, 0.0 ], [ 134577.276875190145802, 459090.218760981748346, 0.0 ], [ 134576.293711231643101, 459090.248692983877845, 0.0 ], [ 134575.342870456574019, 459090.661383800441399, 0.0 ], [ 134574.567932795500383, 459091.462063554907218, 0.0 ], [ 134564.271750982763479, 459108.449366272601765, 0.0 ], [ 134564.01590656695771, 459109.234653368708678, 0.0 ], [ 134563.99243219444179, 459109.946709831012413, 0.0 ], [ 134564.512281179107958, 459111.295485250011552, 0.0 ], [ 134565.313321091700345, 459112.021048151538707, 0.0 ], [ 134566.07314964797115, 459112.341572573059238, 0.0 ], [ 134585.241554831532994, 459124.079822066647466, 0.0 ], [ 134586.079492279648548, 459124.386291697039269, 0.0 ], [ 134586.843984573817579, 459124.456683653930668, 0.0 ], [ 134587.779898124630563, 459124.263418067654129, 0.0 ], [ 134588.434070739254821, 459123.901838696852792, 0.0 ], [ 134589.272520267870277, 459122.964400161057711, 0.0 ], [ 134595.926756403117906, 459111.552839080395643, 0.0 ], [ 134594.714803481212584, 459105.931083457660861, 0.0 ], [ 134586.342354751686798, 459119.698035553039517, 0.0 ], [ 134568.588440648745745, 459109.225656994734891, 0.0 ], [ 134577.403359482064843, 459094.352290743845515, 0.0 ], [ 134579.498002023348818, 459095.343978843186051, 0.0 ], [ 134587.1058829674148, 459082.554396463383455, 0.0 ], [ 134594.162235158728436, 459086.746282640320715, 0.0 ], [ 134593.832647735311184, 459087.734989269811194, 0.0 ], [ 134587.430723097524606, 459083.997903876297642, 0.0 ], [ 134580.399598373041954, 459095.972335641563404, 0.0 ], [ 134586.444473126466619, 459099.864804882905446, 0.0 ], [ 134586.223951462132391, 459100.636582793784328, 0.0 ], [ 134577.73590982859605, 459095.676504482806195, 0.0 ], [ 134569.910839423304424, 459108.785974554426502, 0.0 ], [ 134586.019328680093167, 459118.361586850136518, 0.0 ], [ 134602.212783812225098, 459091.153869226458482, 0.0 ], [ 134602.983787515840959, 459091.595636760815978, 0.0 ], [ 134595.1554778572754, 459104.93634286854649, 0.0 ], [ 134600.005977571767289, 459104.385160861827899, 0.0 ], [ 134608.262138648278778, 459090.482944515068084, 0.0 ], [ 134600.761165672098286, 459086.001375135907438, 0.0 ], [ 134584.455282369453926, 459113.203702514176257, 0.0 ], [ 134575.197738026472507, 459107.472434868337587, 0.0 ], [ 134578.946429621486459, 459100.747106444614474, 0.0 ], [ 134587.3250705760438, 459105.928162623429671, 0.0 ], [ 134591.403898044722155, 459098.986833824892528, 0.0 ], [ 134585.015478359011468, 459094.675365408940706, 0.0 ], [ 134588.65345226804493, 459088.730638969282154, 0.0 ], [ 134595.26634005503729, 459092.917031647753902, 0.0 ], [ 134599.566163404815597, 459085.199702169222292, 0.0 ] ] ] ] } },
{ "type": "Feature", "properties": { "fid": 105, "FUNCTIE": "04_Talut1", "Info": null, "Verhaal": null }, "geometry": { "type": "MultiPolygon", "coordinates": [ [ [ [ 134603.094474133016774, 459106.03885128867114, 0.0 ], [ 134600.007063375611324, 459104.38503744645277, 0.0 ], [ 134595.155390942149097, 459104.936490986088756, 0.0 ], [ 134606.512643322639633, 459112.103080047061667, 0.0 ], [ 134607.505030585540226, 459111.992788547533564, 0.0 ], [ 134606.953716790158069, 459110.559417455457151, 0.0 ], [ 134606.071597428323003, 459110.338923601841088, 0.0 ], [ 134603.094474133016774, 459106.03885128867114, 0.0 ] ] ] ] } },
{ "type": "Feature", "properties": { "fid": 107, "FUNCTIE": "04_Talut1", "Info": null, "Verhaal": null }, "geometry": { "type": "MultiPolygon", "coordinates": [ [ [ [ 134604.528120964416303, 459056.311491341388319, 0.0 ], [ 134613.456462595611811, 459053.004567074531224, 0.0 ], [ 134615.113642646931112, 459052.010951593343634, 0.0 ], [ 134615.993055562867085, 459050.575156966981012, 0.0 ], [ 134612.909052520379191, 459048.372836940165143, 0.0 ], [ 134609.380100731359562, 459048.703688991896342, 0.0 ], [ 134608.340963155438658, 459050.515346872154623, 0.0 ], [ 134607.285046074888669, 459051.349655777623411, 0.0 ], [ 134606.181678209744859, 459053.554872912354767, 0.0 ], [ 134604.970200948853744, 459053.99572050140705, 0.0 ], [ 134604.528120964416303, 459056.311491341388319, 0.0 ] ] ] ] } },
{ "type": "Feature", "properties": { "fid": 108, "FUNCTIE": "05_Talut2", "Info": null, "Verhaal": null }, "geometry": { "type": "MultiPolygon", "coordinates": [ ] } },
{ "type": "Feature", "properties": { "fid": 109, "FUNCTIE": "02_Maaiveld", "Info": null, "Verhaal": null }, "geometry": { "type": "MultiPolygon", "coordinates": [ [ [ [ 134580.26900632987963, 459173.408856136200484, 0.0 ], [ 134535.280927973566577, 459151.90943853429053, 0.0 ], [ 134533.186394289805321, 459093.691815194615629, 0.0 ], [ 134498.011937975417823, 459068.663700692006387, 0.0 ], [ 134497.461066461662995, 459017.723255880002398, 0.0 ], [ 134603.09549297002377, 459009.891630541707855, 0.0 ], [ 134615.885712338727899, 459047.820655426592566, 0.0 ], [ 134616.216493873740546, 459049.474553571082652, 0.0 ], [ 134615.996169941674452, 459050.577380978676956, 0.0 ], [ 134615.113606683706166, 459052.01101001171628, 0.0 ], [ 134613.459622147376649, 459053.003404834365938, 0.0 ], [ 134622.253500660648569, 459050.163715430302545, 0.0 ], [ 134620.186031439923681, 459050.08108231582446, 0.0 ], [ 134619.193651307257824, 459049.419548995501827, 0.0 ], [ 134618.366672860982362, 459048.261838268488646, 0.0 ], [ 134604.47360789225786, 459007.906900701345876, 0.0 ], [ 134495.97249639549409, 459016.179650034813676, 0.0 ], [ 134496.468214010586962, 459069.435573061637115, 0.0 ], [ 134532.028601351950783, 459094.408545695012435, 0.0 ], [ 134534.178263115871232, 459153.12234244577121, 0.0 ], [ 134580.985717551753623, 459174.952483749482781, 0.0 ], [ 134632.094333716639085, 459089.443735815468244, 0.0 ], [ 134621.012962068867637, 459057.027471274021082, 0.0 ], [ 134620.682178476417903, 459055.621659369498957, 0.0 ], [ 134621.178384243306937, 459054.050431698036846, 0.0 ], [ 134621.757281283469638, 459053.388851002906449, 0.0 ], [ 134622.832371071563102, 459052.727255356090609, 0.0 ], [ 134616.299148617923493, 459054.794837684603408, 0.0 ], [ 134617.291532967064995, 459054.960198533313815, 0.0 ], [ 134617.760154756164411, 459055.539052243111655, 0.0 ], [ 134618.86280459430418, 459055.649279474047944, 0.0 ], [ 134630.109563240141142, 459089.388666555343661, 0.0 ], [ 134580.26900632987963, 459173.408856136200484, 0.0 ] ] ] ] } },
{ "type": "Feature", "properties": { "fid": 110, "FUNCTIE": "04_Talut1", "Info": null, "Verhaal": null }, "geometry": { "type": "MultiPolygon", "coordinates": [ [ [ [ 134551.876242539670784, 459108.796957529208157, 0.0 ], [ 134554.600940765114501, 459089.313171938178129, 0.0 ], [ 134553.692651898716576, 459086.592082611110527, 0.0 ], [ 134552.400613563135266, 459083.726016344444361, 0.0 ], [ 134550.738174288126174, 459080.800719886668958, 0.0 ], [ 134549.366526090918342, 459078.879815334221348, 0.0 ], [ 134547.646824506431585, 459077.051201542955823, 0.0 ], [ 134545.765869322844082, 459075.576987452746835, 0.0 ], [ 134543.057552768790629, 459074.052860733936541, 0.0 ], [ 134538.820152822532691, 459072.13612461311277, 0.0 ], [ 134535.16269449426909, 459070.814442389120813, 0.0 ], [ 134531.698043029173277, 459069.84799858473707, 0.0 ], [ 134532.358797595370561, 459070.426118653675076, 0.0 ], [ 134535.183743156143464, 459071.947133005131036, 0.0 ], [ 134537.707124945009127, 459073.581259335041977, 0.0 ], [ 134541.811325863061938, 459076.926263066532556, 0.0 ], [ 134543.859311875217827, 459078.995933578116819, 0.0 ], [ 134545.55728794913739, 459080.998708130791783, 0.0 ], [ 134547.288324583525537, 459083.397643344185781, 0.0 ], [ 134548.700392980477773, 459085.806838231917936, 0.0 ], [ 134550.229483967501437, 459089.528113914071582, 0.0 ], [ 134551.191827654081862, 459093.821119949221611, 0.0 ], [ 134551.379962849372532, 459096.498098299489357, 0.0 ], [ 134551.500521218898939, 459103.135904214635957, 0.0 ], [ 134551.876242539670784, 459108.796957529208157, 0.0 ] ] ] ] } },
{ "type": "Feature", "properties": { "fid": 111, "FUNCTIE": "04_Talut1", "Info": null, "Verhaal": null }, "geometry": { "type": "MultiPolygon", "coordinates": [ [ [ [ 134549.64295005283202, 459075.552558733208571, 0.0 ], [ 134547.006445743958466, 459072.622050445934292, 0.0 ], [ 134545.032356428797357, 459070.820049712609034, 0.0 ], [ 134542.765547492279438, 459069.067661203211173, 0.0 ], [ 134540.590846081380732, 459067.655130914528854, 0.0 ], [ 134534.522792934207246, 459064.433627162594348, 0.0 ], [ 134532.406105669273529, 459063.669571539619938, 0.0 ], [ 134529.446935564454179, 459062.919065494148526, 0.0 ], [ 134527.939011308102636, 459062.266413004894275, 0.0 ], [ 134523.921676448750077, 459060.253508939407766, 0.0 ], [ 134520.037640030641342, 459057.361363122239709, 0.0 ], [ 134516.403294877993176, 459059.343650846218225, 0.0 ], [ 134521.477038430166431, 459062.949747501756065, 0.0 ], [ 134525.553181842289632, 459065.389443235355429, 0.0 ], [ 134528.025759529875359, 459066.316664858371951, 0.0 ], [ 134537.011982447700575, 459068.589848949690349, 0.0 ], [ 134539.052293496351922, 459069.323242392565589, 0.0 ], [ 134541.817042055365164, 459070.564367684884928, 0.0 ], [ 134544.54315121890977, 459072.050294988206588, 0.0 ], [ 134547.075277910713339, 459073.652626011695247, 0.0 ], [ 134549.64295005283202, 459075.552558733208571, 0.0 ] ] ] ] } },
{ "type": "Feature", "properties": { "fid": 112, "FUNCTIE": "04_Talut1", "Info": null, "Verhaal": null }, "geometry": { "type": "MultiPolygon", "coordinates": [ [ [ [ 134532.938833678490482, 459032.386872312868945, 0.0 ], [ 134516.812534992815927, 459030.816138781839982, 0.0 ], [ 134516.068236135906773, 459031.643116169492714, 0.0 ], [ 134516.398787349520717, 459059.346109517791774, 0.0 ], [ 134520.037563888996374, 459057.361306425416842, 0.0 ], [ 134519.872373760183109, 459033.793086076620966, 0.0 ], [ 134532.938833678490482, 459032.386872312868945, 0.0 ] ] ] ] } },
{ "type": "Feature", "properties": { "fid": 113, "FUNCTIE": "04_Talut1", "Info": null, "Verhaal": null }, "geometry": { "type": "MultiPolygon", "coordinates": [ [ [ [ 134516.159422675176756, 459025.378684854600579, 0.0 ], [ 134515.985564144531963, 459028.583384463272523, 0.0 ], [ 134525.495947377494304, 459029.410056225024164, 0.0 ], [ 134522.684193146618782, 459027.92162086936878, 0.0 ], [ 134518.135753520269645, 459027.012105664238334, 0.0 ], [ 134518.254463468416361, 459025.599143917730544, 0.0 ], [ 134516.159422675176756, 459025.378684854600579, 0.0 ] ] ] ] } },
{ "type": "Feature", "properties": { "fid": 114, "FUNCTIE": "05_Talut2", "Info": null, "Verhaal": null }, "geometry": { "type": "MultiPolygon", "coordinates": [ [ [ [ 134533.269647837674711, 459030.319475018361118, 0.0 ], [ 134525.495947377494304, 459029.410056225024164, 0.0 ], [ 134515.985564144531963, 459028.583384463272523, 0.0 ], [ 134516.068236135906773, 459031.643116169492714, 0.0 ], [ 134516.812534992815927, 459030.816138781839982, 0.0 ], [ 134532.938833678490482, 459032.386872312868945, 0.0 ], [ 134533.269647837674711, 459030.319475018361118, 0.0 ] ] ] ] } },
{ "type": "Feature", "properties": { "fid": 115, "FUNCTIE": "05_Talut2", "Info": null, "Verhaal": null }, "geometry": { "type": "MultiPolygon", "coordinates": [ [ [ [ 134517.322190377977677, 459027.606627491826657, 0.0 ], [ 134517.543238242971711, 459027.44509389490122, 0.0 ], [ 134517.646473178290762, 459027.369653625646606, 0.0 ], [ 134517.743194541981211, 459027.298973233613651, 0.0 ], [ 134517.832161653874209, 459027.233959361736197, 0.0 ], [ 134517.912133833742701, 459027.175518653006293, 0.0 ], [ 134517.981870401534252, 459027.124557750939857, 0.0 ], [ 134518.133646948641399, 459027.013645068742335, 0.0 ], [ 134518.040130677021807, 459027.081983298179694, 0.0 ], [ 134517.981870401534252, 459027.124557750939857, 0.0 ], [ 134517.912133833742701, 459027.175518653006293, 0.0 ], [ 134517.832161653874209, 459027.233959361736197, 0.0 ], [ 134517.646473178290762, 459027.369653625646606, 0.0 ], [ 134517.322190377977677, 459027.606627491826657, 0.0 ], [ 134516.972783797886223, 459027.861960885988083, 0.0 ], [ 134516.856521716807038, 459027.946920910908375, 0.0 ], [ 134515.993887041666312, 459028.577302398043685, 0.0 ], [ 134517.322190377977677, 459027.606627491826657, 0.0 ] ] ] ] } },
{ "type": "Feature", "properties": { "fid": 116, "FUNCTIE": "04_Talut1", "Info": null, "Verhaal": null }, "geometry": { "type": "MultiPolygon", "coordinates": [ [ [ [ 134604.528120964416303, 459056.311491341388319, 0.0 ], [ 134604.96868251109845, 459053.999855461646803, 0.0 ], [ 134596.197273227095138, 459028.482468036236241, 0.0 ], [ 134595.486211760842707, 459027.179989229189232, 0.0 ], [ 134594.601197340671206, 459026.175440274295397, 0.0 ], [ 134593.505668000958394, 459025.358529211487621, 0.0 ], [ 134592.325477413338376, 459024.829168729367666, 0.0 ], [ 134591.099022585578496, 459024.556431201111991, 0.0 ], [ 134589.900547292141709, 459024.524181961314753, 0.0 ], [ 134525.505463905923534, 459029.411169531405903, 0.0 ], [ 134533.26938046165742, 459030.319443738961127, 0.0 ], [ 134590.390490503457841, 459026.460011942719575, 0.0 ], [ 134591.893073042010656, 459026.668300434248522, 0.0 ], [ 134593.276503425819101, 459027.497651771118399, 0.0 ], [ 134594.219991285877768, 459028.832523070916068, 0.0 ], [ 134603.059807418496348, 459053.451112588460092, 0.0 ], [ 134604.528120964416303, 459056.311491341388319, 0.0 ] ] ] ] } },
{ "type": "Feature", "properties": { "fid": 117, "FUNCTIE": "02_Maaiveld", "Info": null, "Verhaal": null }, "geometry": { "type": "MultiPolygon", "coordinates": [ [ [ [ 134522.684193146618782, 459027.92162086936878, 0.0 ], [ 134525.495947377494304, 459029.410056225024164, 0.0 ], [ 134589.256881147739477, 459024.529126378183719, 0.0 ], [ 134591.985942264902405, 459024.694436090008821, 0.0 ], [ 134593.639913171675289, 459025.438645635382272, 0.0 ], [ 134594.963087204581825, 459026.348255812714342, 0.0 ], [ 134595.925740559934638, 459027.892951612302568, 0.0 ], [ 134604.969416141568217, 459053.99600608687615, 0.0 ], [ 134606.182120760640828, 459053.554711871373001, 0.0 ], [ 134596.947856156068156, 459026.7616738093202, 0.0 ], [ 134599.189165861869697, 459025.706997460860293, 0.0 ], [ 134597.204439841734711, 459020.194029441627208, 0.0 ], [ 134591.911708694009576, 459020.745489132474177, 0.0 ], [ 134591.98595897454652, 459022.709746172069572, 0.0 ], [ 134522.684193146618782, 459027.92162086936878, 0.0 ] ] ] ] } },
{ "type": "Feature", "properties": { "fid": 118, "FUNCTIE": "02_Maaiveld", "Info": null, "Verhaal": null }, "geometry": { "type": "MultiPolygon", "coordinates": [ [ [ [ 134608.340963155438658, 459050.515346872154623, 0.0 ], [ 134600.402065574744483, 459027.691651108383667, 0.0 ], [ 134599.511507193790749, 459028.332810252322815, 0.0 ], [ 134607.285005636309506, 459051.349682736676186, 0.0 ], [ 134608.340963155438658, 459050.515346872154623, 0.0 ] ] ] ] } },
{ "type": "Feature", "properties": { "fid": 119, "FUNCTIE": "02_Maaiveld", "Info": null, "Verhaal": null }, "geometry": { "type": "MultiPolygon", "coordinates": [ [ [ [ 134518.135753520269645, 459027.012105664238334, 0.0 ], [ 134589.008808961050818, 459021.634794173354749, 0.0 ], [ 134589.155083667690633, 459020.304528696055058, 0.0 ], [ 134518.254463468416361, 459025.599143917730544, 0.0 ], [ 134518.135753520269645, 459027.012105664238334, 0.0 ] ] ] ] } },
{ "type": "Feature", "properties": { "fid": 120, "FUNCTIE": "04_Talut1", "Info": null, "Verhaal": null }, "geometry": { "type": "MultiPolygon", "coordinates": [ [ [ [ 134591.911708694009576, 459020.745489132474177, 0.0 ], [ 134589.155083667690633, 459020.304528696055058, 0.0 ], [ 134589.008808961050818, 459021.634794173354749, 0.0 ], [ 134518.135753520269645, 459027.012105664238334, 0.0 ], [ 134522.684193146618782, 459027.92162086936878, 0.0 ], [ 134591.98595897454652, 459022.709746172069572, 0.0 ], [ 134591.911708694009576, 459020.745489132474177, 0.0 ] ] ] ] } },
{ "type": "Feature", "properties": { "fid": 121, "FUNCTIE": "05_Talut2", "Info": null, "Verhaal": null }, "geometry": { "type": "MultiPolygon", "coordinates": [ [ [ [ 134606.182120760640828, 459053.554711871373001, 0.0 ], [ 134607.285005636309506, 459051.349682736676186, 0.0 ], [ 134599.511507193790749, 459028.332810252322815, 0.0 ], [ 134600.402065574744483, 459027.691651108383667, 0.0 ], [ 134599.189165861869697, 459025.706997460860293, 0.0 ], [ 134596.947856156068156, 459026.7616738093202, 0.0 ], [ 134606.182120760640828, 459053.554711871373001, 0.0 ] ] ] ] } },
{ "type": "Feature", "properties": { "fid": 122, "FUNCTIE": "05_Talut2", "Info": null, "Verhaal": null }, "geometry": { "type": "MultiPolygon", "coordinates": [ [ [ [ 134551.876242539670784, 459108.796957529208157, 0.0 ], [ 134554.274508571601473, 459109.375751855026465, 0.0 ], [ 134557.086445380555233, 459089.528737503278535, 0.0 ], [ 134554.605477977660485, 459089.280727216333617, 0.0 ], [ 134551.876242539670784, 459108.796957529208157, 0.0 ] ] ] ] } },
{ "type": "Feature", "properties": { "fid": 123, "FUNCTIE": "04_Talut1", "Info": null, "Verhaal": null }, "geometry": { "type": "MultiPolygon", "coordinates": [ [ [ [ 134585.534548053663457, 459129.056312448403332, 0.0 ], [ 134575.095006079412997, 459146.496126012585592, 0.0 ], [ 134556.673078233754495, 459137.657816514081787, 0.0 ], [ 134555.764724348497111, 459115.618834222259466, 0.0 ], [ 134556.915435209986754, 459112.663039118750021, 0.0 ], [ 134557.416912135027815, 459109.779655131453183, 0.0 ], [ 134557.08653255351237, 459089.534079441102222, 0.0 ], [ 134554.091345058957813, 459110.719545157044195, 0.0 ], [ 134553.303631768387277, 459113.378042986441869, 0.0 ], [ 134552.041706724965479, 459115.746175162901636, 0.0 ], [ 134553.115677911730018, 459139.542296691739466, 0.0 ], [ 134576.437670689658262, 459150.970600120257586, 0.0 ], [ 134582.963939768698765, 459140.231555871141609, 0.0 ], [ 134585.534548053663457, 459129.056312448403332, 0.0 ] ] ] ] } },
{ "type": "Feature", "properties": { "fid": 124, "FUNCTIE": "05_Talut2", "Info": null, "Verhaal": null }, "geometry": { "type": "MultiPolygon", "coordinates": [ [ [ [ 134587.271110906382091, 459142.618323875474744, 0.0 ], [ 134588.428997066745069, 459130.627436468086671, 0.0 ], [ 134585.534548053663457, 459129.056312448403332, 0.0 ], [ 134582.970786689984379, 459140.220289190299809, 0.0 ], [ 134587.271110906382091, 459142.618323875474744, 0.0 ] ] ] ] } },
{ "type": "Feature", "properties": { "fid": 126, "FUNCTIE": "04_Talut1", "Info": null, "Verhaal": null }, "geometry": { "type": "MultiPolygon", "coordinates": [ [ [ [ 134603.094474133016774, 459106.03885128867114, 0.0 ], [ 134606.071597428323003, 459110.338923601841088, 0.0 ], [ 134610.840636139444541, 459101.766012163017876, 0.0 ], [ 134610.592576725699473, 459097.300465019186959, 0.0 ], [ 134617.208575421042042, 459086.219071324449033, 0.0 ], [ 134608.360025260510156, 459059.177934858831577, 0.0 ], [ 134605.134774717094842, 459058.681859910313506, 0.0 ], [ 134614.644917277822969, 459085.557586482551415, 0.0 ], [ 134603.094474133016774, 459106.03885128867114, 0.0 ] ] ] ] } },
{ "type": "Feature", "properties": { "fid": 127, "FUNCTIE": "02_Maaiveld", "Info": null, "Verhaal": null }, "geometry": { "type": "MultiPolygon", "coordinates": [ [ [ [ 134612.025981910439441, 459102.289713402453344, 0.0 ], [ 134610.840636139444541, 459101.766012163017876, 0.0 ], [ 134606.071597428323003, 459110.338923601841088, 0.0 ], [ 134606.953716790158069, 459110.559417455457151, 0.0 ], [ 134612.025981910439441, 459102.289713402453344, 0.0 ] ] ] ] } },
{ "type": "Feature", "properties": { "fid": 128, "FUNCTIE": "05_Talut2", "Info": null, "Verhaal": null }, "geometry": { "type": "MultiPolygon", "coordinates": [ [ [ [ 134613.349190844368422, 459098.98185416997876, 0.0 ], [ 134610.592576725699473, 459097.300465019186959, 0.0 ], [ 134610.840636139444541, 459101.766012163017876, 0.0 ], [ 134612.025981910439441, 459102.289713402453344, 0.0 ], [ 134613.349190844368422, 459098.98185416997876, 0.0 ] ] ] ] } },
{ "type": "Feature", "properties": { "fid": 129, "FUNCTIE": "02_Maaiveld", "Info": null, "Verhaal": null }, "geometry": { "type": "MultiPolygon", "coordinates": [ [ [ [ 134609.765906092827208, 459059.09519688115688, 0.0 ], [ 134608.360025260510156, 459059.177934858831577, 0.0 ], [ 134617.208575421042042, 459086.219071324449033, 0.0 ], [ 134610.592576725699473, 459097.300465019186959, 0.0 ], [ 134613.349190844368422, 459098.98185416997876, 0.0 ], [ 134620.847318206942873, 459086.852957962139044, 0.0 ], [ 134618.972855451022042, 459081.560507714399137, 0.0 ], [ 134617.704803254717262, 459082.001588857732713, 0.0 ], [ 134609.765906092827208, 459059.09519688115688, 0.0 ] ] ] ] } },
{ "type": "Feature", "properties": { "fid": 130, "FUNCTIE": "02_Maaiveld", "Info": null, "Verhaal": null }, "geometry": { "type": "MultiPolygon", "coordinates": [ [ [ [ 134610.923688318987843, 459059.260552681109402, 0.0 ], [ 134617.78752396980417, 459079.355332478473429, 0.0 ], [ 134618.531816976610571, 459078.914267418091185, 0.0 ], [ 134611.695545633381698, 459059.067573335487396, 0.0 ], [ 134610.923688318987843, 459059.260552681109402, 0.0 ] ] ] ] } },
{ "type": "Feature", "properties": { "fid": 131, "FUNCTIE": "05_Talut2", "Info": null, "Verhaal": null }, "geometry": { "type": "MultiPolygon", "coordinates": [ [ [ [ 134609.765906092827208, 459059.09519688115688, 0.0 ], [ 134617.704803254717262, 459082.001588857732713, 0.0 ], [ 134618.972855451022042, 459081.560507714399137, 0.0 ], [ 134618.531816976610571, 459078.914267418091185, 0.0 ], [ 134617.78752396980417, 459079.355332478473429, 0.0 ], [ 134610.923688318987843, 459059.260552681109402, 0.0 ], [ 134609.765906092827208, 459059.09519688115688, 0.0 ] ] ] ] } },
{ "type": "Feature", "properties": { "fid": 132, "FUNCTIE": "05_Talut2", "Info": null, "Verhaal": null }, "geometry": { "type": "MultiPolygon", "coordinates": [ [ [ [ 134549.643657163513126, 459075.553422930825036, 0.0 ], [ 134545.591432019369677, 459072.576507892401423, 0.0 ], [ 134541.787294895766536, 459070.591931285569444, 0.0 ], [ 134538.396648179506883, 459069.103515058406629, 0.0 ], [ 134533.103924883936998, 459067.449765462137293, 0.0 ], [ 134530.126764604268828, 459066.870987225614954, 0.0 ], [ 134526.901510550378589, 459065.878738788538612, 0.0 ], [ 134524.585945820173947, 459064.886462644615676, 0.0 ], [ 134531.698020273877773, 459069.847978675097693, 0.0 ], [ 134535.088673445599852, 459070.674830780830234, 0.0 ], [ 134541.291079221031396, 459073.072812116995919, 0.0 ], [ 134544.516326277283952, 459074.726624222414102, 0.0 ], [ 134546.914583774516359, 459076.297765925875865, 0.0 ], [ 134548.237756311602425, 459077.620853834843729, 0.0 ], [ 134549.643657163513126, 459075.553422930825036, 0.0 ] ] ] ] } },
{ "type": "Feature", "properties": { "fid": 133, "FUNCTIE": "05_Talut2", "Info": null, "Verhaal": null }, "geometry": { "type": "MultiPolygon", "coordinates": [ [ [ [ 134545.819952687917976, 459123.509820643870626, 0.0 ], [ 134546.500678399810567, 459123.599629434058443, 0.0 ], [ 134545.756589575379621, 459100.279506029328331, 0.0 ], [ 134545.01229770379723, 459100.362224585725926, 0.0 ], [ 134545.819952687917976, 459123.509820643870626, 0.0 ] ] ] ] } },
{ "type": "Feature", "properties": { "fid": 134, "FUNCTIE": "04_Talut1", "Info": null, "Verhaal": null }, "geometry": { "type": "MultiPolygon", "coordinates": [ [ [ [ 134546.591782522940775, 459126.707358415180352, 0.0 ], [ 134547.575739897700259, 459126.576636159792542, 0.0 ], [ 134546.500910125527298, 459096.888965787249617, 0.0 ], [ 134545.756589575379621, 459100.279506029328331, 0.0 ], [ 134546.500678399810567, 459123.599629434058443, 0.0 ], [ 134545.819952687917976, 459123.509820643870626, 0.0 ], [ 134546.591782522940775, 459126.707358415180352, 0.0 ] ] ] ] } },
{ "type": "Feature", "properties": { "fid": 135, "FUNCTIE": "05_Talut2", "Info": null, "Verhaal": null }, "geometry": { "type": "MultiPolygon", "coordinates": [ [ [ [ 134583.715700898610521, 459066.538576797407586, 0.0 ], [ 134579.499005993740866, 459068.440265336306766, 0.0 ], [ 134580.820010890281992, 459069.349482680147048, 0.0 ], [ 134582.801951542060124, 459068.937614943133667, 0.0 ], [ 134582.963692710909527, 459071.079511260613799, 0.0 ], [ 134582.777678764221491, 459073.323325027304236, 0.0 ], [ 134582.007681462186156, 459076.13403454865329, 0.0 ], [ 134580.822934133146191, 459078.493225460697431, 0.0 ], [ 134579.126968747732462, 459080.684823212388437, 0.0 ], [ 134577.130363160278648, 459082.338638810499106, 0.0 ], [ 134575.364279574045213, 459083.239592964702751, 0.0 ], [ 134573.464134457637556, 459083.786522773385514, 0.0 ], [ 134571.546060671593295, 459083.978930636018049, 0.0 ], [ 134569.492426850047195, 459083.861920513329096, 0.0 ], [ 134567.387454190582503, 459083.438375885249116, 0.0 ], [ 134565.666465372429229, 459082.797642741643358, 0.0 ], [ 134563.818857996287988, 459081.729565514309797, 0.0 ], [ 134562.371266449656105, 459080.508022271271329, 0.0 ], [ 134560.70695191581035, 459078.403273006144445, 0.0 ], [ 134559.639695512974868, 459076.181768214621115, 0.0 ], [ 134559.015853883960517, 459073.753360670641996, 0.0 ], [ 134558.867613328795414, 459071.071497678931337, 0.0 ], [ 134559.205165080755251, 459068.695323719584849, 0.0 ], [ 134560.101271675492171, 459066.198551818728447, 0.0 ], [ 134561.428265681839548, 459063.991064550064038, 0.0 ], [ 134562.979313878284302, 459062.350899129873142, 0.0 ], [ 134565.206445904419525, 459060.914481382642407, 0.0 ], [ 134567.75503678136738, 459060.08838247944368, 0.0 ], [ 134568.68774960108567, 459057.894704993872438, 0.0 ], [ 134569.28588612852036, 459057.120976631704252, 0.0 ], [ 134570.113944291195367, 459056.400338414125144, 0.0 ], [ 134571.669721776852384, 459055.673631586600095, 0.0 ], [ 134573.332426292181481, 459055.507455815386493, 0.0 ], [ 134574.52475613047136, 459055.708763224305585, 0.0 ], [ 134575.803836292529013, 459056.218296475708485, 0.0 ], [ 134576.811038953572279, 459056.914490478811786, 0.0 ], [ 134577.55276192893507, 459057.689972891705111, 0.0 ], [ 134578.213095928425901, 459058.707226307946257, 0.0 ], [ 134578.721247901936295, 459059.965598311915528, 0.0 ], [ 134578.953263373230584, 459061.224711588874925, 0.0 ], [ 134578.919587047770619, 459062.652035515406169, 0.0 ], [ 134579.415933621145086, 459062.652159662218764, 0.0 ], [ 134582.64062593926792, 459063.47887341765454, 0.0 ], [ 134581.400540719856508, 459061.990841265767813, 0.0 ], [ 134581.198549285036279, 459059.773237545101438, 0.0 ], [ 134580.382853832270484, 459057.548581013164949, 0.0 ], [ 134579.358190872648265, 459055.996193002152722, 0.0 ], [ 134578.193692102533532, 459054.830824359727558, 0.0 ], [ 134576.528058218333172, 459053.807681336358655, 0.0 ], [ 134574.825032046297565, 459053.297941467666533, 0.0 ], [ 134572.798398547893157, 459053.216186523262877, 0.0 ], [ 134570.835934162256308, 459053.644450914871413, 0.0 ], [ 134569.466494880383834, 459054.31575982295908, 0.0 ], [ 134568.380123952199938, 459055.147578452422749, 0.0 ], [ 134567.467878760100575, 459056.157020171405748, 0.0 ], [ 134566.678095467039384, 459057.443955443101004, 0.0 ], [ 134566.266495651536388, 459057.773231695231516, 0.0 ], [ 134563.631230151659111, 459058.901199051528238, 0.0 ], [ 134561.410981461027404, 459060.399147021118551, 0.0 ], [ 134559.859472095296951, 459061.890175644191913, 0.0 ], [ 134558.382610060623847, 459063.890808969736099, 0.0 ], [ 134557.657540550426347, 459065.257223586551845, 0.0 ], [ 134556.900349687435664, 459067.288445260259323, 0.0 ], [ 134556.323319364513736, 459070.400117869488895, 0.0 ], [ 134556.391898669739021, 459073.936092566582374, 0.0 ], [ 134557.200218012876576, 459076.917759297473822, 0.0 ], [ 134558.560964851785684, 459079.587100782140624, 0.0 ], [ 134560.125615012802882, 459081.582344136899337, 0.0 ], [ 134562.118314796389313, 459083.313439994526561, 0.0 ], [ 134564.63738763742731, 459084.74990678607719, 0.0 ], [ 134567.306846128223697, 459085.666016382048838, 0.0 ], [ 134570.260734316892922, 459086.095889244053978, 0.0 ], [ 134573.159772970102495, 459085.952952978725079, 0.0 ], [ 134575.766020889539504, 459085.275142021826468, 0.0 ], [ 134578.214511705562472, 459084.061387280933559, 0.0 ], [ 134580.325884003774263, 459082.409813612874132, 0.0 ], [ 134582.086114945705049, 459080.363747108785901, 0.0 ], [ 134583.442014028958511, 459077.933405991701875, 0.0 ], [ 134584.290985895058839, 459075.212444994947873, 0.0 ], [ 134584.630672864848748, 459072.355937748507131, 0.0 ], [ 134584.441085083410144, 459069.36742553190561, 0.0 ], [ 134583.715700898610521, 459066.538576797407586, 0.0 ] ] ] ] } },
{ "type": "Feature", "properties": { "fid": 136, "FUNCTIE": "05_Talut2", "Info": null, "Verhaal": null }, "geometry": { "type": "MultiPolygon", "coordinates": [ [ [ [ 134579.518712470657192, 459068.765021439292468, 0.0 ], [ 134579.858161238371395, 459070.399635105510242, 0.0 ], [ 134579.927716789883561, 459072.010896894731559, 0.0 ], [ 134579.717851061635884, 459073.713289167208131, 0.0 ], [ 134579.211069820652483, 459075.410372471960727, 0.0 ], [ 134578.563556116336258, 459076.727020509308204, 0.0 ], [ 134577.567293460015208, 459078.093061153835151, 0.0 ], [ 134576.430037029960658, 459079.163492574472912, 0.0 ], [ 134575.047095544665353, 459080.055871103366371, 0.0 ], [ 134573.460654470138252, 459080.72227028850466, 0.0 ], [ 134571.822276318649529, 459081.102182247035671, 0.0 ], [ 134570.255712051031878, 459081.194150240742601, 0.0 ], [ 134568.628334962122608, 459080.989591326273512, 0.0 ], [ 134567.061469541746192, 459080.469215126766358, 0.0 ], [ 134565.623996562469983, 459079.648900991480332, 0.0 ], [ 134564.329458886088105, 459078.529064268455841, 0.0 ], [ 134563.261898039781954, 459077.201844669296406, 0.0 ], [ 134562.372547695791582, 459075.625411656568758, 0.0 ], [ 134561.852729553938843, 459074.170582450402435, 0.0 ], [ 134561.540758936578641, 459072.432607224560343, 0.0 ], [ 134561.513449704973027, 459070.809375821088906, 0.0 ], [ 134561.705241122603184, 459069.21086316468427, 0.0 ], [ 134562.130085893877549, 459067.781441202911083, 0.0 ], [ 134562.858051323826658, 459066.344799458165653, 0.0 ], [ 134563.789386451651808, 459065.123283897934016, 0.0 ], [ 134564.967567521060118, 459064.042671151401009, 0.0 ], [ 134566.33985404658597, 459063.166530487709679, 0.0 ], [ 134567.824600310035748, 459062.553817438601982, 0.0 ], [ 134569.513117550144671, 459062.165563767950516, 0.0 ], [ 134569.883587111398811, 459060.434379558311775, 0.0 ], [ 134570.404986745299539, 459059.394595885009039, 0.0 ], [ 134571.311659261700697, 459058.517325610446278, 0.0 ], [ 134572.588106938666897, 459057.996415395755321, 0.0 ], [ 134573.464835730672348, 459057.939021959609818, 0.0 ], [ 134574.301071156631224, 459058.111513724608812, 0.0 ], [ 134575.085152522427961, 459058.496392111061141, 0.0 ], [ 134575.870651814126177, 459059.121284411172383, 0.0 ], [ 134576.338602143485332, 459059.737231876817532, 0.0 ], [ 134576.591828384087421, 459060.438468366919551, 0.0 ], [ 134576.571902932686498, 459062.37236343807308, 0.0 ], [ 134577.027000704954844, 459062.372349639830645, 0.0 ], [ 134577.10676321099163, 459061.289457231934648, 0.0 ], [ 134576.936279487068532, 459060.317525362712331, 0.0 ], [ 134576.523302741639782, 459059.362746835162397, 0.0 ], [ 134575.874938554101391, 459058.538296085316688, 0.0 ], [ 134575.082486310246168, 459057.964292681484949, 0.0 ], [ 134574.04955839086324, 459057.602167725912295, 0.0 ], [ 134572.992884785839124, 459057.549611579801422, 0.0 ], [ 134571.998587945068721, 459057.753468039503787, 0.0 ], [ 134570.919233809050638, 459058.339693617948797, 0.0 ], [ 134570.05172344512539, 459059.216653628100175, 0.0 ], [ 134569.494365513382945, 459060.259206371731125, 0.0 ], [ 134569.18300628173165, 459061.665397048753221, 0.0 ], [ 134567.167405866581248, 459062.176355663686991, 0.0 ], [ 134565.193979590607341, 459063.144936629163567, 0.0 ], [ 134563.690507102350239, 459064.32301503920462, 0.0 ], [ 134562.299438390298747, 459066.063371425669175, 0.0 ], [ 134561.282136619731318, 459068.299977428629063, 0.0 ], [ 134560.817557519301772, 459070.547400622162968, 0.0 ], [ 134560.839240178378532, 459072.851146595843602, 0.0 ], [ 134561.388358495838474, 459075.186138741788454, 0.0 ], [ 134562.29527020061505, 459077.099032599246129, 0.0 ], [ 134563.428678461670643, 459078.647659192443825, 0.0 ], [ 134564.910363396280445, 459080.020126884337515, 0.0 ], [ 134566.498365731356898, 459080.99439626612002, 0.0 ], [ 134568.290712552436162, 459081.652198058145586, 0.0 ], [ 134570.118386964459205, 459081.911572165496182, 0.0 ], [ 134571.884362934360979, 459081.822407368279528, 0.0 ], [ 134573.86088562279474, 459081.342175351863261, 0.0 ], [ 134575.704777590464801, 459080.489025300368667, 0.0 ], [ 134577.393699691805523, 459079.231378871772904, 0.0 ], [ 134578.754531529993983, 459077.654961784253828, 0.0 ], [ 134579.742214117548428, 459075.870301044022199, 0.0 ], [ 134580.406000780669274, 459073.752160399628337, 0.0 ], [ 134580.605390000389889, 459071.432836915599182, 0.0 ], [ 134580.473431872320361, 459070.00970692752162, 0.0 ], [ 134579.518712470657192, 459068.765021439292468, 0.0 ] ] ] ] } },
{ "type": "Feature", "properties": { "fid": 137, "FUNCTIE": "05_Talut2", "Info": null, "Verhaal": null }, "geometry": { "type": "MultiPolygon", "coordinates": [ [ [ [ 134577.899865001585567, 459065.9008633470512, 0.0 ], [ 134577.941392488923157, 459064.032917352742516, 0.0 ], [ 134576.405464911134914, 459063.783904660318512, 0.0 ], [ 134576.322436738264514, 459064.36504554975545, 0.0 ], [ 134577.152663372427924, 459065.02917848539073, 0.0 ], [ 134577.899865001585567, 459065.9008633470512, 0.0 ] ] ] ] } },
{ "type": "Feature", "properties": { "fid": 138, "FUNCTIE": "05_Talut2", "Info": null, "Verhaal": null }, "geometry": { "type": "MultiPolygon", "coordinates": [ [ [ [ 134547.823687156080268, 459143.860003482725006, 0.0 ], [ 134548.237187324644765, 459143.281121342210099, 0.0 ], [ 134548.568066550215008, 459133.68842399463756, 0.0 ], [ 134546.775930004601832, 459133.687507454713341, 0.0 ], [ 134547.032698646682547, 459143.466981236240827, 0.0 ], [ 134547.823687156080268, 459143.860003482725006, 0.0 ] ] ] ] } },
{ "type": "Feature", "properties": { "fid": 140, "FUNCTIE": "02_Maaiveld", "Info": null, "Verhaal": null }, "geometry": { "type": "MultiPolygon", "coordinates": [ [ [ [ 134587.271110906382091, 459142.618323875474744, 0.0 ], [ 134582.970786689984379, 459140.220289190299809, 0.0 ], [ 134576.4374784847314, 459150.970916395483073, 0.0 ], [ 134553.11646184392157, 459139.559666381508578, 0.0 ], [ 134552.041580501158023, 459115.743378405051772, 0.0 ], [ 134553.189656005386496, 459113.575746372691356, 0.0 ], [ 134554.030288536916487, 459111.085124963661656, 0.0 ], [ 134554.274508571601473, 459109.375751855026465, 0.0 ], [ 134551.876242539670784, 459108.796957529208157, 0.0 ], [ 134551.539646767691011, 459104.422860194230452, 0.0 ], [ 134551.3529261611111, 459094.958605001331307, 0.0 ], [ 134550.823681650421349, 459091.59631829202408, 0.0 ], [ 134549.891641759313643, 459088.536612375057302, 0.0 ], [ 134548.457571754173841, 459085.307639268692583, 0.0 ], [ 134545.313104204804404, 459080.637870563368779, 0.0 ], [ 134541.732756198733114, 459076.870955535501707, 0.0 ], [ 134537.841065822751261, 459073.633301126945298, 0.0 ], [ 134534.69657403009478, 459071.672053547983523, 0.0 ], [ 134532.359607507300097, 459070.426827277347911, 0.0 ], [ 134516.398787349520717, 459059.346109517791774, 0.0 ], [ 134515.985564144531963, 459028.583384463272523, 0.0 ], [ 134516.159422675176756, 459025.378684854600579, 0.0 ], [ 134509.984554157854291, 459025.930171952757519, 0.0 ], [ 134510.645821780664846, 459062.536710566084366, 0.0 ], [ 134545.04841297166422, 459086.903281195729505, 0.0 ], [ 134545.489388217771193, 459096.826732127112336, 0.0 ], [ 134546.500910125527298, 459096.888965787249617, 0.0 ], [ 134547.575739897700259, 459126.576636159792542, 0.0 ], [ 134546.495787004183512, 459126.682714900642168, 0.0 ], [ 134546.775930004601832, 459133.687507454713341, 0.0 ], [ 134548.568066550215008, 459133.68842399463756, 0.0 ], [ 134549.14688021861366, 459142.867614700575359, 0.0 ], [ 134575.11425919222529, 459155.188431701099034, 0.0 ], [ 134574.452654080378124, 459156.75966835336294, 0.0 ], [ 134577.796597455831943, 459158.351208233914804, 0.0 ], [ 134587.271110906382091, 459142.618323875474744, 0.0 ] ] ] ] } },
{ "type": "Feature", "properties": { "fid": 141, "FUNCTIE": "05_Talut2", "Info": null, "Verhaal": null }, "geometry": { "type": "MultiPolygon", "coordinates": [ [ [ [ 134546.500678399810567, 459123.599629434058443, 0.0 ], [ 134545.819952687917976, 459123.509820643870626, 0.0 ], [ 134546.591782522940775, 459126.707358415180352, 0.0 ], [ 134547.575739897700259, 459126.576636159792542, 0.0 ], [ 134546.500678399810567, 459123.599629434058443, 0.0 ] ] ] ] } },
{ "type": "Feature", "properties": { "fid": 142, "FUNCTIE": "05_Talut2", "Info": null, "Verhaal": null }, "geometry": { "type": "MultiPolygon", "coordinates": [ [ [ [ 134545.489388217771193, 459096.826732127112336, 0.0 ], [ 134545.01229770379723, 459100.362224585725926, 0.0 ], [ 134545.756589575379621, 459100.279506029328331, 0.0 ], [ 134546.500910125527298, 459096.888965787249617, 0.0 ], [ 134545.489388217771193, 459096.826732127112336, 0.0 ] ] ] ] } },
{ "type": "Feature", "properties": { "fid": 143, "FUNCTIE": "02_Maaiveld", "Info": null, "Verhaal": null }, "geometry": { "type": "MultiPolygon", "coordinates": [ [ [ [ 134594.548756103788037, 459125.91360042791348, 0.0 ], [ 134601.881493729015347, 459113.646873110672459, 0.0 ], [ 134600.55831906790263, 459112.764829119376373, 0.0 ], [ 134593.060182114131749, 459125.169387490255758, 0.0 ], [ 134594.548756103788037, 459125.91360042791348, 0.0 ] ] ] ] } },
{ "type": "Feature", "properties": { "fid": 144, "FUNCTIE": "05_Talut2", "Info": null, "Verhaal": null }, "geometry": { "type": "MultiPolygon", "coordinates": [ [ [ [ 134589.504035573540023, 459136.250697986397427, 0.0 ], [ 134587.389810345950536, 459142.36309902073117, 0.0 ], [ 134604.811949429713422, 459114.025559624889866, 0.0 ], [ 134604.307326414447743, 459113.757058243441861, 0.0 ], [ 134601.881493729015347, 459113.646873110672459, 0.0 ], [ 134594.548756103788037, 459125.91360042791348, 0.0 ], [ 134589.504035573540023, 459136.250697986397427, 0.0 ] ] ] ] } },
{ "type": "Feature", "properties": { "fid": 145, "FUNCTIE": "05_Talut2", "Info": null, "Verhaal": null }, "geometry": { "type": "MultiPolygon", "coordinates": [ [ [ [ 134593.060182114131749, 459125.169387490255758, 0.0 ], [ 134589.504035573540023, 459136.250697986397427, 0.0 ], [ 134594.548756103788037, 459125.91360042791348, 0.0 ], [ 134593.060182114131749, 459125.169387490255758, 0.0 ] ] ] ] } },
{ "type": "Feature", "properties": { "fid": 146, "FUNCTIE": "04_Talut1", "Info": null, "Verhaal": null }, "geometry": { "type": "MultiPolygon", "coordinates": [ [ [ [ 134598.132484262838261, 459112.875165245146491, 0.0 ], [ 134590.579212793294573, 459125.417551694379654, 0.0 ], [ 134588.428997066745069, 459130.627436468086671, 0.0 ], [ 134587.389810345950536, 459142.36309902073117, 0.0 ], [ 134593.060182114131749, 459125.169387490255758, 0.0 ], [ 134600.55831906790263, 459112.764829119376373, 0.0 ], [ 134598.132484262838261, 459112.875165245146491, 0.0 ] ] ] ] } },
{ "type": "Feature", "properties": { "fid": 147, "FUNCTIE": "05_Talut2", "Info": null, "Verhaal": null }, "geometry": { "type": "MultiPolygon", "coordinates": [ [ [ [ 134548.237187324644765, 459143.281121342210099, 0.0 ], [ 134547.823687156080268, 459143.860003482725006, 0.0 ], [ 134571.640901053557172, 459155.353933213104028, 0.0 ], [ 134571.889003620250151, 459154.692360833869316, 0.0 ], [ 134548.237187324644765, 459143.281121342210099, 0.0 ] ] ] ] } },
{ "type": "Feature", "properties": { "fid": 148, "FUNCTIE": "04_Talut1", "Info": null, "Verhaal": null }, "geometry": { "type": "MultiPolygon", "coordinates": [ [ [ [ 134548.568066550215008, 459133.68842399463756, 0.0 ], [ 134548.237187324644765, 459143.281121342210099, 0.0 ], [ 134571.889003620250151, 459154.692360833869316, 0.0 ], [ 134575.11425919222529, 459155.188431701099034, 0.0 ], [ 134549.14688021861366, 459142.867614700575359, 0.0 ], [ 134548.568066550215008, 459133.68842399463756, 0.0 ] ] ] ] } },
{ "type": "Feature", "properties": { "fid": 149, "FUNCTIE": "05_Talut2", "Info": null, "Verhaal": null }, "geometry": { "type": "MultiPolygon", "coordinates": [ [ [ [ 134571.640901053557172, 459155.353933213104028, 0.0 ], [ 134574.452654080378124, 459156.75966835336294, 0.0 ], [ 134575.11425919222529, 459155.188431701099034, 0.0 ], [ 134571.889003620250151, 459154.692360833869316, 0.0 ], [ 134571.640901053557172, 459155.353933213104028, 0.0 ] ] ] ] } },
{ "type": "Feature", "properties": { "fid": 153, "FUNCTIE": "02_Maaiveld", "Info": null, "Verhaal": null }, "geometry": { "type": "MultiPolygon", "coordinates": [ [ [ [ 134580.045936427923152, 459039.356680271739606, 0.0 ], [ 134570.098, 459040.01500000001397, 0.0 ], [ 134571.24818879031227, 459041.930981686455198, 0.0 ], [ 134572.547709520382341, 459043.387989183596801, 0.0 ], [ 134583.219639845949132, 459050.909150448802393, 0.0 ], [ 134583.746021284139715, 459050.386394055676647, 0.0 ], [ 134583.785833719128277, 459049.714521728572436, 0.0 ], [ 134583.37838331508101, 459048.932018076826353, 0.0 ], [ 134580.972213737608399, 459042.126851078181062, 0.0 ], [ 134580.045936427923152, 459039.356680271739606, 0.0 ] ] ] ] } },
{ "type": "Feature", "properties": { "fid": 154, "FUNCTIE": "04_Talut1", "Info": null, "Verhaal": null }, "geometry": { "type": "MultiPolygon", "coordinates": [ [ [ [ 134605.134774717094842, 459058.681859910313506, 0.0 ], [ 134608.360025260510156, 459059.177934858831577, 0.0 ], [ 134609.765906092827208, 459059.09519688115688, 0.0 ], [ 134610.923688318987843, 459059.260552681109402, 0.0 ], [ 134611.695545633381698, 459059.067573335487396, 0.0 ], [ 134612.798192954127444, 459059.508582197362557, 0.0 ], [ 134616.10616120629129, 459057.634052661131136, 0.0 ], [ 134617.760154756164411, 459055.539052243111655, 0.0 ], [ 134617.291532967064995, 459054.960198533313815, 0.0 ], [ 134616.299148617923493, 459054.794837684603408, 0.0 ], [ 134605.134774717094842, 459058.681859910313506, 0.0 ] ] ] ] } },
{ "type": "Feature", "properties": { "fid": 156, "FUNCTIE": "03_Gebouw", "Info": null, "Verhaal": null }, "geometry": { "type": "MultiPolygon", "coordinates": [ [ [ [ 134542.734, 459052.586300000024494, 0.0 ], [ 134563.401000000012573, 459051.3198, 0.0 ], [ 134562.777, 459043.2155, 0.0 ], [ 134542.3443, 459044.4818, 0.0 ], [ 134542.734, 459052.586300000024494, 0.0 ] ] ] ] } },
{ "type": "Feature", "properties": { "fid": 157, "FUNCTIE": "03_Gebouw", "Info": null, "Verhaal": null }, "geometry": { "type": "MultiPolygon", "coordinates": [ [ [ [ 134552.042228619626258, 459040.766110495605972, 0.0 ], [ 134562.685999999986961, 459040.2683, 0.0 ], [ 134562.14000000001397, 459032.1628, 0.0 ], [ 134551.601234169822419, 459033.047879091405775, 0.0 ], [ 134552.042228619626258, 459040.766110495605972, 0.0 ] ] ] ] } },
{ "type": "Feature", "properties": { "fid": 158, "FUNCTIE": "03_Gebouw", "Info": null, "Verhaal": null }, "geometry": { "type": "MultiPolygon", "coordinates": [ [ [ [ 134570.098, 459040.01500000001397, 0.0 ], [ 134580.045936427923152, 459039.356680271739606, 0.0 ], [ 134594.2065, 459038.4953, 0.0 ], [ 134593.582499999989523, 459030.896499999973457, 0.0 ], [ 134569.708000000013271, 459032.416299999982584, 0.0 ], [ 134570.098, 459040.01500000001397, 0.0 ] ] ] ] } },
{ "type": "Feature", "properties": { "fid": 159, "FUNCTIE": "03_Gebouw", "Info": null, "Verhaal": null }, "geometry": { "type": "MultiPolygon", "coordinates": [ [ [ [ 134576.190119435836095, 459064.251112738042139, 0.0 ], [ 134576.689660559291951, 459061.556824828090612, 0.0 ], [ 134576.627857305080397, 459060.72737819555914, 0.0 ], [ 134576.285796867829049, 459059.768433303863276, 0.0 ], [ 134575.685911371663678, 459058.953172935580369, 0.0 ], [ 134574.867205353744794, 459058.342850276909303, 0.0 ], [ 134573.867310600355268, 459057.998568975774106, 0.0 ], [ 134572.815134134696564, 459057.980713452154305, 0.0 ], [ 134571.458702487667324, 459058.474317735410295, 0.0 ], [ 134570.534055029973388, 459059.313772916328162, 0.0 ], [ 134570.022812815383077, 459060.26094057894079, 0.0 ], [ 134569.465440474363277, 459062.260514208406676, 0.0 ], [ 134567.598030429915525, 459062.707003471499775, 0.0 ], [ 134565.704070883861277, 459063.590293426124845, 0.0 ], [ 134564.293042599747423, 459064.655656044953503, 0.0 ], [ 134563.139322340924991, 459065.9646220303257, 0.0 ], [ 134562.206937288690824, 459067.64163042436121, 0.0 ], [ 134561.697924200241687, 459069.307340545405168, 0.0 ], [ 134561.494647823681589, 459071.21804537891876, 0.0 ], [ 134561.645258412929252, 459073.215670448087621, 0.0 ], [ 134562.164214044663822, 459075.184916548954789, 0.0 ], [ 134562.995502054865938, 459076.936610830307472, 0.0 ], [ 134564.169101273582783, 459078.499469178379513, 0.0 ], [ 134565.497207007516408, 459079.650672392046545, 0.0 ], [ 134567.028938347822987, 459080.50151120359078, 0.0 ], [ 134568.926184624462621, 459081.070885962340981, 0.0 ], [ 134570.486109405814204, 459081.215711419470608, 0.0 ], [ 134572.425604369462235, 459081.026498838618863, 0.0 ], [ 134574.283452987845521, 459080.4460130748339, 0.0 ], [ 134575.742492119781673, 459079.660956518375315, 0.0 ], [ 134577.132202262582723, 459078.528760387387592, 0.0 ], [ 134578.175869814003818, 459077.268311566265766, 0.0 ], [ 134579.114587533345912, 459075.527913056313992, 0.0 ], [ 134579.643197094177594, 459073.894799595524091, 0.0 ], [ 134579.923506874765735, 459072.065401133266278, 0.0 ], [ 134579.871244381676661, 459070.650136027368717, 0.0 ], [ 134579.434487650549272, 459068.793239725986496, 0.0 ], [ 134578.728295320179313, 459067.237624236091506, 0.0 ], [ 134577.690639441367239, 459065.731396124756429, 0.0 ], [ 134576.190119435836095, 459064.251112738042139, 0.0 ] ] ] ] } },
{ "type": "Feature", "properties": { "fid": 161, "FUNCTIE": "05_Talut2", "Info": null, "Verhaal": null }, "geometry": { "type": "MultiPolygon", "coordinates": [ [ [ [ 134576.363954003056278, 459063.700886152975727, 0.0 ], [ 134577.899881934834411, 459063.908388964831829, 0.0 ], [ 134577.941405188525096, 459062.538561594323255, 0.0 ], [ 134576.571523020043969, 459062.414073483610991, 0.0 ], [ 134576.363954003056278, 459063.700886152975727, 0.0 ] ] ] ] } },
{ "type": "Feature", "properties": { "fid": 162, "FUNCTIE": "03_Gebouw", "Info": null, "Verhaal": null }, "geometry": { "type": "MultiPolygon", "coordinates": [ [ [ [ 134593.226199058583006, 459051.570412362227216, 0.0 ], [ 134597.940049539727625, 459049.750970771186985, 0.0 ], [ 134594.549479642737424, 459039.827621354081202, 0.0 ], [ 134589.587531566619873, 459041.729764976364095, 0.0 ], [ 134593.226199058583006, 459051.570412362227216, 0.0 ] ] ] ] } },
{ "type": "Feature", "properties": { "fid": 163, "FUNCTIE": "03_Gebouw", "Info": null, "Verhaal": null }, "geometry": { "type": "MultiPolygon", "coordinates": [ [ [ [ 134577.76103995210724, 459106.480679516447708, 0.0 ], [ 134581.895965434523532, 459108.96141641412396, 0.0 ], [ 134583.715367657132447, 459105.901626343198586, 0.0 ], [ 134579.497745634173043, 459103.172805452661123, 0.0 ], [ 134577.76103995210724, 459106.480679516447708, 0.0 ] ] ] ] } },
{ "type": "Feature", "properties": { "fid": 164, "FUNCTIE": "03_Gebouw", "Info": null, "Verhaal": null }, "geometry": { "type": "MultiPolygon", "coordinates": [ [ [ [ 134587.106130758678773, 459093.166415722109377, 0.0 ], [ 134590.000576965947403, 459094.985627150395885, 0.0 ], [ 134591.241079224768328, 459092.752810954523738, 0.0 ], [ 134588.429331357096089, 459091.016292441694532, 0.0 ], [ 134587.106130758678773, 459093.166415722109377, 0.0 ] ] ] ] } },
{ "type": "Feature", "properties": { "fid": 165, "FUNCTIE": "03_Gebouw", "Info": null, "Verhaal": null }, "geometry": { "type": "MultiPolygon", "coordinates": [ [ [ [ 134601.49565534258727, 459102.924037931486964, 0.0 ], [ 134603.232321244344348, 459104.164416261774022, 0.0 ], [ 134605.382523483567638, 459100.360358082747553, 0.0 ], [ 134603.480457919067703, 459099.368071259872522, 0.0 ], [ 134601.49565534258727, 459102.924037931486964, 0.0 ] ] ] ] } },
{ "type": "Feature", "properties": { "fid": 492, "FUNCTIE": "01_Water", "Info": null, "Verhaal": null }, "geometry": { "type": "MultiPolygon", "coordinates": [ [ [ [ 137589.455669886810938, 453411.789248491288163, 0.0 ], [ 137569.345425301085925, 453380.143019932205789, 0.0 ], [ 137551.782384248741437, 453386.597794239758514, 0.0 ], [ 137523.719265912222909, 453356.676561432774179, 0.0 ], [ 137560.226116259669652, 453342.512492489477154, 0.0 ], [ 137648.646473304484971, 453355.463915982516482, 0.0 ], [ 137664.167624778085155, 453449.439453820639756, 0.0 ], [ 137624.481537845160346, 453491.051320027909242, 0.0 ], [ 137617.002523887902498, 453498.900695519696455, 0.0 ], [ 137605.884283679013606, 453472.693893604329787, 0.0 ], [ 137601.533927673648577, 453462.800442055682652, 0.0 ], [ 137614.534828093426768, 453451.254744261561427, 0.0 ], [ 137592.792370226205094, 453417.378489756316412, 0.0 ], [ 137577.621822960762074, 453427.110076545272022, 0.0 ], [ 137578.817690423195018, 453428.834429008769803, 0.0 ], [ 137575.88028622159618, 453432.259570527472533, 0.0 ], [ 137575.779799645126332, 453435.358547979732975, 0.0 ], [ 137576.712873377837241, 453438.451885607966688, 0.0 ], [ 137578.195007509202696, 453441.130248566449154, 0.0 ], [ 137605.794659572624369, 453510.781196347204968, 0.0 ], [ 137607.686286924406886, 453517.698919924732763, 0.0 ], [ 137608.439778728818055, 453522.874277314404026, 0.0 ], [ 137607.451883331435965, 453530.353549967636354, 0.0 ], [ 137606.032919009710895, 453535.021077619749121, 0.0 ], [ 137604.057495967310388, 453539.086200917605311, 0.0 ], [ 137601.54163401137339, 453545.443515526829287, 0.0 ], [ 137600.440139432612341, 453551.293614542926662, 0.0 ], [ 137601.175179929065052, 453558.155636605340987, 0.0 ], [ 137624.259074446890736, 453613.147247815737501, 0.0 ], [ 137627.312327272258699, 453616.3415063964203, 0.0 ], [ 137639.813952970638638, 453606.756051150849089, 0.0 ], [ 137633.606463482050458, 453585.760038967186119, 0.0 ], [ 137632.529295640124474, 453581.776847061351873, 0.0 ], [ 137632.321613339125179, 453579.799626587890089, 0.0 ], [ 137632.321913642343134, 453577.904640329768881, 0.0 ], [ 137632.548133483098354, 453575.832250188279431, 0.0 ], [ 137632.941055344184861, 453574.113618624978699, 0.0 ], [ 137633.441954704234377, 453572.618932307581417, 0.0 ], [ 137634.039701222558506, 453571.298995281336829, 0.0 ], [ 137634.767120852106018, 453570.077651046565734, 0.0 ], [ 137636.212022624560632, 453568.167967531015165, 0.0 ], [ 137694.312451877136482, 453506.641805988037959, 0.0 ], [ 137688.134362334763864, 453472.573020680691116, 0.0 ], [ 137675.928608128451742, 453485.70615337905474, 0.0 ], [ 137678.398236505658133, 453497.636357263778336, 0.0 ], [ 137641.649038045841735, 453535.86612640786916, 0.0 ], [ 137625.493103263695957, 453519.291689901030622, 0.0 ], [ 137681.730917640583357, 453460.448472965043038, 0.0 ], [ 137683.167221833515214, 453458.728251044638455, 0.0 ], [ 137683.922921014600433, 453457.193901327846106, 0.0 ], [ 137684.379581843269989, 453455.278075128677301, 0.0 ], [ 137684.430947375338292, 453454.078773952554911, 0.0 ], [ 137683.772920963499928, 453450.085208408127073, 0.0 ], [ 137667.164758402563166, 453358.851609775796533, 0.0 ], [ 137665.761675623100018, 453354.088828778534662, 0.0 ], [ 137662.4472145808395, 453347.818888030888047, 0.0 ], [ 137658.938237982802093, 453343.706511254655197, 0.0 ], [ 137654.004830627236515, 453339.912980885943398, 0.0 ], [ 137649.192318186105695, 453337.603150857088622, 0.0 ], [ 137646.622764916130109, 453336.693819387757685, 0.0 ], [ 137559.622958749969257, 453323.164765562512912, 0.0 ], [ 137510.258231912535848, 453342.291483999637421, 0.0 ], [ 137493.212792524602264, 453324.567022333969362, 0.0 ], [ 137557.662860528420424, 453299.501519447134342, 0.0 ], [ 137687.148993050446734, 453319.877756680885796, 0.0 ], [ 137708.300840856740251, 453452.545123113319278, 0.0 ], [ 137716.512386132992106, 453482.7914768930641, 0.0 ], [ 137717.709109675663058, 453481.994495123100933, 0.0 ], [ 137722.529859547299566, 453476.636816304759122, 0.0 ], [ 137724.825764144596178, 453473.578465087688528, 0.0 ], [ 137726.656228773848852, 453469.370338072010782, 0.0 ], [ 137727.374545152648352, 453462.325361929833889, 0.0 ], [ 137726.183758344210219, 453455.303322985128034, 0.0 ], [ 137705.83254244265845, 453316.625694884569384, 0.0 ], [ 137704.644164531433489, 453313.182319943560287, 0.0 ], [ 137703.279437501827488, 453310.467092092672829, 0.0 ], [ 137700.870076117949793, 453307.083719196554739, 0.0 ], [ 137696.267979745724006, 453303.54401513945777, 0.0 ], [ 137692.442152108764276, 453301.71015576570062, 0.0 ], [ 137688.022335903136991, 453300.903471724595875, 0.0 ], [ 137558.827373961161356, 453282.109891598694958, 0.0 ], [ 137552.905511069955537, 453281.745883256488014, 0.0 ], [ 137548.336512103618588, 453283.094918084912933, 0.0 ], [ 137497.706500294472789, 453303.327799015736673, 0.0 ], [ 137495.960661537101259, 453304.454211770091206, 0.0 ], [ 137492.70319757112884, 453307.431421531538945, 0.0 ], [ 137489.614844135503517, 453310.909585373068694, 0.0 ], [ 137487.327687131532002, 453314.781818604911678, 0.0 ], [ 137485.507186886010459, 453320.53634378220886, 0.0 ], [ 137484.915747535531409, 453327.078394620446488, 0.0 ], [ 137485.989954398246482, 453333.720816485583782, 0.0 ], [ 137488.020016318041598, 453338.720027935749386, 0.0 ], [ 137492.883040860469919, 453345.079742377682123, 0.0 ], [ 137563.224994477437576, 453417.07584118610248, 0.0 ], [ 137565.622719352046261, 453419.149321399745531, 0.0 ], [ 137568.368002915580291, 453420.364805905264802, 0.0 ], [ 137570.602054996939842, 453420.546590884856414, 0.0 ], [ 137572.668691128084902, 453419.696196737058926, 0.0 ], [ 137574.206876821961487, 453421.765875933109783, 0.0 ], [ 137589.455669886810938, 453411.789248491288163, 0.0 ] ] ] ] } },
{ "type": "Feature", "properties": { "fid": 493, "FUNCTIE": "01_Water", "Info": null, "Verhaal": null }, "geometry": { "type": "MultiPolygon", "coordinates": [ [ [ [ 138135.573546712985262, 454015.81802584102843, 0.0 ], [ 138139.583222303685034, 454008.433281353441998, 0.0 ], [ 138140.838390928460285, 454004.10278275620658, 0.0 ], [ 138141.157567062211456, 454000.292366032779682, 0.0 ], [ 138141.029291724553332, 453995.718953407136723, 0.0 ], [ 138140.576997401803965, 453993.653528825554531, 0.0 ], [ 138093.317026923468802, 453857.629713267611805, 0.0 ], [ 138082.817046773037873, 453872.459060866152868, 0.0 ], [ 138124.429177278303541, 453991.712218324479181, 0.0 ], [ 138134.507445309107425, 454015.528451453777961, 0.0 ], [ 138135.573546712985262, 454015.81802584102843, 0.0 ] ] ] ] } },
{ "type": "Feature", "properties": { "fid": 494, "FUNCTIE": "01_Water", "Info": null, "Verhaal": null }, "geometry": { "type": "MultiPolygon", "coordinates": [ [ [ [ 138120.089570391515736, 454156.240087538550142, 0.0 ], [ 138119.442665663751541, 454162.644484197255224, 0.0 ], [ 138156.567493339418434, 454218.942799135111272, 0.0 ], [ 138160.700838310964173, 454224.399819631653372, 0.0 ], [ 138165.052377166284714, 454226.949029161944054, 0.0 ], [ 138169.174679740215652, 454227.425082393572666, 0.0 ], [ 138172.508432707109023, 454238.037240063596983, 0.0 ], [ 138170.267000041145366, 454238.709898211003747, 0.0 ], [ 138168.268877113063354, 454239.704485951922834, 0.0 ], [ 138166.484945290430915, 454241.008873925660737, 0.0 ], [ 138165.077992319886107, 454242.446433335309848, 0.0 ], [ 138163.856024710170459, 454244.184020918153692, 0.0 ], [ 138162.860017250524834, 454246.308586047438439, 0.0 ], [ 138162.257097041496309, 454248.555654814583249, 0.0 ], [ 138162.058933238411555, 454250.680691193323582, 0.0 ], [ 138169.848357753042364, 454336.102867981884629, 0.0 ], [ 138172.561310501449043, 454344.657332141068764, 0.0 ], [ 138176.672193639707984, 454347.8323308856925, 0.0 ], [ 138177.966691003064625, 454343.228551226842683, 0.0 ], [ 138182.288809956429759, 454334.952928313461598, 0.0 ], [ 138189.958561028790427, 454327.20956473716069, 0.0 ], [ 138206.652741825178964, 454313.168482334527653, 0.0 ], [ 138218.24853633379098, 454303.638501392211765, 0.0 ], [ 138225.042051064985571, 454300.215018220304046, 0.0 ], [ 138229.764351705729496, 454298.997354059130885, 0.0 ], [ 138233.205284030729672, 454299.620118987280875, 0.0 ], [ 138233.500645815511234, 454301.70057445554994, 0.0 ], [ 138242.033464681095211, 454301.313922298199032, 0.0 ], [ 138242.812311413232237, 454299.589530417346396, 0.0 ], [ 138291.384155772335362, 454208.092504656116944, 0.0 ], [ 138293.04448190855328, 454204.757300838304218, 0.0 ], [ 138293.060064566292567, 454201.80564359476557, 0.0 ], [ 138292.086825993523235, 454197.181552395806648, 0.0 ], [ 138290.913949515816057, 454194.678610497270711, 0.0 ], [ 138201.633736220333958, 454128.474914632504806, 0.0 ], [ 138159.477308970730519, 454137.189855290693231, 0.0 ], [ 138155.121344811981544, 454137.971570255234838, 0.0 ], [ 138149.282747107965406, 454137.029239820607472, 0.0 ], [ 138144.024321959470399, 454134.599572061968502, 0.0 ], [ 138139.000946012878558, 454129.500584380526561, 0.0 ], [ 138136.838636770640733, 454126.087090436194558, 0.0 ], [ 138135.819672918703873, 454123.217490896349773, 0.0 ], [ 138134.468196696951054, 454123.047986146644689, 0.0 ], [ 138134.475182105728891, 454122.270429697993677, 0.0 ], [ 138114.558899811207084, 454127.627260189736262, 0.0 ], [ 138114.536709067469928, 454128.624620438844431, 0.0 ], [ 138113.977917807846097, 454128.814141330483835, 0.0 ], [ 138120.089570391515736, 454156.240087538550142, 0.0 ] ] ] ] } },
{ "type": "Feature", "properties": { "fid": 495, "FUNCTIE": "01_Water", "Info": null, "Verhaal": null }, "geometry": { "type": "MultiPolygon", "coordinates": [ [ [ [ 137995.079373303247849, 453952.987083167477977, 0.0 ], [ 137981.639170270937029, 453964.937417154025752, 0.0 ], [ 137983.928654758114135, 453967.230096314917319, 0.0 ], [ 137982.749509652523557, 453968.809747106279247, 0.0 ], [ 137982.168692902923794, 453970.399325863341801, 0.0 ], [ 137981.796859669091646, 453971.813225093355868, 0.0 ], [ 137981.947968195483554, 453974.066753130988218, 0.0 ], [ 137983.005529437417863, 453976.186302076210268, 0.0 ], [ 138040.55588244041428, 454058.127749174542259, 0.0 ], [ 138047.488790494739078, 454066.354947182000615, 0.0 ], [ 138052.716309813491534, 454071.398651667346712, 0.0 ], [ 138060.07659792364575, 454077.723094973829575, 0.0 ], [ 138071.65275486765313, 454085.984118614054751, 0.0 ], [ 138077.042496344161918, 454089.08474321878748, 0.0 ], [ 138082.519068293913733, 454090.971362333802972, 0.0 ], [ 138084.839141872624168, 454091.714560433116276, 0.0 ], [ 138085.060440351604484, 454092.384283436345868, 0.0 ], [ 138082.420629852742422, 454093.643785224179737, 0.0 ], [ 138078.557421548030106, 454094.849081136519089, 0.0 ], [ 138073.374826360843144, 454096.568884097447153, 0.0 ], [ 138065.494597297831206, 454099.962772351165768, 0.0 ], [ 138057.874638194625732, 454103.827684839779977, 0.0 ], [ 138053.502006787632126, 454106.482208088156767, 0.0 ], [ 138045.726825212797849, 454111.256134048395324, 0.0 ], [ 138039.610745891201077, 454115.086931627825834, 0.0 ], [ 138032.44528420723509, 454119.325149490789045, 0.0 ], [ 138023.708905494277133, 454123.551451057253871, 0.0 ], [ 138011.910074007086223, 454128.87414222676307, 0.0 ], [ 138012.749607061094139, 454132.645024678553455, 0.0 ], [ 138027.628164356749039, 454126.184530966973398, 0.0 ], [ 138037.144408025866142, 454121.533128972398117, 0.0 ], [ 138045.011272221396212, 454117.197232345642988, 0.0 ], [ 138051.40025304275332, 454113.03193610755261, 0.0 ], [ 138057.70421263150638, 454108.885334206512198, 0.0 ], [ 138061.998799767374294, 454106.797624176368117, 0.0 ], [ 138067.82568959335913, 454104.107745298359077, 0.0 ], [ 138075.569218922057189, 454100.947059090656694, 0.0 ], [ 138081.354725077806506, 454098.174379822157789, 0.0 ], [ 138090.80613293373608, 454095.304427070135716, 0.0 ], [ 138095.262976499710931, 454098.683666612836532, 0.0 ], [ 138101.616269357968122, 454104.458026486448944, 0.0 ], [ 138104.898031582444673, 454108.573303423938341, 0.0 ], [ 138107.612831426144112, 454114.033718631137162, 0.0 ], [ 138108.860455658606952, 454118.945433382643387, 0.0 ], [ 138111.166016113391379, 454118.346879788616206, 0.0 ], [ 138111.798147764027817, 454120.336619938025251, 0.0 ], [ 138132.230712580203544, 454114.93968956603203, 0.0 ], [ 138132.309357015386922, 454113.46043069701409, 0.0 ], [ 138131.276143099355977, 454108.561650393705349, 0.0 ], [ 138128.980897317873314, 454103.221212560019922, 0.0 ], [ 138123.458235086291097, 454094.12779066094663, 0.0 ], [ 138119.020013116998598, 454088.500060033518821, 0.0 ], [ 138114.008403809071751, 454083.943684565194417, 0.0 ], [ 138110.509413365740329, 454078.46815746295033, 0.0 ], [ 138108.617248776427004, 454074.824288023402914, 0.0 ], [ 138107.845936122757848, 454072.037436716957018, 0.0 ], [ 138108.087570755073102, 454069.146622328204103, 0.0 ], [ 138109.67481929261703, 454065.120835729292594, 0.0 ], [ 138119.668066031241324, 454045.693784640985541, 0.0 ], [ 138108.17248694531736, 454011.765423774777446, 0.0 ], [ 138098.149743946880335, 454029.745894731604494, 0.0 ], [ 138102.371445905417204, 454040.38300409517251, 0.0 ], [ 138087.640826699207537, 454067.582635345810559, 0.0 ], [ 138072.614830662700115, 454059.93051234818995, 0.0 ], [ 138069.990108544734539, 454056.136732733983081, 0.0 ], [ 138069.741329024778679, 454054.705501166987233, 0.0 ], [ 138070.212598155310843, 454052.654697800520808, 0.0 ], [ 138070.908468713780167, 454051.452980819856748, 0.0 ], [ 138072.140924693172565, 454048.98663197865244, 0.0 ], [ 138099.891209598019486, 453996.457140768354293, 0.0 ], [ 138100.280526928137988, 453995.19463737483602, 0.0 ], [ 138100.453986385604367, 453993.851182538841385, 0.0 ], [ 138100.292300135508412, 453992.048798133386299, 0.0 ], [ 138099.745000456401613, 453989.987600449007004, 0.0 ], [ 138065.892564808338648, 453891.307459083211143, 0.0 ], [ 138064.52758619125234, 453888.151761018263642, 0.0 ], [ 138063.395917505549733, 453886.561539539310616, 0.0 ], [ 138061.896346642170101, 453884.908005719422363, 0.0 ], [ 138060.948702748544747, 453884.102230979071464, 0.0 ], [ 138058.206121416762471, 453882.5812024580664, 0.0 ], [ 137955.055395742878318, 453844.625595367222559, 0.0 ], [ 137904.960577312071109, 453870.851308066688944, 0.0 ], [ 137902.111491728981491, 453871.811318343388848, 0.0 ], [ 137899.518286793056177, 453872.204086814192124, 0.0 ], [ 137897.098594597860938, 453871.652615109400358, 0.0 ], [ 137895.87495713957469, 453870.954924326855689, 0.0 ], [ 137873.516391267970903, 453852.969331343832891, 0.0 ], [ 137866.275536956673022, 453862.356316032295581, 0.0 ], [ 137863.192121856322046, 453859.863886996754445, 0.0 ], [ 137862.336768531909911, 453860.267958711250685, 0.0 ], [ 137861.134212727891281, 453859.253917993744835, 0.0 ], [ 137858.717634520842694, 453862.002584745525382, 0.0 ], [ 137859.817319415451493, 453862.915450962493196, 0.0 ], [ 137858.666812762559857, 453864.090276174596511, 0.0 ], [ 137886.495740306971129, 453893.17719267832581, 0.0 ], [ 137889.14703142727376, 453897.727000941173173, 0.0 ], [ 137891.725321340025403, 453901.24444521102123, 0.0 ], [ 137893.656916020438075, 453903.100223398534581, 0.0 ], [ 137965.73001077369554, 453958.936905342445243, 0.0 ], [ 137968.453220261028036, 453960.884906207676977, 0.0 ], [ 137971.593111808528192, 453961.214688794920221, 0.0 ], [ 137973.694213944982039, 453960.83877965452848, 0.0 ], [ 137975.988178446365055, 453959.696429549774621, 0.0 ], [ 137977.340735704143299, 453960.632984674884938, 0.0 ], [ 137990.82612328659161, 453948.536643689032644, 0.0 ], [ 137957.827902576944325, 453914.540043283079285, 0.0 ], [ 137943.350869061687263, 453922.956858439662028, 0.0 ], [ 137903.923819876916241, 453893.206358846509829, 0.0 ], [ 137958.044204412261024, 453864.848538929945789, 0.0 ], [ 138045.461517122923397, 453897.415491352730896, 0.0 ], [ 138077.02046116135898, 453987.725156993139535, 0.0 ], [ 138047.903089935600292, 454042.102501096378546, 0.0 ], [ 138018.381986869033426, 453999.614441813901067, 0.0 ], [ 138026.968642622174229, 453985.899824210733641, 0.0 ], [ 137995.079373303247849, 453952.987083167477977, 0.0 ] ] ] ] } },
{ "type": "Feature", "properties": { "fid": 496, "FUNCTIE": "01_Water", "Info": null, "Verhaal": null }, "geometry": { "type": "MultiPolygon", "coordinates": [ [ [ [ 137629.900905416841852, 453621.332941307686269, 0.0 ], [ 137628.834405416069785, 453622.805741304240655, 0.0 ], [ 137630.082605417119339, 453635.977441318333149, 0.0 ], [ 137632.735905419976916, 453700.569941356196068, 0.0 ], [ 137633.175534189416794, 453717.897884287522174, 0.0 ], [ 137633.545236973819556, 453719.092976611747872, 0.0 ], [ 137634.102543893735856, 453720.487722169433255, 0.0 ], [ 137634.962625543528702, 453722.041431241901591, 0.0 ], [ 137636.190418123704148, 453723.619772307225503, 0.0 ], [ 137638.774924612487666, 453725.738022817124147, 0.0 ], [ 137643.030221184249967, 453728.019975562638137, 0.0 ], [ 137715.750213569030166, 453755.675645387498662, 0.0 ], [ 137720.664242121594725, 453757.547501828055829, 0.0 ], [ 137722.392282618704485, 453758.1250466806232, 0.0 ], [ 137723.719205455534393, 453758.369284686108585, 0.0 ], [ 137725.308968592522433, 453758.438576242944691, 0.0 ], [ 137730.819670684344601, 453756.558194893994369, 0.0 ], [ 137734.314224320609355, 453752.453441423596814, 0.0 ], [ 137736.16640202049166, 453753.693804864829872, 0.0 ], [ 137745.431151624157792, 453739.288204563723411, 0.0 ], [ 137709.252434899535729, 453715.635319379740395, 0.0 ], [ 137696.475902206235332, 453728.29998092079768, 0.0 ], [ 137664.212905615626369, 453710.110038010519929, 0.0 ], [ 137699.816727959492709, 453679.459137328783982, 0.0 ], [ 137789.188321572379209, 453677.088193259609398, 0.0 ], [ 137829.556905345729319, 453753.956266745517496, 0.0 ], [ 137794.399095563800074, 453782.883057519968133, 0.0 ], [ 137784.518308446044102, 453762.210633207811043, 0.0 ], [ 137767.839193708903622, 453744.408682133769616, 0.0 ], [ 137750.861049543338595, 453742.757312224479392, 0.0 ], [ 137742.016033622843679, 453757.629186719190329, 0.0 ], [ 137743.443965887650847, 453758.704839749028906, 0.0 ], [ 137741.60114121765946, 453761.799337218166329, 0.0 ], [ 137741.032055059506092, 453764.305022708314937, 0.0 ], [ 137741.015551877499092, 453765.733184659853578, 0.0 ], [ 137741.225603334460175, 453767.186279736633878, 0.0 ], [ 137741.616056406870484, 453768.480183844978455, 0.0 ], [ 137742.68728907458717, 453770.553968511405401, 0.0 ], [ 137747.799471128237201, 453775.68812807725044, 0.0 ], [ 137806.10710963854217, 453829.329781688400544, 0.0 ], [ 137812.578226836689282, 453832.22794373735087, 0.0 ], [ 137818.327610916778212, 453834.271830972167663, 0.0 ], [ 137825.961478963843547, 453838.49925392359728, 0.0 ], [ 137830.125371864822228, 453842.129998641146813, 0.0 ], [ 137832.821860988799017, 453840.969035886519123, 0.0 ], [ 137834.672341981029604, 453842.24572224158328, 0.0 ], [ 137839.037885270809056, 453837.797473932791036, 0.0 ], [ 137837.714559009851655, 453836.277496647031512, 0.0 ], [ 137838.235167138103861, 453835.535160882631317, 0.0 ], [ 137839.916135563718854, 453836.675929514749441, 0.0 ], [ 137843.108950131252641, 453832.598104873148259, 0.0 ], [ 137842.152831030543894, 453827.478890302474611, 0.0 ], [ 137834.622156183730112, 453821.805237310472876, 0.0 ], [ 137863.747454074909911, 453754.007530965958722, 0.0 ], [ 137811.63492705245153, 453641.02157239097869, 0.0 ], [ 137688.413151554734213, 453651.516733154421672, 0.0 ], [ 137676.341795179701876, 453654.062176047707908, 0.0 ], [ 137670.806222633749712, 453658.156323775299825, 0.0 ], [ 137662.156800827273401, 453651.024376217916142, 0.0 ], [ 137642.950938903086353, 453610.823044485761784, 0.0 ], [ 137629.900905416841852, 453621.332941307686269, 0.0 ] ] ] ] } },
{ "type": "Feature", "properties": { "fid": 497, "FUNCTIE": "02_Maaiveld", "Info": null, "Verhaal": null }, "geometry": { "type": "MultiPolygon", "coordinates": [ [ [ [ 137623.515138025803026, 453466.511196526465937, 0.0 ], [ 137617.66607770381961, 453472.861687103752047, 0.0 ], [ 137618.835915257310262, 453474.532888313930016, 0.0 ], [ 137625.170332425943343, 453468.333715671615209, 0.0 ], [ 137623.515138025803026, 453466.511196526465937, 0.0 ] ] ] ] } },
{ "type": "Feature", "properties": { "fid": 498, "FUNCTIE": "02_Maaiveld", "Info": null, "Verhaal": null }, "geometry": { "type": "MultiPolygon", "coordinates": [ [ [ [ 137617.702256478980416, 453468.174285428598523, 0.0 ], [ 137617.776687532023061, 453467.090047132107429, 0.0 ], [ 137617.845135135750752, 453466.873524604074191, 0.0 ], [ 137617.942750356800389, 453466.578692071256228, 0.0 ], [ 137618.059671103721485, 453466.243778594362084, 0.0 ], [ 137618.126485318673076, 453466.059125415398739, 0.0 ], [ 137618.299590091628488, 453465.59666676382767, 0.0 ], [ 137618.531649061565986, 453465.097229137492832, 0.0 ], [ 137618.91196635432425, 453464.567087101342622, 0.0 ], [ 137619.551951645233203, 453463.951051294512581, 0.0 ], [ 137623.515079948527273, 453459.798310587415472, 0.0 ], [ 137628.653897492506076, 453454.413630821451079, 0.0 ], [ 137629.966488058300456, 453453.038240509747993, 0.0 ], [ 137633.368102573382203, 453449.458669168525375, 0.0 ], [ 137632.493139352794969, 453448.424607564520556, 0.0 ], [ 137636.303543253365206, 453444.237153119465802, 0.0 ], [ 137636.974993612268008, 453443.419104427157436, 0.0 ], [ 137637.256427163898479, 453443.143322426360101, 0.0 ], [ 137637.5953873101098, 453442.956028325716034, 0.0 ], [ 137637.972747287683887, 453442.870110522198956, 0.0 ], [ 137638.260987224639393, 453442.879047851194628, 0.0 ], [ 137638.586734167707618, 453442.969401790585835, 0.0 ], [ 137638.886090534622781, 453443.137812822940759, 0.0 ], [ 137639.140641149744624, 453443.367520173080266, 0.0 ], [ 137640.393774461146677, 453439.941683038778137, 0.0 ], [ 137639.393625583237736, 453439.941624782048166, 0.0 ], [ 137638.308837694785325, 453432.6995370539953, 0.0 ], [ 137639.369438181631267, 453432.262707990827039, 0.0 ], [ 137638.681473260949133, 453427.637889626668766, 0.0 ], [ 137637.636229093186557, 453427.637828546459787, 0.0 ], [ 137636.049869909882545, 453419.47878406761447, 0.0 ], [ 137637.050927364412928, 453418.966303297376726, 0.0 ], [ 137636.561814696004149, 453415.125144457269926, 0.0 ], [ 137635.634966449637432, 453415.125090117624495, 0.0 ], [ 137634.126587277132785, 453407.521350578346755, 0.0 ], [ 137635.129286112176487, 453406.852956686168909, 0.0 ], [ 137634.544877292355523, 453403.680647940665949, 0.0 ], [ 137633.388845960813342, 453403.677703588269651, 0.0 ], [ 137632.128392479440663, 453395.735761648567859, 0.0 ], [ 137633.024234950891696, 453395.247183241415769, 0.0 ], [ 137631.959812564280583, 453388.590286460588686, 0.0 ], [ 137630.437897608673666, 453384.459513399517164, 0.0 ], [ 137629.737278633110691, 453384.459471977956127, 0.0 ], [ 137627.068133811757434, 453378.575651229301002, 0.0 ], [ 137623.563305124873295, 453375.478256455564406, 0.0 ], [ 137622.460915267613018, 453376.415163612109609, 0.0 ], [ 137615.180035498051438, 453373.085160657006782, 0.0 ], [ 137615.526322767022066, 453370.851566258643288, 0.0 ], [ 137608.003456592094153, 453369.210615290445276, 0.0 ], [ 137601.191884375672089, 453368.16097169026034, 0.0 ], [ 137594.853620754147414, 453367.196427060465794, 0.0 ], [ 137587.662187082605669, 453366.102048664237373, 0.0 ], [ 137570.491795239009662, 453363.489091828232631, 0.0 ], [ 137570.113235119322781, 453364.036606820183806, 0.0 ], [ 137570.018671297788387, 453364.142580939049367, 0.0 ], [ 137569.722468509600731, 453364.402218026050832, 0.0 ], [ 137569.324627824040363, 453364.630387303594034, 0.0 ], [ 137568.802504873805447, 453364.783920368179679, 0.0 ], [ 137568.419512536405819, 453364.811993444047403, 0.0 ], [ 137563.287471143790754, 453364.149852804432157, 0.0 ], [ 137562.941031282447511, 453363.580542704148684, 0.0 ], [ 137559.842436010309029, 453364.171537011105102, 0.0 ], [ 137559.842441318673082, 453364.811637501115911, 0.0 ], [ 137554.097110105038155, 453367.256322345405351, 0.0 ], [ 137553.730115806130925, 453367.29658193141222, 0.0 ], [ 137553.542079844366526, 453367.29281837225426, 0.0 ], [ 137553.333776092622429, 453367.26917539461283, 0.0 ], [ 137553.032543711480685, 453367.19607051613275, 0.0 ], [ 137552.717531670525204, 453367.06359403510578, 0.0 ], [ 137552.520098010281799, 453366.945679481083062, 0.0 ], [ 137552.299290188180748, 453366.773042981512845, 0.0 ], [ 137552.123593942262232, 453366.595104286330752, 0.0 ], [ 137551.821014647808624, 453366.145685131370556, 0.0 ], [ 137548.729246206348762, 453366.991421012498904, 0.0 ], [ 137549.137638677901123, 453367.38361661543604, 0.0 ], [ 137549.397594849870075, 453367.751397166517563, 0.0 ], [ 137549.847857348329853, 453368.372896246146411, 0.0 ], [ 137550.073203141510021, 453368.584767630789429, 0.0 ], [ 137550.484944793191971, 453368.880364215699956, 0.0 ], [ 137551.115862545440905, 453369.191046801919583, 0.0 ], [ 137551.710189948324114, 453369.438113739830442, 0.0 ], [ 137552.596838383760769, 453369.777838147885632, 0.0 ], [ 137553.271925863664364, 453369.969252123613842, 0.0 ], [ 137554.060596918658121, 453370.088674762577284, 0.0 ], [ 137555.325149021227844, 453369.981668641557917, 0.0 ], [ 137564.217632083746139, 453368.086914338055067, 0.0 ], [ 137564.556166600144934, 453368.010403179039713, 0.0 ], [ 137566.739367788279196, 453367.749023224459961, 0.0 ], [ 137567.203661478619324, 453367.787434332421981, 0.0 ], [ 137567.501217166805873, 453367.826505435281433, 0.0 ], [ 137568.071460276958533, 453367.931096938613337, 0.0 ], [ 137568.746500302688219, 453368.09799133130582, 0.0 ], [ 137569.518889607716119, 453368.32441716484027, 0.0 ], [ 137570.499080363719258, 453368.63236128288554, 0.0 ], [ 137571.37189005597611, 453368.976877083594445, 0.0 ], [ 137571.902644314774079, 453369.254108960041776, 0.0 ], [ 137572.876280393596971, 453369.94263293442782, 0.0 ], [ 137575.63535202681669, 453372.591137329407502, 0.0 ], [ 137579.393969762022607, 453369.165694402356166, 0.0 ], [ 137579.81367048091488, 453368.74776613805443, 0.0 ], [ 137580.633393679978326, 453368.467664583295118, 0.0 ], [ 137600.869889640074689, 453371.339376444811933, 0.0 ], [ 137607.016538816591492, 453372.579571120499168, 0.0 ], [ 137613.075196832040092, 453375.16200678050518, 0.0 ], [ 137615.036068297718884, 453376.002730091859121, 0.0 ], [ 137615.913112093578093, 453376.585822063381784, 0.0 ], [ 137617.844592364970595, 453377.899521788000129, 0.0 ], [ 137619.159699552925304, 453378.955048655741848, 0.0 ], [ 137620.127175630972488, 453380.467286599043291, 0.0 ], [ 137623.181030476349406, 453383.722049823496491, 0.0 ], [ 137623.280330550769577, 453383.695950320165139, 0.0 ], [ 137623.708294386946363, 453383.648409134068061, 0.0 ], [ 137624.110210177808767, 453383.69112895464059, 0.0 ], [ 137624.876307676779106, 453384.086947687494103, 0.0 ], [ 137625.379006421630038, 453384.472696331271436, 0.0 ], [ 137625.976617880194681, 453385.07663003221387, 0.0 ], [ 137626.524394337233389, 453385.730204796767794, 0.0 ], [ 137626.905161665257765, 453386.292518054542597, 0.0 ], [ 137627.115930321917403, 453386.712190741032828, 0.0 ], [ 137627.325805346656125, 453387.274618259340059, 0.0 ], [ 137627.505827986053191, 453387.965925281459931, 0.0 ], [ 137627.737286670191679, 453388.993712056719232, 0.0 ], [ 137636.562017368938541, 453438.353883925883565, 0.0 ], [ 137633.861430908727925, 453442.183359142218251, 0.0 ], [ 137624.457209273648914, 453455.265400815347675, 0.0 ], [ 137620.452039759285981, 453459.447550495737232, 0.0 ], [ 137618.56478035094915, 453461.414421307563316, 0.0 ], [ 137618.218767973681679, 453461.775029733020347, 0.0 ], [ 137617.808652749226894, 453462.147225771856029, 0.0 ], [ 137617.12894799906644, 453462.991123101382982, 0.0 ], [ 137616.790498473244952, 453463.809894493140746, 0.0 ], [ 137616.679696966079064, 453464.592167166993022, 0.0 ], [ 137616.704914304602426, 453465.140852965938393, 0.0 ], [ 137616.84459081600653, 453465.831618983414955, 0.0 ], [ 137617.155575132492231, 453466.577503943175543, 0.0 ], [ 137617.392889328068122, 453467.300009251805022, 0.0 ], [ 137617.702256478980416, 453468.174285428598523, 0.0 ] ] ] ] } },
{ "type": "Feature", "properties": { "fid": 499, "FUNCTIE": "02_Maaiveld", "Info": null, "Verhaal": null }, "geometry": { "type": "MultiPolygon", "coordinates": [ [ [ [ 137609.89512007436133, 453474.198145662026946, 0.0 ], [ 137617.164888336730655, 453491.8290278405766, 0.0 ], [ 137620.507210156938527, 453488.319838486611843, 0.0 ], [ 137613.8223727986624, 453472.861465227615554, 0.0 ], [ 137609.89512007436133, 453474.198145662026946, 0.0 ] ] ] ] } },
{ "type": "Feature", "properties": { "fid": 500, "FUNCTIE": "02_Maaiveld", "Info": null, "Verhaal": null }, "geometry": { "type": "MultiPolygon", "coordinates": [ [ [ [ 137607.126441944448743, 453472.134222448337823, 0.0 ], [ 137614.316130719555076, 453469.574605048226658, 0.0 ], [ 137633.861430908727925, 453442.183359142218251, 0.0 ], [ 137637.636229093186557, 453427.637828546459787, 0.0 ], [ 137626.905161665257765, 453386.292518054542597, 0.0 ], [ 137622.460915267613018, 453376.415163612109609, 0.0 ], [ 137579.869871927163331, 453368.702887429622933, 0.0 ], [ 137568.071460276958533, 453367.931096938613337, 0.0 ], [ 137557.25105649852776, 453370.933562694699503, 0.0 ], [ 137547.225070606276859, 453367.910370141908061, 0.0 ], [ 137542.127297617524164, 453373.17998876812635, 0.0 ], [ 137552.15167123201536, 453383.866249433718622, 0.0 ], [ 137569.561788582970621, 453377.40585932409158, 0.0 ], [ 137616.065382456494262, 453451.275452844623942, 0.0 ], [ 137603.064893130853307, 453462.903429693833459, 0.0 ], [ 137607.126441944448743, 453472.134222448337823, 0.0 ] ] ] ] } },
{ "type": "Feature", "properties": { "fid": 501, "FUNCTIE": "02_Maaiveld", "Info": null, "Verhaal": null }, "geometry": { "type": "MultiPolygon", "coordinates": [ [ [ [ 137615.897345414850861, 453691.041384478623513, 0.0 ], [ 137615.006455996364821, 453685.07801052602008, 0.0 ], [ 137602.3077381021576, 453679.86470529466169, 0.0 ], [ 137597.112443378136959, 453635.948200459475629, 0.0 ], [ 137591.374197110912064, 453637.756519589864183, 0.0 ], [ 137594.251619406044483, 453661.263170527527109, 0.0 ], [ 137590.206497708975803, 453669.038411992136389, 0.0 ], [ 137595.471351604530355, 453670.666135831852444, 0.0 ], [ 137597.593452203465858, 453683.396621806256007, 0.0 ], [ 137615.897345414850861, 453691.041384478623513, 0.0 ] ] ] ] } },
{ "type": "Feature", "properties": { "fid": 186, "FUNCTIE": "02_Maaiveld", "Info": null, "Verhaal": null }, "geometry": { "type": "MultiPolygon", "coordinates": [ [ [ [ 138026.860150431515649, 458794.684252353734337, 0.0 ], [ 138060.62977145408513, 458895.32270513282856, 0.0 ], [ 138067.436072333162883, 458890.940924193535466, 0.0 ], [ 138033.916314926958876, 458791.817456688964739, 0.0 ], [ 138019.58296684778179, 458750.582727701112162, 0.0 ], [ 138017.598409103433369, 458750.362269603007007, 0.0 ], [ 138010.983015300676925, 458731.123068976274226, 0.0 ], [ 138061.092802575440146, 458712.929876050329767, 0.0 ], [ 138066.054171803465579, 458711.93746574659599, 0.0 ], [ 138083.584677029808518, 458738.728781323123258, 0.0 ], [ 138126.417833467159653, 458734.923935995786451, 0.0 ], [ 138106.902525666111615, 458684.317815054731909, 0.0 ], [ 138075.315057384956162, 458680.184056802536361, 0.0 ], [ 138052.325925794168143, 458553.006585015391465, 0.0 ], [ 138052.987433643720578, 458552.179665600706358, 0.0 ], [ 138053.318162842071615, 458549.533563368837349, 0.0 ], [ 138089.70141531174886, 458535.310003727674484, 0.0 ], [ 138096.315949465380982, 458479.907311426009983, 0.0 ], [ 138013.791874501795974, 458491.981862974527758, 0.0 ], [ 138014.122663799964357, 458494.793331623426639, 0.0 ], [ 137983.858267350238748, 458499.25926594651537, 0.0 ], [ 137982.70058570112451, 458496.9439565759385, 0.0 ], [ 137980.991532403539168, 458484.650671772309579, 0.0 ], [ 137980.991504184697988, 458482.004575909115374, 0.0 ], [ 137975.919580221583601, 458455.323218974692281, 0.0 ], [ 137968.201873507961864, 458455.984903077012859, 0.0 ], [ 137977.904803977609845, 458518.167744665581267, 0.0 ], [ 137979.227906597428955, 458524.342157721112017, 0.0 ], [ 137978.345947768277256, 458530.516403994581196, 0.0 ], [ 137976.581945395388175, 458534.926820575143211, 0.0 ], [ 137973.053883884567767, 458538.454813276825007, 0.0 ], [ 137969.305299252067925, 458540.439469518722035, 0.0 ], [ 137937.33200139424298, 458552.127115832467098, 0.0 ], [ 137969.306381311500445, 458642.534811400109902, 0.0 ], [ 137968.644894938275684, 458645.621945112943649, 0.0 ], [ 137969.306442075117957, 458648.268030623963568, 0.0 ], [ 137971.732061139191501, 458652.898650059185456, 0.0 ], [ 137974.157635625859257, 458653.339609026734252, 0.0 ], [ 137988.049963797355304, 458693.692321180948056, 0.0 ], [ 137986.726944892056054, 458695.45642155961832, 0.0 ], [ 137986.947465347649995, 458696.779467126354575, 0.0 ], [ 137988.711529887281358, 458698.102474758692551, 0.0 ], [ 138009.439723235176643, 458754.331630926521029, 0.0 ], [ 138012.306294376961887, 458753.44952371151885, 0.0 ], [ 138026.860150431515649, 458794.684252353734337, 0.0 ] ] ] ] } },
{ "type": "Feature", "properties": { "fid": 187, "FUNCTIE": "02_Maaiveld", "Info": null, "Verhaal": null }, "geometry": { "type": "MultiPolygon", "coordinates": [ [ [ [ 137881.537862241006223, 458547.156583268661052, 0.0 ], [ 137861.47782244742848, 458565.800338809960522, 0.0 ], [ 137860.154762737540295, 458564.036299689323641, 0.0 ], [ 137799.07480397290783, 458620.487948331981897, 0.0 ], [ 137829.505083646567073, 458646.727795148734003, 0.0 ], [ 137867.873257021623431, 458638.788567008741666, 0.0 ], [ 137869.416830732661765, 458641.214126923703589, 0.0 ], [ 137928.734312863292871, 458751.246562633023132, 0.0 ], [ 137910.652953702112427, 458770.872316382243298, 0.0 ], [ 137917.930070113186957, 458808.579162781592458, 0.0 ], [ 137953.431404994422337, 458783.881235792418011, 0.0 ], [ 137950.564487624447793, 458752.348551514965948, 0.0 ], [ 137995.106623937113909, 458736.47080014256062, 0.0 ], [ 138002.163033854623791, 458755.875376384356059, 0.0 ], [ 138003.486078587942757, 458756.536868420720566, 0.0 ], [ 137983.198881523363525, 458698.984644337557256, 0.0 ], [ 137983.860386380139971, 458697.661576990911271, 0.0 ], [ 137983.639865924953483, 458696.338531349785626, 0.0 ], [ 137981.434795540611958, 458695.677059949724935, 0.0 ], [ 137969.306563602411188, 458659.734470182389487, 0.0 ], [ 137968.424479673878523, 458654.221779744548257, 0.0 ], [ 137965.557819654000923, 458646.945069132023491, 0.0 ], [ 137963.352737045846879, 458645.18105392990401, 0.0 ], [ 137931.157840303814737, 458554.111828430148307, 0.0 ], [ 137905.583304903411772, 458561.03972550079925, 0.0 ], [ 137902.716732211702038, 458562.362840255023912, 0.0 ], [ 137900.291161237779306, 458562.583403096010443, 0.0 ], [ 137896.983556545426836, 458562.142460427246988, 0.0 ], [ 137894.337467139441287, 458561.26048598869238, 0.0 ], [ 137891.029846098943381, 458559.275984034640715, 0.0 ], [ 137888.824327826296212, 458557.291241942497436, 0.0 ], [ 137872.496914935210953, 458530.618647621071432, 0.0 ], [ 137872.276445859228261, 458534.367296331794932, 0.0 ], [ 137881.537862241006223, 458547.156583268661052, 0.0 ] ] ] ] } },
{ "type": "Feature", "properties": { "fid": 188, "FUNCTIE": "03_Gebouw", "Info": null, "Verhaal": null }, "geometry": { "type": "MultiPolygon", "coordinates": [ [ [ [ 137968.424479673878523, 458654.221779744548257, 0.0 ], [ 137971.732061139191501, 458652.898650059185456, 0.0 ], [ 137969.306442075117957, 458648.268030623963568, 0.0 ], [ 137966.660379587236093, 458649.591144293022808, 0.0 ], [ 137968.424479673878523, 458654.221779744548257, 0.0 ], [ 137971.732061139191501, 458652.898650059185456, 0.0 ], [ 137968.424479673878523, 458654.221779744548257, 0.0 ] ] ] ] } },
{ "type": "Feature", "properties": { "fid": 189, "FUNCTIE": "04_Talut1", "Info": null, "Verhaal": null }, "geometry": { "type": "MultiPolygon", "coordinates": [ [ [ [ 137983.639865924953483, 458696.338531349785626, 0.0 ], [ 137983.860386380139971, 458697.661576990911271, 0.0 ], [ 137986.947465347649995, 458696.779467126354575, 0.0 ], [ 137986.726944892056054, 458695.45642155961832, 0.0 ], [ 137983.639865924953483, 458696.338531349785626, 0.0 ] ] ] ] } },
{ "type": "Feature", "properties": { "fid": null, "FUNCTIE": "04_Talut1", "Info": null, "Verhaal": null }, "geometry": { "type": "MultiPolygon", "coordinates": [ [ [ [ 137896.994122947740834, 458539.753764565801248, 0.0 ], [ 137898.405798663123278, 458534.650013902515639, 0.0 ], [ 137954.655646398925455, 458510.97729806008283, 0.0 ], [ 137958.673492665751837, 458513.692059051187243, 0.0 ], [ 137896.994122947740834, 458539.753764565801248, 0.0 ] ] ] ] } },
{ "type": "Feature", "properties": { "fid": 191, "FUNCTIE": "01_Water", "Info": null, "Verhaal": null }, "geometry": { "type": "MultiPolygon", "coordinates": [ [ [ [ 138160.127128047577571, 458464.264185198815539, 0.0 ], [ 138160.117593278409913, 458461.146196055633482, 0.0 ], [ 138159.733353411837015, 458457.318418067647144, 0.0 ], [ 138159.170360172836808, 458454.486223832354881, 0.0 ], [ 138158.292835585831199, 458451.509545199049171, 0.0 ], [ 138157.041581337689422, 458448.456773056241218, 0.0 ], [ 138155.357399097149028, 458445.396298274165019, 0.0 ], [ 138153.181090506230248, 458442.39651170844445, 0.0 ], [ 138150.453457169525791, 458439.525804205972236, 0.0 ], [ 138148.925156665791292, 458438.210043417580891, 0.0 ], [ 138147.373682062752778, 458437.044443937018514, 0.0 ], [ 138144.220723745762371, 458435.122688355098944, 0.0 ], [ 138141.050487695087213, 458433.694121502805501, 0.0 ], [ 138137.922255230194423, 458432.695460454095155, 0.0 ], [ 138134.895307697181124, 458432.063422283274122, 0.0 ], [ 138132.028926468658028, 458431.734724059060682, 0.0 ], [ 138128.16009450898855, 458431.672007684712298, 0.0 ], [ 138124.116927166876849, 458432.059434772585519, 0.0 ], [ 138121.221127384691499, 458432.644126567232888, 0.0 ], [ 137975.922616537107388, 458455.339191812498029, 0.0 ], [ 137981.002725961909164, 458482.002907315036282, 0.0 ], [ 138121.888017217657762, 458461.054321478703059, 0.0 ], [ 138111.977566544723231, 458552.959722003084607, 0.0 ], [ 138078.032345392741263, 458566.55679332051659, 0.0 ], [ 138093.681470959039871, 458656.424987449543551, 0.0 ], [ 138123.88134870363865, 458659.951753629487939, 0.0 ], [ 138161.361463700857712, 458756.515564935747534, 0.0 ], [ 138067.070691050379537, 458765.348219795676414, 0.0 ], [ 138050.652069183590356, 458740.005069434235338, 0.0 ], [ 138019.584748954104725, 458750.587881948973518, 0.0 ], [ 138023.103910571429878, 458760.766080053464975, 0.0 ], [ 138012.309284684306476, 458753.457996003155131, 0.0 ], [ 138009.441044753795722, 458754.33122426609043, 0.0 ], [ 137988.728470782371005, 458698.148430149944033, 0.0 ], [ 137986.943534138699761, 458696.780590440088417, 0.0 ], [ 137983.859845740458695, 458697.662658317422029, 0.0 ], [ 137983.208234128163895, 458699.01117649988737, 0.0 ], [ 138003.480777769815177, 458756.538726134167518, 0.0 ], [ 137977.687056648748694, 458765.57993874209933, 0.0 ], [ 137980.112824593757978, 458795.788016490871087, 0.0 ], [ 137899.853041422727983, 458848.709573956497479, 0.0 ], [ 137882.65202464943286, 458763.834190831810702, 0.0 ], [ 137899.399114001105772, 458745.522513666248415, 0.0 ], [ 137856.221998460008763, 458668.400104456581175, 0.0 ], [ 137822.381171227782033, 458675.113249953836203, 0.0 ], [ 137769.183417619875399, 458627.852139421738684, 0.0 ], [ 137769.174143099400681, 458627.683266246924177, 0.0 ], [ 137872.506978808029089, 458530.632167635834776, 0.0 ], [ 137888.844326281541726, 458557.315774036804214, 0.0 ], [ 137890.920813143457053, 458559.370343992544804, 0.0 ], [ 137893.26616429904243, 458560.898205077275634, 0.0 ], [ 137895.444165599183179, 458561.793042967270594, 0.0 ], [ 137897.676828839816153, 458562.289453641220462, 0.0 ], [ 137900.325523145205807, 458562.38578606210649, 0.0 ], [ 137902.574690041074064, 458562.068403855897486, 0.0 ], [ 137904.593966751213884, 458561.463109911070205, 0.0 ], [ 137931.157045240339357, 458554.112146477214992, 0.0 ], [ 137963.346122122835368, 458645.162342395575251, 0.0 ], [ 137965.556803088431479, 458646.944255903013982, 0.0 ], [ 137966.659478478686651, 458649.58898168860469, 0.0 ], [ 137969.303072474052897, 458648.269715529459063, 0.0 ], [ 137968.645435562881175, 458645.619422036863398, 0.0 ], [ 137969.291640796029242, 458642.493132529663853, 0.0 ], [ 137937.338570790161612, 458552.124714429432061, 0.0 ], [ 137969.728837031143485, 458540.282923455699347, 0.0 ], [ 137971.327215647674166, 458539.560618304822128, 0.0 ], [ 137972.944040236208821, 458538.586665873706806, 0.0 ], [ 137974.648199928720715, 458537.20701349893352, 0.0 ], [ 137975.966293079341995, 458535.768669250595849, 0.0 ], [ 137977.225497702223947, 458533.869226760754827, 0.0 ], [ 137978.012684363464359, 458532.145742825465277, 0.0 ], [ 137978.65136384870857, 458529.892117723647971, 0.0 ], [ 137979.004456431255676, 458527.452380666160025, 0.0 ], [ 137979.127453015447827, 458525.084320171794388, 0.0 ], [ 137978.997708967537619, 458522.905246441427153, 0.0 ], [ 137978.61169677352882, 458520.618975174147636, 0.0 ], [ 137977.862747072562343, 458517.888326098909602, 0.0 ], [ 137964.758680840721354, 458430.48339955630945, 0.0 ], [ 137963.864536523877177, 458426.80684376769932, 0.0 ], [ 137962.508129321911838, 458423.674193272250704, 0.0 ], [ 137961.525618910120102, 458422.054753623611759, 0.0 ], [ 137960.306364605814451, 458420.467179737403058, 0.0 ], [ 137957.978015948756365, 458418.255940848903265, 0.0 ], [ 137955.1611258451303, 458416.491648376802914, 0.0 ], [ 137952.724498875468271, 458415.510369093099143, 0.0 ], [ 137949.333624039514689, 458414.803493761341088, 0.0 ], [ 137945.875942556507653, 458414.77457057259744, 0.0 ], [ 137942.455661918473197, 458415.413265305571258, 0.0 ], [ 137939.977683090313803, 458416.324193941720296, 0.0 ], [ 137937.623321550519904, 458417.600484917638823, 0.0 ], [ 137902.152168830827577, 458441.370826248079538, 0.0 ], [ 137906.251457927370211, 458452.637084361282177, 0.0 ], [ 137916.594697303575231, 458447.777662187174428, 0.0 ], [ 137944.448145072325133, 458426.331050357315689, 0.0 ], [ 137959.922282721643569, 458514.289306469319854, 0.0 ], [ 137896.451170749525772, 458541.328325940761715, 0.0 ], [ 137858.444516873918474, 458462.70884763833601, 0.0 ], [ 137894.062181077315472, 458458.419525272387546, 0.0 ], [ 137902.586530589382164, 458454.483121835277416, 0.0 ], [ 137898.071956140891416, 458442.965430489159189, 0.0 ], [ 137894.555445551930461, 458438.569889270409476, 0.0 ], [ 137891.469407092721667, 458439.227030301990453, 0.0 ], [ 137890.112399826059118, 458445.187569212750532, 0.0 ], [ 137851.331495223712409, 458452.799544238776434, 0.0 ], [ 137848.771282068424625, 458453.565912917256355, 0.0 ], [ 137846.413226514734561, 458454.650243023876101, 0.0 ], [ 137844.019211005041143, 458456.270560541772284, 0.0 ], [ 137842.333088613784639, 458457.902571209648158, 0.0 ], [ 137840.807299821055494, 458460.004564358619973, 0.0 ], [ 137839.624986603099387, 458462.503921941155568, 0.0 ], [ 137838.907813266821904, 458465.202271505026147, 0.0 ], [ 137838.656990460003726, 458468.036599296377972, 0.0 ], [ 137838.873728812934132, 458470.94389154628152, 0.0 ], [ 137839.55923893651925, 458473.861134474514984, 0.0 ], [ 137840.714731420273893, 458476.725314293347765, 0.0 ], [ 137842.341416830749949, 458479.473417213244829, 0.0 ], [ 137861.256707434222335, 458504.939988460449968, 0.0 ], [ 137741.481161593925208, 458615.483842871326488, 0.0 ], [ 137739.320389948523371, 458618.142119311145507, 0.0 ], [ 137737.230280225077877, 458621.459176858479623, 0.0 ], [ 137735.748565053916536, 458624.589442775992211, 0.0 ], [ 137734.552405834168894, 458628.233293532044627, 0.0 ], [ 137733.832562619267264, 458632.357333583699074, 0.0 ], [ 137733.711489653214812, 458635.356973792077042, 0.0 ], [ 137733.950605688238284, 458638.597013957041781, 0.0 ], [ 137734.997426194051513, 458643.263517852232326, 0.0 ], [ 137736.053261539433151, 458646.031789769418538, 0.0 ], [ 137738.007909106818261, 458649.673267839069013, 0.0 ], [ 137740.208384580037091, 458652.705429673253093, 0.0 ], [ 137743.137328989541857, 458655.807874965423252, 0.0 ], [ 137745.039703807502519, 458657.434922214888502, 0.0 ], [ 137747.249885241675656, 458659.046025787945837, 0.0 ], [ 137833.404434555268381, 458734.648804499069229, 0.0 ], [ 137859.611249807901913, 458860.997598675079644, 0.0 ], [ 137860.634521853440674, 458864.180477347515989, 0.0 ], [ 137861.687928574334364, 458866.802282355434727, 0.0 ], [ 137863.08610740370932, 458869.697206982062198, 0.0 ], [ 137864.870022744609741, 458872.756574839178938, 0.0 ], [ 137868.358761292707641, 458877.416228043613955, 0.0 ], [ 137871.286237017484382, 458880.411244684190024, 0.0 ], [ 137872.945831501972862, 458881.834573698753957, 0.0 ], [ 137876.682336375000887, 458884.464950360415969, 0.0 ], [ 137881.009399289789144, 458886.716388206987176, 0.0 ], [ 137885.834513339883415, 458888.436105841887183, 0.0 ], [ 137890.560754981444916, 458889.412556441035122, 0.0 ], [ 137895.083743626688374, 458889.732499315345194, 0.0 ], [ 137899.35942241770681, 458889.508518848975655, 0.0 ], [ 137903.343734530935762, 458888.853199393081013, 0.0 ], [ 137908.677515950548695, 458887.30773777741706, 0.0 ], [ 137913.107902982999803, 458885.425050019344781, 0.0 ], [ 137918.080484805104788, 458882.569867515063379, 0.0 ], [ 137977.262592857237905, 458842.32614762178855, 0.0 ], [ 138054.432370997063117, 458894.375513982318807, 0.0 ], [ 138207.019468113576295, 459323.018233752227388, 0.0 ], [ 138211.870324170828098, 459321.695079280354548, 0.0 ], [ 138060.62977145408513, 458895.32270513282856, 0.0 ], [ 138065.239075945777586, 458892.639351214631461, 0.0 ], [ 138067.436072333162883, 458890.940924193535466, 0.0 ], [ 138069.123387020023074, 458889.36043875903124, 0.0 ], [ 138070.781962254608516, 458887.495325376046821, 0.0 ], [ 138072.355409124429571, 458885.325989163597114, 0.0 ], [ 138073.703072962380247, 458882.996623298036866, 0.0 ], [ 138074.907157352165086, 458880.272288011619821, 0.0 ], [ 138075.941515281127067, 458876.833774903381709, 0.0 ], [ 138076.50955449056346, 458873.49982159800129, 0.0 ], [ 138095.657749530713772, 458799.754395697324071, 0.0 ], [ 138166.830105784261832, 458793.802804090315476, 0.0 ], [ 138171.500490243779495, 458792.495562875759788, 0.0 ], [ 138176.435962018236751, 458790.431457507016603, 0.0 ], [ 138180.673334000253817, 458788.052607694407925, 0.0 ], [ 138185.0398365247529, 458784.83610675460659, 0.0 ], [ 138187.87586667528376, 458782.170605790335685, 0.0 ], [ 138189.238380392751424, 458780.668949022365268, 0.0 ], [ 138191.79738863685634, 458777.306895937479567, 0.0 ], [ 138194.061682683153776, 458773.438620810513385, 0.0 ], [ 138195.674539677565917, 458769.761544104199857, 0.0 ], [ 138197.165287191339303, 458764.704795174009632, 0.0 ], [ 138197.722205880767433, 458761.466350507980678, 0.0 ], [ 138197.987210497754859, 458758.371174053521827, 0.0 ], [ 138198.009686438948847, 458755.451058262609877, 0.0 ], [ 138197.696689612115733, 458751.468669332622085, 0.0 ], [ 138197.115796026686439, 458748.058999536093324, 0.0 ], [ 138196.433681311114924, 458745.329348522296641, 0.0 ], [ 138195.541474400059087, 458742.627525668242015, 0.0 ], [ 138168.643980950320838, 458671.857972055673599, 0.0 ], [ 138163.573671027872479, 458657.308846517291386, 0.0 ], [ 138231.712781144422479, 458582.323473095602822, 0.0 ], [ 138235.677033161569852, 458577.697022206441034, 0.0 ], [ 138237.440099415543955, 458573.068354416813236, 0.0 ], [ 138236.558119506167714, 458567.115202614688314, 0.0 ], [ 138235.715942187875044, 458564.211471492482815, 0.0 ], [ 138233.983943486353382, 458560.475395038840361, 0.0 ], [ 138232.722614908358082, 458558.5125116717536, 0.0 ], [ 138231.631970176065806, 458557.149995765415952, 0.0 ], [ 138154.751420929998858, 458513.742699507740326, 0.0 ], [ 138160.127128047577571, 458464.264185198815539, 0.0 ] ] ] ] } },
{ "type": "Feature", "properties": { "fid": 193, "FUNCTIE": "01_Water", "Info": null, "Verhaal": null }, "geometry": { "type": "MultiPolygon", "coordinates": [ [ [ [ 138036.119652737950673, 458634.81544101255713, 0.0 ], [ 138041.18744337654789, 458633.272929255326744, 0.0 ], [ 138071.750982472818578, 458717.473469479882624, 0.0 ], [ 138071.91595667268848, 458719.078812798950821, 0.0 ], [ 138072.382031103566987, 458720.315674695011694, 0.0 ], [ 138073.078419133060379, 458721.193374592519831, 0.0 ], [ 138074.004002932459116, 458721.84498551231809, 0.0 ], [ 138075.077500660408987, 458722.239077607577201, 0.0 ], [ 138076.196401264256565, 458722.333274874836206, 0.0 ], [ 138079.242651855107397, 458721.846832635696046, 0.0 ], [ 138086.411876035010209, 458719.895726675342303, 0.0 ], [ 138086.989656693564029, 458719.214366114640143, 0.0 ], [ 138087.198492192517733, 458718.077855364186689, 0.0 ], [ 138086.918930358748185, 458716.908501600322779, 0.0 ], [ 138086.280549520510249, 458716.083861406135838, 0.0 ], [ 138085.476568842394045, 458715.717361394665204, 0.0 ], [ 138083.951598762912909, 458715.494316765689291, 0.0 ], [ 138080.880984170333249, 458715.515479708148632, 0.0 ], [ 138051.786793485516682, 458633.52370318537578, 0.0 ], [ 138049.570237120526144, 458632.388677285343874, 0.0 ], [ 138049.129460242227651, 458630.846011935151182, 0.0 ], [ 138060.584423655323917, 458626.880479413259309, 0.0 ], [ 138061.697992047993466, 458624.230419541243464, 0.0 ], [ 138060.155047077249037, 458624.010032951948233, 0.0 ], [ 138035.458610120636877, 458632.612038944556843, 0.0 ], [ 138036.119652737950673, 458634.81544101255713, 0.0 ] ] ] ] } },
{ "type": "Feature", "properties": { "fid": 194, "FUNCTIE": "01_Water", "Info": null, "Verhaal": null }, "geometry": { "type": "MultiPolygon", "coordinates": [ [ [ [ 137983.198410660872469, 458654.882951988722198, 0.0 ], [ 137985.182673435891047, 458653.780303852516226, 0.0 ], [ 137992.958277626050403, 458650.050183630723041, 0.0 ], [ 138000.335905652988004, 458646.683664498850703, 0.0 ], [ 138023.96247372138896, 458640.046818062663078, 0.0 ], [ 138025.976000327646034, 458639.446568103216123, 0.0 ], [ 138027.078796903602779, 458638.784896013385151, 0.0 ], [ 138039.196307110250928, 458675.169359713036101, 0.0 ], [ 138034.362196732487064, 458675.608946505992208, 0.0 ], [ 138028.618286431446904, 458675.831274788070004, 0.0 ], [ 138015.833583877363708, 458678.917579203203786, 0.0 ], [ 138016.715073852799833, 458680.901635793677997, 0.0 ], [ 138029.7111625149264, 458677.72555155766895, 0.0 ], [ 138033.531412205978995, 458677.303557429229841, 0.0 ], [ 138037.444277659262298, 458677.373122452176176, 0.0 ], [ 138039.429486638226081, 458676.717185193207115, 0.0 ], [ 138051.996945853839861, 458713.757007952372078, 0.0 ], [ 138013.193549030867871, 458727.427554533700459, 0.0 ], [ 137998.862809274956817, 458687.540390047652181, 0.0 ], [ 138014.951030252792407, 458681.56062927597668, 0.0 ], [ 138014.51196784878266, 458679.143770285474602, 0.0 ], [ 138009.885541251074756, 458680.470789605460595, 0.0 ], [ 138004.963433299562894, 458682.251478773599956, 0.0 ], [ 138000.531470704707317, 458684.198547388485167, 0.0 ], [ 137995.326785095763626, 458686.856286776135676, 0.0 ], [ 138011.414917976915604, 458730.49196961306734, 0.0 ], [ 138054.808516925229924, 458714.659078641212545, 0.0 ], [ 138028.901306185172871, 458638.294923083682079, 0.0 ], [ 138028.894423442339757, 458638.138167732919101, 0.0 ], [ 138029.825812148250407, 458638.248003705462907, 0.0 ], [ 138030.866111754265148, 458638.026133532286622, 0.0 ], [ 138031.644970368914073, 458637.561998483608477, 0.0 ], [ 138032.260238718561595, 458636.856250297278166, 0.0 ], [ 138032.630204103770666, 458635.934964649844915, 0.0 ], [ 138032.676825685135555, 458634.950469711446203, 0.0 ], [ 138032.402239923889283, 458633.990262341161724, 0.0 ], [ 138031.929593080363702, 458633.271767197351437, 0.0 ], [ 138026.472464675403899, 458634.620286846708041, 0.0 ], [ 138020.419998586148722, 458636.951373482821509, 0.0 ], [ 138014.718446072220104, 458638.237780920637306, 0.0 ], [ 138008.606883228378138, 458640.068091628490947, 0.0 ], [ 137997.399987847107695, 458643.603355101018678, 0.0 ], [ 137987.780401476600673, 458646.965454652148765, 0.0 ], [ 137980.525314302387415, 458650.615662254393101, 0.0 ], [ 137979.676539768202929, 458651.197181357187219, 0.0 ], [ 137979.214470644801622, 458651.740442703652661, 0.0 ], [ 137978.951845463190693, 458652.69159808033146, 0.0 ], [ 137979.124440804938786, 458653.574795369466301, 0.0 ], [ 137979.640440705727087, 458654.51489031984238, 0.0 ], [ 137980.55234228289919, 458655.544540486531332, 0.0 ], [ 137983.198410660872469, 458654.882951988722198, 0.0 ] ] ] ] } },
{ "type": "Feature", "properties": { "fid": 195, "FUNCTIE": "01_Water", "Info": null, "Verhaal": null }, "geometry": { "type": "MultiPolygon", "coordinates": [ [ [ [ 137968.424479673878523, 458654.221779744548257, 0.0 ], [ 137969.306563602411188, 458659.734470182389487, 0.0 ], [ 137981.434795540611958, 458695.677059949724935, 0.0 ], [ 137983.639865924953483, 458696.338531349785626, 0.0 ], [ 137986.726944892056054, 458695.45642155961832, 0.0 ], [ 137988.049963797355304, 458693.692321180948056, 0.0 ], [ 137975.039700815133983, 458657.088231380446814, 0.0 ], [ 137974.157635625859257, 458653.339609026734252, 0.0 ], [ 137971.732061139191501, 458652.898650059185456, 0.0 ], [ 137968.424479673878523, 458654.221779744548257, 0.0 ] ] ] ] } },
{ "type": "Feature", "properties": { "fid": 208, "FUNCTIE": "02_Maaiveld", "Info": null, "Verhaal": null }, "geometry": { "type": "MultiPolygon", "coordinates": [ [ [ [ 137980.991504184697988, 458482.004575909115374, 0.0 ], [ 137980.991532403539168, 458484.650671772309579, 0.0 ], [ 138120.350829636241542, 458463.699503700132482, 0.0 ], [ 138110.649609368003439, 458551.902745998639148, 0.0 ], [ 138076.471433214872377, 458566.016009559913073, 0.0 ], [ 138093.010386375593953, 458658.408455728669651, 0.0 ], [ 138123.219670982303796, 458662.156366863229778, 0.0 ], [ 138159.604112738976255, 458755.20983861212153, 0.0 ], [ 138068.094431238743709, 458764.032505402632523, 0.0 ], [ 138051.335706267593196, 458738.894976019801106, 0.0 ], [ 138017.598409103433369, 458750.362269603007007, 0.0 ], [ 138019.58296684778179, 458750.582727701112162, 0.0 ], [ 138050.674200728040887, 458739.99753461999353, 0.0 ], [ 138066.991916857135948, 458765.355583982833195, 0.0 ], [ 138161.36816955008544, 458756.532841893378645, 0.0 ], [ 138123.88116162471124, 458659.951271639147308, 0.0 ], [ 138093.671880500187399, 458656.423867614124902, 0.0 ], [ 138078.014976750506321, 458566.456990541773848, 0.0 ], [ 138111.97265349238296, 458553.00525504804682, 0.0 ], [ 138121.894334886426805, 458461.053382088721264, 0.0 ], [ 137980.991504184697988, 458482.004575909115374, 0.0 ] ] ] ] } },
{ "type": "Feature", "properties": { "fid": 209, "FUNCTIE": "04_Talut1", "Info": null, "Verhaal": null }, "geometry": { "type": "MultiPolygon", "coordinates": [ [ [ [ 137984.299154065229231, 458487.517205374664627, 0.0 ], [ 138116.161285622336436, 458468.330248221987858, 0.0 ], [ 138106.900989572546678, 458549.256736897921655, 0.0 ], [ 138072.061297893320443, 458563.811030048877001, 0.0 ], [ 138089.261827147740405, 458661.495658252737485, 0.0 ], [ 138120.132636838621693, 458665.684568265569396, 0.0 ], [ 138153.650433943083044, 458751.902369426272344, 0.0 ], [ 138070.078934335528174, 458759.622287139471155, 0.0 ], [ 138052.65868799405871, 458734.043758542276919, 0.0 ], [ 138019.582909260003362, 458745.290523420379031, 0.0 ], [ 138017.598409103433369, 458750.362269603007007, 0.0 ], [ 138051.335706267593196, 458738.894976019801106, 0.0 ], [ 138068.094431238743709, 458764.032505402632523, 0.0 ], [ 138159.604112738976255, 458755.20983861212153, 0.0 ], [ 138123.219670982303796, 458662.156366863229778, 0.0 ], [ 138093.010386375593953, 458658.408455728669651, 0.0 ], [ 138076.471433214872377, 458566.016009559913073, 0.0 ], [ 138110.649609368003439, 458551.902745998639148, 0.0 ], [ 138120.350829636241542, 458463.699503700132482, 0.0 ], [ 137980.991532403539168, 458484.650671772309579, 0.0 ], [ 137984.299154065229231, 458487.517205374664627, 0.0 ] ] ] ] } },
{ "type": "Feature", "properties": { "fid": 210, "FUNCTIE": "05_Talut2", "Info": null, "Verhaal": null }, "geometry": { "type": "MultiPolygon", "coordinates": [ [ [ [ 137985.181220719910925, 458491.486330426705536, 0.0 ], [ 138109.987196880189003, 458473.18154285964556, 0.0 ], [ 138101.608827242918778, 458546.169746372441296, 0.0 ], [ 138065.88710268374416, 458560.283042539726011, 0.0 ], [ 138084.851782852754695, 458667.449482221563812, 0.0 ], [ 138116.163600956177106, 458670.976855295768473, 0.0 ], [ 138144.830165428138571, 458746.830907883180771, 0.0 ], [ 138073.60695546088391, 458753.227454980835319, 0.0 ], [ 138055.745682340813801, 458726.105380602704827, 0.0 ], [ 138018.480309014179511, 458738.89580481388839, 0.0 ], [ 138019.582909260003362, 458745.290523420379031, 0.0 ], [ 138052.65868799405871, 458734.043758542276919, 0.0 ], [ 138070.078934335528174, 458759.622287139471155, 0.0 ], [ 138153.650433943083044, 458751.902369426272344, 0.0 ], [ 138120.132636838621693, 458665.684568265569396, 0.0 ], [ 138089.261827147740405, 458661.495658252737485, 0.0 ], [ 138072.061297893320443, 458563.811030048877001, 0.0 ], [ 138106.900989572546678, 458549.256736897921655, 0.0 ], [ 138116.161285622336436, 458468.330248221987858, 0.0 ], [ 137984.299154065229231, 458487.517205374664627, 0.0 ], [ 137985.181220719910925, 458491.486330426705536, 0.0 ] ] ] ] } },
{ "type": "Feature", "properties": { "fid": 211, "FUNCTIE": "04_Talut1", "Info": null, "Verhaal": null }, "geometry": { "type": "MultiPolygon", "coordinates": [ [ [ [ 137985.181220719910925, 458491.486330426705536, 0.0 ], [ 137984.685092683590483, 458492.47862699610414, 0.0 ], [ 138108.719302793644601, 458474.118726500426419, 0.0 ], [ 138100.61654266572441, 458545.232610546750948, 0.0 ], [ 138064.89482016916736, 458559.621541116270237, 0.0 ], [ 138084.576165750011569, 458668.772537390701473, 0.0 ], [ 138115.005962204973912, 458672.244804206304252, 0.0 ], [ 138143.617376854846952, 458746.004033338627778, 0.0 ], [ 138073.827448896685382, 458752.124907693418209, 0.0 ], [ 138055.800800250493921, 458725.3336000656127, 0.0 ], [ 138017.102145634504268, 458738.895839578821324, 0.0 ], [ 138018.480309014179511, 458738.89580481388839, 0.0 ], [ 138055.745682340813801, 458726.105380602704827, 0.0 ], [ 138073.60695546088391, 458753.227454980835319, 0.0 ], [ 138144.830165428138571, 458746.830907883180771, 0.0 ], [ 138116.163600956177106, 458670.976855295768473, 0.0 ], [ 138084.851782852754695, 458667.449482221563812, 0.0 ], [ 138065.88710268374416, 458560.283042539726011, 0.0 ], [ 138101.608827242918778, 458546.169746372441296, 0.0 ], [ 138109.987196880189003, 458473.18154285964556, 0.0 ], [ 137985.181220719910925, 458491.486330426705536, 0.0 ] ] ] ] } },
{ "type": "Feature", "properties": { "fid": 212, "FUNCTIE": "02_Maaiveld", "Info": null, "Verhaal": null }, "geometry": { "type": "MultiPolygon", "coordinates": [ [ [ [ 138017.102145634504268, 458738.895839578821324, 0.0 ], [ 138055.800800250493921, 458725.3336000656127, 0.0 ], [ 138073.827448896685382, 458752.124907693418209, 0.0 ], [ 138143.617376854846952, 458746.004033338627778, 0.0 ], [ 138115.005962204973912, 458672.244804206304252, 0.0 ], [ 138084.576165750011569, 458668.772537390701473, 0.0 ], [ 138064.89482016916736, 458559.621541116270237, 0.0 ], [ 138100.61654266572441, 458545.232610546750948, 0.0 ], [ 138108.719302793644601, 458474.118726500426419, 0.0 ], [ 137984.685092683590483, 458492.47862699610414, 0.0 ], [ 137983.858200229064096, 458492.974787649814971, 0.0 ], [ 137984.023593913967488, 458494.297832140699029, 0.0 ], [ 137995.269383803533856, 458492.643782057042699, 0.0 ], [ 137995.600165893585654, 458494.793727642216254, 0.0 ], [ 138001.057679809513502, 458493.966706159291789, 0.0 ], [ 138000.726899493834935, 458491.982141730608419, 0.0 ], [ 138099.458115727553377, 458476.930392854614183, 0.0 ], [ 138092.016770349320723, 458539.609853627043776, 0.0 ], [ 138054.806621814583195, 458553.668053420609795, 0.0 ], [ 138076.638037637079833, 458675.387972621829249, 0.0 ], [ 138107.729357129719574, 458678.694839872594457, 0.0 ], [ 138131.379246038588462, 458738.562194730038755, 0.0 ], [ 138077.134931462933309, 458742.863474519283045, 0.0 ], [ 138059.769793420273345, 458715.245245907863136, 0.0 ], [ 138013.959855746797984, 458731.784519719425589, 0.0 ], [ 138015.944482960709138, 458738.39972465345636, 0.0 ], [ 138017.102145634504268, 458738.895839578821324, 0.0 ] ] ] ] } },
{ "type": "Feature", "properties": { "fid": 213, "FUNCTIE": "04_Talut1", "Info": null, "Verhaal": null }, "geometry": { "type": "MultiPolygon", "coordinates": [ [ [ [ 137983.858267350238748, 458499.25926594651537, 0.0 ], [ 138014.122663799964357, 458494.793331623426639, 0.0 ], [ 138001.057679809513502, 458493.966706159291789, 0.0 ], [ 137995.600165893585654, 458494.793727642216254, 0.0 ], [ 137983.858267350238748, 458499.25926594651537, 0.0 ] ] ] ] } },
{ "type": "Feature", "properties": { "fid": 214, "FUNCTIE": "04_Talut1", "Info": null, "Verhaal": null }, "geometry": { "type": "MultiPolygon", "coordinates": [ [ [ [ 138000.726899493834935, 458491.982141730608419, 0.0 ], [ 138013.791874501795974, 458491.981862974527758, 0.0 ], [ 138096.315949465380982, 458479.907311426009983, 0.0 ], [ 138089.70141531174886, 458535.310003727674484, 0.0 ], [ 138092.182113904913422, 458536.467614704044536, 0.0 ], [ 138099.458115727553377, 458476.930392854614183, 0.0 ], [ 138000.726899493834935, 458491.982141730608419, 0.0 ] ] ] ] } },
{ "type": "Feature", "properties": { "fid": 215, "FUNCTIE": "04_Talut1", "Info": null, "Verhaal": null }, "geometry": { "type": "MultiPolygon", "coordinates": [ [ [ [ 138053.318162842071615, 458549.533563368837349, 0.0 ], [ 138092.182113904913422, 458536.467614704044536, 0.0 ], [ 138089.70141531174886, 458535.310003727674484, 0.0 ], [ 138053.318162842071615, 458549.533563368837349, 0.0 ] ] ] ] } },
{ "type": "Feature", "properties": { "fid": 216, "FUNCTIE": "04_Talut1", "Info": null, "Verhaal": null }, "geometry": { "type": "MultiPolygon", "coordinates": [ [ [ [ 137984.023593913967488, 458494.297832140699029, 0.0 ], [ 137982.70058570112451, 458496.9439565759385, 0.0 ], [ 137995.269383803533856, 458492.643782057042699, 0.0 ], [ 137984.023593913967488, 458494.297832140699029, 0.0 ] ] ] ] } },
{ "type": "Feature", "properties": { "fid": 217, "FUNCTIE": "04_Talut1", "Info": null, "Verhaal": null }, "geometry": { "type": "MultiPolygon", "coordinates": [ [ [ [ 137980.991532403539168, 458484.650671772309579, 0.0 ], [ 137982.70058570112451, 458496.9439565759385, 0.0 ], [ 137984.023593913967488, 458494.297832140699029, 0.0 ], [ 137983.858200229064096, 458492.974787649814971, 0.0 ], [ 137984.685092683590483, 458492.47862699610414, 0.0 ], [ 137985.181220719910925, 458491.486330426705536, 0.0 ], [ 137984.299154065229231, 458487.517205374664627, 0.0 ], [ 137980.991532403539168, 458484.650671772309579, 0.0 ] ] ] ] } },
{ "type": "Feature", "properties": { "fid": 218, "FUNCTIE": "05_Talut2", "Info": null, "Verhaal": null }, "geometry": { "type": "MultiPolygon", "coordinates": [ [ [ [ 138014.122663799964357, 458494.793331623426639, 0.0 ], [ 138013.791874501795974, 458491.981862974527758, 0.0 ], [ 138000.726899493834935, 458491.982141730608419, 0.0 ], [ 138001.057679809513502, 458493.966706159291789, 0.0 ], [ 138014.122663799964357, 458494.793331623426639, 0.0 ] ] ] ] } },
{ "type": "Feature", "properties": { "fid": 219, "FUNCTIE": "05_Talut2", "Info": null, "Verhaal": null }, "geometry": { "type": "MultiPolygon", "coordinates": [ [ [ [ 137995.600165893585654, 458494.793727642216254, 0.0 ], [ 137995.269383803533856, 458492.643782057042699, 0.0 ], [ 137982.70058570112451, 458496.9439565759385, 0.0 ], [ 137983.858267350238748, 458499.25926594651537, 0.0 ], [ 137995.600165893585654, 458494.793727642216254, 0.0 ] ] ] ] } },
{ "type": "Feature", "properties": { "fid": 220, "FUNCTIE": "05_Talut2", "Info": null, "Verhaal": null }, "geometry": { "type": "MultiPolygon", "coordinates": [ [ [ [ 138092.016770349320723, 458539.609853627043776, 0.0 ], [ 138092.182113904913422, 458536.467614704044536, 0.0 ], [ 138053.318162842071615, 458549.533563368837349, 0.0 ], [ 138052.987433643720578, 458552.179665600706358, 0.0 ], [ 138092.016770349320723, 458539.609853627043776, 0.0 ] ] ] ] } },
{ "type": "Feature", "properties": { "fid": 221, "FUNCTIE": "04_Talut1", "Info": null, "Verhaal": null }, "geometry": { "type": "MultiPolygon", "coordinates": [ [ [ [ 138107.729357129719574, 458678.694839872594457, 0.0 ], [ 138076.638037637079833, 458675.387972621829249, 0.0 ], [ 138054.806621814583195, 458553.668053420609795, 0.0 ], [ 138092.016770349320723, 458539.609853627043776, 0.0 ], [ 138052.987433643720578, 458552.179665600706358, 0.0 ], [ 138052.325925794168143, 458553.006585015391465, 0.0 ], [ 138074.818886308581568, 458677.207208862528205, 0.0 ], [ 138107.729357129719574, 458678.694839872594457, 0.0 ] ] ] ] } },
{ "type": "Feature", "properties": { "fid": 222, "FUNCTIE": "04_Talut1", "Info": null, "Verhaal": null }, "geometry": { "type": "MultiPolygon", "coordinates": [ [ [ [ 138075.315057384956162, 458680.184056802536361, 0.0 ], [ 138106.902525666111615, 458684.317815054731909, 0.0 ], [ 138126.417833467159653, 458734.923935995786451, 0.0 ], [ 138083.584677029808518, 458738.728781323123258, 0.0 ], [ 138066.054171803465579, 458711.93746574659599, 0.0 ], [ 138082.427063049486605, 458742.367197061015759, 0.0 ], [ 138131.379246038588462, 458738.562194730038755, 0.0 ], [ 138108.721663604315836, 458681.506293211423326, 0.0 ], [ 138075.315057384956162, 458680.184056802536361, 0.0 ] ] ] ] } },
{ "type": "Feature", "properties": { "fid": 223, "FUNCTIE": "05_Talut2", "Info": null, "Verhaal": null }, "geometry": { "type": "MultiPolygon", "coordinates": [ [ [ [ 138107.729357129719574, 458678.694839872594457, 0.0 ], [ 138074.818886308581568, 458677.207208862528205, 0.0 ], [ 138075.315057384956162, 458680.184056802536361, 0.0 ], [ 138108.721663604315836, 458681.506293211423326, 0.0 ], [ 138107.729357129719574, 458678.694839872594457, 0.0 ] ] ] ] } },
{ "type": "Feature", "properties": { "fid": 224, "FUNCTIE": "05_Talut2", "Info": null, "Verhaal": null }, "geometry": { "type": "MultiPolygon", "coordinates": [ [ [ [ 138077.134931462933309, 458742.863474519283045, 0.0 ], [ 138082.427063049486605, 458742.367197061015759, 0.0 ], [ 138066.054171803465579, 458711.93746574659599, 0.0 ], [ 138061.092802575440146, 458712.929876050329767, 0.0 ], [ 138077.134931462933309, 458742.863474519283045, 0.0 ] ] ] ] } },
{ "type": "Feature", "properties": { "fid": 225, "FUNCTIE": "04_Talut1", "Info": null, "Verhaal": null }, "geometry": { "type": "MultiPolygon", "coordinates": [ [ [ [ 138017.598409103433369, 458750.362269603007007, 0.0 ], [ 138019.582909260003362, 458745.290523420379031, 0.0 ], [ 138018.480309014179511, 458738.89580481388839, 0.0 ], [ 138017.102145634504268, 458738.895839578821324, 0.0 ], [ 138015.944482960709138, 458738.39972465345636, 0.0 ], [ 138013.959855746797984, 458731.784519719425589, 0.0 ], [ 138059.769793420273345, 458715.245245907863136, 0.0 ], [ 138077.134931462933309, 458742.863474519283045, 0.0 ], [ 138061.092802575440146, 458712.929876050329767, 0.0 ], [ 138010.983015300676925, 458731.123068976274226, 0.0 ], [ 138017.598409103433369, 458750.362269603007007, 0.0 ] ] ] ] } },
{ "type": "Feature", "properties": { "fid": 241, "FUNCTIE": "04_Talut1", "Info": null, "Verhaal": null }, "geometry": { "type": "MultiPolygon", "coordinates": [ [ [ [ 137872.276445859228261, 458534.367296331794932, 0.0 ], [ 137772.007567378081148, 458628.096143359260168, 0.0 ], [ 137822.945257035200484, 458674.071064291987568, 0.0 ], [ 137856.517425473837648, 458667.289603447366972, 0.0 ], [ 137901.170898868702352, 458745.844794643868227, 0.0 ], [ 137884.467686451273039, 458765.029500791511964, 0.0 ], [ 137900.841167053295067, 458846.562308872409631, 0.0 ], [ 137978.900033683137735, 458795.291903435601853, 0.0 ], [ 137976.749775150325149, 458765.192516472947318, 0.0 ], [ 138002.163033854623791, 458755.875376384356059, 0.0 ], [ 137998.083632591558853, 458752.62297849933384, 0.0 ], [ 137972.946006901882356, 458762.215746376255993, 0.0 ], [ 137974.765512285957811, 458792.976669191208202, 0.0 ], [ 137904.479464388336055, 458839.781554621295072, 0.0 ], [ 137889.594489525916288, 458766.352423399221152, 0.0 ], [ 137906.628447341703577, 458746.010038051637821, 0.0 ], [ 137860.321126077818917, 458662.493444111081772, 0.0 ], [ 137824.599015672429232, 458669.274953522370197, 0.0 ], [ 137777.630508776492206, 458627.599865960597526, 0.0 ], [ 137872.386746517266147, 458539.05309898086125, 0.0 ], [ 137872.276445859228261, 458534.367296331794932, 0.0 ] ] ] ] } },
{ "type": "Feature", "properties": { "fid": 242, "FUNCTIE": "05_Talut2", "Info": null, "Verhaal": null }, "geometry": { "type": "MultiPolygon", "coordinates": [ [ [ [ 137874.702110253740102, 458543.187581927573774, 0.0 ], [ 137872.386746517266147, 458539.05309898086125, 0.0 ], [ 137777.630508776492206, 458627.599865960597526, 0.0 ], [ 137824.599015672429232, 458669.274953522370197, 0.0 ], [ 137860.321126077818917, 458662.493444111081772, 0.0 ], [ 137906.628447341703577, 458746.010038051637821, 0.0 ], [ 137889.594489525916288, 458766.352423399221152, 0.0 ], [ 137904.479464388336055, 458839.781554621295072, 0.0 ], [ 137974.765512285957811, 458792.976669191208202, 0.0 ], [ 137972.946006901882356, 458762.215746376255993, 0.0 ], [ 137998.083632591558853, 458752.62297849933384, 0.0 ], [ 137994.941362659883453, 458747.496233433135785, 0.0 ], [ 137966.165388133085798, 458758.081381268508267, 0.0 ], [ 137968.64642809794168, 458790.330723193765152, 0.0 ], [ 137908.283114157122327, 458830.354687973158434, 0.0 ], [ 137895.548198258300545, 458768.171469811466523, 0.0 ], [ 137914.070563586748904, 458746.836757766199298, 0.0 ], [ 137863.628656900429633, 458654.885809960484039, 0.0 ], [ 137826.583514142315835, 458662.328872827405576, 0.0 ], [ 137785.568776027357671, 458626.772770788695198, 0.0 ], [ 137874.702110253740102, 458543.187581927573774, 0.0 ] ] ] ] } },
{ "type": "Feature", "properties": { "fid": 243, "FUNCTIE": "04_Talut1", "Info": null, "Verhaal": null }, "geometry": { "type": "MultiPolygon", "coordinates": [ [ [ [ 137916.551270900992677, 458747.332839830778539, 0.0 ], [ 137863.959404322202317, 458653.562749137519859, 0.0 ], [ 137827.245021672715666, 458660.840421422210056, 0.0 ], [ 137787.057200808660127, 458626.607354107662104, 0.0 ], [ 137875.8597745631414, 458543.518319073366001, 0.0 ], [ 137874.702110253740102, 458543.187581927573774, 0.0 ], [ 137785.568776027357671, 458626.772770788695198, 0.0 ], [ 137826.583514142315835, 458662.328872827405576, 0.0 ], [ 137863.628656900429633, 458654.885809960484039, 0.0 ], [ 137914.070563586748904, 458746.836757766199298, 0.0 ], [ 137895.548198258300545, 458768.171469811466523, 0.0 ], [ 137908.283114157122327, 458830.354687973158434, 0.0 ], [ 137968.64642809794168, 458790.330723193765152, 0.0 ], [ 137966.165388133085798, 458758.081381268508267, 0.0 ], [ 137994.941362659883453, 458747.496233433135785, 0.0 ], [ 137995.272097245702753, 458745.180884827103, 0.0 ], [ 137964.015426736761583, 458755.931476060999557, 0.0 ], [ 137964.180817126092734, 458756.923761108308099, 0.0 ], [ 137966.165720609074924, 458789.503879774943925, 0.0 ], [ 137909.606127367296722, 458827.543161733017769, 0.0 ], [ 137897.863525322405621, 458768.502173816319555, 0.0 ], [ 137916.551270900992677, 458747.332839830778539, 0.0 ] ] ] ] } },
{ "type": "Feature", "properties": { "fid": 244, "FUNCTIE": "02_Maaiveld", "Info": null, "Verhaal": null }, "geometry": { "type": "MultiPolygon", "coordinates": [ [ [ [ 137877.017453875130741, 458545.337488430377562, 0.0 ], [ 137875.8597745631414, 458543.518319073366001, 0.0 ], [ 137787.057200808660127, 458626.607354107662104, 0.0 ], [ 137827.245021672715666, 458660.840421422210056, 0.0 ], [ 137863.959404322202317, 458653.562749137519859, 0.0 ], [ 137916.551270900992677, 458747.332839830778539, 0.0 ], [ 137897.863525322405621, 458768.502173816319555, 0.0 ], [ 137909.606127367296722, 458827.543161733017769, 0.0 ], [ 137966.165720609074924, 458789.503879774943925, 0.0 ], [ 137964.015426736761583, 458755.931476060999557, 0.0 ], [ 137995.272097245702753, 458745.180884827103, 0.0 ], [ 137993.618237774906447, 458739.39257627754705, 0.0 ], [ 137956.407919017568929, 458752.954801916377619, 0.0 ], [ 137958.723564001877094, 458783.881098545040004, 0.0 ], [ 137915.725046237464994, 458812.989401396189351, 0.0 ], [ 137907.620965823822189, 458769.163449987652712, 0.0 ], [ 137924.82028884763713, 458748.490301556477789, 0.0 ], [ 137867.928432432177942, 458643.639758720353711, 0.0 ], [ 137830.221778467675904, 458651.413592744269408, 0.0 ], [ 137795.822327535715885, 458621.480314692249522, 0.0 ], [ 137877.017453875130741, 458545.337488430377562, 0.0 ] ] ] ] } },
{ "type": "Feature", "properties": { "fid": 245, "FUNCTIE": "05_Talut2", "Info": null, "Verhaal": null }, "geometry": { "type": "MultiPolygon", "coordinates": [ [ [ [ 137867.873257021623431, 458638.788567008741666, 0.0 ], [ 137827.575666023825761, 458648.932930318522267, 0.0 ], [ 137830.221778467675904, 458651.413592744269408, 0.0 ], [ 137869.416830732661765, 458641.214126923703589, 0.0 ], [ 137867.873257021623431, 458638.788567008741666, 0.0 ] ] ] ] } },
{ "type": "Feature", "properties": { "fid": 246, "FUNCTIE": "05_Talut2", "Info": null, "Verhaal": null }, "geometry": { "type": "MultiPolygon", "coordinates": [ [ [ [ 137928.734312863292871, 458751.246562633023132, 0.0 ], [ 137926.97022834685049, 458748.324865372269414, 0.0 ], [ 137907.620965823822189, 458769.163449987652712, 0.0 ], [ 137908.117133576219203, 458771.809544694086071, 0.0 ], [ 137928.734312863292871, 458751.246562633023132, 0.0 ] ] ] ] } },
{ "type": "Feature", "properties": { "fid": 247, "FUNCTIE": "05_Talut2", "Info": null, "Verhaal": null }, "geometry": { "type": "MultiPolygon", "coordinates": [ [ [ [ 137958.723564001877094, 458783.881098545040004, 0.0 ], [ 137953.761820770305349, 458751.135672059142962, 0.0 ], [ 137950.564487624447793, 458752.348551514965948, 0.0 ], [ 137955.746745550801279, 458785.865755173086654, 0.0 ], [ 137958.723564001877094, 458783.881098545040004, 0.0 ] ] ] ] } },
{ "type": "Feature", "properties": { "fid": 248, "FUNCTIE": "05_Talut2", "Info": null, "Verhaal": null }, "geometry": { "type": "MultiPolygon", "coordinates": [ [ [ [ 137861.47782244742848, 458565.800338809960522, 0.0 ], [ 137869.746729169855826, 458555.325995843159035, 0.0 ], [ 137874.542709836474387, 458550.860590964264702, 0.0 ], [ 137880.821215091506019, 458547.156599143519998, 0.0 ], [ 137881.537862241006223, 458547.156583268661052, 0.0 ], [ 137879.663530846475624, 458544.841285835311282, 0.0 ], [ 137870.898443383775884, 458550.795209355128463, 0.0 ], [ 137868.258295670733787, 458554.168359158269595, 0.0 ], [ 137860.154762737540295, 458564.036299689323641, 0.0 ], [ 137861.47782244742848, 458565.800338809960522, 0.0 ] ] ] ] } },
{ "type": "Feature", "properties": { "fid": 249, "FUNCTIE": "04_Talut1", "Info": null, "Verhaal": null }, "geometry": { "type": "MultiPolygon", "coordinates": [ [ [ [ 137872.276445859228261, 458534.367296331794932, 0.0 ], [ 137872.386746517266147, 458539.05309898086125, 0.0 ], [ 137874.702110253740102, 458543.187581927573774, 0.0 ], [ 137875.8597745631414, 458543.518319073366001, 0.0 ], [ 137877.017453875130741, 458545.337488430377562, 0.0 ], [ 137870.898443383775884, 458550.795209355128463, 0.0 ], [ 137879.663530846475624, 458544.841285835311282, 0.0 ], [ 137872.276445859228261, 458534.367296331794932, 0.0 ] ] ] ] } },
{ "type": "Feature", "properties": { "fid": 250, "FUNCTIE": "04_Talut1", "Info": null, "Verhaal": null }, "geometry": { "type": "MultiPolygon", "coordinates": [ [ [ [ 137861.47782244742848, 458565.800338809960522, 0.0 ], [ 137880.821215091506019, 458547.156599143519998, 0.0 ], [ 137874.542709836474387, 458550.860590964264702, 0.0 ], [ 137869.746729169855826, 458555.325995843159035, 0.0 ], [ 137861.47782244742848, 458565.800338809960522, 0.0 ] ] ] ] } },
{ "type": "Feature", "properties": { "fid": 251, "FUNCTIE": "04_Talut1", "Info": null, "Verhaal": null }, "geometry": { "type": "MultiPolygon", "coordinates": [ [ [ [ 137860.154762737540295, 458564.036299689323641, 0.0 ], [ 137868.258295670733787, 458554.168359158269595, 0.0 ], [ 137795.822327535715885, 458621.480314692249522, 0.0 ], [ 137827.575666023825761, 458648.932930318522267, 0.0 ], [ 137867.873257021623431, 458638.788567008741666, 0.0 ], [ 137829.505083646567073, 458646.727795148734003, 0.0 ], [ 137799.07480397290783, 458620.487948331981897, 0.0 ], [ 137860.154762737540295, 458564.036299689323641, 0.0 ] ] ] ] } },
{ "type": "Feature", "properties": { "fid": 252, "FUNCTIE": "04_Talut1", "Info": null, "Verhaal": null }, "geometry": { "type": "MultiPolygon", "coordinates": [ [ [ [ 137830.221778467675904, 458651.413592744269408, 0.0 ], [ 137867.928432432177942, 458643.639758720353711, 0.0 ], [ 137924.82028884763713, 458748.490301556477789, 0.0 ], [ 137907.620965823822189, 458769.163449987652712, 0.0 ], [ 137926.97022834685049, 458748.324865372269414, 0.0 ], [ 137869.416830732661765, 458641.214126923703589, 0.0 ], [ 137830.221778467675904, 458651.413592744269408, 0.0 ] ] ] ] } },
{ "type": "Feature", "properties": { "fid": 253, "FUNCTIE": "04_Talut1", "Info": null, "Verhaal": null }, "geometry": { "type": "MultiPolygon", "coordinates": [ [ [ [ 137928.734312863292871, 458751.246562633023132, 0.0 ], [ 137908.117133576219203, 458771.809544694086071, 0.0 ], [ 137915.725046237464994, 458812.989401396189351, 0.0 ], [ 137955.746745550801279, 458785.865755173086654, 0.0 ], [ 137950.564487624447793, 458752.348551514965948, 0.0 ], [ 137953.431404994422337, 458783.881235792418011, 0.0 ], [ 137917.930070113186957, 458808.579162781592458, 0.0 ], [ 137910.652953702112427, 458770.872316382243298, 0.0 ], [ 137928.734312863292871, 458751.246562633023132, 0.0 ] ] ] ] } },
{ "type": "Feature", "properties": { "fid": 254, "FUNCTIE": "04_Talut1", "Info": null, "Verhaal": null }, "geometry": { "type": "MultiPolygon", "coordinates": [ [ [ [ 137958.723564001877094, 458783.881098545040004, 0.0 ], [ 137956.407919017568929, 458752.954801916377619, 0.0 ], [ 137993.618237774906447, 458739.39257627754705, 0.0 ], [ 137995.272097245702753, 458745.180884827103, 0.0 ], [ 137994.941362659883453, 458747.496233433135785, 0.0 ], [ 137998.083632591558853, 458752.62297849933384, 0.0 ], [ 138002.163033854623791, 458755.875376384356059, 0.0 ], [ 137995.106623937113909, 458736.47080014256062, 0.0 ], [ 137953.761820770305349, 458751.135672059142962, 0.0 ], [ 137958.723564001877094, 458783.881098545040004, 0.0 ] ] ] ] } },
{ "type": "Feature", "properties": { "fid": 255, "FUNCTIE": "02_Maaiveld", "Info": null, "Verhaal": null }, "geometry": { "type": "MultiPolygon", "coordinates": [ [ [ [ 137899.848907092440641, 458848.712300044076983, 0.0 ], [ 137980.112824593757978, 458795.788016490871087, 0.0 ], [ 137977.68693169314065, 458765.578382670588326, 0.0 ], [ 138003.486078587942757, 458756.536868420720566, 0.0 ], [ 138002.163033854623791, 458755.875376384356059, 0.0 ], [ 137976.749775150325149, 458765.192516472947318, 0.0 ], [ 137978.900033683137735, 458795.291903435601853, 0.0 ], [ 137900.841167053295067, 458846.562308872409631, 0.0 ], [ 137884.467686451273039, 458765.029500791511964, 0.0 ], [ 137901.170898868702352, 458745.844794643868227, 0.0 ], [ 137856.517425473837648, 458667.289603447366972, 0.0 ], [ 137822.945257035200484, 458674.071064291987568, 0.0 ], [ 137772.007567378081148, 458628.096143359260168, 0.0 ], [ 137872.276445859228261, 458534.367296331794932, 0.0 ], [ 137872.496914935210953, 458530.618647621071432, 0.0 ], [ 137769.08583694594563, 458627.765448336023837, 0.0 ], [ 137822.449126123829046, 458675.173621372436173, 0.0 ], [ 137856.186675147735514, 458668.337028599111363, 0.0 ], [ 137899.406839768227655, 458745.514075950894039, 0.0 ], [ 137882.648490567371482, 458763.816747774661053, 0.0 ], [ 137899.848907092440641, 458848.712300044076983, 0.0 ] ] ] ] } },
{ "type": "Feature", "properties": { "fid": null, "FUNCTIE": "04_Talut1", "Info": null, "Verhaal": null }, "geometry": { "type": "MultiPolygon", "coordinates": [ [ [ [ 137954.655646398925455, 458510.97729806008283, 0.0 ], [ 137941.624793641618453, 458433.660905033233576, 0.0 ], [ 137943.796602434507804, 458428.014202171703801, 0.0 ], [ 137958.673492665751837, 458513.692059051187243, 0.0 ], [ 137954.655646398925455, 458510.97729806008283, 0.0 ] ] ] ] } },
{ "type": "Feature", "properties": { "fid": null, "FUNCTIE": "04_Talut1", "Info": null, "Verhaal": null }, "geometry": { "type": "MultiPolygon", "coordinates": [ [ [ [ 137898.405798663123278, 458534.650013902515639, 0.0 ], [ 137896.994122947740834, 458539.753764565801248, 0.0 ], [ 137859.313240391202271, 458463.088914176856633, 0.0 ], [ 137863.331086658028653, 458465.47790384903783, 0.0 ], [ 137898.405798663123278, 458534.650013902515639, 0.0 ] ] ] ] } },
{ "type": "Feature", "properties": { "fid": null, "FUNCTIE": "04_Talut1", "Info": null, "Verhaal": null }, "geometry": { "type": "MultiPolygon", "coordinates": [ [ [ [ 137859.313240391202271, 458463.088914176856633, 0.0 ], [ 137894.387952396355104, 458459.01677269017091, 0.0 ], [ 137903.075187567912508, 458455.378992962068878, 0.0 ], [ 137901.88069273182191, 458458.093753953173291, 0.0 ], [ 137892.107553163805278, 458462.274485879519489, 0.0 ], [ 137863.331086658028653, 458465.47790384903783, 0.0 ], [ 137859.313240391202271, 458463.088914176856633, 0.0 ] ] ] ] } },
{ "type": "Feature", "properties": { "fid": null, "FUNCTIE": "04_Talut1", "Info": null, "Verhaal": null }, "geometry": { "type": "MultiPolygon", "coordinates": [ [ [ [ 137903.075187567912508, 458455.378992962068878, 0.0 ], [ 137901.88069273182191, 458458.093753953173291, 0.0 ], [ 137902.803711468819529, 458460.645629284903407, 0.0 ], [ 137904.432568063464714, 458460.537038845242932, 0.0 ], [ 137904.812634602218168, 458462.111600220086984, 0.0 ], [ 137906.224310317600612, 458462.70884763810318, 0.0 ], [ 137903.075187567912508, 458455.378992962068878, 0.0 ] ] ] ] } },
{ "type": "Feature", "properties": { "fid": null, "FUNCTIE": "05_Talut2", "Info": null, "Verhaal": null }, "geometry": { "type": "MultiPolygon", "coordinates": [ [ [ [ 137901.88069273182191, 458458.093753953173291, 0.0 ], [ 137902.803711468819529, 458460.645629284903407, 0.0 ], [ 137889.50138261236134, 458466.509513025695924, 0.0 ], [ 137869.466446497972356, 458468.844207478046883, 0.0 ], [ 137899.871769598394167, 458529.491968019399792, 0.0 ], [ 137949.986257494310848, 458508.425422728410922, 0.0 ], [ 137938.964327870373381, 458439.524788774026092, 0.0 ], [ 137924.033142419270007, 458451.524032354704104, 0.0 ], [ 137910.242156584426994, 458457.442211315326858, 0.0 ], [ 137908.993366528535262, 458454.727450324222445, 0.0 ], [ 137920.232477031735471, 458449.895175760088023, 0.0 ], [ 137941.624793641618453, 458433.660905033233576, 0.0 ], [ 137954.655646398925455, 458510.97729806008283, 0.0 ], [ 137898.405798663123278, 458534.650013902515639, 0.0 ], [ 137863.331086658028653, 458465.47790384903783, 0.0 ], [ 137892.107553163805278, 458462.274485879519489, 0.0 ], [ 137901.88069273182191, 458458.093753953173291, 0.0 ] ] ] ] } },
{ "type": "Feature", "properties": { "fid": null, "FUNCTIE": "04_Talut1", "Info": null, "Verhaal": null }, "geometry": { "type": "MultiPolygon", "coordinates": [ [ [ [ 137908.993366528535262, 458454.727450324222445, 0.0 ], [ 137906.495786416693591, 458453.695841147622559, 0.0 ], [ 137909.373433067259612, 458461.514352802012581, 0.0 ], [ 137909.916385265474673, 458460.102677086659241, 0.0 ], [ 137909.644909166352591, 458458.799591810908169, 0.0 ], [ 137910.242156584426994, 458457.442211315326858, 0.0 ], [ 137908.993366528535262, 458454.727450324222445, 0.0 ] ] ] ] } },
{ "type": "Feature", "properties": { "fid": 262, "FUNCTIE": "03_Gebouw", "Info": null, "Verhaal": null }, "geometry": { "type": "MultiPolygon", "coordinates": [ [ [ [ 138029.480885268305428, 458612.637664230191149, 0.0 ], [ 138030.269543340487871, 458614.941307429573499, 0.0 ], [ 138031.743035647989018, 458614.40167675097473, 0.0 ], [ 138032.324151474022074, 458616.041206092166249, 0.0 ], [ 138032.137374789424939, 458616.477038297685795, 0.0 ], [ 138032.53169347383664, 458616.684566184645519, 0.0 ], [ 138032.718470610154327, 458616.290241394599434, 0.0 ], [ 138035.167372685915325, 458615.356267565512098, 0.0 ], [ 138035.333405185636366, 458615.771337824233342, 0.0 ], [ 138035.810733933205483, 458615.626050766615663, 0.0 ], [ 138035.66545470021083, 458615.190226322156377, 0.0 ], [ 138037.948330183251528, 458614.401532387943007, 0.0 ], [ 138038.114362218009774, 458614.775095216231421, 0.0 ], [ 138038.570937199721811, 458614.609054952161387, 0.0 ], [ 138038.44641237668111, 458614.256244866061024, 0.0 ], [ 138040.770793929346837, 458613.405288931389805, 0.0 ], [ 138040.93682572603575, 458613.758098037622403, 0.0 ], [ 138041.393400661821943, 458613.592057790083345, 0.0 ], [ 138041.289629562466871, 458613.260000942915212, 0.0 ], [ 138043.63476436768542, 458612.409044610278215, 0.0 ], [ 138044.340405348455533, 458614.442891085403971, 0.0 ], [ 138044.215890371357091, 458614.982490262656938, 0.0 ], [ 138044.610207772784634, 458615.086249600688461, 0.0 ], [ 138044.755477606784552, 458614.671172160364222, 0.0 ], [ 138047.059105416265083, 458613.84097047575051, 0.0 ], [ 138047.536438096460188, 458614.069250095169991, 0.0 ], [ 138047.785475792275975, 458613.695677671523299, 0.0 ], [ 138047.432663798215799, 458613.446641454298515, 0.0 ], [ 138046.706267766450765, 458611.267519661458209, 0.0 ], [ 138049.051402348501142, 458610.437317194475327, 0.0 ], [ 138049.34195432899287, 458610.727862259431276, 0.0 ], [ 138049.653253598808078, 458610.458056930685416, 0.0 ], [ 138049.383454416558379, 458610.105250284366775, 0.0 ], [ 138050.296586337586632, 458608.175135021156166, 0.0 ], [ 138050.753163639921695, 458608.237385542248376, 0.0 ], [ 138050.773911844211398, 458607.760049975826405, 0.0 ], [ 138050.441855897195637, 458607.739303966751322, 0.0 ], [ 138049.756968032801524, 458605.663949887733907, 0.0 ], [ 138050.130527736240765, 458605.3941431613639, 0.0 ], [ 138049.8607283354213, 458605.020582817436662, 0.0 ], [ 138049.549429077480454, 458605.290388102002908, 0.0 ], [ 138047.453317628620425, 458604.418781177548226, 0.0 ], [ 138047.411805620678933, 458603.962200745940208, 0.0 ], [ 138046.996736396191409, 458604.003717733430676, 0.0 ], [ 138046.996740289818263, 458604.356530628516339, 0.0 ], [ 138044.630852140719071, 458605.186733320646454, 0.0 ], [ 138043.842196111741941, 458603.049120377923828, 0.0 ], [ 138043.862946625216864, 458602.779321793059353, 0.0 ], [ 138043.572395531024085, 458602.571791494614445, 0.0 ], [ 138043.302604551019613, 458602.966118032229133, 0.0 ], [ 138040.936717269476503, 458603.900089215952903, 0.0 ], [ 138040.500891274481546, 458603.65105486207176, 0.0 ], [ 138040.293360497598769, 458604.024626287922729, 0.0 ], [ 138040.791446732851909, 458604.252905500761699, 0.0 ], [ 138041.434827704186318, 458606.328260815469548, 0.0 ], [ 138039.0481862827437, 458607.220725261780899, 0.0 ], [ 138038.902907291689189, 458606.805654564639553, 0.0 ], [ 138038.487838859437034, 458606.930186390003655, 0.0 ], [ 138038.653871341695776, 458607.345256609667558, 0.0 ], [ 138036.308736439212225, 458608.21696647774661, 0.0 ], [ 138036.163457668968476, 458607.822649464535061, 0.0 ], [ 138035.748389424348716, 458607.967935007705819, 0.0 ], [ 138035.893668195727514, 458608.362252023944166, 0.0 ], [ 138033.507025847531622, 458609.213209234352689, 0.0 ], [ 138033.340993576130131, 458608.818892682436854, 0.0 ], [ 138032.925925289950101, 458608.964178240275942, 0.0 ], [ 138033.008943359280238, 458609.337743014213629, 0.0 ], [ 138030.539286784391152, 458610.188702235114761, 0.0 ], [ 138030.061953880853252, 458609.960422535426915, 0.0 ], [ 138029.958190714358352, 458610.354745369113516, 0.0 ], [ 138030.331755005463492, 458610.479258941952139, 0.0 ], [ 138030.954376914218301, 458612.035772491828538, 0.0 ], [ 138029.480885268305428, 458612.637664230191149, 0.0 ] ] ] ] } },
{ "type": "Feature", "properties": { "fid": 263, "FUNCTIE": "03_Gebouw", "Info": null, "Verhaal": null }, "geometry": { "type": "MultiPolygon", "coordinates": [ [ [ [ 137977.024108766403515, 458643.085899427358527, 0.0 ], [ 137987.057114568277029, 458640.329306970175821, 0.0 ], [ 137983.198098714579828, 458625.665592870442197, 0.0 ], [ 137972.944589659571648, 458628.752950467052869, 0.0 ], [ 137977.024108766403515, 458643.085899427358527, 0.0 ] ] ] ] } },
{ "type": "Feature", "properties": { "fid": 264, "FUNCTIE": "03_Gebouw", "Info": null, "Verhaal": null }, "geometry": { "type": "MultiPolygon", "coordinates": [ [ [ [ 138021.896695703122532, 458605.047171389393043, 0.0 ], [ 138034.134733458398841, 458601.408504800812807, 0.0 ], [ 138032.260355127975345, 458594.242034938477445, 0.0 ], [ 138019.69155817857245, 458597.880707568139769, 0.0 ], [ 138021.896695703122532, 458605.047171389393043, 0.0 ] ] ] ] } },
{ "type": "Feature", "properties": { "fid": 265, "FUNCTIE": "03_Gebouw", "Info": null, "Verhaal": null }, "geometry": { "type": "MultiPolygon", "coordinates": [ [ [ [ 137988.269835083861835, 458634.375552922545467, 0.0 ], [ 137989.262150829948951, 458637.90366295556305, 0.0 ], [ 138004.146263195871143, 458632.941874740528874, 0.0 ], [ 138002.712934241775656, 458629.303521880530752, 0.0 ], [ 137988.269835083861835, 458634.375552922545467, 0.0 ] ] ] ] } },
{ "type": "Feature", "properties": { "fid": 266, "FUNCTIE": "03_Gebouw", "Info": null, "Verhaal": null }, "geometry": { "type": "MultiPolygon", "coordinates": [ [ [ [ 137983.308332999033155, 458623.901523631007876, 0.0 ], [ 138000.507754280959489, 458618.278160215355456, 0.0 ], [ 137997.641073887731181, 458608.906626273179427, 0.0 ], [ 137980.441654220281634, 458614.750495126820169, 0.0 ], [ 137983.308332999033155, 458623.901523631007876, 0.0 ] ] ] ] } },
{ "type": "Feature", "properties": { "fid": 267, "FUNCTIE": "03_Gebouw", "Info": null, "Verhaal": null }, "geometry": { "type": "MultiPolygon", "coordinates": [ [ [ [ 137973.054658992390614, 458611.443041944527067, 0.0 ], [ 137980.772352453845087, 458609.017271405784413, 0.0 ], [ 137977.905673817003844, 458599.866243397991639, 0.0 ], [ 137970.077730373013765, 458602.622777711192612, 0.0 ], [ 137973.054658992390614, 458611.443041944527067, 0.0 ] ] ] ] } },
{ "type": "Feature", "properties": { "fid": 268, "FUNCTIE": "03_Gebouw", "Info": null, "Verhaal": null }, "geometry": { "type": "MultiPolygon", "coordinates": [ [ [ [ 137994.554524512495846, 458658.851831258798484, 0.0 ], [ 137984.631782712414861, 458662.490457925130613, 0.0 ], [ 137991.24716891135904, 458681.013006372435484, 0.0 ], [ 138000.398143843369326, 458677.925666161230765, 0.0 ], [ 137994.554524512495846, 458658.851831258798484, 0.0 ] ] ] ] } },
{ "type": "Feature", "properties": { "fid": 269, "FUNCTIE": "03_Gebouw", "Info": null, "Verhaal": null }, "geometry": { "type": "MultiPolygon", "coordinates": [ [ [ [ 138011.313487262581475, 458704.606917668017559, 0.0 ], [ 138025.536080969235627, 458700.086144831730053, 0.0 ], [ 138024.54375085508218, 458695.234985124377999, 0.0 ], [ 138022.448953021754278, 458696.117070014064666, 0.0 ], [ 138021.456643333047396, 458693.140231343277264, 0.0 ], [ 138008.887840850191424, 458697.330199281335808, 0.0 ], [ 138011.313487262581475, 458704.606917668017559, 0.0 ] ] ] ] } },
{ "type": "Feature", "properties": { "fid": 270, "FUNCTIE": "03_Gebouw", "Info": null, "Verhaal": null }, "geometry": { "type": "MultiPolygon", "coordinates": [ [ [ [ 138042.513940331176855, 458600.085263178276364, 0.0 ], [ 138045.380507047695573, 458599.313418946461752, 0.0 ], [ 138044.718969052599277, 458597.439115728833713, 0.0 ], [ 138041.96265641663922, 458598.321211362199392, 0.0 ], [ 138042.513940331176855, 458600.085263178276364, 0.0 ] ] ] ] } },
{ "type": "Feature", "properties": { "fid": 271, "FUNCTIE": "03_Gebouw", "Info": null, "Verhaal": null }, "geometry": { "type": "MultiPolygon", "coordinates": [ [ [ [ 138019.692532426008256, 458687.407056999858469, 0.0 ], [ 138022.669352128403261, 458686.304442575725261, 0.0 ], [ 138021.456531648611417, 458682.886592771916185, 0.0 ], [ 138018.700217949226499, 458683.98920164280571, 0.0 ], [ 138019.692532426008256, 458687.407056999858469, 0.0 ] ] ] ] } },
{ "type": "Feature", "properties": { "fid": 272, "FUNCTIE": "03_Gebouw", "Info": null, "Verhaal": null }, "geometry": { "type": "MultiPolygon", "coordinates": [ [ [ [ 137939.428121447883314, 458677.596382681222167, 0.0 ], [ 137945.933164992486127, 458687.078094869793858, 0.0 ], [ 137960.376227271277457, 458676.16256896633422, 0.0 ], [ 137955.745522791316034, 458669.657679060765076, 0.0 ], [ 137961.478642029716866, 458665.026861911057495, 0.0 ], [ 137959.05303855414968, 458661.939801103901118, 0.0 ], [ 137939.428121447883314, 458677.596382681222167, 0.0 ] ] ] ] } },
{ "type": "Feature", "properties": { "fid": 273, "FUNCTIE": "03_Gebouw", "Info": null, "Verhaal": null }, "geometry": { "type": "MultiPolygon", "coordinates": [ [ [ [ 137955.74583602178609, 458699.426336820062716, 0.0 ], [ 137969.306904813682195, 458691.928712242224719, 0.0 ], [ 137964.455668812734075, 458682.998234629340004, 0.0 ], [ 137959.935306199244224, 458684.872667437535711, 0.0 ], [ 137960.596837250341196, 458685.975194119906519, 0.0 ], [ 137951.776625752274413, 458690.606089843495283, 0.0 ], [ 137955.74583602178609, 458699.426336820062716, 0.0 ] ] ] ] } },
{ "type": "Feature", "properties": { "fid": 274, "FUNCTIE": "03_Gebouw", "Info": null, "Verhaal": null }, "geometry": { "type": "MultiPolygon", "coordinates": [ [ [ [ 137971.401930976455333, 458712.215448943083175, 0.0 ], [ 137978.12735524281743, 458710.230705036199652, 0.0 ], [ 137973.27606226754142, 458695.89776874659583, 0.0 ], [ 137969.747974920552224, 458697.331160977773834, 0.0 ], [ 137971.181320442934521, 458702.402822650852613, 0.0 ], [ 137966.550705137575278, 458704.277259772759862, 0.0 ], [ 137967.432762459065998, 458707.254103943647351, 0.0 ], [ 137969.307060228456976, 458706.592531844158657, 0.0 ], [ 137971.401930976455333, 458712.215448943083175, 0.0 ] ] ] ] } },
{ "type": "Feature", "properties": { "fid": 275, "FUNCTIE": "03_Gebouw", "Info": null, "Verhaal": null }, "geometry": { "type": "MultiPolygon", "coordinates": [ [ [ [ 137981.32469054570538, 458709.569100175111089, 0.0 ], [ 137978.127359938836889, 458710.671722161408979, 0.0 ], [ 137980.553014676726889, 458718.60997037839843, 0.0 ], [ 137983.860598342260346, 458717.507345191726927, 0.0 ], [ 137981.32469054570538, 458709.569100175111089, 0.0 ] ] ] ] } },
{ "type": "Feature", "properties": { "fid": 280, "FUNCTIE": "01_Water", "Info": null, "Verhaal": null }, "geometry": { "type": "MultiPolygon", "coordinates": [ [ [ [ 138446.089002169814194, 456444.649787729373202, 0.0 ], [ 138445.683687789161922, 456486.33507473312784, 0.0 ], [ 138457.99828704711399, 456490.032266593188979, 0.0 ], [ 138459.340840175806079, 456457.886572437593713, 0.0 ], [ 138527.674911969108507, 456478.607627550431062, 0.0 ], [ 138508.938782104873098, 456541.210174965206534, 0.0 ], [ 138441.765027879504487, 456520.748524497379549, 0.0 ], [ 138455.788301918306388, 456496.02501843922073, 0.0 ], [ 138442.34155593405012, 456492.05711332266219, 0.0 ], [ 138426.250078036973719, 456521.595014275459107, 0.0 ], [ 138425.160299716284499, 456523.333799314976204, 0.0 ], [ 138424.325100432703039, 456525.178564118803479, 0.0 ], [ 138423.482615004206309, 456528.445830424199812, 0.0 ], [ 138423.396190471248701, 456531.409374869836029, 0.0 ], [ 138424.107185463653877, 456534.885573625389952, 0.0 ], [ 138424.69093372579664, 456536.263839856663253, 0.0 ], [ 138425.436758462426951, 456537.442832391243428, 0.0 ], [ 138427.321546172635863, 456539.27849098056322, 0.0 ], [ 138428.606774451560341, 456540.049006200046279, 0.0 ], [ 138429.919986958149821, 456540.581787198781967, 0.0 ], [ 138501.56733283601352, 456562.810904937388841, 0.0 ], [ 138504.211595926928567, 456563.458043708349578, 0.0 ], [ 138507.629236932087224, 456563.983410697022919, 0.0 ], [ 138510.913342374289641, 456564.167111563961953, 0.0 ], [ 138514.535311124403961, 456564.001447817892767, 0.0 ], [ 138518.080195437883958, 456563.453362166532315, 0.0 ], [ 138521.442670981341507, 456562.564955002279021, 0.0 ], [ 138524.436817398964195, 456561.445095247938298, 0.0 ], [ 138527.680557475978276, 456559.800382585090119, 0.0 ], [ 138530.241446027299389, 456558.135932512697764, 0.0 ], [ 138532.86957785137929, 456555.900901357643306, 0.0 ], [ 138535.427321324765217, 456552.956126857257914, 0.0 ], [ 138537.166244616673794, 456550.243636018247344, 0.0 ], [ 138538.71046913653845, 456546.911701896926388, 0.0 ], [ 138553.433959159126971, 456496.164835860952735, 0.0 ], [ 138554.484154685022077, 456492.729128489387222, 0.0 ], [ 138555.384837842779234, 456489.749945736781228, 0.0 ], [ 138555.939104401390068, 456487.186462903162464, 0.0 ], [ 138556.008387721201871, 456483.029463713523, 0.0 ], [ 138555.107704563444713, 456479.8424310014816, 0.0 ], [ 138554.310946385434363, 456476.793964929063804, 0.0 ], [ 138552.554479251557495, 456472.919565063726623, 0.0 ], [ 138551.288323092390783, 456470.333399868337438, 0.0 ], [ 138549.561927433387609, 456467.626000627526082, 0.0 ], [ 138546.699639869038947, 456464.318855860678013, 0.0 ], [ 138543.91442942887079, 456461.943906350759789, 0.0 ], [ 138540.636308843968436, 456459.85709997813683, 0.0 ], [ 138537.235940598911839, 456458.294460246688686, 0.0 ], [ 138459.848219790263101, 456433.671824486111291, 0.0 ], [ 138457.486005688348087, 456433.400129510788247, 0.0 ], [ 138455.047758481698111, 456433.688428652996663, 0.0 ], [ 138452.725262390944408, 456434.533302734373137, 0.0 ], [ 138450.62787929121987, 456435.852975078276359, 0.0 ], [ 138448.809637086640578, 456437.642391401401255, 0.0 ], [ 138447.483399457443738, 456439.654151017894037, 0.0 ], [ 138446.534852010809118, 456442.019071965652984, 0.0 ], [ 138446.089002169814194, 456444.649787729373202, 0.0 ] ] ] ] } },
{ "type": "Feature", "properties": { "fid": 281, "FUNCTIE": "01_Water", "Info": null, "Verhaal": null }, "geometry": { "type": "MultiPolygon", "coordinates": [ [ [ [ 138451.824342183128465, 456555.121065522485878, 0.0 ], [ 138422.726201484299963, 456546.302739189355634, 0.0 ], [ 138381.531113843724597, 456681.098909776075743, 0.0 ], [ 138380.046364404290216, 456687.327872711524833, 0.0 ], [ 138379.352093966474058, 456693.159743216703646, 0.0 ], [ 138379.309593601414235, 456698.685300396522507, 0.0 ], [ 138379.989060907362727, 456705.617880245670676, 0.0 ], [ 138380.975518603634555, 456710.483983376645483, 0.0 ], [ 138382.548517217859626, 456714.664941649709363, 0.0 ], [ 138384.601956555154175, 456718.111791045637801, 0.0 ], [ 138385.954058928589802, 456719.816206177521963, 0.0 ], [ 138387.412652363447705, 456721.316052795795258, 0.0 ], [ 138390.768504130246583, 456723.900592918391339, 0.0 ], [ 138396.503014141286258, 456727.068989016057458, 0.0 ], [ 138405.526627481420292, 456731.213021457893774, 0.0 ], [ 138413.198381441034144, 456733.938705484615639, 0.0 ], [ 138420.300936470215674, 456735.834347981959581, 0.0 ], [ 138474.089829108532285, 456744.936796387424693, 0.0 ], [ 138481.245613066683291, 456745.621068778447807, 0.0 ], [ 138487.364267991884844, 456745.647102405200712, 0.0 ], [ 138492.781352118967334, 456745.04966274794424, 0.0 ], [ 138495.648304125294089, 456744.444224340491928, 0.0 ], [ 138498.184207539423369, 456743.711074088700116, 0.0 ], [ 138502.390187738463283, 456741.885568962490652, 0.0 ], [ 138507.583234259509481, 456738.688868012861349, 0.0 ], [ 138516.535915342479711, 456732.423992121883202, 0.0 ], [ 138522.187839138525305, 456727.726354411861394, 0.0 ], [ 138524.836494036397198, 456725.124621227267198, 0.0 ], [ 138527.652906599862035, 456721.994818968465552, 0.0 ], [ 138530.186830186255975, 456718.794320075248834, 0.0 ], [ 138532.549941870936891, 456715.428096016519703, 0.0 ], [ 138634.29631287266966, 456725.071739286591765, 0.0 ], [ 138640.037076830805745, 456725.358896110148635, 0.0 ], [ 138646.794970292627113, 456725.195796745247208, 0.0 ], [ 138652.380051436310168, 456724.624174483586103, 0.0 ], [ 138658.033053861407097, 456723.490233459218871, 0.0 ], [ 138664.825735265359981, 456721.435493143333588, 0.0 ], [ 138669.910214948438806, 456719.263077958894428, 0.0 ], [ 138674.344070442777593, 456716.613438501139171, 0.0 ], [ 138677.8803874097066, 456713.78903514042031, 0.0 ], [ 138680.830367164016934, 456710.768575983005576, 0.0 ], [ 138683.927038190013263, 456706.649022200377658, 0.0 ], [ 138686.355551808665041, 456702.285389206721447, 0.0 ], [ 138688.22547728853533, 456697.464462160714902, 0.0 ], [ 138689.370148203888675, 456692.56424317904748, 0.0 ], [ 138689.842816946707899, 456687.191083739860915, 0.0 ], [ 138689.304520625941223, 456671.338692533841822, 0.0 ], [ 138685.078125949163223, 456570.989340325759258, 0.0 ], [ 138623.593042228952982, 456553.359227232867852, 0.0 ], [ 138619.624843734229216, 456569.233017166494392, 0.0 ], [ 138641.879578292340739, 456586.422034531889949, 0.0 ], [ 138646.897596831957344, 456676.612793055013753, 0.0 ], [ 138559.427655711740954, 456669.558880822558422, 0.0 ], [ 138546.199503318464849, 456645.748525725502986, 0.0 ], [ 138486.691519298765343, 456659.852982947020791, 0.0 ], [ 138483.502522647933802, 456698.434394442243502, 0.0 ], [ 138414.571345228090649, 456686.944180511694867, 0.0 ], [ 138451.824342183128465, 456555.121065522485878, 0.0 ] ] ] ] } },
{ "type": "Feature", "properties": { "fid": 282, "FUNCTIE": "01_Water", "Info": null, "Verhaal": null }, "geometry": { "type": "MultiPolygon", "coordinates": [ [ [ [ 138628.884993274172302, 456537.151649130333681, 0.0 ], [ 138688.059098229772644, 456555.995422606181819, 0.0 ], [ 138754.4339970505971, 456465.232806935324334, 0.0 ], [ 138755.440423844644101, 456463.664775821729563, 0.0 ], [ 138756.445031982118962, 456462.05393863550853, 0.0 ], [ 138757.202738677588059, 456459.510667515278328, 0.0 ], [ 138758.589611378818518, 456455.473147613753099, 0.0 ], [ 138759.758671357005369, 456450.594096059096046, 0.0 ], [ 138760.440979949577013, 456445.00121402478544, 0.0 ], [ 138760.367598546203226, 456438.822202543495223, 0.0 ], [ 138759.766040649265051, 456434.440296249464154, 0.0 ], [ 138758.629406738618854, 456429.892481174261775, 0.0 ], [ 138756.999071478989208, 456425.495686078327708, 0.0 ], [ 138756.080273171945009, 456423.519973382062744, 0.0 ], [ 138754.041305612918222, 456419.877788262907416, 0.0 ], [ 138750.612270676385378, 456415.15597393119242, 0.0 ], [ 138748.182514594489476, 456412.477799830783624, 0.0 ], [ 138745.720430651417701, 456410.155702033487614, 0.0 ], [ 138743.296868899895344, 456408.172807363793254, 0.0 ], [ 138739.88873992007575, 456405.797561178274918, 0.0 ], [ 138736.965817610034719, 456404.090610507817473, 0.0 ], [ 138733.444879142654827, 456402.383208858722355, 0.0 ], [ 138625.302668734366307, 456343.88175633555511, 0.0 ], [ 138626.539100463531213, 456341.227313721203245, 0.0 ], [ 138627.839404603117146, 456337.565452758164611, 0.0 ], [ 138628.71335511104553, 456334.059231956198346, 0.0 ], [ 138629.146766067278804, 456331.409044428844936, 0.0 ], [ 138629.397957348497584, 456328.53925140487263, 0.0 ], [ 138629.413064814521931, 456325.476047236414161, 0.0 ], [ 138629.138224325812189, 456322.245626259013079, 0.0 ], [ 138628.519571739365347, 456318.874182790343184, 0.0 ], [ 138627.49675534965354, 456315.369354221911635, 0.0 ], [ 138626.764536618749844, 456313.456492370052729, 0.0 ], [ 138625.056946010154206, 456309.940939998545218, 0.0 ], [ 138623.086920578469289, 456306.82311504741665, 0.0 ], [ 138620.92858357320074, 456304.08401631587185, 0.0 ], [ 138618.656058253283845, 456301.704642628435977, 0.0 ], [ 138616.343467892264016, 456299.665992829599418, 0.0 ], [ 138614.064935781469103, 456297.949065778404474, 0.0 ], [ 138611.89458523169742, 456296.534860344254412, 0.0 ], [ 138609.004044622270158, 456294.939590265450533, 0.0 ], [ 138605.226753632043255, 456293.303582825872581, 0.0 ], [ 138547.41507153440034, 456264.891755851975176, 0.0 ], [ 138544.516618626541458, 456263.65650833316613, 0.0 ], [ 138541.408216592855752, 456262.6374079992529, 0.0 ], [ 138537.463438576378394, 456261.719254886324052, 0.0 ], [ 138534.445952108100755, 456261.288249211153015, 0.0 ], [ 138531.172271280462155, 456261.089630909147672, 0.0 ], [ 138527.688607417891035, 456261.198408793017734, 0.0 ], [ 138524.041171852411935, 456261.689591700560413, 0.0 ], [ 138520.276175926352153, 456262.638188497454394, 0.0 ], [ 138518.364033876016038, 456263.307457383081783, 0.0 ], [ 138514.57271085420507, 456265.048701655352488, 0.0 ], [ 138511.806137684208807, 456266.710169193858746, 0.0 ], [ 138509.342170697666006, 456268.524524779058993, 0.0 ], [ 138506.179589790437603, 456271.433103894582018, 0.0 ], [ 138503.610400419915095, 456274.429517033277079, 0.0 ], [ 138501.582119101803983, 456277.360065686283633, 0.0 ], [ 138500.042262312257662, 456280.071051315404475, 0.0 ], [ 138498.418674218963133, 456283.683990002667997, 0.0 ], [ 138456.237321147054899, 456425.357369036821183, 0.0 ], [ 138486.989188950741664, 456434.616345897200517, 0.0 ], [ 138528.951865124283358, 456291.881044215813745, 0.0 ], [ 138529.095164194673998, 456291.776424345443957, 0.0 ], [ 138596.132541181112174, 456320.849749611283187, 0.0 ], [ 138575.963481668062741, 456357.882395093620289, 0.0 ], [ 138617.272188648144947, 456404.481170681421645, 0.0 ], [ 138642.473961452371441, 456392.959445559245069, 0.0 ], [ 138723.476602870505303, 456433.296410567534622, 0.0 ], [ 138664.313964948698413, 456506.674117803690024, 0.0 ], [ 138636.487951468647225, 456510.043924769386649, 0.0 ], [ 138628.884993274172302, 456537.151649130333681, 0.0 ] ] ] ] } },
{ "type": "Feature", "properties": { "fid": 286, "FUNCTIE": "04_Talut1", "Info": null, "Verhaal": null }, "geometry": { "type": "MultiPolygon", "coordinates": [ [ [ [ 138490.189773952472024, 456435.609506779816002, 0.0 ], [ 138494.378860936441924, 456436.932559831126127, 0.0 ], [ 138533.846493480959907, 456303.529998930171132, 0.0 ], [ 138582.797655567032052, 456325.13969220983563, 0.0 ], [ 138565.378683268063469, 456358.876067365985364, 0.0 ], [ 138615.432819691632176, 456416.206832208670676, 0.0 ], [ 138642.333508799318224, 456402.977105390804354, 0.0 ], [ 138709.806586334540043, 456435.832435567281209, 0.0 ], [ 138660.856769294914557, 456496.69006503559649, 0.0 ], [ 138629.766464273561724, 456500.438264871947467, 0.0 ], [ 138618.962540428881766, 456537.923308575176634, 0.0 ], [ 138623.593046009191312, 456539.466858805448283, 0.0 ], [ 138633.074017140635988, 456505.068814974802081, 0.0 ], [ 138663.282330557820387, 456501.761605425272137, 0.0 ], [ 138716.421513755049091, 456434.068505911156535, 0.0 ], [ 138642.33342631222331, 456397.244091920845676, 0.0 ], [ 138616.31472503306577, 456409.812323657097295, 0.0 ], [ 138570.891161170235137, 456358.43513365695253, 0.0 ], [ 138589.633099550119368, 456322.934774565859698, 0.0 ], [ 138530.759414925822057, 456297.355939946370199, 0.0 ], [ 138490.189773952472024, 456435.609506779816002, 0.0 ] ] ] ] } },
{ "type": "Feature", "properties": { "fid": 287, "FUNCTIE": "05_Talut2", "Info": null, "Verhaal": null }, "geometry": { "type": "MultiPolygon", "coordinates": [ [ [ [ 138536.27208783235983, 456310.751427266804967, 0.0 ], [ 138575.135343849950004, 456327.785600972652901, 0.0 ], [ 138557.771465182857355, 456359.702851717942394, 0.0 ], [ 138613.668924045923632, 456423.042332813085523, 0.0 ], [ 138642.443844706693199, 456408.985746170859784, 0.0 ], [ 138700.490555257536471, 456437.927086457319092, 0.0 ], [ 138657.659467409859644, 456492.004392907489091, 0.0 ], [ 138624.915419666242087, 456495.973074536654167, 0.0 ], [ 138613.50516122506815, 456536.324625076842494, 0.0 ], [ 138618.962540428881766, 456537.923308575176634, 0.0 ], [ 138629.766464273561724, 456500.438264871947467, 0.0 ], [ 138660.856769294914557, 456496.69006503559649, 0.0 ], [ 138709.806586334540043, 456435.832435567281209, 0.0 ], [ 138642.333508799318224, 456402.977105390804354, 0.0 ], [ 138615.432819691632176, 456416.206832208670676, 0.0 ], [ 138565.378683268063469, 456358.876067365985364, 0.0 ], [ 138582.797655567032052, 456325.13969220983563, 0.0 ], [ 138533.846493480959907, 456303.529998930171132, 0.0 ], [ 138494.378860936441924, 456436.932559831126127, 0.0 ], [ 138498.568380339478608, 456438.420988566533197, 0.0 ], [ 138536.27208783235983, 456310.751427266804967, 0.0 ] ] ] ] } },
{ "type": "Feature", "properties": { "fid": 288, "FUNCTIE": "02_Maaiveld", "Info": null, "Verhaal": null }, "geometry": { "type": "MultiPolygon", "coordinates": [ [ [ [ 138535.279885552008636, 456314.058924424869474, 0.0 ], [ 138498.568380339478608, 456438.420988566533197, 0.0 ], [ 138500.883634171128506, 456438.751765722292475, 0.0 ], [ 138535.610732895613182, 456321.170075770933181, 0.0 ], [ 138543.548758873337647, 456324.312312388676219, 0.0 ], [ 138545.698546414496377, 456318.358822161506396, 0.0 ], [ 138535.279885552008636, 456314.058924424869474, 0.0 ] ] ] ] } },
{ "type": "Feature", "properties": { "fid": 289, "FUNCTIE": "04_Talut1", "Info": null, "Verhaal": null }, "geometry": { "type": "MultiPolygon", "coordinates": [ [ [ [ 138553.306185943307355, 456347.79575854918221, 0.0 ], [ 138561.90543295443058, 456331.258317010244355, 0.0 ], [ 138545.698621966235805, 456323.816213434096426, 0.0 ], [ 138543.548758873337647, 456324.312312388676219, 0.0 ], [ 138535.610732895613182, 456321.170075770933181, 0.0 ], [ 138500.883634171128506, 456438.751765722292475, 0.0 ], [ 138504.080900238128379, 456440.019682218495291, 0.0 ], [ 138538.256782068667235, 456325.139122191118076, 0.0 ], [ 138556.558348033577204, 456333.077379435067996, 0.0 ], [ 138542.887741390819428, 456359.096292248170357, 0.0 ], [ 138553.306185943307355, 456347.79575854918221, 0.0 ] ] ] ] } },
{ "type": "Feature", "properties": { "fid": 290, "FUNCTIE": "04_Talut1", "Info": null, "Verhaal": null }, "geometry": { "type": "MultiPolygon", "coordinates": [ [ [ [ 138543.548758873337647, 456324.312312388676219, 0.0 ], [ 138544.320503267663298, 456324.036696437862702, 0.0 ], [ 138546.635656162630767, 456317.421706507913768, 0.0 ], [ 138535.610620413004654, 456313.011550515075214, 0.0 ], [ 138535.279885552008636, 456314.058924424869474, 0.0 ], [ 138545.698546414496377, 456318.358822161506396, 0.0 ], [ 138543.548758873337647, 456324.312312388676219, 0.0 ] ] ] ] } },
{ "type": "Feature", "properties": { "fid": 291, "FUNCTIE": "04_Talut1", "Info": null, "Verhaal": null }, "geometry": { "type": "MultiPolygon", "coordinates": [ [ [ [ 138536.27208783235983, 456310.751427266804967, 0.0 ], [ 138535.610620413004654, 456313.011550515075214, 0.0 ], [ 138546.635656162630767, 456317.421706507913768, 0.0 ], [ 138544.320503267663298, 456324.036696437862702, 0.0 ], [ 138545.698621966235805, 456323.816213434096426, 0.0 ], [ 138548.620135965524241, 456316.319228961772751, 0.0 ], [ 138536.27208783235983, 456310.751427266804967, 0.0 ] ] ] ] } },
{ "type": "Feature", "properties": { "fid": 292, "FUNCTIE": "02_Maaiveld", "Info": null, "Verhaal": null }, "geometry": { "type": "MultiPolygon", "coordinates": [ [ [ [ 138553.306185943307355, 456347.79575854918221, 0.0 ], [ 138561.630102918570628, 456352.371251092874445, 0.0 ], [ 138575.135343849950004, 456327.785600972652901, 0.0 ], [ 138548.620135965524241, 456316.319228961772751, 0.0 ], [ 138545.698621966235805, 456323.816213434096426, 0.0 ], [ 138561.90543295443058, 456331.258317010244355, 0.0 ], [ 138553.306185943307355, 456347.79575854918221, 0.0 ] ] ] ] } },
{ "type": "Feature", "properties": { "fid": 293, "FUNCTIE": "05_Talut2", "Info": null, "Verhaal": null }, "geometry": { "type": "MultiPolygon", "coordinates": [ [ [ [ 138542.887741390819428, 456359.096292248170357, 0.0 ], [ 138544.762017926695989, 456361.301322810119018, 0.0 ], [ 138556.117574524745578, 456349.284173178719357, 0.0 ], [ 138553.306185943307355, 456347.79575854918221, 0.0 ], [ 138542.887741390819428, 456359.096292248170357, 0.0 ] ] ] ] } },
{ "type": "Feature", "properties": { "fid": 294, "FUNCTIE": "04_Talut1", "Info": null, "Verhaal": null }, "geometry": { "type": "MultiPolygon", "coordinates": [ [ [ [ 138550.935975053609582, 456359.206641308614053, 0.0 ], [ 138555.235602822765941, 456351.15841814869782, 0.0 ], [ 138556.117574524745578, 456349.284173178719357, 0.0 ], [ 138544.762017926695989, 456361.301322810119018, 0.0 ], [ 138550.935975053609582, 456359.206641308614053, 0.0 ] ] ] ] } },
{ "type": "Feature", "properties": { "fid": 295, "FUNCTIE": "04_Talut1", "Info": null, "Verhaal": null }, "geometry": { "type": "MultiPolygon", "coordinates": [ [ [ [ 138612.787137633946259, 456437.815869517158717, 0.0 ], [ 138644.318278260325314, 456422.381176084862091, 0.0 ], [ 138650.933292692876421, 456425.688758822681848, 0.0 ], [ 138670.778260227845749, 456430.870742856408469, 0.0 ], [ 138644.648972644470632, 456418.632670279359445, 0.0 ], [ 138615.65355111588724, 456432.523884366382845, 0.0 ], [ 138550.935975053609582, 456359.206641308614053, 0.0 ], [ 138544.762017926695989, 456361.301322810119018, 0.0 ], [ 138612.787137633946259, 456437.815869517158717, 0.0 ] ] ] ] } },
{ "type": "Feature", "properties": { "fid": 296, "FUNCTIE": "02_Maaiveld", "Info": null, "Verhaal": null }, "geometry": { "type": "MultiPolygon", "coordinates": [ [ [ [ 138672.211455459735589, 456427.673501754237805, 0.0 ], [ 138642.554155238351086, 456413.230382920126431, 0.0 ], [ 138613.227985382953193, 456427.231840794556774, 0.0 ], [ 138553.692233780107927, 456360.309178731695283, 0.0 ], [ 138557.661113472102443, 456352.371202001697384, 0.0 ], [ 138555.235602822765941, 456351.15841814869782, 0.0 ], [ 138550.935975053609582, 456359.206641308614053, 0.0 ], [ 138615.65355111588724, 456432.523884366382845, 0.0 ], [ 138644.648972644470632, 456418.632670279359445, 0.0 ], [ 138670.778260227845749, 456430.870742856408469, 0.0 ], [ 138672.211455459735589, 456427.673501754237805, 0.0 ] ] ] ] } },
{ "type": "Feature", "properties": { "fid": 297, "FUNCTIE": "04_Talut1", "Info": null, "Verhaal": null }, "geometry": { "type": "MultiPolygon", "coordinates": [ [ [ [ 138559.20461710030213, 456352.922472815087531, 0.0 ], [ 138557.661113472102443, 456352.371202001697384, 0.0 ], [ 138553.692233780107927, 456360.309178731695283, 0.0 ], [ 138613.227985382953193, 456427.231840794556774, 0.0 ], [ 138642.554155238351086, 456413.230382920126431, 0.0 ], [ 138672.211455459735589, 456427.673501754237805, 0.0 ], [ 138673.424182369490154, 456426.571012930013239, 0.0 ], [ 138642.774630352447275, 456411.576631332864054, 0.0 ], [ 138613.448457854479784, 456425.35758745262865, 0.0 ], [ 138555.345979723817436, 456360.309198979637586, 0.0 ], [ 138559.20461710030213, 456352.922472815087531, 0.0 ] ] ] ] } },
{ "type": "Feature", "properties": { "fid": 298, "FUNCTIE": "05_Talut2", "Info": null, "Verhaal": null }, "geometry": { "type": "MultiPolygon", "coordinates": [ [ [ [ 138561.630102918570628, 456352.371251092874445, 0.0 ], [ 138559.20461710030213, 456352.922472815087531, 0.0 ], [ 138555.345979723817436, 456360.309198979637586, 0.0 ], [ 138613.448457854479784, 456425.35758745262865, 0.0 ], [ 138642.774630352447275, 456411.576631332864054, 0.0 ], [ 138673.424182369490154, 456426.571012930013239, 0.0 ], [ 138675.298406934627565, 456425.578781815129332, 0.0 ], [ 138642.443844706693199, 456408.985746170859784, 0.0 ], [ 138613.668924045923632, 456423.042332813085523, 0.0 ], [ 138557.771465182857355, 456359.702851717942394, 0.0 ], [ 138561.630102918570628, 456352.371251092874445, 0.0 ] ] ] ] } },
{ "type": "Feature", "properties": { "fid": 299, "FUNCTIE": "04_Talut1", "Info": null, "Verhaal": null }, "geometry": { "type": "MultiPolygon", "coordinates": [ [ [ [ 138672.211514838767471, 456431.752760778646916, 0.0 ], [ 138675.298406934627565, 456425.578781815129332, 0.0 ], [ 138673.424182369490154, 456426.571012930013239, 0.0 ], [ 138672.211455459735589, 456427.673501754237805, 0.0 ], [ 138670.778260227845749, 456430.870742856408469, 0.0 ], [ 138672.211514838767471, 456431.752760778646916, 0.0 ] ] ] ] } },
{ "type": "Feature", "properties": { "fid": 300, "FUNCTIE": "05_Talut2", "Info": null, "Verhaal": null }, "geometry": { "type": "MultiPolygon", "coordinates": [ [ [ [ 138650.271824716153787, 456427.673256413138006, 0.0 ], [ 138671.109050042869058, 456433.737253013299778, 0.0 ], [ 138672.211514838767471, 456431.752760778646916, 0.0 ], [ 138670.778260227845749, 456430.870742856408469, 0.0 ], [ 138650.933292692876421, 456425.688758822681848, 0.0 ], [ 138650.271824716153787, 456427.673256413138006, 0.0 ] ] ] ] } },
{ "type": "Feature", "properties": { "fid": 301, "FUNCTIE": "02_Maaiveld", "Info": null, "Verhaal": null }, "geometry": { "type": "MultiPolygon", "coordinates": [ [ [ [ 138682.90611560686375, 456460.087192761944607, 0.0 ], [ 138700.490555257536471, 456437.927086457319092, 0.0 ], [ 138675.298406934627565, 456425.578781815129332, 0.0 ], [ 138671.109050042869058, 456433.737253013299778, 0.0 ], [ 138685.662071658676723, 456441.124179780599661, 0.0 ], [ 138675.519320213265019, 456454.023348965216428, 0.0 ], [ 138682.90611560686375, 456460.087192761944607, 0.0 ] ] ] ] } },
{ "type": "Feature", "properties": { "fid": 302, "FUNCTIE": "04_Talut1", "Info": null, "Verhaal": null }, "geometry": { "type": "MultiPolygon", "coordinates": [ [ [ [ 138650.271824716153787, 456427.673256413138006, 0.0 ], [ 138679.37787564707105, 456442.226613301667385, 0.0 ], [ 138656.666926408826839, 456471.552945572708268, 0.0 ], [ 138675.519320213265019, 456454.023348965216428, 0.0 ], [ 138685.662071658676723, 456441.124179780599661, 0.0 ], [ 138671.109050042869058, 456433.737253013299778, 0.0 ], [ 138650.271824716153787, 456427.673256413138006, 0.0 ] ] ] ] } },
{ "type": "Feature", "properties": { "fid": 303, "FUNCTIE": "05_Talut2", "Info": null, "Verhaal": null }, "geometry": { "type": "MultiPolygon", "coordinates": [ [ [ [ 138658.210437739035115, 456472.875965617946349, 0.0 ], [ 138677.173083193396451, 456455.566870501847006, 0.0 ], [ 138675.519320213265019, 456454.023348965216428, 0.0 ], [ 138656.666926408826839, 456471.552945572708268, 0.0 ], [ 138658.210437739035115, 456472.875965617946349, 0.0 ] ] ] ] } },
{ "type": "Feature", "properties": { "fid": 304, "FUNCTIE": "04_Talut1", "Info": null, "Verhaal": null }, "geometry": { "type": "MultiPolygon", "coordinates": [ [ [ [ 138654.021044820110546, 456478.829439722350799, 0.0 ], [ 138618.300257040275028, 456482.798083492030855, 0.0 ], [ 138603.307025486748898, 456533.292639903258532, 0.0 ], [ 138608.599031001533149, 456534.836197052034549, 0.0 ], [ 138622.930788036144804, 456486.215893575106747, 0.0 ], [ 138655.454341946868226, 456482.577966029697563, 0.0 ], [ 138675.960357859294163, 456456.779610445897561, 0.0 ], [ 138658.210437739035115, 456472.875965617946349, 0.0 ], [ 138654.021044820110546, 456478.829439722350799, 0.0 ] ] ] ] } },
{ "type": "Feature", "properties": { "fid": 305, "FUNCTIE": "02_Maaiveld", "Info": null, "Verhaal": null }, "geometry": { "type": "MultiPolygon", "coordinates": [ [ [ [ 138610.142530764249386, 456535.166963154042605, 0.0 ], [ 138622.600121174094966, 456491.948911178042181, 0.0 ], [ 138656.6671656871913, 456488.090495540585835, 0.0 ], [ 138679.047378621937241, 456459.425649965647608, 0.0 ], [ 138675.960357859294163, 456456.779610445897561, 0.0 ], [ 138655.454341946868226, 456482.577966029697563, 0.0 ], [ 138622.930788036144804, 456486.215893575106747, 0.0 ], [ 138608.599031001533149, 456534.836197052034549, 0.0 ], [ 138610.142530764249386, 456535.166963154042605, 0.0 ] ] ] ] } },
{ "type": "Feature", "properties": { "fid": 306, "FUNCTIE": "04_Talut1", "Info": null, "Verhaal": null }, "geometry": { "type": "MultiPolygon", "coordinates": [ [ [ [ 138677.173083193396451, 456455.566870501847006, 0.0 ], [ 138675.960357859294163, 456456.779610445897561, 0.0 ], [ 138679.047378621937241, 456459.425649965647608, 0.0 ], [ 138680.811376361234579, 456459.976920140383299, 0.0 ], [ 138682.90611560686375, 456460.087192761944607, 0.0 ], [ 138677.173083193396451, 456455.566870501847006, 0.0 ] ] ] ] } },
{ "type": "Feature", "properties": { "fid": 307, "FUNCTIE": "04_Talut1", "Info": null, "Verhaal": null }, "geometry": { "type": "MultiPolygon", "coordinates": [ [ [ [ 138656.6671656871913, 456488.090495540585835, 0.0 ], [ 138622.600121174094966, 456491.948911178042181, 0.0 ], [ 138610.142530764249386, 456535.166963154042605, 0.0 ], [ 138611.1347822539974, 456535.497724013053812, 0.0 ], [ 138623.482138230203418, 456493.382175435137469, 0.0 ], [ 138656.997942764923209, 456490.075005117221735, 0.0 ], [ 138680.811376361234579, 456459.976920140383299, 0.0 ], [ 138679.047378621937241, 456459.425649965647608, 0.0 ], [ 138656.6671656871913, 456488.090495540585835, 0.0 ] ] ] ] } },
{ "type": "Feature", "properties": { "fid": 309, "FUNCTIE": "05_Talut2", "Info": null, "Verhaal": null }, "geometry": { "type": "MultiPolygon", "coordinates": [ [ [ [ 138611.1347822539974, 456535.497724013053812, 0.0 ], [ 138613.654965457972139, 456535.933561565820128, 0.0 ], [ 138624.915419666242087, 456495.973074536654167, 0.0 ], [ 138657.659467409859644, 456492.004392907489091, 0.0 ], [ 138682.90611560686375, 456460.087192761944607, 0.0 ], [ 138680.811376361234579, 456459.976920140383299, 0.0 ], [ 138656.997942764923209, 456490.075005117221735, 0.0 ], [ 138623.482138230203418, 456493.382175435137469, 0.0 ], [ 138611.1347822539974, 456535.497724013053812, 0.0 ] ] ] ] } },
{ "type": "Feature", "properties": { "fid": 310, "FUNCTIE": "05_Talut2", "Info": null, "Verhaal": null }, "geometry": { "type": "MultiPolygon", "coordinates": [ [ [ [ 138694.593941056547919, 456555.233327950525563, 0.0 ], [ 138701.428992327098968, 456559.973824022279587, 0.0 ], [ 138703.303123194113141, 456555.675608930876479, 0.0 ], [ 138763.932107437751256, 456474.981116048642434, 0.0 ], [ 138766.05780402731034, 456471.528653082554229, 0.0 ], [ 138767.875039759761421, 456468.07396420428995, 0.0 ], [ 138770.380836028169142, 456462.151816174620762, 0.0 ], [ 138771.524914063717006, 456458.674022937600967, 0.0 ], [ 138772.510926954855677, 456454.879742066259496, 0.0 ], [ 138773.274735910090385, 456450.789967420860194, 0.0 ], [ 138773.752202148316428, 456446.425692837568931, 0.0 ], [ 138773.879186894744635, 456441.807912125892472, 0.0 ], [ 138773.791205341636669, 456439.410517529409844, 0.0 ], [ 138773.050701380008832, 456433.168755843187682, 0.0 ], [ 138772.247840233903844, 456429.49860337463906, 0.0 ], [ 138771.251708604453597, 456425.994038912525866, 0.0 ], [ 138769.841295733407605, 456422.009491710399743, 0.0 ], [ 138768.636829053168185, 456419.159601334074978, 0.0 ], [ 138765.501941208116477, 456413.192814205540344, 0.0 ], [ 138763.530677777540404, 456410.163675212126691, 0.0 ], [ 138761.458431111183017, 456407.403865217696875, 0.0 ], [ 138757.066516089515062, 456402.563699806225486, 0.0 ], [ 138751.839264220179757, 456397.946758767473511, 0.0 ], [ 138746.202390477788867, 456394.023450727981981, 0.0 ], [ 138644.428565508016618, 456339.032671168039087, 0.0 ], [ 138643.104509027180029, 456338.039875704154838, 0.0 ], [ 138643.730274445231771, 456333.909337710647378, 0.0 ], [ 138644.063147305772873, 456329.818784328410402, 0.0 ], [ 138644.09310169267701, 456325.209745869971812, 0.0 ], [ 138643.840711436583661, 456321.463552818808239, 0.0 ], [ 138643.293458233849378, 456317.508907269744668, 0.0 ], [ 138642.738466881972272, 456314.774277426244225, 0.0 ], [ 138641.58123131992761, 456310.551444627635647, 0.0 ], [ 138640.228095309372293, 456306.665706723113544, 0.0 ], [ 138638.878978500782978, 456303.511205941496883, 0.0 ], [ 138637.437961018091301, 456300.736820965074003, 0.0 ], [ 138635.607972950063413, 456297.809752383793239, 0.0 ], [ 138633.326763709745137, 456294.794833242602181, 0.0 ], [ 138630.797032212867634, 456292.021015646285377, 0.0 ], [ 138628.281488729058765, 456289.697007430775557, 0.0 ], [ 138625.295552973722806, 456287.368536130583379, 0.0 ], [ 138622.660259291267721, 456285.624119511747267, 0.0 ], [ 138616.884970915707527, 456282.536203045223374, 0.0 ], [ 138613.789895989728393, 456281.250015902041923, 0.0 ], [ 138610.870748458750313, 456280.248458710557315, 0.0 ], [ 138552.021860626147827, 456251.10512129846029, 0.0 ], [ 138548.40419392552576, 456249.649558286822867, 0.0 ], [ 138544.545884158142144, 456248.444291807129048, 0.0 ], [ 138539.984787718130974, 456247.44668208953226, 0.0 ], [ 138534.78100869237096, 456246.844842612568755, 0.0 ], [ 138530.275648790498963, 456246.772258687822614, 0.0 ], [ 138525.101739709789399, 456247.198832488094922, 0.0 ], [ 138519.752605446672533, 456248.226521863602102, 0.0 ], [ 138514.853096140985144, 456249.725459715758916, 0.0 ], [ 138510.589774860360194, 456251.528265644563362, 0.0 ], [ 138506.135804049874423, 456254.010416057717521, 0.0 ], [ 138502.879021018132335, 456256.213616075110622, 0.0 ], [ 138499.332985089597059, 456259.039730930002406, 0.0 ], [ 138496.593512916355394, 456261.593192786676809, 0.0 ], [ 138493.617741740657948, 456264.835204373579472, 0.0 ], [ 138490.824208541685948, 456268.460197612643242, 0.0 ], [ 138488.750575231417315, 456271.655646349827293, 0.0 ], [ 138486.953529628284741, 456274.969301295583136, 0.0 ], [ 138485.541584510443499, 456278.245580596849322, 0.0 ], [ 138484.8078533335065, 456280.339789484394714, 0.0 ], [ 138445.86763448434067, 456410.694576904410496, 0.0 ], [ 138445.318148547346937, 456412.123289543320425, 0.0 ], [ 138441.337586114794249, 456412.362552903941832, 0.0 ], [ 138437.709608802164439, 456412.813857276516501, 0.0 ], [ 138433.82637395861093, 456413.552757886180189, 0.0 ], [ 138429.766605572629487, 456414.591772127780132, 0.0 ], [ 138426.333897588512627, 456415.721859034791123, 0.0 ], [ 138422.901975984423188, 456417.137711439747363, 0.0 ], [ 138420.017905134649482, 456418.570236553438008, 0.0 ], [ 138416.907942456367891, 456420.394694110262208, 0.0 ], [ 138413.991664216795471, 456422.387452292023227, 0.0 ], [ 138411.315861250302987, 456424.484794996213168, 0.0 ], [ 138408.61396721683559, 456426.91045410715742, 0.0 ], [ 138406.281136212637648, 456429.302268543280661, 0.0 ], [ 138403.576462446391815, 456432.474243339791428, 0.0 ], [ 138400.646882808097871, 456436.347656688070856, 0.0 ], [ 138395.767982274061069, 456443.683312518172897, 0.0 ], [ 138393.689224087342154, 456446.013905171770602, 0.0 ], [ 138391.59851405621157, 456447.980401877255645, 0.0 ], [ 138388.232951916608727, 456450.597829625592567, 0.0 ], [ 138384.520592641434632, 456452.839255186030641, 0.0 ], [ 138380.59433854490635, 456454.60913804610027, 0.0 ], [ 138376.113179225532804, 456456.01292721129721, 0.0 ], [ 138392.707345505390549, 456460.409239593951497, 0.0 ], [ 138395.441120314673753, 456460.690102944849059, 0.0 ], [ 138399.608603627217235, 456460.639247627521399, 0.0 ], [ 138403.203430904570268, 456460.118390118528623, 0.0 ], [ 138406.881335072190268, 456459.090761317696888, 0.0 ], [ 138409.916510629438562, 456457.823425027483609, 0.0 ], [ 138413.08893169183284, 456456.040012643497903, 0.0 ], [ 138416.530239047831856, 456453.596469686017372, 0.0 ], [ 138418.813082004402531, 456451.64448091131635, 0.0 ], [ 138421.04302682125126, 456449.245863577118143, 0.0 ], [ 138422.901443256123457, 456446.583391321881209, 0.0 ], [ 138427.870947540155612, 456437.120656109065749, 0.0 ], [ 138430.211492962989723, 456433.066392931214068, 0.0 ], [ 138433.278642611781834, 456428.920581713959109, 0.0 ], [ 138436.05475148835103, 456425.999587387195788, 0.0 ], [ 138439.269562559871702, 456423.605561451928224, 0.0 ], [ 138442.75145040883217, 456421.898979944700841, 0.0 ], [ 138444.614463287231047, 456421.279399745049886, 0.0 ], [ 138446.850164478702936, 456420.765386204817332, 0.0 ], [ 138450.951318821578752, 456420.369476029649377, 0.0 ], [ 138455.676193913182942, 456409.820610712107737, 0.0 ], [ 138491.888501730776625, 456285.249183853331488, 0.0 ], [ 138493.712724727141904, 456280.368092509685084, 0.0 ], [ 138495.783673584461212, 456276.262433490133844, 0.0 ], [ 138497.88111250512884, 456272.943645736551844, 0.0 ], [ 138499.57003034040099, 456270.685473836492747, 0.0 ], [ 138502.581304061837727, 456267.320974671456497, 0.0 ], [ 138504.931894001114415, 456265.146364463551436, 0.0 ], [ 138507.773374290147331, 456262.927970562712289, 0.0 ], [ 138510.376329581369646, 456261.219108544639312, 0.0 ], [ 138513.081566604349064, 456259.717173766519409, 0.0 ], [ 138516.316483215632616, 456258.241751023044344, 0.0 ], [ 138520.058939301117789, 456256.927955107938033, 0.0 ], [ 138523.185535482160049, 456256.129955744720064, 0.0 ], [ 138526.833048376051011, 456255.52437072340399, 0.0 ], [ 138530.275486365280813, 456255.267081478086766, 0.0 ], [ 138533.704270625370555, 456255.297640604898334, 0.0 ], [ 138537.777125654392876, 456255.694912843580823, 0.0 ], [ 138541.401792045886395, 456256.388295569922775, 0.0 ], [ 138544.32821971894009, 456257.196634172752965, 0.0 ], [ 138547.045422593713738, 456258.160089682729449, 0.0 ], [ 138549.915112042013789, 456259.417346433154307, 0.0 ], [ 138613.325143856724026, 456290.481490861915518, 0.0 ], [ 138616.588311283761868, 456292.296017191605642, 0.0 ], [ 138619.538342379819369, 456294.311452526831999, 0.0 ], [ 138621.742606541200075, 456296.108075121301226, 0.0 ], [ 138624.145706380018964, 456298.417815414839424, 0.0 ], [ 138626.524504202738171, 456301.105033045227174, 0.0 ], [ 138628.526862170692766, 456303.75571815710282, 0.0 ], [ 138630.664185182977235, 456307.097638761915732, 0.0 ], [ 138632.18474124732893, 456309.922635998169426, 0.0 ], [ 138633.534796118183294, 456313.098043659992982, 0.0 ], [ 138634.439968635997502, 456315.912915665598121, 0.0 ], [ 138635.146349355374696, 456319.006770882871933, 0.0 ], [ 138635.586388007621281, 456322.322464200726245, 0.0 ], [ 138635.730263921490405, 456325.572727991791908, 0.0 ], [ 138635.638231341465143, 456329.40389296686044, 0.0 ], [ 138635.298365467169788, 456332.832464691367932, 0.0 ], [ 138634.729264532477828, 456336.113020283752121, 0.0 ], [ 138634.033939538814593, 456338.974665951973293, 0.0 ], [ 138632.86601768687251, 456342.678132842935156, 0.0 ], [ 138736.817105337657267, 456398.898956518620253, 0.0 ], [ 138742.324544410250382, 456402.038674042210914, 0.0 ], [ 138744.903639744065003, 456403.74922540289117, 0.0 ], [ 138747.613181880762568, 456405.819980010797735, 0.0 ], [ 138749.829939219373045, 456407.756982604623772, 0.0 ], [ 138752.441176546533825, 456410.375509226636495, 0.0 ], [ 138754.822954117000336, 456413.155578141857404, 0.0 ], [ 138756.772257948992774, 456415.787956582847983, 0.0 ], [ 138758.318620659934822, 456418.178099943441339, 0.0 ], [ 138759.94725267533795, 456421.102307852124795, 0.0 ], [ 138762.219631103944266, 456426.384746512281708, 0.0 ], [ 138763.7808197941049, 456431.704137142980471, 0.0 ], [ 138764.76003178715473, 456437.483501481357962, 0.0 ], [ 138765.024707309406949, 456443.269717703573406, 0.0 ], [ 138764.677227626089007, 456448.471515289798845, 0.0 ], [ 138763.749520099983783, 456453.55986030184431, 0.0 ], [ 138761.450487649999559, 456460.883678805781528, 0.0 ], [ 138759.191064972139429, 456466.627052702591754, 0.0 ], [ 138757.996998662798433, 456468.82711452426156, 0.0 ], [ 138756.80630047514569, 456470.599892391532194, 0.0 ], [ 138755.115738670661813, 456472.662258769501932, 0.0 ], [ 138694.593941056547919, 456555.233327950525563, 0.0 ] ] ] ] } },
{ "type": "Feature", "properties": { "fid": 311, "FUNCTIE": "04_Talut1", "Info": null, "Verhaal": null }, "geometry": { "type": "MultiPolygon", "coordinates": [ [ [ [ 138395.043784721172415, 456461.296663771092426, 0.0 ], [ 138397.662988865864463, 456461.896426270599477, 0.0 ], [ 138400.111974812985864, 456462.161319493548945, 0.0 ], [ 138402.405592360621085, 456462.156495821895078, 0.0 ], [ 138405.127403075952316, 456461.829276155331172, 0.0 ], [ 138407.492263916734373, 456461.250304568966385, 0.0 ], [ 138409.838265401951503, 456460.395816010015551, 0.0 ], [ 138412.263529094401747, 456459.242808044771664, 0.0 ], [ 138414.645379574852996, 456457.836421926738694, 0.0 ], [ 138416.91479715864989, 456456.148999036697205, 0.0 ], [ 138419.226207350322511, 456454.078293663274962, 0.0 ], [ 138421.442413952579955, 456451.841162650904153, 0.0 ], [ 138423.357690690841991, 456449.587612467992585, 0.0 ], [ 138426.041937510774005, 456445.723647323786281, 0.0 ], [ 138428.632155768951634, 456440.700220615894068, 0.0 ], [ 138431.221099443733692, 456436.544072851829696, 0.0 ], [ 138435.031166932341876, 456431.457952670461964, 0.0 ], [ 138438.04772974763182, 456428.049332481925376, 0.0 ], [ 138441.31105745525565, 456425.521332275762688, 0.0 ], [ 138443.063168921304168, 456424.527652794087771, 0.0 ], [ 138444.845309954922413, 456423.753119401982985, 0.0 ], [ 138448.522414568782551, 456422.795131214952562, 0.0 ], [ 138452.373164492339129, 456422.59883568470832, 0.0 ], [ 138457.444738407008117, 456410.69252004136797, 0.0 ], [ 138495.035241838515503, 456283.031537700851914, 0.0 ], [ 138496.435398089699447, 456279.643856509588659, 0.0 ], [ 138498.863908937491942, 456275.23969101451803, 0.0 ], [ 138501.774210258678067, 456271.265318760822993, 0.0 ], [ 138505.271698282595025, 456267.587226372445002, 0.0 ], [ 138509.362844338000286, 456264.320446580008138, 0.0 ], [ 138513.672575681557646, 456261.759867653017864, 0.0 ], [ 138518.633530176390195, 456259.656914785562549, 0.0 ], [ 138523.725951750791864, 456258.257781682128552, 0.0 ], [ 138526.469165007496485, 456257.790642157080583, 0.0 ], [ 138529.221117553359363, 456257.539479190541897, 0.0 ], [ 138534.191823472297983, 456257.559037871309556, 0.0 ], [ 138539.603716683457606, 456258.224551235558465, 0.0 ], [ 138543.957213998248335, 456259.268303478136659, 0.0 ], [ 138548.58777570509119, 456260.923288349120412, 0.0 ], [ 138612.624074193474371, 456291.987078296719119, 0.0 ], [ 138615.137787407729775, 456293.388943785568699, 0.0 ], [ 138617.374980489636073, 456294.864078692218754, 0.0 ], [ 138620.10398246900877, 456296.997209277178627, 0.0 ], [ 138622.358017491467763, 456299.106180300877895, 0.0 ], [ 138624.547997305373428, 456301.52920775313396, 0.0 ], [ 138626.650868680881104, 456304.281126538291574, 0.0 ], [ 138628.67622058550478, 456307.483987918822095, 0.0 ], [ 138630.088907038531033, 456310.193143699143548, 0.0 ], [ 138631.592250863701338, 456313.779642708890606, 0.0 ], [ 138632.577820146281738, 456316.885959597711917, 0.0 ], [ 138633.307519862864865, 456320.294834795757197, 0.0 ], [ 138633.691570223716553, 456323.501414590806235, 0.0 ], [ 138633.818245814036345, 456326.886818832485005, 0.0 ], [ 138633.690859285299666, 456329.98478079540655, 0.0 ], [ 138633.261866362474393, 456333.488372187537607, 0.0 ], [ 138632.563575211592251, 456336.818567838345189, 0.0 ], [ 138631.559016296756454, 456340.172788216208573, 0.0 ], [ 138630.348920117452508, 456343.254792225896381, 0.0 ], [ 138740.503366745804669, 456403.054302165983245, 0.0 ], [ 138746.579746234725462, 456407.64269997185329, 0.0 ], [ 138751.166742265719222, 456411.912143574969377, 0.0 ], [ 138754.59261790997698, 456416.152578303939663, 0.0 ], [ 138757.543212353455601, 456420.960649506771006, 0.0 ], [ 138759.878530270885676, 456426.070022983767558, 0.0 ], [ 138761.418095566972625, 456430.952830458059907, 0.0 ], [ 138762.542987433349481, 456436.621272947697435, 0.0 ], [ 138763.07899989123689, 456442.540322599699721, 0.0 ], [ 138762.940746482665418, 456447.535144450725056, 0.0 ], [ 138762.166399789304705, 456452.745798423653468, 0.0 ], [ 138760.795516840851633, 456457.708856343175285, 0.0 ], [ 138758.586527525039855, 456463.010603233589791, 0.0 ], [ 138757.323972191865323, 456465.380008810432628, 0.0 ], [ 138756.552693354198709, 456466.261977897316683, 0.0 ], [ 138690.66482153601828, 456556.89842851908179, 0.0 ], [ 138701.426106582977809, 456559.973194581689313, 0.0 ], [ 138694.59817098279018, 456555.236261644400656, 0.0 ], [ 138755.121504852402722, 456472.654268835380208, 0.0 ], [ 138756.80630047514569, 456470.599892391532194, 0.0 ], [ 138757.996998662798433, 456468.82711452426156, 0.0 ], [ 138760.099810339015676, 456464.747698336956091, 0.0 ], [ 138761.469983215647517, 456461.683709799894132, 0.0 ], [ 138762.637788410182111, 456458.363849188666791, 0.0 ], [ 138763.509951936575817, 456455.110386177257169, 0.0 ], [ 138764.315209609078011, 456451.187546620611101, 0.0 ], [ 138764.855812491179677, 456447.043673350242898, 0.0 ], [ 138765.066890874470118, 456443.241936148901004, 0.0 ], [ 138764.988202220702078, 456439.60860937187681, 0.0 ], [ 138764.410121849883581, 456434.476732931914739, 0.0 ], [ 138763.242585123807658, 456429.197983510384802, 0.0 ], [ 138761.809480511758011, 456424.973940870608203, 0.0 ], [ 138759.575065187935252, 456420.289252720540389, 0.0 ], [ 138756.730397076549707, 456415.660733165743295, 0.0 ], [ 138753.293250275251921, 456411.220639179460704, 0.0 ], [ 138749.530366126331501, 456407.32196182035841, 0.0 ], [ 138745.743167630425887, 456404.185424458759371, 0.0 ], [ 138740.679588441271335, 456400.966172247950453, 0.0 ], [ 138632.923039649554994, 456342.488826288550626, 0.0 ], [ 138634.837280342995655, 456336.107883088698145, 0.0 ], [ 138635.432653376425151, 456332.8805797927198, 0.0 ], [ 138635.768681688030483, 456329.619977737078443, 0.0 ], [ 138635.843977360986173, 456326.320239439257421, 0.0 ], [ 138635.653290689806454, 456323.047052763227839, 0.0 ], [ 138635.136353746580426, 456319.478861074778251, 0.0 ], [ 138634.423294072708813, 456316.388993737462442, 0.0 ], [ 138633.4708999718423, 456313.361548486398533, 0.0 ], [ 138632.368988689937396, 456310.630980565678328, 0.0 ], [ 138631.097289091849234, 456308.068474601779599, 0.0 ], [ 138629.391075203224318, 456305.23291307897307, 0.0 ], [ 138627.232157680613454, 456302.274738656065892, 0.0 ], [ 138624.43103871610947, 456298.962473163381219, 0.0 ], [ 138622.227784882154083, 456296.693342543614563, 0.0 ], [ 138619.800202501559397, 456294.580972635594662, 0.0 ], [ 138616.746623230108526, 456292.398906533839181, 0.0 ], [ 138613.237690366018796, 456290.412120170076378, 0.0 ], [ 138547.55402368036448, 456258.403675554029178, 0.0 ], [ 138543.330427277280251, 456256.851154458476231, 0.0 ], [ 138538.826123093167553, 456255.78468889038777, 0.0 ], [ 138534.464676558302017, 456255.288953962503001, 0.0 ], [ 138530.158776406227844, 456255.296868422476109, 0.0 ], [ 138524.085684529854916, 456256.065375000587665, 0.0 ], [ 138519.123481342568994, 456257.304686062620021, 0.0 ], [ 138514.193193520826753, 456259.167375980352517, 0.0 ], [ 138509.613191798649495, 456261.630223899148405, 0.0 ], [ 138507.10842186055379, 456263.345080769795459, 0.0 ], [ 138504.975844873319147, 456265.043547629145905, 0.0 ], [ 138501.172973401087802, 456268.738354906381574, 0.0 ], [ 138497.524330634914804, 456273.254069153801538, 0.0 ], [ 138496.04031380394008, 456275.556646539946087, 0.0 ], [ 138494.904198248754255, 456277.674960455449764, 0.0 ], [ 138493.806066441407893, 456280.223863579274621, 0.0 ], [ 138455.679500187106896, 456409.813049898250028, 0.0 ], [ 138450.629335801495472, 456420.352805864007678, 0.0 ], [ 138446.435520162456669, 456420.844620296382345, 0.0 ], [ 138442.57820718982839, 456422.00964604440378, 0.0 ], [ 138438.86354080910678, 456423.93507272930583, 0.0 ], [ 138435.924711251456756, 456426.250340055208653, 0.0 ], [ 138433.439423966687173, 456429.187547105713747, 0.0 ], [ 138428.624796631891513, 456436.005780427367426, 0.0 ], [ 138426.183368780388264, 456440.132534101081546, 0.0 ], [ 138423.797657843184425, 456444.898064358800184, 0.0 ], [ 138421.320739047223469, 456448.776315027149394, 0.0 ], [ 138418.926303881249623, 456451.636416567082051, 0.0 ], [ 138415.856333986215759, 456454.290325701469555, 0.0 ], [ 138413.110202779818792, 456456.030670797277708, 0.0 ], [ 138409.521669062261935, 456457.849508592858911, 0.0 ], [ 138406.661521928617731, 456459.079894848400727, 0.0 ], [ 138404.225347814528504, 456459.852702082658652, 0.0 ], [ 138401.31776471962803, 456460.445299260318279, 0.0 ], [ 138398.23553649126552, 456460.731859168270603, 0.0 ], [ 138395.183564675186062, 456460.713309099723119, 0.0 ], [ 138392.288091238384368, 456460.41489033785183, 0.0 ], [ 138395.043784721172415, 456461.296663771092426, 0.0 ] ] ] ] } },
{ "type": "Feature", "properties": { "fid": 312, "FUNCTIE": "04_Talut1", "Info": null, "Verhaal": null }, "geometry": { "type": "MultiPolygon", "coordinates": [ [ [ [ 138555.235602822765941, 456351.15841814869782, 0.0 ], [ 138557.661113472102443, 456352.371202001697384, 0.0 ], [ 138559.20461710030213, 456352.922472815087531, 0.0 ], [ 138561.630102918570628, 456352.371251092874445, 0.0 ], [ 138556.117574524745578, 456349.284173178719357, 0.0 ], [ 138555.235602822765941, 456351.15841814869782, 0.0 ] ] ] ] } },
{ "type": "Feature", "properties": { "fid": 313, "FUNCTIE": "02_Maaiveld", "Info": null, "Verhaal": null }, "geometry": { "type": "MultiPolygon", "coordinates": [ [ [ [ 138451.824342183128465, 456555.121065522485878, 0.0 ], [ 138414.561047685798258, 456686.980619300971739, 0.0 ], [ 138483.578320031811018, 456698.446987242030445, 0.0 ], [ 138486.664373047271511, 456659.859417373023462, 0.0 ], [ 138546.19920348119922, 456645.747986025642604, 0.0 ], [ 138559.429524529463379, 456669.562244649452623, 0.0 ], [ 138646.968360378406942, 456676.618497099843808, 0.0 ], [ 138641.894719463423826, 456586.433728039148264, 0.0 ], [ 138619.624484621017473, 456569.23445370933041, 0.0 ], [ 138624.475194023747463, 456550.050912202452309, 0.0 ], [ 138695.91717795090517, 456571.881145794701297, 0.0 ], [ 138697.019619782164227, 456568.353143613901921, 0.0 ], [ 138621.608631802286254, 456544.979363682796247, 0.0 ], [ 138614.553013642900623, 456570.116412448755, 0.0 ], [ 138637.264693325967528, 456588.197695846902207, 0.0 ], [ 138642.116876943648094, 456671.76765081792837, 0.0 ], [ 138562.957459794619353, 456665.152026176394429, 0.0 ], [ 138548.624628621182637, 456640.455754755588714, 0.0 ], [ 138482.254322083957959, 456656.551858461753, 0.0 ], [ 138479.608823017886607, 456694.037138744548429, 0.0 ], [ 138418.750519888242707, 456683.673118993232492, 0.0 ], [ 138454.690434411342721, 456556.443885823478922, 0.0 ], [ 138451.824342183128465, 456555.121065522485878, 0.0 ] ] ] ] } },
{ "type": "Feature", "properties": { "fid": 314, "FUNCTIE": "04_Talut1", "Info": null, "Verhaal": null }, "geometry": { "type": "MultiPolygon", "coordinates": [ [ [ [ 138601.763605036976514, 456538.5846491222037, 0.0 ], [ 138589.85722197391442, 456580.038742765784264, 0.0 ], [ 138616.317444514104864, 456600.76607676333515, 0.0 ], [ 138617.199633439653553, 456614.216652564355172, 0.0 ], [ 138622.712421813979745, 456635.60530902526807, 0.0 ], [ 138620.286416451970581, 456599.663604867120739, 0.0 ], [ 138595.810710666439263, 456580.259296178817749, 0.0 ], [ 138607.496615843905602, 456540.569212084286846, 0.0 ], [ 138601.763605036976514, 456538.5846491222037, 0.0 ] ] ] ] } },
{ "type": "Feature", "properties": { "fid": 316, "FUNCTIE": "04_Talut1", "Info": null, "Verhaal": null }, "geometry": { "type": "MultiPolygon", "coordinates": [ [ [ [ 138614.994646250153892, 456614.657636676740367, 0.0 ], [ 138616.979589559952728, 456646.189321490295697, 0.0 ], [ 138586.550626364012714, 456643.763571437099017, 0.0 ], [ 138604.631668750895187, 456649.496744874690194, 0.0 ], [ 138620.948644222982693, 456650.819877605419606, 0.0 ], [ 138620.948436584789306, 456636.266798610973638, 0.0 ], [ 138614.994646250153892, 456614.657636676740367, 0.0 ] ] ] ] } },
{ "type": "Feature", "properties": { "fid": 317, "FUNCTIE": "04_Talut1", "Info": null, "Verhaal": null }, "geometry": { "type": "MultiPolygon", "coordinates": [ [ [ [ 138586.109658211498754, 456645.968581218505278, 0.0 ], [ 138577.289657750283368, 456644.866006151074544, 0.0 ], [ 138561.854275676829275, 456615.980206943582743, 0.0 ], [ 138461.968073030991945, 456640.675577909685671, 0.0 ], [ 138465.275768587627681, 456654.787715670128819, 0.0 ], [ 138466.157634477713145, 456644.644641884136945, 0.0 ], [ 138560.531350999634014, 456621.272228349989746, 0.0 ], [ 138575.966712329915026, 456648.614519020949956, 0.0 ], [ 138602.867694805929204, 456651.04024024726823, 0.0 ], [ 138586.109658211498754, 456645.968581218505278, 0.0 ] ] ] ] } },
{ "type": "Feature", "properties": { "fid": 318, "FUNCTIE": "04_Talut1", "Info": null, "Verhaal": null }, "geometry": { "type": "MultiPolygon", "coordinates": [ [ [ [ 138458.660571994492784, 456641.116555528773461, 0.0 ], [ 138457.117427640070673, 456668.017762241419405, 0.0 ], [ 138438.37484013690846, 456665.151099062990397, 0.0 ], [ 138468.582006597338477, 456560.192538734059781, 0.0 ], [ 138465.494990374485496, 456559.31050454248907, 0.0 ], [ 138434.626358106033877, 456667.356090171961114, 0.0 ], [ 138443.005403060320532, 456668.899665367614944, 0.0 ], [ 138443.887405516026774, 456668.899671879189555, 0.0 ], [ 138444.989917333849007, 456669.561185634171125, 0.0 ], [ 138460.865995167783694, 456672.427826350962278, 0.0 ], [ 138462.188765159808099, 456655.008193969959393, 0.0 ], [ 138458.660571994492784, 456641.116555528773461, 0.0 ] ] ] ] } },
{ "type": "Feature", "properties": { "fid": 319, "FUNCTIE": "04_Talut1", "Info": null, "Verhaal": null }, "geometry": { "type": "MultiPolygon", "coordinates": [ [ [ [ 138454.690434411342721, 456556.443885823478922, 0.0 ], [ 138418.750519888242707, 456683.673118993232492, 0.0 ], [ 138479.608823017886607, 456694.037138744548429, 0.0 ], [ 138482.254322083957959, 456656.551858461753, 0.0 ], [ 138548.624628621182637, 456640.455754755588714, 0.0 ], [ 138562.957459794619353, 456665.152026176394429, 0.0 ], [ 138642.116876943648094, 456671.76765081792837, 0.0 ], [ 138637.264693325967528, 456588.197695846902207, 0.0 ], [ 138614.553013642900623, 456570.116412448755, 0.0 ], [ 138621.608631802286254, 456544.979363682796247, 0.0 ], [ 138617.198628199315863, 456543.656316735781729, 0.0 ], [ 138609.261054990434786, 456571.880373603431508, 0.0 ], [ 138633.075246803375194, 456590.843671838520095, 0.0 ], [ 138637.4863166231371, 456666.475587970286142, 0.0 ], [ 138565.823901396448491, 456661.18302164063789, 0.0 ], [ 138551.050053434271831, 456635.16373953880975, 0.0 ], [ 138477.844270672183484, 456653.244299214100465, 0.0 ], [ 138475.198734776087804, 456688.083558762387838, 0.0 ], [ 138424.042483609373448, 456679.483619301114231, 0.0 ], [ 138459.100456753978506, 456557.546433913812507, 0.0 ], [ 138454.690434411342721, 456556.443885823478922, 0.0 ] ] ] ] } },
{ "type": "Feature", "properties": { "fid": 320, "FUNCTIE": "05_Talut2", "Info": null, "Verhaal": null }, "geometry": { "type": "MultiPolygon", "coordinates": [ [ [ [ 138463.069480810314417, 456558.869479377637617, 0.0 ], [ 138459.100456753978506, 456557.546433913812507, 0.0 ], [ 138424.042483609373448, 456679.483619301114231, 0.0 ], [ 138475.198734776087804, 456688.083558762387838, 0.0 ], [ 138477.844270672183484, 456653.244299214100465, 0.0 ], [ 138551.050053434271831, 456635.16373953880975, 0.0 ], [ 138565.823901396448491, 456661.18302164063789, 0.0 ], [ 138637.4863166231371, 456666.475587970286142, 0.0 ], [ 138633.075246803375194, 456590.843671838520095, 0.0 ], [ 138609.261054990434786, 456571.880373603431508, 0.0 ], [ 138617.198628199315863, 456543.656316735781729, 0.0 ], [ 138611.686127628170652, 456542.333259287232067, 0.0 ], [ 138602.205106502660783, 456574.085321595310234, 0.0 ], [ 138627.342304940713802, 456593.489635029633064, 0.0 ], [ 138631.532760144065833, 456661.183514737989753, 0.0 ], [ 138568.910823851387249, 456655.891010849562008, 0.0 ], [ 138553.695962405210594, 456628.769219829584472, 0.0 ], [ 138472.552205424377462, 456649.054725946800318, 0.0 ], [ 138471.780541404441465, 456655.559521242394112, 0.0 ], [ 138470.127144889178453, 456682.12997360661393, 0.0 ], [ 138443.336268810206093, 456677.554366894357372, 0.0 ], [ 138429.775450543966144, 456675.514625656418502, 0.0 ], [ 138463.069480810314417, 456558.869479377637617, 0.0 ] ] ] ] } },
{ "type": "Feature", "properties": { "fid": 321, "FUNCTIE": "02_Maaiveld", "Info": null, "Verhaal": null }, "geometry": { "type": "MultiPolygon", "coordinates": [ [ [ [ 138443.005403060320532, 456668.899665367614944, 0.0 ], [ 138434.626358106033877, 456667.356090171961114, 0.0 ], [ 138465.494990374485496, 456559.31050454248907, 0.0 ], [ 138463.069480810314417, 456558.869479377637617, 0.0 ], [ 138430.657406843907665, 456671.986601150594652, 0.0 ], [ 138442.123464908101596, 456673.750700370059349, 0.0 ], [ 138443.005403060320532, 456668.899665367614944, 0.0 ] ] ] ] } },
{ "type": "Feature", "properties": { "fid": 322, "FUNCTIE": "04_Talut1", "Info": null, "Verhaal": null }, "geometry": { "type": "MultiPolygon", "coordinates": [ [ [ [ 138429.775450543966144, 456675.514625656418502, 0.0 ], [ 138443.336268810206093, 456677.554366894357372, 0.0 ], [ 138444.989917333849007, 456669.561185634171125, 0.0 ], [ 138443.887405516026774, 456668.899671879189555, 0.0 ], [ 138442.509358553652419, 456675.073714549303986, 0.0 ], [ 138430.436922866094392, 456673.254485635494348, 0.0 ], [ 138429.775450543966144, 456675.514625656418502, 0.0 ] ] ] ] } },
{ "type": "Feature", "properties": { "fid": 323, "FUNCTIE": "04_Talut1", "Info": null, "Verhaal": null }, "geometry": { "type": "MultiPolygon", "coordinates": [ [ [ [ 138430.657406843907665, 456671.986601150594652, 0.0 ], [ 138430.436922866094392, 456673.254485635494348, 0.0 ], [ 138442.509358553652419, 456675.073714549303986, 0.0 ], [ 138442.123464908101596, 456673.750700370059349, 0.0 ], [ 138430.657406843907665, 456671.986601150594652, 0.0 ] ] ] ] } },
{ "type": "Feature", "properties": { "fid": 324, "FUNCTIE": "02_Maaiveld", "Info": null, "Verhaal": null }, "geometry": { "type": "MultiPolygon", "coordinates": [ [ [ [ 138444.989917333849007, 456669.561185634171125, 0.0 ], [ 138443.336268810206093, 456677.554366894357372, 0.0 ], [ 138470.127144889178453, 456682.12997360661393, 0.0 ], [ 138471.780541404441465, 456655.559521242394112, 0.0 ], [ 138465.275768587627681, 456654.787715670128819, 0.0 ], [ 138462.188765159808099, 456655.008193969959393, 0.0 ], [ 138460.865995167783694, 456672.427826350962278, 0.0 ], [ 138444.989917333849007, 456669.561185634171125, 0.0 ] ] ] ] } },
{ "type": "Feature", "properties": { "fid": 325, "FUNCTIE": "05_Talut2", "Info": null, "Verhaal": null }, "geometry": { "type": "MultiPolygon", "coordinates": [ [ [ [ 138458.660571994492784, 456641.116555528773461, 0.0 ], [ 138462.188765159808099, 456655.008193969959393, 0.0 ], [ 138465.275768587627681, 456654.787715670128819, 0.0 ], [ 138461.968073030991945, 456640.675577909685671, 0.0 ], [ 138458.660571994492784, 456641.116555528773461, 0.0 ] ] ] ] } },
{ "type": "Feature", "properties": { "fid": 326, "FUNCTIE": "02_Maaiveld", "Info": null, "Verhaal": null }, "geometry": { "type": "MultiPolygon", "coordinates": [ [ [ [ 138603.584426697256276, 456658.702665404649451, 0.0 ], [ 138631.532760144065833, 456661.183514737989753, 0.0 ], [ 138629.713262055476662, 456634.723359799652826, 0.0 ], [ 138622.712421813979745, 456635.60530902526807, 0.0 ], [ 138620.948436584789306, 456636.266798610973638, 0.0 ], [ 138620.948644222982693, 456650.819877605419606, 0.0 ], [ 138604.631668750895187, 456649.496744874690194, 0.0 ], [ 138603.584426697256276, 456658.702665404649451, 0.0 ] ] ] ] } },
{ "type": "Feature", "properties": { "fid": 327, "FUNCTIE": "02_Maaiveld", "Info": null, "Verhaal": null }, "geometry": { "type": "MultiPolygon", "coordinates": [ [ [ [ 138465.330879672925221, 456653.74033271020744, 0.0 ], [ 138468.473013048787834, 456653.905732971907128, 0.0 ], [ 138469.299778703076299, 456645.636924056219868, 0.0 ], [ 138555.294523845659569, 456624.304079642752185, 0.0 ], [ 138571.005522607942112, 456652.41812974557979, 0.0 ], [ 138602.426755171909463, 456655.229761283029802, 0.0 ], [ 138602.867694805929204, 456651.04024024726823, 0.0 ], [ 138575.966712329915026, 456648.614519020949956, 0.0 ], [ 138560.531350999634014, 456621.272228349989746, 0.0 ], [ 138466.157634477713145, 456644.644641884136945, 0.0 ], [ 138465.330879672925221, 456653.74033271020744, 0.0 ] ] ] ] } },
{ "type": "Feature", "properties": { "fid": 328, "FUNCTIE": "04_Talut1", "Info": null, "Verhaal": null }, "geometry": { "type": "MultiPolygon", "coordinates": [ [ [ [ 138465.275768587627681, 456654.787715670128819, 0.0 ], [ 138471.780541404441465, 456655.559521242394112, 0.0 ], [ 138469.63064467755612, 456654.236494414682966, 0.0 ], [ 138470.457423565647332, 456646.959943385561928, 0.0 ], [ 138554.79842920624651, 456626.453964101558086, 0.0 ], [ 138570.013301654485986, 456654.402634747268166, 0.0 ], [ 138602.426778594672214, 456656.883520975301508, 0.0 ], [ 138603.584426697256276, 456658.702665404649451, 0.0 ], [ 138604.080445071478607, 456651.260750816203654, 0.0 ], [ 138602.867694805929204, 456651.04024024726823, 0.0 ], [ 138602.426755171909463, 456655.229761283029802, 0.0 ], [ 138571.005522607942112, 456652.41812974557979, 0.0 ], [ 138555.294523845659569, 456624.304079642752185, 0.0 ], [ 138469.299778703076299, 456645.636924056219868, 0.0 ], [ 138468.473013048787834, 456653.905732971907128, 0.0 ], [ 138465.330879672925221, 456653.74033271020744, 0.0 ], [ 138465.275768587627681, 456654.787715670128819, 0.0 ] ] ] ] } },
{ "type": "Feature", "properties": { "fid": 329, "FUNCTIE": "05_Talut2", "Info": null, "Verhaal": null }, "geometry": { "type": "MultiPolygon", "coordinates": [ [ [ [ 138472.552205424377462, 456649.054725946800318, 0.0 ], [ 138553.695962405210594, 456628.769219829584472, 0.0 ], [ 138568.910823851387249, 456655.891010849562008, 0.0 ], [ 138603.584426697256276, 456658.702665404649451, 0.0 ], [ 138602.426778594672214, 456656.883520975301508, 0.0 ], [ 138570.013301654485986, 456654.402634747268166, 0.0 ], [ 138554.79842920624651, 456626.453964101558086, 0.0 ], [ 138470.457423565647332, 456646.959943385561928, 0.0 ], [ 138469.63064467755612, 456654.236494414682966, 0.0 ], [ 138471.780541404441465, 456655.559521242394112, 0.0 ], [ 138472.552205424377462, 456649.054725946800318, 0.0 ] ] ] ] } },
{ "type": "Feature", "properties": { "fid": 330, "FUNCTIE": "05_Talut2", "Info": null, "Verhaal": null }, "geometry": { "type": "MultiPolygon", "coordinates": [ [ [ [ 138586.109658211498754, 456645.968581218505278, 0.0 ], [ 138604.080445071478607, 456651.260750816203654, 0.0 ], [ 138604.631668750895187, 456649.496744874690194, 0.0 ], [ 138586.550626364012714, 456643.763571437099017, 0.0 ], [ 138586.109658211498754, 456645.968581218505278, 0.0 ] ] ] ] } },
{ "type": "Feature", "properties": { "fid": 331, "FUNCTIE": "05_Talut2", "Info": null, "Verhaal": null }, "geometry": { "type": "MultiPolygon", "coordinates": [ [ [ [ 138614.994646250153892, 456614.657636676740367, 0.0 ], [ 138620.948436584789306, 456636.266798610973638, 0.0 ], [ 138622.712421813979745, 456635.60530902526807, 0.0 ], [ 138617.199633439653553, 456614.216652564355172, 0.0 ], [ 138614.994646250153892, 456614.657636676740367, 0.0 ] ] ] ] } },
{ "type": "Feature", "properties": { "fid": 332, "FUNCTIE": "05_Talut2", "Info": null, "Verhaal": null }, "geometry": { "type": "MultiPolygon", "coordinates": [ [ [ [ 138609.536242271540686, 456541.120483718987089, 0.0 ], [ 138599.94499622026342, 456574.691679553710856, 0.0 ], [ 138625.578325920039788, 456594.536999935749918, 0.0 ], [ 138627.728756666299887, 456633.896464766410645, 0.0 ], [ 138629.713262055476662, 456634.723359799652826, 0.0 ], [ 138627.342304940713802, 456593.489635029633064, 0.0 ], [ 138602.205106502660783, 456574.085321595310234, 0.0 ], [ 138611.686127628170652, 456542.333259287232067, 0.0 ], [ 138609.536242271540686, 456541.120483718987089, 0.0 ] ] ] ] } },
{ "type": "Feature", "properties": { "fid": 333, "FUNCTIE": "02_Maaiveld", "Info": null, "Verhaal": null }, "geometry": { "type": "MultiPolygon", "coordinates": [ [ [ [ 138607.496615843905602, 456540.569212084286846, 0.0 ], [ 138595.810710666439263, 456580.259296178817749, 0.0 ], [ 138620.286416451970581, 456599.663604867120739, 0.0 ], [ 138622.602147752506426, 456633.896424091304652, 0.0 ], [ 138626.240384057309711, 456633.731077091710176, 0.0 ], [ 138624.089965354389278, 456595.198490399343427, 0.0 ], [ 138598.456641539261909, 456575.849297160515562, 0.0 ], [ 138608.378618569782702, 456540.955097102967557, 0.0 ], [ 138607.496615843905602, 456540.569212084286846, 0.0 ] ] ] ] } },
{ "type": "Feature", "properties": { "fid": 334, "FUNCTIE": "04_Talut1", "Info": null, "Verhaal": null }, "geometry": { "type": "MultiPolygon", "coordinates": [ [ [ [ 138609.536242271540686, 456541.120483718987089, 0.0 ], [ 138608.378618569782702, 456540.955097102967557, 0.0 ], [ 138598.456641539261909, 456575.849297160515562, 0.0 ], [ 138624.089965354389278, 456595.198490399343427, 0.0 ], [ 138626.240384057309711, 456633.731077091710176, 0.0 ], [ 138627.728756666299887, 456633.896464766410645, 0.0 ], [ 138625.578325920039788, 456594.536999935749918, 0.0 ], [ 138599.94499622026342, 456574.691679553710856, 0.0 ], [ 138609.536242271540686, 456541.120483718987089, 0.0 ] ] ] ] } },
{ "type": "Feature", "properties": { "fid": 335, "FUNCTIE": "04_Talut1", "Info": null, "Verhaal": null }, "geometry": { "type": "MultiPolygon", "coordinates": [ [ [ [ 138622.712421813979745, 456635.60530902526807, 0.0 ], [ 138629.713262055476662, 456634.723359799652826, 0.0 ], [ 138627.728756666299887, 456633.896464766410645, 0.0 ], [ 138626.240384057309711, 456633.731077091710176, 0.0 ], [ 138622.602147752506426, 456633.896424091304652, 0.0 ], [ 138622.712421813979745, 456635.60530902526807, 0.0 ] ] ] ] } },
{ "type": "Feature", "properties": { "fid": 337, "FUNCTIE": "02_Maaiveld", "Info": null, "Verhaal": null }, "geometry": { "type": "MultiPolygon", "coordinates": [ [ [ [ 138444.436674082186073, 456519.509782705514226, 0.0 ], [ 138453.256485540128779, 456504.185017642215826, 0.0 ], [ 138450.941231872595381, 456504.184994542272761, 0.0 ], [ 138441.68043477498577, 456520.722729525994509, 0.0 ], [ 138508.932847383257467, 456541.230004497512709, 0.0 ], [ 138527.674911969108507, 456478.607627550431062, 0.0 ], [ 138459.319195160438539, 456457.880008983251173, 0.0 ], [ 138458.548142906452995, 456477.945405948732514, 0.0 ], [ 138460.42240989592392, 456479.047932146117091, 0.0 ], [ 138461.083666024118429, 456460.746329371468164, 0.0 ], [ 138524.80843572341837, 456480.151105657569133, 0.0 ], [ 138507.169249446276808, 456539.13500991120236, 0.0 ], [ 138444.436674082186073, 456519.509782705514226, 0.0 ] ] ] ] } },
{ "type": "Feature", "properties": { "fid": 338, "FUNCTIE": "04_Talut1", "Info": null, "Verhaal": null }, "geometry": { "type": "MultiPolygon", "coordinates": [ [ [ [ 138459.761247886432102, 456504.405583953077439, 0.0 ], [ 138453.256485540128779, 456504.185017642215826, 0.0 ], [ 138444.436674082186073, 456519.509782705514226, 0.0 ], [ 138507.169249446276808, 456539.13500991120236, 0.0 ], [ 138524.80843572341837, 456480.151105657569133, 0.0 ], [ 138461.083666024118429, 456460.746329371468164, 0.0 ], [ 138460.42240989592392, 456479.047932146117091, 0.0 ], [ 138466.596466807211982, 456482.7965187865193, 0.0 ], [ 138466.816777930420358, 456468.684436867304612, 0.0 ], [ 138517.421739362733206, 456483.679047642566729, 0.0 ], [ 138503.420648549130419, 456531.748179797432385, 0.0 ], [ 138453.146394004259491, 456516.09209475730313, 0.0 ], [ 138459.761247886432102, 456504.405583953077439, 0.0 ] ] ] ] } },
{ "type": "Feature", "properties": { "fid": 339, "FUNCTIE": "05_Talut2", "Info": null, "Verhaal": null }, "geometry": { "type": "MultiPolygon", "coordinates": [ [ [ [ 138461.855916600296041, 456498.121315055992454, 0.0 ], [ 138459.761247886432102, 456504.405583953077439, 0.0 ], [ 138453.146394004259491, 456516.09209475730313, 0.0 ], [ 138503.420648549130419, 456531.748179797432385, 0.0 ], [ 138517.421739362733206, 456483.679047642566729, 0.0 ], [ 138466.816777930420358, 456468.684436867304612, 0.0 ], [ 138466.596466807211982, 456482.7965187865193, 0.0 ], [ 138463.950580601027468, 456491.506294970749877, 0.0 ], [ 138470.234865248232381, 456493.601121707004495, 0.0 ], [ 138474.313945482193958, 456480.701835994666908, 0.0 ], [ 138498.45880774667603, 456488.309378170350101, 0.0 ], [ 138489.087955672643147, 456517.856457340123598, 0.0 ], [ 138465.163584407273447, 456510.359175630030222, 0.0 ], [ 138468.360702103760559, 456500.216143576370087, 0.0 ], [ 138461.855916600296041, 456498.121315055992454, 0.0 ] ] ] ] } },
{ "type": "Feature", "properties": { "fid": 340, "FUNCTIE": "02_Maaiveld", "Info": null, "Verhaal": null }, "geometry": { "type": "MultiPolygon", "coordinates": [ [ [ [ 138455.79256120917853, 456496.026275283191353, 0.0 ], [ 138450.941231872595381, 456504.184994542272761, 0.0 ], [ 138459.761247886432102, 456504.405583953077439, 0.0 ], [ 138461.855916600296041, 456498.121315055992454, 0.0 ], [ 138468.360702103760559, 456500.216143576370087, 0.0 ], [ 138465.163584407273447, 456510.359175630030222, 0.0 ], [ 138489.087955672643147, 456517.856457340123598, 0.0 ], [ 138498.45880774667603, 456488.309378170350101, 0.0 ], [ 138474.313945482193958, 456480.701835994666908, 0.0 ], [ 138470.234865248232381, 456493.601121707004495, 0.0 ], [ 138463.950580601027468, 456491.506294970749877, 0.0 ], [ 138466.596466807211982, 456482.7965187865193, 0.0 ], [ 138458.548142906452995, 456477.945405948732514, 0.0 ], [ 138457.996623458253453, 456490.072760050999932, 0.0 ], [ 138445.648985659907339, 456486.324540637724567, 0.0 ], [ 138442.34155593405012, 456492.05711332266219, 0.0 ], [ 138455.79256120917853, 456496.026275283191353, 0.0 ] ] ] ] } },
{ "type": "Feature", "properties": { "fid": 350, "FUNCTIE": "02_Maaiveld", "Info": null, "Verhaal": null }, "geometry": { "type": "MultiPolygon", "coordinates": [ [ [ [ 134533.269647837674711, 459030.319475018361118, 0.0 ], [ 134532.938833678490482, 459032.386872312868945, 0.0 ], [ 134519.872373760183109, 459033.793086076620966, 0.0 ], [ 134520.037563888996374, 459057.361306425416842, 0.0 ], [ 134523.921676448750077, 459060.253508939407766, 0.0 ], [ 134527.939011308102636, 459062.266413004894275, 0.0 ], [ 134529.446935564454179, 459062.919065494148526, 0.0 ], [ 134533.227733054460259, 459064.090825450257398, 0.0 ], [ 134534.522792934207246, 459064.433627162594348, 0.0 ], [ 134537.384732244128827, 459066.030758405395318, 0.0 ], [ 134539.393948519107653, 459067.139291522616986, 0.0 ], [ 134541.749581393261906, 459068.317107959708665, 0.0 ], [ 134544.243780907039763, 459069.910624315729365, 0.0 ], [ 134546.114430542394985, 459071.850557270925492, 0.0 ], [ 134549.64295005283202, 459075.552558733208571, 0.0 ], [ 134548.237756311602425, 459077.620853834843729, 0.0 ], [ 134550.738174288126174, 459080.800719886668958, 0.0 ], [ 134552.400613563135266, 459083.726016344444361, 0.0 ], [ 134553.692651898716576, 459086.592082611110527, 0.0 ], [ 134554.600940765114501, 459089.313171938178129, 0.0 ], [ 134557.08653255351237, 459089.534079441102222, 0.0 ], [ 134557.416912135027815, 459109.779655131453183, 0.0 ], [ 134556.915435209986754, 459112.663039118750021, 0.0 ], [ 134555.764724348497111, 459115.618834222259466, 0.0 ], [ 134556.673078233754495, 459137.657816514081787, 0.0 ], [ 134575.095006079412997, 459146.496126012585592, 0.0 ], [ 134585.534548053663457, 459129.056312448403332, 0.0 ], [ 134588.428997066745069, 459130.627436468086671, 0.0 ], [ 134590.579212793294573, 459125.417551694379654, 0.0 ], [ 134598.132484262838261, 459112.875165245146491, 0.0 ], [ 134595.926756403117906, 459111.552839080395643, 0.0 ], [ 134588.434070739254821, 459123.901838696852792, 0.0 ], [ 134587.779898124630563, 459124.263418067654129, 0.0 ], [ 134586.079492279648548, 459124.386291697039269, 0.0 ], [ 134585.241554831532994, 459124.079822066647466, 0.0 ], [ 134566.07314964797115, 459112.341572573059238, 0.0 ], [ 134564.271750982763479, 459108.449366272601765, 0.0 ], [ 134574.567932795500383, 459091.462063554907218, 0.0 ], [ 134578.408668870426482, 459090.580475590773858, 0.0 ], [ 134584.917478488379857, 459079.7900351115386, 0.0 ], [ 134589.485788754391251, 459078.709605933865532, 0.0 ], [ 134599.566163404815597, 459085.199702169222292, 0.0 ], [ 134595.26634005503729, 459092.917031647753902, 0.0 ], [ 134588.65345226804493, 459088.730638969282154, 0.0 ], [ 134585.015478359011468, 459094.675365408940706, 0.0 ], [ 134591.403898044722155, 459098.986833824892528, 0.0 ], [ 134587.3250705760438, 459105.928162623429671, 0.0 ], [ 134578.946429621486459, 459100.747106444614474, 0.0 ], [ 134575.197738026472507, 459107.472434868337587, 0.0 ], [ 134584.455282369453926, 459113.203702514176257, 0.0 ], [ 134600.761165672098286, 459086.001375135907438, 0.0 ], [ 134608.262138648278778, 459090.482944515068084, 0.0 ], [ 134600.005977571767289, 459104.385160861827899, 0.0 ], [ 134603.094474133016774, 459106.03885128867114, 0.0 ], [ 134614.644917277822969, 459085.557586482551415, 0.0 ], [ 134605.134774717094842, 459058.681859910313506, 0.0 ], [ 134622.832371071563102, 459052.727255356090609, 0.0 ], [ 134622.253500660648569, 459050.163715430302545, 0.0 ], [ 134613.459622147376649, 459053.003404834365938, 0.0 ], [ 134604.528120964416303, 459056.311491341388319, 0.0 ], [ 134597.204439841734711, 459020.194029441627208, 0.0 ], [ 134533.26938046165742, 459030.319443738961127, 0.0 ], [ 134533.269647837674711, 459030.319475018361118, 0.0 ] ] ] ] } },
{ "type": "Feature", "properties": { "fid": 351, "FUNCTIE": "04_Talut1", "Info": null, "Verhaal": null }, "geometry": { "type": "MultiPolygon", "coordinates": [ [ [ [ 138442.123464908101596, 456673.750700370059349, 0.0 ], [ 138442.509358553652419, 456675.073714549303986, 0.0 ], [ 138443.887405516026774, 456668.899671879189555, 0.0 ], [ 138443.005403060320532, 456668.899665367614944, 0.0 ], [ 138442.123464908101596, 456673.750700370059349, 0.0 ] ] ] ] } },
{ "type": "Feature", "properties": { "fid": 352, "FUNCTIE": "02_Maaiveld", "Info": null, "Verhaal": null }, "geometry": { "type": "MultiPolygon", "coordinates": [ [ [ [ 138758.589611378818518, 456455.473147613753099, 0.0 ], [ 138757.202738677588059, 456459.510667515278328, 0.0 ], [ 138756.445031982118962, 456462.05393863550853, 0.0 ], [ 138754.568183870054781, 456465.049213911930565, 0.0 ], [ 138688.089239212538814, 456556.005020889861044, 0.0 ], [ 138628.884993274172302, 456537.151649130333681, 0.0 ], [ 138636.491824121359969, 456510.030117143585812, 0.0 ], [ 138664.274647495039972, 456506.722881123423576, 0.0 ], [ 138723.477451148355613, 456433.296832985361107, 0.0 ], [ 138642.443613891548011, 456392.944333354651462, 0.0 ], [ 138617.30689553252887, 456404.520320091629401, 0.0 ], [ 138575.962637931021163, 456357.88394428906031, 0.0 ], [ 138596.137794769456377, 456320.840103436436038, 0.0 ], [ 138528.995341196161462, 456291.733150035201106, 0.0 ], [ 138486.992079725372605, 456434.617216270882636, 0.0 ], [ 138490.189773952472024, 456435.609506779816002, 0.0 ], [ 138530.759414925822057, 456297.355939946370199, 0.0 ], [ 138589.633099550119368, 456322.934774565859698, 0.0 ], [ 138570.891161170235137, 456358.43513365695253, 0.0 ], [ 138616.31472503306577, 456409.812323657097295, 0.0 ], [ 138642.33342631222331, 456397.244091920845676, 0.0 ], [ 138716.421513755049091, 456434.068505911156535, 0.0 ], [ 138663.282330557820387, 456501.761605425272137, 0.0 ], [ 138633.074017140635988, 456505.068814974802081, 0.0 ], [ 138623.593046009191312, 456539.466858805448283, 0.0 ], [ 138699.224529144208645, 456563.061145823972765, 0.0 ], [ 138701.429470681177918, 456559.974155787960626, 0.0 ], [ 138690.624987945804605, 456556.887047074269503, 0.0 ], [ 138756.552685833128635, 456466.261986497789621, 0.0 ], [ 138757.323972191865323, 456465.380008810432628, 0.0 ], [ 138758.586527525039855, 456463.010603233589791, 0.0 ], [ 138760.795516840851633, 456457.708856343175285, 0.0 ], [ 138764.516538742056582, 456445.962887605826836, 0.0 ], [ 138762.38508158797049, 456414.061828574514948, 0.0 ], [ 138742.721581587975379, 456400.130128574499395, 0.0 ], [ 138638.316881587961689, 456338.834628574491944, 0.0 ], [ 138634.961581587966066, 456302.861628574493807, 0.0 ], [ 138613.264952643134166, 456285.974670602940023, 0.0 ], [ 138539.5713815879717, 456252.286828574491665, 0.0 ], [ 138512.665572253637947, 456255.212876599456649, 0.0 ], [ 138489.954081587959081, 456279.631828574463725, 0.0 ], [ 138448.786351372720674, 456415.499837020412087, 0.0 ], [ 138436.869620362384012, 456419.17185297125252, 0.0 ], [ 138430.211492962989723, 456433.066392931214068, 0.0 ], [ 138452.725262390944408, 456434.533302734373137, 0.0 ], [ 138455.047758481698111, 456433.688428652996663, 0.0 ], [ 138457.486005688348087, 456433.400129510788247, 0.0 ], [ 138459.848219790263101, 456433.671824486111291, 0.0 ], [ 138537.235940598911839, 456458.294460246688686, 0.0 ], [ 138540.636308843968436, 456459.85709997813683, 0.0 ], [ 138543.91442942887079, 456461.943906350759789, 0.0 ], [ 138546.699639869038947, 456464.318855860678013, 0.0 ], [ 138549.561927433387609, 456467.626000627526082, 0.0 ], [ 138551.288323092390783, 456470.333399868337438, 0.0 ], [ 138552.554479251557495, 456472.919565063726623, 0.0 ], [ 138554.310946385434363, 456476.793964929063804, 0.0 ], [ 138555.107704563444713, 456479.8424310014816, 0.0 ], [ 138556.008387721201871, 456483.029463713523, 0.0 ], [ 138555.939104401390068, 456487.186462903162464, 0.0 ], [ 138555.384837842779234, 456489.749945736781228, 0.0 ], [ 138554.484154685022077, 456492.729128489387222, 0.0 ], [ 138553.433959159126971, 456496.164835860952735, 0.0 ], [ 138540.037350058555603, 456543.166779501072597, 0.0 ], [ 138539.464905253320467, 456545.59079791320255, 0.0 ], [ 138538.292611320852302, 456548.700650850718375, 0.0 ], [ 138537.281361203669803, 456550.614803599426523, 0.0 ], [ 138535.532984013290843, 456553.145750029012561, 0.0 ], [ 138534.258435948053375, 456554.617632019158918, 0.0 ], [ 138532.260948510927847, 456556.521942123945337, 0.0 ], [ 138528.342587403050857, 456559.334988228161819, 0.0 ], [ 138526.124142618122278, 456560.557869083131664, 0.0 ], [ 138523.23574833542807, 456561.885353437683079, 0.0 ], [ 138519.008238377282396, 456563.258164123166353, 0.0 ], [ 138514.095090777642326, 456564.064025127911009, 0.0 ], [ 138509.060290652210824, 456564.109219547361135, 0.0 ], [ 138504.523543483606772, 456563.500161932664923, 0.0 ], [ 138430.708663833298488, 456540.804287206847221, 0.0 ], [ 138422.730114488862455, 456546.291998907108791, 0.0 ], [ 138468.568563614971936, 456560.239248049736489, 0.0 ], [ 138438.376624772674404, 456665.151372021529824, 0.0 ], [ 138457.117377910850337, 456668.017754635366146, 0.0 ], [ 138458.660311104933498, 456641.121103544370271, 0.0 ], [ 138461.968073030991945, 456640.675577909685671, 0.0 ], [ 138561.793211742362473, 456615.995081149041653, 0.0 ], [ 138577.300834998168284, 456644.867403402167838, 0.0 ], [ 138586.10991915082559, 456645.967276421724819, 0.0 ], [ 138586.555770798120648, 456643.76398154348135, 0.0 ], [ 138616.979584293352673, 456646.189237828017212, 0.0 ], [ 138614.994835252815392, 456614.660639066249132, 0.0 ], [ 138617.198652161459904, 456614.216848814219702, 0.0 ], [ 138616.318369626387721, 456600.78018178336788, 0.0 ], [ 138589.866260080249049, 456580.007275064359419, 0.0 ], [ 138603.30738306810963, 456533.291435632447246, 0.0 ], [ 138618.299621740239672, 456482.800223070313223, 0.0 ], [ 138654.009648768318584, 456478.830705844215117, 0.0 ], [ 138658.20687470282428, 456472.881028987292666, 0.0 ], [ 138656.688433977862587, 456471.525173148547765, 0.0 ], [ 138679.366831821593223, 456442.221091263112612, 0.0 ], [ 138650.271868482435821, 456427.673125108121894, 0.0 ], [ 138650.933285677077947, 456425.688779871154111, 0.0 ], [ 138644.319692790770205, 456422.381883366208058, 0.0 ], [ 138612.808353203203296, 456437.805484361364506, 0.0 ], [ 138542.984496513789054, 456359.205256313434802, 0.0 ], [ 138542.903536530939164, 456359.066229765594471, 0.0 ], [ 138556.548908100434346, 456333.073284888407215, 0.0 ], [ 138538.252355581324082, 456325.15400161256548, 0.0 ], [ 138504.080900238128379, 456440.019682218495291, 0.0 ], [ 138456.238385830336483, 456425.357722918095533, 0.0 ], [ 138498.418674218963133, 456283.683990002667997, 0.0 ], [ 138500.042262312257662, 456280.071051315404475, 0.0 ], [ 138501.582119101803983, 456277.360065686283633, 0.0 ], [ 138503.610400419915095, 456274.429517033277079, 0.0 ], [ 138506.179589790437603, 456271.433103894582018, 0.0 ], [ 138509.342170697666006, 456268.524524779058993, 0.0 ], [ 138511.806137684208807, 456266.710169193858746, 0.0 ], [ 138514.57271085420507, 456265.048701655352488, 0.0 ], [ 138518.364033876016038, 456263.307457383081783, 0.0 ], [ 138520.276175926352153, 456262.638188497454394, 0.0 ], [ 138524.041171852411935, 456261.689591700560413, 0.0 ], [ 138527.688607417891035, 456261.198408793017734, 0.0 ], [ 138531.172271280462155, 456261.089630909147672, 0.0 ], [ 138534.445952108100755, 456261.288249211153015, 0.0 ], [ 138541.408216592855752, 456262.6374079992529, 0.0 ], [ 138544.516618626541458, 456263.65650833316613, 0.0 ], [ 138547.41507153440034, 456264.891755851975176, 0.0 ], [ 138605.226753632043255, 456293.303582825872581, 0.0 ], [ 138609.004044622270158, 456294.939590265450533, 0.0 ], [ 138611.89458523169742, 456296.534860344254412, 0.0 ], [ 138614.064935781469103, 456297.949065778404474, 0.0 ], [ 138616.343467892264016, 456299.665992829599418, 0.0 ], [ 138618.656058253283845, 456301.704642628435977, 0.0 ], [ 138620.92858357320074, 456304.08401631587185, 0.0 ], [ 138623.086920578469289, 456306.82311504741665, 0.0 ], [ 138625.056946010154206, 456309.940939998545218, 0.0 ], [ 138626.764536618749844, 456313.456492370052729, 0.0 ], [ 138627.49675534965354, 456315.369354221911635, 0.0 ], [ 138628.519571739365347, 456318.874182790343184, 0.0 ], [ 138629.138224325812189, 456322.245626259013079, 0.0 ], [ 138629.397957348497584, 456328.53925140487263, 0.0 ], [ 138629.146766067278804, 456331.409044428844936, 0.0 ], [ 138628.71335511104553, 456334.059231956198346, 0.0 ], [ 138627.839404603117146, 456337.565452758164611, 0.0 ], [ 138626.539100463531213, 456341.227313721203245, 0.0 ], [ 138625.302668734366307, 456343.88175633555511, 0.0 ], [ 138733.444879142654827, 456402.383208858722355, 0.0 ], [ 138736.965817610034719, 456404.090610507817473, 0.0 ], [ 138739.88873992007575, 456405.797561178274918, 0.0 ], [ 138743.296868899895344, 456408.172807363793254, 0.0 ], [ 138748.182514594489476, 456412.477799830783624, 0.0 ], [ 138750.612270676385378, 456415.15597393119242, 0.0 ], [ 138754.041305612918222, 456419.877788262907416, 0.0 ], [ 138756.999071478989208, 456425.495686078327708, 0.0 ], [ 138758.629406738618854, 456429.892481174261775, 0.0 ], [ 138759.766040649265051, 456434.440296249464154, 0.0 ], [ 138760.367598546203226, 456438.822202543495223, 0.0 ], [ 138760.440979949577013, 456445.00121402478544, 0.0 ], [ 138759.758671357005369, 456450.594096059096046, 0.0 ], [ 138758.589611378818518, 456455.473147613753099, 0.0 ] ] ] ] } },
{ "type": "Feature", "properties": { "fid": 502, "FUNCTIE": "02_Maaiveld", "Info": null, "Verhaal": null }, "geometry": { "type": "MultiPolygon", "coordinates": [ [ [ [ 137574.104427909129299, 453603.184239293797873, 0.0 ], [ 137578.247685790760443, 453599.191389112500474, 0.0 ], [ 137541.840323953918414, 453564.190713590593077, 0.0 ], [ 137538.615900821256218, 453567.729204714938533, 0.0 ], [ 137546.603836510126712, 453575.672221669286955, 0.0 ], [ 137543.525959366786992, 453579.020683423615992, 0.0 ], [ 137553.445717630704166, 453583.610172678541858, 0.0 ], [ 137574.104427909129299, 453603.184239293797873, 0.0 ] ] ] ] } },
{ "type": "Feature", "properties": { "fid": 503, "FUNCTIE": "02_Maaiveld", "Info": null, "Verhaal": null }, "geometry": { "type": "MultiPolygon", "coordinates": [ [ [ [ 137774.15796681199572, 453837.745158525707666, 0.0 ], [ 137771.04440507554682, 453842.310037767514586, 0.0 ], [ 137795.862809286918491, 453861.980736138939392, 0.0 ], [ 137804.902465260383906, 453866.809763452853076, 0.0 ], [ 137808.481954187271185, 453862.230601299728733, 0.0 ], [ 137798.475757269188762, 453856.426539349777158, 0.0 ], [ 137774.15796681199572, 453837.745158525707666, 0.0 ] ] ] ] } },
{ "type": "Feature", "properties": { "fid": 504, "FUNCTIE": "05_Talut2", "Info": null, "Verhaal": null }, "geometry": { "type": "MultiPolygon", "coordinates": [ [ [ [ 137778.569646785326768, 453835.270304312056396, 0.0 ], [ 137800.240609905478777, 453852.421826518082526, 0.0 ], [ 137809.082729506335454, 453858.026595951290801, 0.0 ], [ 137813.952912280685268, 453854.294464859354775, 0.0 ], [ 137802.528558982361574, 453847.189785243710503, 0.0 ], [ 137781.370469494257122, 453831.159495716157835, 0.0 ], [ 137778.569646785326768, 453835.270304312056396, 0.0 ] ] ] ] } },
{ "type": "Feature", "properties": { "fid": 505, "FUNCTIE": "02_Maaiveld", "Info": null, "Verhaal": null }, "geometry": { "type": "MultiPolygon", "coordinates": [ [ [ [ 137809.591738032584544, 453860.035095267463475, 0.0 ], [ 137809.982862914854195, 453859.389643944101408, 0.0 ], [ 137799.653922369005159, 453853.39000351150753, 0.0 ], [ 137777.273444772174116, 453835.687943662749603, 0.0 ], [ 137776.817953343997942, 453836.252293890574947, 0.0 ], [ 137799.392233137536095, 453854.036026311747264, 0.0 ], [ 137809.591738032584544, 453860.035095267463475, 0.0 ] ] ] ] } },
{ "type": "Feature", "properties": { "fid": 506, "FUNCTIE": "05_Talut2", "Info": null, "Verhaal": null }, "geometry": { "type": "MultiPolygon", "coordinates": [ [ [ [ 137613.224178186326753, 453673.265865679830313, 0.0 ], [ 137611.622700217034435, 453672.57116322114598, 0.0 ], [ 137603.306548431020929, 453608.413181149517186, 0.0 ], [ 137550.003756694495678, 453558.152751518122386, 0.0 ], [ 137547.006049735151464, 453562.26526634208858, 0.0 ], [ 137597.910372989630559, 453610.624124390480574, 0.0 ], [ 137606.333393765962683, 453676.558956411317922, 0.0 ], [ 137612.511593241331866, 453678.992946316546295, 0.0 ], [ 137613.224178186326753, 453673.265865679830313, 0.0 ] ] ] ] } },
{ "type": "Feature", "properties": { "fid": 507, "FUNCTIE": "02_Maaiveld", "Info": null, "Verhaal": null }, "geometry": { "type": "MultiPolygon", "coordinates": [ [ [ [ 137613.869387639919296, 453683.010104904067703, 0.0 ], [ 137613.193235367856687, 453680.371212553640362, 0.0 ], [ 137605.183848178945482, 453677.356110114138573, 0.0 ], [ 137598.948162149521522, 453628.048598020977806, 0.0 ], [ 137596.87443450075807, 453611.650987457484007, 0.0 ], [ 137586.558402180264238, 453601.903049106476828, 0.0 ], [ 137544.599337529740296, 453562.254629749455489, 0.0 ], [ 137543.446795428724727, 453563.739395216165576, 0.0 ], [ 137585.542937029647874, 453602.976719387632329, 0.0 ], [ 137579.579027983680135, 453609.282471873622853, 0.0 ], [ 137590.379183814220596, 453629.385990430193488, 0.0 ], [ 137597.146880465443246, 453628.04063901968766, 0.0 ], [ 137603.457782906276407, 453678.952949095284566, 0.0 ], [ 137613.869387639919296, 453683.010104904067703, 0.0 ] ] ] ] } },
{ "type": "Feature", "properties": { "fid": 508, "FUNCTIE": "02_Maaiveld", "Info": null, "Verhaal": null }, "geometry": { "type": "MultiPolygon", "coordinates": [ [ [ [ 137830.01031603050069, 453882.402320308552589, 0.0 ], [ 137832.874304420809494, 453878.647174010635354, 0.0 ], [ 137824.234232345159398, 453871.231201699643862, 0.0 ], [ 137821.111151534249075, 453875.035764846950769, 0.0 ], [ 137830.01031603050069, 453882.402320308552589, 0.0 ] ] ] ] } },
{ "type": "Feature", "properties": { "fid": 509, "FUNCTIE": "02_Maaiveld", "Info": null, "Verhaal": null }, "geometry": { "type": "MultiPolygon", "coordinates": [ [ [ [ 137825.920841118902899, 453870.332598381792195, 0.0 ], [ 137833.465780999249546, 453876.578815591463353, 0.0 ], [ 137833.986622964614071, 453875.869219152955338, 0.0 ], [ 137826.441683219891274, 453869.623001955565996, 0.0 ], [ 137825.920841118902899, 453870.332598381792195, 0.0 ] ] ] ] } },
{ "type": "Feature", "properties": { "fid": 510, "FUNCTIE": "05_Talut2", "Info": null, "Verhaal": null }, "geometry": { "type": "MultiPolygon", "coordinates": [ [ [ [ 137828.385190975764999, 453869.178557452105451, 0.0 ], [ 137833.479023259133101, 453873.53713761921972, 0.0 ], [ 137837.442307359073311, 453869.995155787735712, 0.0 ], [ 137831.059167453524424, 453864.471244722662959, 0.0 ], [ 137828.385190975764999, 453869.178557452105451, 0.0 ] ] ] ] } },
{ "type": "Feature", "properties": { "fid": 511, "FUNCTIE": "02_Maaiveld", "Info": null, "Verhaal": null }, "geometry": { "type": "MultiPolygon", "coordinates": [ [ [ [ 137887.60624689841643, 453932.261569541995414, 0.0 ], [ 137866.933760899933986, 453912.794292564096395, 0.0 ], [ 137856.543464149406645, 453896.632595973380376, 0.0 ], [ 137843.15401750872843, 453885.100207418494392, 0.0 ], [ 137840.190604012663243, 453888.98276563140098, 0.0 ], [ 137852.642549187730765, 453900.047983726253733, 0.0 ], [ 137863.644823584822007, 453916.806223740975838, 0.0 ], [ 137884.418327037332347, 453935.550573742599227, 0.0 ], [ 137887.60624689841643, 453932.261569541995414, 0.0 ] ] ] ] } },
{ "type": "Feature", "properties": { "fid": 512, "FUNCTIE": "02_Maaiveld", "Info": null, "Verhaal": null }, "geometry": { "type": "MultiPolygon", "coordinates": [ [ [ [ 137844.939966192032443, 453884.081501673848834, 0.0 ], [ 137857.767859889281681, 453895.213145015994087, 0.0 ], [ 137868.524842480779625, 453911.646470023086295, 0.0 ], [ 137888.197882278240286, 453930.256429676781408, 0.0 ], [ 137888.914538849639939, 453929.288100348087028, 0.0 ], [ 137869.305419850221369, 453910.872721471707337, 0.0 ], [ 137858.365657814312726, 453894.632888342428487, 0.0 ], [ 137845.720262165850727, 453883.372518342570402, 0.0 ], [ 137844.939966192032443, 453884.081501673848834, 0.0 ] ] ] ] } },
{ "type": "Feature", "properties": { "fid": 513, "FUNCTIE": "05_Talut2", "Info": null, "Verhaal": null }, "geometry": { "type": "MultiPolygon", "coordinates": [ [ [ [ 137847.45691558739054, 453882.469920873350929, 0.0 ], [ 137859.225728554272791, 453893.433200856146868, 0.0 ], [ 137870.322662302671233, 453909.745861041126773, 0.0 ], [ 137888.924406766280299, 453927.021328152448405, 0.0 ], [ 137893.276988384575816, 453923.996530223987065, 0.0 ], [ 137874.921765063947532, 453906.053564434987493, 0.0 ], [ 137863.691340262099402, 453889.665341741405427, 0.0 ], [ 137850.623826046590693, 453878.719669184065424, 0.0 ], [ 137847.45691558739054, 453882.469920873350929, 0.0 ] ] ] ] } },
{ "type": "Feature", "properties": { "fid": 514, "FUNCTIE": "02_Maaiveld", "Info": null, "Verhaal": null }, "geometry": { "type": "MultiPolygon", "coordinates": [ [ [ [ 138321.248752903949935, 454193.497903130191844, 0.0 ], [ 138318.378155501850415, 454194.262435808428563, 0.0 ], [ 138262.067306778946659, 454299.144210160709918, 0.0 ], [ 138264.819840690266574, 454299.156343322363682, 0.0 ], [ 138321.248752903949935, 454193.497903130191844, 0.0 ] ] ] ] } },
{ "type": "Feature", "properties": { "fid": 515, "FUNCTIE": "02_Maaiveld", "Info": null, "Verhaal": null }, "geometry": { "type": "MultiPolygon", "coordinates": [ [ [ [ 138254.737446447717957, 454296.760487725143321, 0.0 ], [ 138259.780514694168232, 454297.528471534373239, 0.0 ], [ 138315.975188560056267, 454192.988904101250228, 0.0 ], [ 138309.199399219301995, 454195.063917819934431, 0.0 ], [ 138254.737446447717957, 454296.760487725143321, 0.0 ] ] ] ] } },
{ "type": "Feature", "properties": { "fid": 516, "FUNCTIE": "02_Maaiveld", "Info": null, "Verhaal": null }, "geometry": { "type": "MultiPolygon", "coordinates": [ [ [ [ 138251.866977875208249, 454297.493588507641107, 0.0 ], [ 138253.243245289602783, 454297.499655119783711, 0.0 ], [ 138308.052512391557684, 454195.058860466408078, 0.0 ], [ 138172.114850997953909, 454094.473408950841986, 0.0 ], [ 138170.071446577232564, 454095.596774253004696, 0.0 ], [ 138304.771581404143944, 454196.850809909461532, 0.0 ], [ 138251.866977875208249, 454297.493588507641107, 0.0 ] ] ] ] } },
{ "type": "Feature", "properties": { "fid": 517, "FUNCTIE": "02_Maaiveld", "Info": null, "Verhaal": null }, "geometry": { "type": "MultiPolygon", "coordinates": [ [ [ [ 138168.791765605012188, 454096.407742231793236, 0.0 ], [ 138140.410797876596916, 454121.633282563299872, 0.0 ], [ 138143.845413362549152, 454122.450661279202905, 0.0 ], [ 138153.786495822481811, 454129.256155632552691, 0.0 ], [ 138154.577249836409464, 454131.895539553661365, 0.0 ], [ 138158.621066854451783, 454132.683859605516773, 0.0 ], [ 138163.053919052967103, 454132.849760402343236, 0.0 ], [ 138201.826776271569543, 454124.540069981827401, 0.0 ], [ 138301.534875739220297, 454196.483039670391008, 0.0 ], [ 138247.581248455069726, 454297.491838206071407, 0.0 ], [ 138250.588062101975083, 454298.061400552280247, 0.0 ], [ 138303.853760029160185, 454197.07597065489972, 0.0 ], [ 138202.569886729877908, 454122.62086315068882, 0.0 ], [ 138168.791765605012188, 454096.407742231793236, 0.0 ] ] ] ] } },
{ "type": "Feature", "properties": { "fid": 518, "FUNCTIE": "02_Maaiveld", "Info": null, "Verhaal": null }, "geometry": { "type": "MultiPolygon", "coordinates": [ [ [ [ 137641.145740066509461, 453432.75585753575433, 0.0 ], [ 137646.623599705868401, 453431.75349789642496, 0.0 ], [ 137645.407173102226807, 453425.779129490372725, 0.0 ], [ 137640.059427394240629, 453427.113725709205028, 0.0 ], [ 137641.145740066509461, 453432.75585753575433, 0.0 ] ] ] ] } },
{ "type": "Feature", "properties": { "fid": 519, "FUNCTIE": "02_Maaiveld", "Info": null, "Verhaal": null }, "geometry": { "type": "MultiPolygon", "coordinates": [ [ [ [ 138047.903089935600292, 454042.102501096378546, 0.0 ], [ 138077.02046116135898, 453987.725156993139535, 0.0 ], [ 138045.461517122923397, 453897.415491352730896, 0.0 ], [ 137958.044204412261024, 453864.848538929945789, 0.0 ], [ 137903.923819876916241, 453893.206358846509829, 0.0 ], [ 137943.350869061687263, 453922.956858439662028, 0.0 ], [ 137957.827902576944325, 453914.540043283079285, 0.0 ], [ 138026.968642622174229, 453985.899824210733641, 0.0 ], [ 138018.381986869033426, 453999.614441813901067, 0.0 ], [ 138047.903089935600292, 454042.102501096378546, 0.0 ] ] ] ] } },
{ "type": "Feature", "properties": { "fid": 520, "FUNCTIE": "02_Maaiveld", "Info": null, "Verhaal": null }, "geometry": { "type": "MultiPolygon", "coordinates": [ [ [ [ 138190.124086631840328, 454311.866367302311119, 0.0 ], [ 138237.503259928023908, 454274.714223153539933, 0.0 ], [ 138275.864681999897584, 454202.911960034107324, 0.0 ], [ 138198.409026450186502, 454146.185171440243721, 0.0 ], [ 138136.693505493371049, 454159.436280837573577, 0.0 ], [ 138162.423346943047363, 454198.744401002128143, 0.0 ], [ 138180.997092532808892, 454196.992636015638709, 0.0 ], [ 138200.456544119748287, 454255.068180481495801, 0.0 ], [ 138184.821601286093937, 454266.230471445363946, 0.0 ], [ 138187.136932915571379, 454285.984804023348261, 0.0 ], [ 138190.124086631840328, 454311.866367302311119, 0.0 ] ] ] ] } },
{ "type": "Feature", "properties": { "fid": 521, "FUNCTIE": "05_Talut2", "Info": null, "Verhaal": null }, "geometry": { "type": "MultiPolygon", "coordinates": [ [ [ [ 138269.244983299693558, 454297.243153415096458, 0.0 ], [ 138276.405414348380873, 454298.748653023620136, 0.0 ], [ 138333.180648295761785, 454192.566886561049614, 0.0 ], [ 138323.648021146917017, 454195.621471055608708, 0.0 ], [ 138269.244983299693558, 454297.243153415096458, 0.0 ] ] ] ] } },
{ "type": "Feature", "properties": { "fid": 522, "FUNCTIE": "02_Maaiveld", "Info": null, "Verhaal": null }, "geometry": { "type": "MultiPolygon", "coordinates": [ [ [ [ 138233.660283018718474, 454301.814546955400147, 0.0 ], [ 138233.541041423828574, 454300.253324962337501, 0.0 ], [ 138232.764427910646191, 454299.18060684541706, 0.0 ], [ 138231.812224148365203, 454298.796785774582531, 0.0 ], [ 138229.972941432264633, 454298.969160657085013, 0.0 ], [ 138227.263701708958251, 454299.495864594588056, 0.0 ], [ 138225.376427498093108, 454300.073776776145678, 0.0 ], [ 138220.512812405097065, 454302.355103103094734, 0.0 ], [ 138217.816953814588487, 454303.922297061828431, 0.0 ], [ 138212.111080021044472, 454308.381469655840192, 0.0 ], [ 138203.868673091899836, 454315.510286937409546, 0.0 ], [ 138198.587488060584292, 454319.725800454965793, 0.0 ], [ 138192.010630512377247, 454325.303596359561197, 0.0 ], [ 138186.011288711364614, 454330.024264592269901, 0.0 ], [ 138179.789906901452923, 454335.294334901496768, 0.0 ], [ 138178.866376122750808, 454336.320424312376417, 0.0 ], [ 138178.15949636415462, 454337.575097250344697, 0.0 ], [ 138178.10294967572554, 454338.508912048768252, 0.0 ], [ 138178.498199460096657, 454339.443910736241378, 0.0 ], [ 138179.574635100638261, 454340.871432412881404, 0.0 ], [ 138179.987160079850582, 454341.200990328099579, 0.0 ], [ 138180.717864391073817, 454341.314720759051852, 0.0 ], [ 138181.614058596809627, 454340.981114526337478, 0.0 ], [ 138219.874193426250713, 454308.89760043064598, 0.0 ], [ 138223.04633439911413, 454306.886786778457463, 0.0 ], [ 138226.048392791679362, 454305.456296965130605, 0.0 ], [ 138228.780852674681228, 454304.556429597432725, 0.0 ], [ 138232.75622064457275, 454303.790141266421415, 0.0 ], [ 138233.549566460103961, 454302.946413698547985, 0.0 ], [ 138233.660283018718474, 454301.814546955400147, 0.0 ] ] ] ] } },
{ "type": "Feature", "properties": { "fid": 523, "FUNCTIE": "02_Maaiveld", "Info": null, "Verhaal": null }, "geometry": { "type": "MultiPolygon", "coordinates": [ [ [ [ 138079.837352879229002, 453872.445906373788603, 0.0 ], [ 138133.687919650401454, 454025.89732918527443, 0.0 ], [ 138134.530693952663569, 454024.170996889006346, 0.0 ], [ 138081.097992637660354, 453872.451471735257655, 0.0 ], [ 138079.837352879229002, 453872.445906373788603, 0.0 ] ] ] ] } },
{ "type": "Feature", "properties": { "fid": 524, "FUNCTIE": "05_Talut2", "Info": null, "Verhaal": null }, "geometry": { "type": "MultiPolygon", "coordinates": [ [ [ [ 138127.162812725786353, 454031.839790623460431, 0.0 ], [ 138131.584705340268556, 454027.068648452055641, 0.0 ], [ 138076.425394368940033, 453870.558808458677959, 0.0 ], [ 138071.73064430989325, 453876.077445572358556, 0.0 ], [ 138127.162812725786353, 454031.839790623460431, 0.0 ] ] ] ] } },
{ "type": "Feature", "properties": { "fid": 525, "FUNCTIE": "02_Maaiveld", "Info": null, "Verhaal": null }, "geometry": { "type": "MultiPolygon", "coordinates": [ [ [ [ 138126.639260362455389, 454039.149088411068078, 0.0 ], [ 138069.95600272496813, 453878.24708726152312, 0.0 ], [ 137953.932258706248831, 453835.331336295348592, 0.0 ], [ 137919.242496428312734, 453853.400244642572943, 0.0 ], [ 137890.340551171306288, 453826.433823096100241, 0.0 ], [ 137872.239602160552749, 453849.177867689111736, 0.0 ], [ 137873.527864531090017, 453850.333844848151784, 0.0 ], [ 137895.579379063652596, 453867.871390731306747, 0.0 ], [ 137896.290957497869385, 453868.321299417119008, 0.0 ], [ 137897.61028786181123, 453868.425098713021725, 0.0 ], [ 137898.738161439134274, 453867.898344197950792, 0.0 ], [ 137954.263599527912447, 453838.197903349355329, 0.0 ], [ 138059.485637995472644, 453876.853372309822589, 0.0 ], [ 138061.31102496443782, 453877.598952929314692, 0.0 ], [ 138062.654913646023488, 453878.482575682050083, 0.0 ], [ 138064.346790792857064, 453879.744467584649101, 0.0 ], [ 138066.857572704408085, 453881.802342663111631, 0.0 ], [ 138068.753529972658725, 453884.224346418457571, 0.0 ], [ 138070.097372261458077, 453886.776268725399859, 0.0 ], [ 138106.018477010598872, 453989.183083416312002, 0.0 ], [ 138106.91982244810788, 453992.31390018510865, 0.0 ], [ 138107.138918100157753, 453993.883249074511696, 0.0 ], [ 138106.693028508772841, 453996.667308479023632, 0.0 ], [ 138076.609672885504551, 454053.56587671750458, 0.0 ], [ 138076.314607927866746, 454054.545441586582456, 0.0 ], [ 138076.257434385915985, 454055.952340240881313, 0.0 ], [ 138076.510149746405659, 454056.360392974980641, 0.0 ], [ 138077.478265216137515, 454056.906131112016737, 0.0 ], [ 138087.636864833009895, 454062.190916880150326, 0.0 ], [ 138098.058852344984189, 454043.802117059880402, 0.0 ], [ 138093.147113296756288, 454028.59377413301263, 0.0 ], [ 138109.256648376554949, 453998.812399013666436, 0.0 ], [ 138124.877557085099397, 454042.514425057452172, 0.0 ], [ 138126.639260362455389, 454039.149088411068078, 0.0 ] ] ] ] } },
{ "type": "Feature", "properties": { "fid": 526, "FUNCTIE": "05_Talut2", "Info": null, "Verhaal": null }, "geometry": { "type": "MultiPolygon", "coordinates": [ [ [ [ 138021.419940318271983, 454071.794365215813741, 0.0 ], [ 138061.729363333986839, 454096.331143925024662, 0.0 ], [ 138067.582761877216399, 454094.38004033442121, 0.0 ], [ 138022.920633701782208, 454066.763934127811808, 0.0 ], [ 138021.419940318271983, 454071.794365215813741, 0.0 ] ] ] ] } },
{ "type": "Feature", "properties": { "fid": 527, "FUNCTIE": "02_Maaiveld", "Info": null, "Verhaal": null }, "geometry": { "type": "MultiPolygon", "coordinates": [ [ [ [ 138019.713064149807906, 454073.024371395178605, 0.0 ], [ 138060.433336685731774, 454097.872585057048127, 0.0 ], [ 138061.466641593317036, 454097.447376988828182, 0.0 ], [ 138020.318101915443549, 454072.253461196902208, 0.0 ], [ 138019.713064149807906, 454073.024371395178605, 0.0 ] ] ] ] } },
{ "type": "Feature", "properties": { "fid": 528, "FUNCTIE": "02_Maaiveld", "Info": null, "Verhaal": null }, "geometry": { "type": "MultiPolygon", "coordinates": [ [ [ [ 138022.405198570515495, 454086.444957300496753, 0.0 ], [ 138023.35554461836, 454085.331757094361819, 0.0 ], [ 138023.97539903561119, 454085.703713989816606, 0.0 ], [ 138052.503973983693868, 454102.822895512916148, 0.0 ], [ 138058.018239125027321, 454099.79587946535321, 0.0 ], [ 138017.126992699835682, 454074.732028138474561, 0.0 ], [ 138015.389601675153244, 454078.936073928896803, 0.0 ], [ 138015.782732897059759, 454080.066696253546979, 0.0 ], [ 138016.796001450478798, 454081.859402148402296, 0.0 ], [ 138018.101559009490302, 454083.30136124510318, 0.0 ], [ 138019.11483950886759, 454084.109703966532834, 0.0 ], [ 138019.83409147214843, 454084.714549774245825, 0.0 ], [ 138022.405198570515495, 454086.444957300496753, 0.0 ] ] ] ] } },
{ "type": "Feature", "properties": { "fid": 529, "FUNCTIE": "02_Maaiveld", "Info": null, "Verhaal": null }, "geometry": { "type": "MultiPolygon", "coordinates": [ [ [ [ 137862.536502953385934, 453801.313887385476846, 0.0 ], [ 137853.647126144729555, 453792.274965560238343, 0.0 ], [ 137866.384538517624605, 453753.695510433753952, 0.0 ], [ 137812.791001566540217, 453638.619992847496178, 0.0 ], [ 137684.411049216549145, 453643.324788709636778, 0.0 ], [ 137676.35328118968755, 453654.046892133541405, 0.0 ], [ 137678.285861048789229, 453654.510625086026266, 0.0 ], [ 137680.210051161964657, 453654.458832523610909, 0.0 ], [ 137682.402543673699256, 453653.995267615304329, 0.0 ], [ 137684.48808298597578, 453653.36116993665928, 0.0 ], [ 137686.728305179742165, 453652.482217014243361, 0.0 ], [ 137689.09760253757122, 453651.025002199457958, 0.0 ], [ 137692.019214017956983, 453649.165511846600566, 0.0 ], [ 137696.083394330955343, 453647.465083929302637, 0.0 ], [ 137701.025131819711532, 453646.262220290256664, 0.0 ], [ 137811.63492705245153, 453641.02157239097869, 0.0 ], [ 137863.747454074909911, 453754.007530965958722, 0.0 ], [ 137838.553108624648303, 453820.676547554379795, 0.0 ], [ 137844.182651643815916, 453825.75141018332215, 0.0 ], [ 137862.536502953385934, 453801.313887385476846, 0.0 ] ] ] ] } },
{ "type": "Feature", "properties": { "fid": 530, "FUNCTIE": "02_Maaiveld", "Info": null, "Verhaal": null }, "geometry": { "type": "MultiPolygon", "coordinates": [ [ [ [ 138075.352930457942421, 454118.137404805573169, 0.0 ], [ 138082.264178792422172, 454122.001537330681458, 0.0 ], [ 138085.31281655622297, 454128.495723032276146, 0.0 ], [ 138092.64933037609444, 454121.514165521308314, 0.0 ], [ 138089.757384049677057, 454114.504952650924679, 0.0 ], [ 138076.23619439167669, 454104.818551156262401, 0.0 ], [ 138067.519915779586881, 454108.819904979551211, 0.0 ], [ 138075.352930457942421, 454118.137404805573169, 0.0 ] ] ] ] } },
{ "type": "Feature", "properties": { "fid": 531, "FUNCTIE": "05_Talut2", "Info": null, "Verhaal": null }, "geometry": { "type": "MultiPolygon", "coordinates": [ [ [ [ 138079.141131470154505, 454104.831365006335545, 0.0 ], [ 138091.052399664302357, 454113.195513649843633, 0.0 ], [ 138093.732118943269597, 454119.593723922502249, 0.0 ], [ 138097.753238121804316, 454114.024502428772394, 0.0 ], [ 138096.901714801148046, 454112.181482324202079, 0.0 ], [ 138096.143941421847558, 454110.864214481436647, 0.0 ], [ 138095.108679491095245, 454109.422399538743775, 0.0 ], [ 138093.418547636305448, 454107.841022499720566, 0.0 ], [ 138089.523595441249199, 454104.9015187669429, 0.0 ], [ 138085.427035130240256, 454102.251621486444492, 0.0 ], [ 138084.139487687207293, 454101.845050872827414, 0.0 ], [ 138079.141131470154505, 454104.831365006335545, 0.0 ] ] ] ] } },
{ "type": "Feature", "properties": { "fid": 532, "FUNCTIE": "02_Maaiveld", "Info": null, "Verhaal": null }, "geometry": { "type": "MultiPolygon", "coordinates": [ [ [ [ 138097.459292323474074, 454181.565780157456174, 0.0 ], [ 138102.2778139821894, 454180.400347690854687, 0.0 ], [ 138095.35724150200258, 454151.059770692023449, 0.0 ], [ 138091.052025027165655, 454152.781554786139168, 0.0 ], [ 138093.240507841634098, 454163.427702396351378, 0.0 ], [ 138093.332486548024463, 454171.631098766636569, 0.0 ], [ 138094.581276774319122, 454171.355471602641046, 0.0 ], [ 138097.459292323474074, 454181.565780157456174, 0.0 ] ] ] ] } },
{ "type": "Feature", "properties": { "fid": 533, "FUNCTIE": "05_Talut2", "Info": null, "Verhaal": null }, "geometry": { "type": "MultiPolygon", "coordinates": [ [ [ [ 138097.639147069887258, 454140.239728026441298, 0.0 ], [ 138106.501471017545555, 454177.668469555850606, 0.0 ], [ 138111.57679979535169, 454176.74536568892654, 0.0 ], [ 138101.86542230748455, 454136.906192647758871, 0.0 ], [ 138097.639147069887258, 454140.239728026441298, 0.0 ] ] ] ] } },
{ "type": "Feature", "properties": { "fid": 534, "FUNCTIE": "02_Maaiveld", "Info": null, "Verhaal": null }, "geometry": { "type": "MultiPolygon", "coordinates": [ [ [ [ 138104.519693975104019, 454178.777122327417601, 0.0 ], [ 138105.294017242413247, 454178.608630516042467, 0.0 ], [ 138096.095363369589904, 454139.459340154659003, 0.0 ], [ 138094.976293662242824, 454139.841193994216155, 0.0 ], [ 138104.519693975104019, 454178.777122327417601, 0.0 ] ] ] ] } },
{ "type": "Feature", "properties": { "fid": 535, "FUNCTIE": "02_Maaiveld", "Info": null, "Verhaal": null }, "geometry": { "type": "MultiPolygon", "coordinates": [ [ [ [ 137799.203290715144249, 453794.73217988491524, 0.0 ], [ 137812.193615608644905, 453807.851271755353082, 0.0 ], [ 137813.952419942390407, 453803.663123589823954, 0.0 ], [ 137801.999332216451876, 453792.137586179189384, 0.0 ], [ 137799.203290715144249, 453794.73217988491524, 0.0 ] ] ] ] } },
{ "type": "Feature", "properties": { "fid": 536, "FUNCTIE": "02_Maaiveld", "Info": null, "Verhaal": null }, "geometry": { "type": "MultiPolygon", "coordinates": [ [ [ [ 137765.049055507493904, 453671.477463405870367, 0.0 ], [ 137769.150801081850659, 453671.56770107045304, 0.0 ], [ 137772.125197727611521, 453671.8353583823191, 0.0 ], [ 137775.412450990319485, 453672.334486696403474, 0.0 ], [ 137780.986974557163194, 453673.532270144030917, 0.0 ], [ 137783.529888907331042, 453674.365293811075389, 0.0 ], [ 137786.072803257644409, 453675.461377581523266, 0.0 ], [ 137789.188321572379209, 453677.088193259609398, 0.0 ], [ 137793.267934684379725, 453679.514106527261902, 0.0 ], [ 137796.031644157279516, 453681.501521860773209, 0.0 ], [ 137799.792878820037004, 453684.748714688990731, 0.0 ], [ 137802.787333560379921, 453687.890377971285488, 0.0 ], [ 137805.602399084687931, 453691.065695599478204, 0.0 ], [ 137795.749924752046354, 453670.044709868612699, 0.0 ], [ 137765.049055507493904, 453671.477463405870367, 0.0 ] ] ] ] } },
{ "type": "Feature", "properties": { "fid": 537, "FUNCTIE": "02_Maaiveld", "Info": null, "Verhaal": null }, "geometry": { "type": "MultiPolygon", "coordinates": [ [ [ [ 137780.312190288299462, 453692.073529716930352, 0.0 ], [ 137784.141238430747762, 453695.020633230975363, 0.0 ], [ 137789.979382830118993, 453692.440721160324756, 0.0 ], [ 137788.576326258742483, 453691.169084619905334, 0.0 ], [ 137787.727165875927312, 453690.460384073259775, 0.0 ], [ 137786.622224556427682, 453689.600427288154606, 0.0 ], [ 137785.402981922641629, 453688.726580184069462, 0.0 ], [ 137784.431849032233004, 453688.082805985584855, 0.0 ], [ 137783.479975417198148, 453687.493611742684152, 0.0 ], [ 137782.323491238290444, 453686.830149450688623, 0.0 ], [ 137781.211579256312689, 453686.243377810169477, 0.0 ], [ 137779.714614143362269, 453685.728256833099294, 0.0 ], [ 137780.312190288299462, 453692.073529716930352, 0.0 ] ] ] ] } },
{ "type": "Feature", "properties": { "fid": 538, "FUNCTIE": "02_Maaiveld", "Info": null, "Verhaal": null }, "geometry": { "type": "MultiPolygon", "coordinates": [ [ [ [ 137778.267725078330841, 453687.653132981387898, 0.0 ], [ 137777.827833522751462, 453679.951833319442812, 0.0 ], [ 137774.245185050589498, 453679.190743762417696, 0.0 ], [ 137774.67471161854337, 453687.778272753523197, 0.0 ], [ 137778.267725078330841, 453687.653132981387898, 0.0 ] ] ] ] } },
{ "type": "Feature", "properties": { "fid": 539, "FUNCTIE": "02_Maaiveld", "Info": null, "Verhaal": null }, "geometry": { "type": "MultiPolygon", "coordinates": [ [ [ [ 137768.742074055102421, 453689.407305815897416, 0.0 ], [ 137773.337791300786193, 453689.407555429730564, 0.0 ], [ 137772.919949276489206, 453684.185240104794502, 0.0 ], [ 137768.407791837293189, 453684.315095899393782, 0.0 ], [ 137768.742074055102421, 453689.407305815897416, 0.0 ] ] ] ] } },
{ "type": "Feature", "properties": { "fid": 540, "FUNCTIE": "02_Maaiveld", "Info": null, "Verhaal": null }, "geometry": { "type": "MultiPolygon", "coordinates": [ [ [ [ 137766.090064913616516, 453679.019269877753686, 0.0 ], [ 137762.409686222003074, 453679.184577310923487, 0.0 ], [ 137762.976525105361361, 453688.153642215300351, 0.0 ], [ 137767.252515806467272, 453688.028539510909468, 0.0 ], [ 137766.090064913616516, 453679.019269877753686, 0.0 ] ] ] ] } },
{ "type": "Feature", "properties": { "fid": 541, "FUNCTIE": "02_Maaiveld", "Info": null, "Verhaal": null }, "geometry": { "type": "MultiPolygon", "coordinates": [ [ [ [ 137756.291810527618509, 453684.685675817541778, 0.0 ], [ 137756.709652675577672, 453689.949770881852601, 0.0 ], [ 137761.305367738881614, 453689.532236956176348, 0.0 ], [ 137760.971085610653972, 453684.435260225669481, 0.0 ], [ 137756.291810527618509, 453684.685675817541778, 0.0 ] ] ] ] } },
{ "type": "Feature", "properties": { "fid": 542, "FUNCTIE": "02_Maaiveld", "Info": null, "Verhaal": null }, "geometry": { "type": "MultiPolygon", "coordinates": [ [ [ [ 137744.504065623332281, 453685.112862849142402, 0.0 ], [ 137744.927900000591762, 453690.239905891066883, 0.0 ], [ 137749.876017724076519, 453689.949399786652066, 0.0 ], [ 137749.532655482064001, 453685.113136313157156, 0.0 ], [ 137744.504065623332281, 453685.112862849142402, 0.0 ] ] ] ] } },
{ "type": "Feature", "properties": { "fid": 543, "FUNCTIE": "02_Maaiveld", "Info": null, "Verhaal": null }, "geometry": { "type": "MultiPolygon", "coordinates": [ [ [ [ 137739.496585083950777, 453689.405717393383384, 0.0 ], [ 137743.507396594330203, 453689.405935233924538, 0.0 ], [ 137742.695379304583184, 453680.227067400526721, 0.0 ], [ 137739.107675129023846, 453680.337234292237554, 0.0 ], [ 137739.496585083950777, 453689.405717393383384, 0.0 ] ] ] ] } },
{ "type": "Feature", "properties": { "fid": 544, "FUNCTIE": "02_Maaiveld", "Info": null, "Verhaal": null }, "geometry": { "type": "MultiPolygon", "coordinates": [ [ [ [ 137715.515264021087205, 453689.404414883581921, 0.0 ], [ 137738.076077567035099, 453688.152289300633129, 0.0 ], [ 137738.076049990719184, 453685.186025455477647, 0.0 ], [ 137715.515230691991746, 453685.769695892988238, 0.0 ], [ 137715.515264021087205, 453689.404414883581921, 0.0 ] ] ] ] } },
{ "type": "Feature", "properties": { "fid": 545, "FUNCTIE": "02_Maaiveld", "Info": null, "Verhaal": null }, "geometry": { "type": "MultiPolygon", "coordinates": [ [ [ [ 137710.521944242907921, 453691.060533929034136, 0.0 ], [ 137713.92766089111683, 453690.615901712444611, 0.0 ], [ 137713.266501517384313, 453680.831653065572027, 0.0 ], [ 137709.819179896614514, 453680.921438335150015, 0.0 ], [ 137710.521944242907921, 453691.060533929034136, 0.0 ] ] ] ] } },
{ "type": "Feature", "properties": { "fid": 546, "FUNCTIE": "02_Maaiveld", "Info": null, "Verhaal": null }, "geometry": { "type": "MultiPolygon", "coordinates": [ [ [ [ 137708.83059450390283, 453691.868976528814528, 0.0 ], [ 137708.830544143100269, 453686.354229803022463, 0.0 ], [ 137703.399237011792138, 453687.022388737241272, 0.0 ], [ 137700.224033869773848, 453689.946703437482938, 0.0 ], [ 137702.953198917093687, 453693.330901179870125, 0.0 ], [ 137708.83059450390283, 453691.868976528814528, 0.0 ] ] ] ] } },
{ "type": "Feature", "properties": { "fid": 547, "FUNCTIE": "02_Maaiveld", "Info": null, "Verhaal": null }, "geometry": { "type": "MultiPolygon", "coordinates": [ [ [ [ 137698.469349262944888, 453695.210685631027445, 0.0 ], [ 137701.226768796972465, 453693.330807516817003, 0.0 ], [ 137696.046079052728601, 453687.690443357336335, 0.0 ], [ 137693.461013778811321, 453689.941777704923879, 0.0 ], [ 137698.469349262944888, 453695.210685631027445, 0.0 ] ] ] ] } },
{ "type": "Feature", "properties": { "fid": 548, "FUNCTIE": "02_Maaiveld", "Info": null, "Verhaal": null }, "geometry": { "type": "MultiPolygon", "coordinates": [ [ [ [ 137690.838873660890386, 453695.712484890013002, 0.0 ], [ 137692.347554043342825, 453697.633500811643898, 0.0 ], [ 137694.124337960733101, 453699.722517004876863, 0.0 ], [ 137697.383099165570457, 453696.631092157855164, 0.0 ], [ 137694.0407157469308, 453692.703741729201283, 0.0 ], [ 137690.838873660890386, 453695.712484890013002, 0.0 ] ] ] ] } },
{ "type": "Feature", "properties": { "fid": 549, "FUNCTIE": "02_Maaiveld", "Info": null, "Verhaal": null }, "geometry": { "type": "MultiPolygon", "coordinates": [ [ [ [ 137691.427917612949386, 453697.633450984954834, 0.0 ], [ 137690.280605940322857, 453696.23708421306219, 0.0 ], [ 137687.105401640816126, 453699.220796085195616, 0.0 ], [ 137666.633655558776809, 453715.763941944635008, 0.0 ], [ 137670.895166599802906, 453717.268194833828602, 0.0 ], [ 137688.024585973558715, 453703.482243044942152, 0.0 ], [ 137686.938304522249382, 453701.476820846961346, 0.0 ], [ 137691.427917612949386, 453697.633450984954834, 0.0 ] ] ] ] } },
{ "type": "Feature", "properties": { "fid": 550, "FUNCTIE": "02_Maaiveld", "Info": null, "Verhaal": null }, "geometry": { "type": "MultiPolygon", "coordinates": [ [ [ [ 137691.434582273766864, 453703.178260102751665, 0.0 ], [ 137697.706554662523558, 453702.189610559260473, 0.0 ], [ 137703.543922272336204, 453703.047641193494201, 0.0 ], [ 137709.310819572187029, 453702.226857623842079, 0.0 ], [ 137711.733240094588837, 453698.627518917550333, 0.0 ], [ 137769.572600731975399, 453695.802095348422881, 0.0 ], [ 137771.515979784453521, 453695.741548110032454, 0.0 ], [ 137773.043015320698032, 453695.955720666446723, 0.0 ], [ 137774.120100456872024, 453696.243353988975286, 0.0 ], [ 137774.840360842383234, 453696.520879708288703, 0.0 ], [ 137775.335944201826351, 453696.760226203070488, 0.0 ], [ 137776.330771095876116, 453697.392209844430909, 0.0 ], [ 137776.815204289829126, 453697.79502486938145, 0.0 ], [ 137777.281110422249185, 453698.262507281207945, 0.0 ], [ 137777.478503557736985, 453698.489273241255432, 0.0 ], [ 137777.698136679566232, 453698.761380226816982, 0.0 ], [ 137777.97885781552759, 453699.150432937196456, 0.0 ], [ 137778.183409134246176, 453699.470703220518772, 0.0 ], [ 137778.925904989795526, 453701.186114265001379, 0.0 ], [ 137779.11284258813248, 453702.270246211672202, 0.0 ], [ 137779.125512635509949, 453702.860375915654004, 0.0 ], [ 137778.996395602211123, 453703.888272315845825, 0.0 ], [ 137783.234591775777517, 453705.641914513544179, 0.0 ], [ 137784.656214025919326, 453705.516467963578179, 0.0 ], [ 137785.08842403118615, 453705.64741154119838, 0.0 ], [ 137785.501704576076008, 453705.887667955132201, 0.0 ], [ 137785.911851641547401, 453706.291074307926465, 0.0 ], [ 137786.240077738824766, 453706.71165083697997, 0.0 ], [ 137786.873199878580635, 453707.632986418146174, 0.0 ], [ 137808.953030142409261, 453756.756164795311633, 0.0 ], [ 137804.99497018038528, 453757.658898459398188, 0.0 ], [ 137806.017932559887413, 453759.908390042139217, 0.0 ], [ 137805.975887515232898, 453762.366799130570143, 0.0 ], [ 137805.743962288252078, 453763.34025951375952, 0.0 ], [ 137805.585677414754173, 453763.77928748348495, 0.0 ], [ 137805.276190937351203, 453764.331849758396856, 0.0 ], [ 137800.261526435206179, 453779.89169366407441, 0.0 ], [ 137799.984437502309447, 453780.539666134049185, 0.0 ], [ 137799.865450058015995, 453780.770026955811772, 0.0 ], [ 137799.542450405861018, 453781.309971842740197, 0.0 ], [ 137799.306557861273177, 453781.701244206051342, 0.0 ], [ 137799.204267822467955, 453782.044173305621371, 0.0 ], [ 137799.255176873120945, 453782.35984642803669, 0.0 ], [ 137799.480780435784254, 453782.675894915533718, 0.0 ], [ 137799.783523356309161, 453782.905290442286059, 0.0 ], [ 137800.088949195545865, 453783.105101714027114, 0.0 ], [ 137800.25983748032013, 453783.219858675613068, 0.0 ], [ 137801.300657749699894, 453784.131664651446044, 0.0 ], [ 137801.626717805193039, 453784.533567822712939, 0.0 ], [ 137801.871242439956404, 453784.890133455512114, 0.0 ], [ 137802.044170615525218, 453785.178934538853355, 0.0 ], [ 137802.207454740360845, 453785.486726543749683, 0.0 ], [ 137802.355541765515227, 453785.884859393001534, 0.0 ], [ 137802.998473677318543, 453788.007881208090112, 0.0 ], [ 137804.661275945662055, 453783.538528139062691, 0.0 ], [ 137802.745386497175787, 453782.588938747299835, 0.0 ], [ 137805.003308284620289, 453775.35898189956788, 0.0 ], [ 137806.090801327867666, 453775.264711592462845, 0.0 ], [ 137807.134675929613877, 453772.152192485227715, 0.0 ], [ 137806.18233746511396, 453771.799250775540713, 0.0 ], [ 137808.952818135730922, 453764.65227672457695, 0.0 ], [ 137810.478233987087151, 453765.215049769438338, 0.0 ], [ 137812.73347315119463, 453759.185207327536773, 0.0 ], [ 137813.589919074962381, 453755.071568640763871, 0.0 ], [ 137812.751208379078889, 453755.294067101553082, 0.0 ], [ 137808.959161970647983, 453748.37300090061035, 0.0 ], [ 137809.94380691164406, 453747.188010873738676, 0.0 ], [ 137807.012002520699752, 453740.817519774951506, 0.0 ], [ 137805.602318437944632, 453741.172504874353763, 0.0 ], [ 137802.165645160799613, 453734.237239038164262, 0.0 ], [ 137803.555095858086133, 453733.502179403032642, 0.0 ], [ 137800.187392128951615, 453726.363259913807269, 0.0 ], [ 137798.753730390541023, 453727.044152868213132, 0.0 ], [ 137795.480697046325076, 453720.032277334248647, 0.0 ], [ 137796.587872873118613, 453719.257110257516615, 0.0 ], [ 137795.497481558646541, 453716.3997207293869, 0.0 ], [ 137793.790447312348988, 453716.697868653689511, 0.0 ], [ 137791.024518552352674, 453710.302270994812716, 0.0 ], [ 137792.145590950734913, 453709.342247345834039, 0.0 ], [ 137790.312775772210443, 453705.475459581415635, 0.0 ], [ 137788.130929032049607, 453700.872301347088069, 0.0 ], [ 137786.58716551415273, 453700.728099882369861, 0.0 ], [ 137784.961159816302825, 453696.933884852158371, 0.0 ], [ 137783.534082717524143, 453695.830652462784201, 0.0 ], [ 137781.914346601261059, 453694.73073626391124, 0.0 ], [ 137779.959486880979966, 453693.590744715300389, 0.0 ], [ 137778.673371794749983, 453692.94116882479284, 0.0 ], [ 137777.119538485363591, 453692.231623510073405, 0.0 ], [ 137772.950996989646228, 453692.438260255381465, 0.0 ], [ 137772.85734004972619, 453691.063917956256773, 0.0 ], [ 137769.517823779897299, 453691.063736660697032, 0.0 ], [ 137769.473267341265455, 453692.440504598314874, 0.0 ], [ 137761.285306056117406, 453692.687094551569317, 0.0 ], [ 137760.77253858326003, 453691.090104219911154, 0.0 ], [ 137757.468734651774867, 453691.536438024311792, 0.0 ], [ 137757.461706188390963, 453692.790739748743363, 0.0 ], [ 137749.5528702227748, 453693.123307094967458, 0.0 ], [ 137749.026032889349153, 453691.700412991573103, 0.0 ], [ 137745.509833559073741, 453691.622056128224358, 0.0 ], [ 137745.40659124814556, 453693.125957355252467, 0.0 ], [ 137738.076128279732075, 453693.607177327619866, 0.0 ], [ 137738.076116868818644, 453692.379759450792335, 0.0 ], [ 137716.26732454370358, 453692.975182624300942, 0.0 ], [ 137716.262234032270499, 453694.710578563739546, 0.0 ], [ 137708.449711231689434, 453695.121331261529122, 0.0 ], [ 137708.242820505693089, 453694.147047512233257, 0.0 ], [ 137704.4415602471272, 453695.170591671892907, 0.0 ], [ 137705.305737034505, 453696.142869536590297, 0.0 ], [ 137701.588497375603765, 453699.199018788873218, 0.0 ], [ 137699.445121199707501, 453699.709747229877394, 0.0 ], [ 137698.008571063372074, 453698.180464497709181, 0.0 ], [ 137694.040792302490445, 453701.164106450858526, 0.0 ], [ 137691.434582273766864, 453703.178260102751665, 0.0 ] ] ] ] } },
{ "type": "Feature", "properties": { "fid": 551, "FUNCTIE": "02_Maaiveld", "Info": null, "Verhaal": null }, "geometry": { "type": "MultiPolygon", "coordinates": [ [ [ [ 137806.57770025334321, 453783.112209438113496, 0.0 ], [ 137804.655614461604273, 453787.777563670242671, 0.0 ], [ 137808.953060573781841, 453789.656621676287614, 0.0 ], [ 137810.874715040845331, 453784.956657144648489, 0.0 ], [ 137806.57770025334321, 453783.112209438113496, 0.0 ] ] ] ] } },
{ "type": "Feature", "properties": { "fid": 552, "FUNCTIE": "02_Maaiveld", "Info": null, "Verhaal": null }, "geometry": { "type": "MultiPolygon", "coordinates": [ [ [ [ 137808.20341527328128, 453778.501759073988069, 0.0 ], [ 137806.57768837781623, 453781.885720443155151, 0.0 ], [ 137814.764107005757978, 453784.339130852546077, 0.0 ], [ 137816.164337295282166, 453781.088203372375574, 0.0 ], [ 137808.20341527328128, 453778.501759073988069, 0.0 ] ] ] ] } },
{ "type": "Feature", "properties": { "fid": 553, "FUNCTIE": "02_Maaiveld", "Info": null, "Verhaal": null }, "geometry": { "type": "MultiPolygon", "coordinates": [ [ [ [ 137807.451368668320356, 453776.371022877574433, 0.0 ], [ 137812.694606719916919, 453778.217677813139744, 0.0 ], [ 137813.952133229526225, 453774.178003380890004, 0.0 ], [ 137808.955382888496388, 453772.485715166316368, 0.0 ], [ 137807.451368668320356, 453776.371022877574433, 0.0 ] ] ] ] } },
{ "type": "Feature", "properties": { "fid": 554, "FUNCTIE": "02_Maaiveld", "Info": null, "Verhaal": null }, "geometry": { "type": "MultiPolygon", "coordinates": [ [ [ [ 137810.710102871700656, 453771.75467334035784, 0.0 ], [ 137819.38668054813752, 453774.824436898576096, 0.0 ], [ 137820.367258074169513, 453771.448261729674414, 0.0 ], [ 137812.088784466701327, 453768.412491679016966, 0.0 ], [ 137810.710102871700656, 453771.75467334035784, 0.0 ] ] ] ] } },
{ "type": "Feature", "properties": { "fid": 555, "FUNCTIE": "02_Maaiveld", "Info": null, "Verhaal": null }, "geometry": { "type": "MultiPolygon", "coordinates": [ [ [ [ 137814.344766763446387, 453758.636477541353088, 0.0 ], [ 137817.30197801135364, 453759.949343007698189, 0.0 ], [ 137818.989388744259486, 453760.2503042841563, 0.0 ], [ 137820.862286488030804, 453754.960201096546371, 0.0 ], [ 137819.232861476717517, 453751.241971059178468, 0.0 ], [ 137815.258652504853671, 453753.184452072076965, 0.0 ], [ 137814.344766763446387, 453758.636477541353088, 0.0 ] ] ] ] } },
{ "type": "Feature", "properties": { "fid": 556, "FUNCTIE": "02_Maaiveld", "Info": null, "Verhaal": null }, "geometry": { "type": "MultiPolygon", "coordinates": [ [ [ [ 137817.30197801135364, 453759.949343007698189, 0.0 ], [ 137814.344852095819078, 453767.40993096207967, 0.0 ], [ 137816.099588588956976, 453768.412704532500356, 0.0 ], [ 137818.989388744259486, 453760.2503042841563, 0.0 ], [ 137817.30197801135364, 453759.949343007698189, 0.0 ] ] ] ] } },
{ "type": "Feature", "properties": { "fid": 557, "FUNCTIE": "02_Maaiveld", "Info": null, "Verhaal": null }, "geometry": { "type": "MultiPolygon", "coordinates": [ [ [ [ 137815.598071582615376, 453751.30444469518261, 0.0 ], [ 137823.171485063852742, 453747.769294455647469, 0.0 ], [ 137821.287871662119869, 453744.054481267579831, 0.0 ], [ 137813.6128990217112, 453747.73229042388266, 0.0 ], [ 137815.598071582615376, 453751.30444469518261, 0.0 ] ] ] ] } },
{ "type": "Feature", "properties": { "fid": 558, "FUNCTIE": "02_Maaiveld", "Info": null, "Verhaal": null }, "geometry": { "type": "MultiPolygon", "coordinates": [ [ [ [ 137815.258581763511756, 453745.915020445827395, 0.0 ], [ 137816.644329598551849, 453745.175628200580832, 0.0 ], [ 137812.893805676721968, 453736.980476789991371, 0.0 ], [ 137811.085785859322641, 453737.767359514720738, 0.0 ], [ 137815.258581763511756, 453745.915020445827395, 0.0 ] ] ] ] } },
{ "type": "Feature", "properties": { "fid": 559, "FUNCTIE": "02_Maaiveld", "Info": null, "Verhaal": null }, "geometry": { "type": "MultiPolygon", "coordinates": [ [ [ [ 137807.450960504967952, 453734.237522374547552, 0.0 ], [ 137808.955046263610711, 453737.767245407856535, 0.0 ], [ 137816.755299004551489, 453733.563133495859802, 0.0 ], [ 137815.258427161257714, 453730.027982630592305, 0.0 ], [ 137807.450960504967952, 453734.237522374547552, 0.0 ] ] ] ] } },
{ "type": "Feature", "properties": { "fid": 560, "FUNCTIE": "02_Maaiveld", "Info": null, "Verhaal": null }, "geometry": { "type": "MultiPolygon", "coordinates": [ [ [ [ 137810.000592093681917, 453731.568188034580089, 0.0 ], [ 137806.0094693423016, 453723.040884271846153, 0.0 ], [ 137801.246662079589441, 453725.42199348640861, 0.0 ], [ 137805.230358762055403, 453733.506316349667031, 0.0 ], [ 137810.000592093681917, 453731.568188034580089, 0.0 ] ] ] ] } },
{ "type": "Feature", "properties": { "fid": 561, "FUNCTIE": "02_Maaiveld", "Info": null, "Verhaal": null }, "geometry": { "type": "MultiPolygon", "coordinates": [ [ [ [ 137802.318354887247551, 453723.291355781781022, 0.0 ], [ 137810.111527266650228, 453719.593569944496267, 0.0 ], [ 137808.95263276307378, 453715.771612691227347, 0.0 ], [ 137800.92781057668617, 453719.781900526199024, 0.0 ], [ 137802.318354887247551, 453723.291355781781022, 0.0 ] ] ] ] } },
{ "type": "Feature", "properties": { "fid": 562, "FUNCTIE": "02_Maaiveld", "Info": null, "Verhaal": null }, "geometry": { "type": "MultiPolygon", "coordinates": [ [ [ [ 137802.917646908259485, 453717.149972470360808, 0.0 ], [ 137800.970366373949219, 453713.249308241996914, 0.0 ], [ 137796.725232325086836, 453715.332281093171332, 0.0 ], [ 137798.301169385173125, 453719.423263707780279, 0.0 ], [ 137802.917646908259485, 453717.149972470360808, 0.0 ] ] ] ] } },
{ "type": "Feature", "properties": { "fid": 563, "FUNCTIE": "02_Maaiveld", "Info": null, "Verhaal": null }, "geometry": { "type": "MultiPolygon", "coordinates": [ [ [ [ 137797.549084116355516, 453713.264297787682153, 0.0 ], [ 137805.230128983472241, 453709.7562838474405, 0.0 ], [ 137802.96566348572378, 453706.155013364506885, 0.0 ], [ 137795.901306323212339, 453709.69216105574742, 0.0 ], [ 137797.549084116355516, 453713.264297787682153, 0.0 ] ] ] ] } },
{ "type": "Feature", "properties": { "fid": 564, "FUNCTIE": "02_Maaiveld", "Info": null, "Verhaal": null }, "geometry": { "type": "MultiPolygon", "coordinates": [ [ [ [ 137794.536735157045769, 453702.610659445170313, 0.0 ], [ 137796.943232697114581, 453707.529386565613095, 0.0 ], [ 137798.301049653120572, 453706.997588051715866, 0.0 ], [ 137795.775380013103131, 453701.616901191417128, 0.0 ], [ 137794.536735157045769, 453702.610659445170313, 0.0 ] ] ] ] } },
{ "type": "Feature", "properties": { "fid": 565, "FUNCTIE": "02_Maaiveld", "Info": null, "Verhaal": null }, "geometry": { "type": "MultiPolygon", "coordinates": [ [ [ [ 137790.968874543323182, 453703.801149000937585, 0.0 ], [ 137795.775380013103131, 453701.616901191417128, 0.0 ], [ 137793.976811965898378, 453697.785231636371464, 0.0 ], [ 137789.025992690876592, 453699.727656020666473, 0.0 ], [ 137790.968874543323182, 453703.801149000937585, 0.0 ] ] ] ] } },
{ "type": "Feature", "properties": { "fid": 566, "FUNCTIE": "02_Maaiveld", "Info": null, "Verhaal": null }, "geometry": { "type": "MultiPolygon", "coordinates": [ [ [ [ 137790.342019664094551, 453697.785034696746152, 0.0 ], [ 137798.679948279808741, 453694.568585724511649, 0.0 ], [ 137795.942450319300406, 453690.949543478665873, 0.0 ], [ 137788.712596850527916, 453694.338233782211319, 0.0 ], [ 137790.342019664094551, 453697.785034696746152, 0.0 ] ] ] ] } },
{ "type": "Feature", "properties": { "fid": 567, "FUNCTIE": "02_Maaiveld", "Info": null, "Verhaal": null }, "geometry": { "type": "MultiPolygon", "coordinates": [ [ [ [ 137672.951385910244426, 453719.111203335633036, 0.0 ], [ 137696.475902206235332, 453728.29998092079768, 0.0 ], [ 137709.252434899535729, 453715.635319379740395, 0.0 ], [ 137784.518308446044102, 453762.210633207811043, 0.0 ], [ 137779.460407627251698, 453778.863234706397634, 0.0 ], [ 137796.126623640215257, 453794.637023107032292, 0.0 ], [ 137800.674166052573128, 453789.897830588219222, 0.0 ], [ 137794.399095563800074, 453782.883057519968133, 0.0 ], [ 137801.712737590976758, 453761.427038550260477, 0.0 ], [ 137789.323449302493827, 453734.011991020408459, 0.0 ], [ 137792.753947876597522, 453731.746767759264912, 0.0 ], [ 137784.561954271048307, 453712.701750141161028, 0.0 ], [ 137767.253005489474162, 453739.786526053503621, 0.0 ], [ 137763.651691630569985, 453737.764819336822256, 0.0 ], [ 137774.128774035489187, 453700.450304449768737, 0.0 ], [ 137748.335990304709412, 453701.883526372199412, 0.0 ], [ 137745.568262159562437, 453705.825151032069698, 0.0 ], [ 137700.004621439031325, 453707.514855829183944, 0.0 ], [ 137698.940768605389167, 453707.203234934713691, 0.0 ], [ 137698.116634983831318, 453706.81888930889545, 0.0 ], [ 137691.434582273766864, 453703.178260102751665, 0.0 ], [ 137690.86626831808826, 453703.663642289058771, 0.0 ], [ 137672.951385910244426, 453719.111203335633036, 0.0 ] ] ] ] } },
{ "type": "Feature", "properties": { "fid": 568, "FUNCTIE": "05_Talut2", "Info": null, "Verhaal": null }, "geometry": { "type": "MultiPolygon", "coordinates": [ [ [ [ 137708.016741393337725, 453517.790437774383463, 0.0 ], [ 137712.716790363920154, 453512.227966994978487, 0.0 ], [ 137682.244608145148959, 453324.944748573703691, 0.0 ], [ 137557.633811543928459, 453306.171489191066939, 0.0 ], [ 137501.450901707517914, 453327.697778590605594, 0.0 ], [ 137506.866991670336574, 453331.503677746048197, 0.0 ], [ 137558.6368083168054, 453312.708365328668151, 0.0 ], [ 137677.292652111675125, 453330.423836951260455, 0.0 ], [ 137708.016741393337725, 453517.790437774383463, 0.0 ] ] ] ] } },
{ "type": "Feature", "properties": { "fid": 569, "FUNCTIE": "02_Maaiveld", "Info": null, "Verhaal": null }, "geometry": { "type": "MultiPolygon", "coordinates": [ [ [ [ 137506.277493126341142, 453335.283012973319273, 0.0 ], [ 137508.103192161244806, 453337.124757448211312, 0.0 ], [ 137558.685471370728919, 453317.534808050084393, 0.0 ], [ 137661.975112256157445, 453333.297008609457407, 0.0 ], [ 137663.688550322287483, 453333.745109812822193, 0.0 ], [ 137665.355301842297195, 453334.384047863073647, 0.0 ], [ 137667.171101303305477, 453335.345145194209181, 0.0 ], [ 137668.567425134504447, 453336.317845801298972, 0.0 ], [ 137669.490046667808201, 453337.102018454461358, 0.0 ], [ 137670.390704607823864, 453338.004564205126371, 0.0 ], [ 137671.146334930788726, 453338.893596174020786, 0.0 ], [ 137672.091289888368919, 453340.239937613834627, 0.0 ], [ 137672.83247702033259, 453341.570907071465626, 0.0 ], [ 137673.225853428419214, 453342.432611086464021, 0.0 ], [ 137673.683479518629611, 453343.661150222760625, 0.0 ], [ 137674.155300263286335, 453345.452658883819822, 0.0 ], [ 137691.824274157203035, 453456.326096299220808, 0.0 ], [ 137630.283869623934152, 453520.740399360074662, 0.0 ], [ 137632.456416579399956, 453522.875644740823191, 0.0 ], [ 137670.141047623648774, 453482.807954037270974, 0.0 ], [ 137672.773270390985999, 453496.803840828244574, 0.0 ], [ 137640.603466096683405, 453530.802048298995942, 0.0 ], [ 137641.564402152725961, 453531.976908408163581, 0.0 ], [ 137674.528006755950628, 453497.305281256616581, 0.0 ], [ 137671.269085464911768, 453482.348457540094387, 0.0 ], [ 137692.357949919212842, 453460.036214926978573, 0.0 ], [ 137699.60692953155376, 453505.399116830958519, 0.0 ], [ 137688.341472785134101, 453517.718442171288189, 0.0 ], [ 137699.509133534913417, 453540.341252527025063, 0.0 ], [ 137715.67209568223916, 453514.25895587191917, 0.0 ], [ 137714.549966639315244, 453512.350674457848072, 0.0 ], [ 137706.011830722098239, 453525.49241614958737, 0.0 ], [ 137674.646762739983387, 453332.704213970864657, 0.0 ], [ 137558.510723585146479, 453315.343704293423798, 0.0 ], [ 137506.277493126341142, 453335.283012973319273, 0.0 ] ] ] ] } },
{ "type": "Feature", "properties": { "fid": 570, "FUNCTIE": "02_Maaiveld", "Info": null, "Verhaal": null }, "geometry": { "type": "MultiPolygon", "coordinates": [ [ [ [ 137496.115134430758189, 453325.093544598144945, 0.0 ], [ 137497.880906669568503, 453326.421340007858817, 0.0 ], [ 137557.645291152235586, 453303.535643503942993, 0.0 ], [ 137683.969067503116094, 453323.714787567791063, 0.0 ], [ 137711.269054741307627, 453492.066061784222256, 0.0 ], [ 137712.813599551853258, 453489.994962719036266, 0.0 ], [ 137685.2389795849449, 453322.056936210603453, 0.0 ], [ 137557.65327696656459, 453301.702011777320877, 0.0 ], [ 137496.115134430758189, 453325.093544598144945, 0.0 ] ] ] ] } },
{ "type": "Feature", "properties": { "fid": 571, "FUNCTIE": "02_Maaiveld", "Info": null, "Verhaal": null }, "geometry": { "type": "MultiPolygon", "coordinates": [ [ [ [ 137636.676134781126166, 453522.875884997774847, 0.0 ], [ 137640.603436193981906, 453527.383745153783821, 0.0 ], [ 137670.141166052955668, 453496.093458460527472, 0.0 ], [ 137668.01036814332474, 453490.279867616307456, 0.0 ], [ 137636.676134781126166, 453522.875884997774847, 0.0 ] ] ] ] } },
{ "type": "Feature", "properties": { "fid": 572, "FUNCTIE": "02_Maaiveld", "Info": null, "Verhaal": null }, "geometry": { "type": "MultiPolygon", "coordinates": [ [ [ [ 137543.63203421633807, 453367.659486742748413, 0.0 ], [ 137533.187070775922621, 453356.128043045348022, 0.0 ], [ 137529.259814120945521, 453357.966056357137859, 0.0 ], [ 137541.12528773091617, 453370.33315190859139, 0.0 ], [ 137543.63203421633807, 453367.659486742748413, 0.0 ] ] ] ] } },
{ "type": "Feature", "properties": { "fid": 573, "FUNCTIE": "02_Maaiveld", "Info": null, "Verhaal": null }, "geometry": { "type": "MultiPolygon", "coordinates": [ [ [ [ 137541.912844548525754, 453362.18642191257095, 0.0 ], [ 137545.735395592171699, 453366.329736030776985, 0.0 ], [ 137551.713293845503358, 453363.616944042034447, 0.0 ], [ 137549.648209388105897, 453359.38773350440897, 0.0 ], [ 137541.912844548525754, 453362.18642191257095, 0.0 ] ] ] ] } },
{ "type": "Feature", "properties": { "fid": 574, "FUNCTIE": "02_Maaiveld", "Info": null, "Verhaal": null }, "geometry": { "type": "MultiPolygon", "coordinates": [ [ [ [ 137549.319820913631702, 453354.331949655956123, 0.0 ], [ 137552.906176067015622, 453362.312465058173984, 0.0 ], [ 137556.583613749360666, 453361.142836090701167, 0.0 ], [ 137552.90609813289484, 453352.870507868705317, 0.0 ], [ 137549.319820913631702, 453354.331949655956123, 0.0 ] ] ] ] } },
{ "type": "Feature", "properties": { "fid": 575, "FUNCTIE": "02_Maaiveld", "Info": null, "Verhaal": null }, "geometry": { "type": "MultiPolygon", "coordinates": [ [ [ [ 137558.923276250483468, 453362.739835065789521, 0.0 ], [ 137563.769685752835358, 453361.978830056497827, 0.0 ], [ 137564.438108184054727, 453356.129904452187475, 0.0 ], [ 137561.346423834707821, 453355.461267106351443, 0.0 ], [ 137556.667140156816458, 453357.215678118227515, 0.0 ], [ 137558.923276250483468, 453362.739835065789521, 0.0 ] ] ] ] } },
{ "type": "Feature", "properties": { "fid": 576, "FUNCTIE": "02_Maaiveld", "Info": null, "Verhaal": null }, "geometry": { "type": "MultiPolygon", "coordinates": [ [ [ [ 137565.273733858484775, 453360.558456470025703, 0.0 ], [ 137568.866766639868729, 453360.684005198068917, 0.0 ], [ 137569.932838915381581, 453352.242337762669194, 0.0 ], [ 137566.21468703597202, 453351.630871491623111, 0.0 ], [ 137565.273733858484775, 453360.558456470025703, 0.0 ] ] ] ] } },
{ "type": "Feature", "properties": { "fid": 577, "FUNCTIE": "02_Maaiveld", "Info": null, "Verhaal": null }, "geometry": { "type": "MultiPolygon", "coordinates": [ [ [ [ 137570.537933235347737, 453359.388976683956571, 0.0 ], [ 137588.241558981942944, 453361.980285419209395, 0.0 ], [ 137588.670202389796032, 453359.390055767027661, 0.0 ], [ 137570.872147761227097, 453356.882297418313101, 0.0 ], [ 137570.537933235347737, 453359.388976683956571, 0.0 ] ] ] ] } },
{ "type": "Feature", "properties": { "fid": 578, "FUNCTIE": "02_Maaiveld", "Info": null, "Verhaal": null }, "geometry": { "type": "MultiPolygon", "coordinates": [ [ [ [ 137590.257844687468605, 453362.314686196390539, 0.0 ], [ 137593.098847971588839, 453362.741867108270526, 0.0 ], [ 137593.788253059174167, 453355.676449718768708, 0.0 ], [ 137591.213680224464042, 453355.054144123278093, 0.0 ], [ 137590.257844687468605, 453362.314686196390539, 0.0 ] ] ] ] } },
{ "type": "Feature", "properties": { "fid": 579, "FUNCTIE": "02_Maaiveld", "Info": null, "Verhaal": null }, "geometry": { "type": "MultiPolygon", "coordinates": [ [ [ [ 137609.784228967357194, 453365.893843051511794, 0.0 ], [ 137610.103061268746387, 453362.742878157936502, 0.0 ], [ 137594.853565829980653, 453360.727329488145187, 0.0 ], [ 137594.853582934825681, 453362.741971438226756, 0.0 ], [ 137602.478333700913936, 453363.994424913893454, 0.0 ], [ 137608.536384229082614, 453364.989529760612641, 0.0 ], [ 137609.784228967357194, 453365.893843051511794, 0.0 ] ] ] ] } },
{ "type": "Feature", "properties": { "fid": 580, "FUNCTIE": "02_Maaiveld", "Info": null, "Verhaal": null }, "geometry": { "type": "MultiPolygon", "coordinates": [ [ [ [ 137609.559977204626193, 453368.331902013975196, 0.0 ], [ 137617.498073344118893, 453369.961679165950045, 0.0 ], [ 137621.174620203644736, 453365.575176825455856, 0.0 ], [ 137610.103061268746387, 453362.742878157936502, 0.0 ], [ 137609.784228967357194, 453365.893843051511794, 0.0 ], [ 137609.559977204626193, 453368.331902013975196, 0.0 ] ] ] ] } },
{ "type": "Feature", "properties": { "fid": 581, "FUNCTIE": "02_Maaiveld", "Info": null, "Verhaal": null }, "geometry": { "type": "MultiPolygon", "coordinates": [ [ [ [ 137623.514310671831481, 453370.881144991319161, 0.0 ], [ 137628.758080031606369, 453363.47777216200484, 0.0 ], [ 137625.370235180278542, 453361.99026816879632, 0.0 ], [ 137620.157420659466879, 453369.460584176005796, 0.0 ], [ 137623.514310671831481, 453370.881144991319161, 0.0 ] ] ] ] } },
{ "type": "Feature", "properties": { "fid": 582, "FUNCTIE": "02_Maaiveld", "Info": null, "Verhaal": null }, "geometry": { "type": "MultiPolygon", "coordinates": [ [ [ [ 137633.792130059824558, 453381.994811298500281, 0.0 ], [ 137642.429032676911447, 453379.461216801777482, 0.0 ], [ 137640.825098669156432, 453376.329774220066611, 0.0 ], [ 137632.120926333765965, 453378.610652290401049, 0.0 ], [ 137633.792130059824558, 453381.994811298500281, 0.0 ] ] ] ] } },
{ "type": "Feature", "properties": { "fid": 583, "FUNCTIE": "02_Maaiveld", "Info": null, "Verhaal": null }, "geometry": { "type": "MultiPolygon", "coordinates": [ [ [ [ 137633.821098618704127, 453375.925192101800349, 0.0 ], [ 137634.12578100306564, 453375.853281677351333, 0.0 ], [ 137633.508636750280857, 453374.925644165719859, 0.0 ], [ 137633.072373286209768, 453374.328120653051883, 0.0 ], [ 137632.583697931317147, 453373.707176148891449, 0.0 ], [ 137631.895498409343418, 453372.907139847753569, 0.0 ], [ 137631.116979675309267, 453372.091462299576961, 0.0 ], [ 137630.604687969258521, 453371.599339486972895, 0.0 ], [ 137630.263072402740363, 453371.288869985612109, 0.0 ], [ 137629.421628790936666, 453370.579024752427358, 0.0 ], [ 137628.768009203195106, 453370.076644279470202, 0.0 ], [ 137627.83509350285749, 453369.426033351395745, 0.0 ], [ 137627.021957236895105, 453368.920450546720531, 0.0 ], [ 137623.942074296995997, 453373.831585039151832, 0.0 ], [ 137627.751846934494097, 453377.330078981583938, 0.0 ], [ 137633.821098618704127, 453375.925192101800349, 0.0 ] ] ] ] } },
{ "type": "Feature", "properties": { "fid": 584, "FUNCTIE": "02_Maaiveld", "Info": null, "Verhaal": null }, "geometry": { "type": "MultiPolygon", "coordinates": [ [ [ [ 137636.048222510551568, 453382.832629818760324, 0.0 ], [ 137637.761479844193673, 453388.482057482236996, 0.0 ], [ 137639.537223678198643, 453388.328355562058277, 0.0 ], [ 137639.338159531878773, 453387.493279429036193, 0.0 ], [ 137638.978447481320472, 453386.167772703862283, 0.0 ], [ 137638.670821040985174, 453385.168156666564755, 0.0 ], [ 137637.636214665340958, 453382.371163971722126, 0.0 ], [ 137636.048222510551568, 453382.832629818760324, 0.0 ] ] ] ] } },
{ "type": "Feature", "properties": { "fid": 585, "FUNCTIE": "02_Maaiveld", "Info": null, "Verhaal": null }, "geometry": { "type": "MultiPolygon", "coordinates": [ [ [ [ 137633.792197375267278, 453389.723776424594689, 0.0 ], [ 137634.544278957822826, 453395.823451710108202, 0.0 ], [ 137640.379904592002276, 453395.004348195565399, 0.0 ], [ 137640.247841308271745, 453392.72383383999113, 0.0 ], [ 137639.940264894627035, 453390.390300406550523, 0.0 ], [ 137639.537223678198643, 453388.328355562058277, 0.0 ], [ 137637.761479844193673, 453388.482057482236996, 0.0 ], [ 137633.792197375267278, 453389.723776424594689, 0.0 ] ] ] ] } },
{ "type": "Feature", "properties": { "fid": 586, "FUNCTIE": "02_Maaiveld", "Info": null, "Verhaal": null }, "geometry": { "type": "MultiPolygon", "coordinates": [ [ [ [ 137636.561747624742566, 453407.437937048322055, 0.0 ], [ 137641.813977171957958, 453406.184896778489929, 0.0 ], [ 137641.388354760187212, 453401.966592419077642, 0.0 ], [ 137635.870545059297001, 453403.051554996869527, 0.0 ], [ 137636.561747624742566, 453407.437937048322055, 0.0 ] ] ] ] } },
{ "type": "Feature", "properties": { "fid": 587, "FUNCTIE": "02_Maaiveld", "Info": null, "Verhaal": null }, "geometry": { "type": "MultiPolygon", "coordinates": [ [ [ [ 137638.722329128620913, 453408.942082732333802, 0.0 ], [ 137639.140370955807157, 453412.451484411489218, 0.0 ], [ 137648.000522503658431, 453410.866052216500975, 0.0 ], [ 137647.27134142461, 453406.91639319236856, 0.0 ], [ 137638.722329128620913, 453408.942082732333802, 0.0 ] ] ] ] } },
{ "type": "Feature", "properties": { "fid": 588, "FUNCTIE": "02_Maaiveld", "Info": null, "Verhaal": null }, "geometry": { "type": "MultiPolygon", "coordinates": [ [ [ [ 137638.660448840586469, 453419.406590941362083, 0.0 ], [ 137644.320953181682853, 453418.300750090798829, 0.0 ], [ 137643.234536581905559, 453413.203733993868809, 0.0 ], [ 137637.636114511144115, 453414.514430727402214, 0.0 ], [ 137638.660448840586469, 453419.406590941362083, 0.0 ] ] ] ] } },
{ "type": "Feature", "properties": { "fid": 589, "FUNCTIE": "02_Maaiveld", "Info": null, "Verhaal": null }, "geometry": { "type": "MultiPolygon", "coordinates": [ [ [ [ 137640.894963758386439, 453421.308587153151166, 0.0 ], [ 137641.229229315766133, 453424.817984216206241, 0.0 ], [ 137650.019770282116951, 453423.070922323735431, 0.0 ], [ 137649.417935130622936, 453419.480243290716317, 0.0 ], [ 137640.894963758386439, 453421.308587153151166, 0.0 ] ] ] ] } },
{ "type": "Feature", "properties": { "fid": 590, "FUNCTIE": "02_Maaiveld", "Info": null, "Verhaal": null }, "geometry": { "type": "MultiPolygon", "coordinates": [ [ [ [ 137643.568983032280812, 453437.351612790196668, 0.0 ], [ 137652.087959556403803, 453435.731761596223805, 0.0 ], [ 137651.674132924788864, 453432.338688915828243, 0.0 ], [ 137642.733365888503613, 453433.925742791965604, 0.0 ], [ 137643.568983032280812, 453437.351612790196668, 0.0 ] ] ] ] } },
{ "type": "Feature", "properties": { "fid": 591, "FUNCTIE": "02_Maaiveld", "Info": null, "Verhaal": null }, "geometry": { "type": "MultiPolygon", "coordinates": [ [ [ [ 137643.844678168999963, 453448.381103004561737, 0.0 ], [ 137648.415440870681778, 453443.368059867119882, 0.0 ], [ 137647.329130003286991, 453437.936728237546049, 0.0 ], [ 137642.733410537039163, 453439.0226964771864, 0.0 ], [ 137640.393818311713403, 453444.955080627347343, 0.0 ], [ 137643.844678168999963, 453448.381103004561737, 0.0 ] ] ] ] } },
{ "type": "Feature", "properties": { "fid": 592, "FUNCTIE": "02_Maaiveld", "Info": null, "Verhaal": null }, "geometry": { "type": "MultiPolygon", "coordinates": [ [ [ [ 137636.675494234863436, 453449.466922689520288, 0.0 ], [ 137643.573114402766805, 453455.319996146776248, 0.0 ], [ 137645.992318356613396, 453452.475502513290849, 0.0 ], [ 137639.558244936575647, 453446.542608010524418, 0.0 ], [ 137636.675494234863436, 453449.466922689520288, 0.0 ] ] ] ] } },
{ "type": "Feature", "properties": { "fid": 593, "FUNCTIE": "02_Maaiveld", "Info": null, "Verhaal": null }, "geometry": { "type": "MultiPolygon", "coordinates": [ [ [ [ 137635.633485868835123, 453456.655142972827889, 0.0 ], [ 137638.889834982575849, 453453.39421326329466, 0.0 ], [ 137635.213219231693074, 453449.801064305065665, 0.0 ], [ 137631.87687544216169, 453452.89246640750207, 0.0 ], [ 137633.792763553414261, 453454.730823811725713, 0.0 ], [ 137635.633485868835123, 453456.655142972827889, 0.0 ] ] ] ] } },
{ "type": "Feature", "properties": { "fid": 594, "FUNCTIE": "02_Maaiveld", "Info": null, "Verhaal": null }, "geometry": { "type": "MultiPolygon", "coordinates": [ [ [ [ 137633.792771558277309, 453455.649946931633167, 0.0 ], [ 137631.536704211583128, 453457.822289033792913, 0.0 ], [ 137633.04077418212546, 453459.251501740131062, 0.0 ], [ 137635.177002441108925, 453457.112268525757827, 0.0 ], [ 137633.792771558277309, 453455.649946931633167, 0.0 ] ] ] ] } },
{ "type": "Feature", "properties": { "fid": 595, "FUNCTIE": "02_Maaiveld", "Info": null, "Verhaal": null }, "geometry": { "type": "MultiPolygon", "coordinates": [ [ [ [ 137632.874963700742228, 453466.427411427139305, 0.0 ], [ 137635.155384192679776, 453464.096108712663408, 0.0 ], [ 137630.283336677763145, 453459.409792827849742, 0.0 ], [ 137628.110827755299397, 453461.582140111539047, 0.0 ], [ 137632.874963700742228, 453466.427411427139305, 0.0 ] ] ] ] } },
{ "type": "Feature", "properties": { "fid": 596, "FUNCTIE": "02_Maaiveld", "Info": null, "Verhaal": null }, "geometry": { "type": "MultiPolygon", "coordinates": [ [ [ [ 137625.170332425943343, 453468.333715671615209, 0.0 ], [ 137628.653988732112339, 453464.924438023241237, 0.0 ], [ 137624.434235397638986, 453460.829917239607312, 0.0 ], [ 137621.31481373324641, 453464.088439933082554, 0.0 ], [ 137623.515138025803026, 453466.511196526465937, 0.0 ], [ 137625.170332425943343, 453468.333715671615209, 0.0 ] ] ] ] } },
{ "type": "Feature", "properties": { "fid": 597, "FUNCTIE": "03_Gebouw", "Info": null, "Verhaal": null }, "geometry": { "type": "MultiPolygon", "coordinates": [ [ [ [ 138030.762472370115574, 454017.43317923072027, 0.0 ], [ 138047.903089935600292, 454042.102501096378546, 0.0 ], [ 138053.814850201510126, 454031.062447719392367, 0.0 ], [ 138040.152332512720022, 454011.262479672732297, 0.0 ], [ 138030.762472370115574, 454017.43317923072027, 0.0 ] ], [ [ 138035.195060914556962, 454018.025311294244602, 0.0 ], [ 138039.675585124583449, 454015.523787935206201, 0.0 ], [ 138049.468667459383141, 454030.007132684695534, 0.0 ], [ 138046.811830041260691, 454034.808788548281882, 0.0 ], [ 138035.195060914556962, 454018.025311294244602, 0.0 ] ] ] ] } },
{ "type": "Feature", "properties": { "fid": 598, "FUNCTIE": "03_Gebouw", "Info": null, "Verhaal": null }, "geometry": { "type": "MultiPolygon", "coordinates": [ [ [ [ 138031.442722353094723, 454016.986141875211615, 0.0 ], [ 138019.687991923536174, 453999.7921112201293, 0.0 ], [ 138028.801556453399826, 453986.079819050326478, 0.0 ], [ 137958.005545482592424, 453913.222878460888751, 0.0 ], [ 137943.356855383637594, 453921.581633340741973, 0.0 ], [ 137927.886882259190315, 453909.952705973817501, 0.0 ], [ 137927.176624782790896, 453910.752246178395581, 0.0 ], [ 137943.350869061687263, 453922.956858439662028, 0.0 ], [ 137957.827902576944325, 453914.540043283079285, 0.0 ], [ 138026.968642622174229, 453985.899824210733641, 0.0 ], [ 138018.381986869033426, 453999.614441813901067, 0.0 ], [ 138030.762593730731169, 454017.433151262579486, 0.0 ], [ 138031.442722353094723, 454016.986141875211615, 0.0 ] ] ] ] } },
{ "type": "Feature", "properties": { "fid": 599, "FUNCTIE": "03_Gebouw", "Info": null, "Verhaal": null }, "geometry": { "type": "MultiPolygon", "coordinates": [ [ [ [ 137927.176624782790896, 453910.752246178395581, 0.0 ], [ 137934.08556955360109, 453902.9748143380275, 0.0 ], [ 137914.557059297745582, 453887.634789257135708, 0.0 ], [ 137903.923819876916241, 453893.206358846509829, 0.0 ], [ 137927.176624782790896, 453910.752246178395581, 0.0 ] ], [ [ 137926.920703546202276, 453906.15210744435899, 0.0 ], [ 137911.958436945802532, 453894.396420598088298, 0.0 ], [ 137916.211265363701386, 453891.550086468691006, 0.0 ], [ 137929.914879550138721, 453902.841799697838724, 0.0 ], [ 137926.920703546202276, 453906.15210744435899, 0.0 ] ] ] ] } },
{ "type": "Feature", "properties": { "fid": 600, "FUNCTIE": "03_Gebouw", "Info": null, "Verhaal": null }, "geometry": { "type": "MultiPolygon", "coordinates": [ [ [ [ 138053.097490022366401, 454030.023143889324274, 0.0 ], [ 138053.814850201510126, 454031.062447719392367, 0.0 ], [ 138077.02046116135898, 453987.725156993139535, 0.0 ], [ 138045.461517122923397, 453897.415491352730896, 0.0 ], [ 137958.044204412261024, 453864.848538929945789, 0.0 ], [ 137914.557059297745582, 453887.634789257135708, 0.0 ], [ 137915.423325690848287, 453888.315304068149999, 0.0 ], [ 137958.03891533263959, 453866.063611023477279, 0.0 ], [ 138044.655624648730736, 453898.305711406981573, 0.0 ], [ 138052.777829224069137, 453921.744888899149373, 0.0 ], [ 138075.782376692484831, 453987.834297593683004, 0.0 ], [ 138053.097490022366401, 454030.023143889324274, 0.0 ] ] ] ] } },
{ "type": "Feature", "properties": { "fid": 601, "FUNCTIE": "03_Gebouw", "Info": null, "Verhaal": null }, "geometry": { "type": "MultiPolygon", "coordinates": [ [ [ [ 137795.446924977586605, 453795.345359740720596, 0.0 ], [ 137815.009550603601383, 453813.516138800652698, 0.0 ], [ 137818.266301102616126, 453804.610579425410833, 0.0 ], [ 137801.765644050668925, 453788.760411992028821, 0.0 ], [ 137795.446924977586605, 453795.345359740720596, 0.0 ] ], [ [ 137799.203290715144249, 453794.73217988491524, 0.0 ], [ 137801.999332216451876, 453792.137586179189384, 0.0 ], [ 137813.952419942390407, 453803.663123589823954, 0.0 ], [ 137812.193615608644905, 453807.851271755353082, 0.0 ], [ 137799.203290715144249, 453794.73217988491524, 0.0 ] ] ] ] } },
{ "type": "Feature", "properties": { "fid": 602, "FUNCTIE": "03_Gebouw", "Info": null, "Verhaal": null }, "geometry": { "type": "MultiPolygon", "coordinates": [ [ [ [ 137817.280143669166137, 453803.663298341736663, 0.0 ], [ 137818.266301102616126, 453804.610579425410833, 0.0 ], [ 137837.106463666073978, 453754.204035711416509, 0.0 ], [ 137796.814424219715875, 453668.227224689966533, 0.0 ], [ 137697.967793103714939, 453672.71881837741239, 0.0 ], [ 137652.350583116582129, 453709.746877946599852, 0.0 ], [ 137653.742804092238657, 453711.608174780732952, 0.0 ], [ 137698.773080959741492, 453674.503337814530823, 0.0 ], [ 137765.049055507493904, 453671.477463405870367, 0.0 ], [ 137795.749924752046354, 453670.044709868612699, 0.0 ], [ 137805.443287022935692, 453690.892860182386357, 0.0 ], [ 137835.265982992015779, 453754.35515496856533, 0.0 ], [ 137817.280143669166137, 453803.663298341736663, 0.0 ] ] ] ] } },
{ "type": "Feature", "properties": { "fid": 603, "FUNCTIE": "03_Gebouw", "Info": null, "Verhaal": null }, "geometry": { "type": "MultiPolygon", "coordinates": [ [ [ [ 137796.126623640215257, 453794.637023107032292, 0.0 ], [ 137779.460407627251698, 453778.863234706397634, 0.0 ], [ 137784.518308446044102, 453762.210633207811043, 0.0 ], [ 137709.252434899535729, 453715.635319379740395, 0.0 ], [ 137696.475902206235332, 453728.29998092079768, 0.0 ], [ 137672.951385910244426, 453719.111203335633036, 0.0 ], [ 137658.482448520284379, 453713.382181992405094, 0.0 ], [ 137653.742804092238657, 453711.608174780732952, 0.0 ], [ 137652.350583116582129, 453709.746877946599852, 0.0 ], [ 137650.093660367274424, 453712.056876671616919, 0.0 ], [ 137696.729805640905397, 453729.717485246248543, 0.0 ], [ 137709.507871008536313, 453717.112828741664998, 0.0 ], [ 137783.347531188162975, 453762.621816416271031, 0.0 ], [ 137778.188617604435422, 453779.095658105215989, 0.0 ], [ 137795.446924977586605, 453795.345359740720596, 0.0 ], [ 137796.126623640215257, 453794.637023107032292, 0.0 ] ] ] ] } },
{ "type": "Feature", "properties": { "fid": 604, "FUNCTIE": "03_Gebouw", "Info": null, "Verhaal": null }, "geometry": { "type": "MultiPolygon", "coordinates": [ [ [ [ 137605.884283679013606, 453472.693893604329787, 0.0 ], [ 137617.002523887902498, 453498.900695519696455, 0.0 ], [ 137624.481537845160346, 453491.051320027909242, 0.0 ], [ 137623.746435803477652, 453489.271833768696524, 0.0 ], [ 137615.960448387369979, 453472.624694418511353, 0.0 ], [ 137615.541618387534982, 453471.809078104968648, 0.0 ], [ 137614.316130719555076, 453469.574605048226658, 0.0 ], [ 137607.126441944448743, 453472.134222448337823, 0.0 ], [ 137605.884283679013606, 453472.693893604329787, 0.0 ] ], [ [ 137609.89512007436133, 453474.198145662026946, 0.0 ], [ 137613.8223727986624, 453472.861465227615554, 0.0 ], [ 137620.507210156938527, 453488.319838486611843, 0.0 ], [ 137617.164888336730655, 453491.8290278405766, 0.0 ], [ 137609.89512007436133, 453474.198145662026946, 0.0 ] ] ] ] } },
{ "type": "Feature", "properties": { "fid": 605, "FUNCTIE": "03_Gebouw", "Info": null, "Verhaal": null }, "geometry": { "type": "MultiPolygon", "coordinates": [ [ [ [ 137605.884283679013606, 453472.693893604329787, 0.0 ], [ 137607.126441944448743, 453472.134222448337823, 0.0 ], [ 137603.064893130853307, 453462.903429693833459, 0.0 ], [ 137616.065382456494262, 453451.275452844623942, 0.0 ], [ 137569.561788582970621, 453377.40585932409158, 0.0 ], [ 137552.15167123201536, 453383.866249433718622, 0.0 ], [ 137542.127297617524164, 453373.17998876812635, 0.0 ], [ 137540.736343301192392, 453374.754968058085069, 0.0 ], [ 137551.782384248741437, 453386.597794239758514, 0.0 ], [ 137569.345425301085925, 453380.143019932205789, 0.0 ], [ 137589.455669886810938, 453411.789248491288163, 0.0 ], [ 137592.792370226205094, 453417.378489756316412, 0.0 ], [ 137614.534828093426768, 453451.254744261561427, 0.0 ], [ 137601.533927673648577, 453462.800442055682652, 0.0 ], [ 137605.884283679013606, 453472.693893604329787, 0.0 ] ] ] ] } },
{ "type": "Feature", "properties": { "fid": 606, "FUNCTIE": "03_Gebouw", "Info": null, "Verhaal": null }, "geometry": { "type": "MultiPolygon", "coordinates": [ [ [ [ 137540.736343301192392, 453374.754968058085069, 0.0 ], [ 137542.127297617524164, 453373.17998876812635, 0.0 ], [ 137527.024240676488262, 453356.805852457066067, 0.0 ], [ 137560.176502316229744, 453343.763267153408378, 0.0 ], [ 137647.251012114982586, 453356.800227616506163, 0.0 ], [ 137662.866172764159273, 453448.352008098037913, 0.0 ], [ 137623.746435803477652, 453489.271833768696524, 0.0 ], [ 137624.481537845160346, 453491.051320027909242, 0.0 ], [ 137664.167624778085155, 453449.439453820639756, 0.0 ], [ 137648.646473304484971, 453355.463915982516482, 0.0 ], [ 137560.226116259669652, 453342.512492489477154, 0.0 ], [ 137523.719265912222909, 453356.676561432774179, 0.0 ], [ 137540.736343301192392, 453374.754968058085069, 0.0 ] ] ] ] } },
{ "type": "Feature", "properties": { "fid": 607, "FUNCTIE": "03_Gebouw", "Info": null, "Verhaal": null }, "geometry": { "type": "MultiPolygon", "coordinates": [ [ [ [ 138137.966428718500538, 454160.153168756747618, 0.0 ], [ 138151.493974677869119, 454180.711272237473167, 0.0 ], [ 138158.62158324563643, 454176.952829832094721, 0.0 ], [ 138145.809414097224362, 454157.478979007108137, 0.0 ], [ 138137.966428718500538, 454160.153168756747618, 0.0 ] ], [ [ 138151.972707659268053, 454177.353274687135126, 0.0 ], [ 138142.236942252842709, 454162.870204726641532, 0.0 ], [ 138145.567487984051695, 454162.369173861632589, 0.0 ], [ 138154.386863006366184, 454175.644857318082359, 0.0 ], [ 138151.972707659268053, 454177.353274687135126, 0.0 ] ] ] ] } },
{ "type": "Feature", "properties": { "fid": 608, "FUNCTIE": "03_Gebouw", "Info": null, "Verhaal": null }, "geometry": { "type": "MultiPolygon", "coordinates": [ [ [ [ 138199.11934955228935, 454304.812776420381851, 0.0 ], [ 138237.503259928023908, 454274.714223153539933, 0.0 ], [ 138275.864681999897584, 454202.911960034107324, 0.0 ], [ 138198.409026450186502, 454146.185171440243721, 0.0 ], [ 138145.809414097224362, 454157.478979007108137, 0.0 ], [ 138146.580141419719439, 454158.650445656850934, 0.0 ], [ 138198.196963974944083, 454147.221964732802007, 0.0 ], [ 138274.816440256050555, 454203.152560774062295, 0.0 ], [ 138236.770871130225714, 454274.023091550450772, 0.0 ], [ 138199.11934955228935, 454304.812776420381851, 0.0 ] ] ] ] } },
{ "type": "Feature", "properties": { "fid": 609, "FUNCTIE": "03_Gebouw", "Info": null, "Verhaal": null }, "geometry": { "type": "MultiPolygon", "coordinates": [ [ [ [ 138190.124086631840328, 454311.866367302311119, 0.0 ], [ 138199.11934955228935, 454304.812776420381851, 0.0 ], [ 138196.658576465735678, 454285.077758917177562, 0.0 ], [ 138187.136932915571379, 454285.984804023348261, 0.0 ], [ 138190.124086631840328, 454311.866367302311119, 0.0 ] ], [ [ 138192.562676667090273, 454304.542438303702511, 0.0 ], [ 138190.68373628007248, 454288.604154266708065, 0.0 ], [ 138194.970709218556294, 454288.050030438404065, 0.0 ], [ 138196.73192586840014, 454301.695707860810217, 0.0 ], [ 138192.562676667090273, 454304.542438303702511, 0.0 ] ] ] ] } },
{ "type": "Feature", "properties": { "fid": 610, "FUNCTIE": "04_Talut1", "Info": null, "Verhaal": null }, "geometry": { "type": "MultiPolygon", "coordinates": [ [ [ [ 138214.68538439591066, 454182.822411270695738, 0.0 ], [ 138209.78293050773209, 454179.11188702203799, 0.0 ], [ 138208.043086854013382, 454179.67292112193536, 0.0 ], [ 138213.387661565648159, 454183.593300119508058, 0.0 ], [ 138214.68538439591066, 454182.822411270695738, 0.0 ] ] ] ] } },
{ "type": "Feature", "properties": { "fid": 611, "FUNCTIE": "05_Talut2", "Info": null, "Verhaal": null }, "geometry": { "type": "MultiPolygon", "coordinates": [ [ [ [ 138219.040033858822426, 454178.567264541459735, 0.0 ], [ 138222.757341163814999, 454172.050164863059763, 0.0 ], [ 138209.337848512019264, 454162.41277615580475, 0.0 ], [ 138204.137944841466378, 454167.567254097259138, 0.0 ], [ 138219.040033858822426, 454178.567264541459735, 0.0 ] ] ] ] } },
{ "type": "Feature", "properties": { "fid": 612, "FUNCTIE": "04_Talut1", "Info": null, "Verhaal": null }, "geometry": { "type": "MultiPolygon", "coordinates": [ [ [ [ 138208.043086854013382, 454179.67292112193536, 0.0 ], [ 138209.78293050773209, 454179.11188702203799, 0.0 ], [ 138211.470945232344093, 454176.966270100674592, 0.0 ], [ 138203.005294887465425, 454170.528645224054344, 0.0 ], [ 138200.872234103997471, 454174.412921583047137, 0.0 ], [ 138208.043086854013382, 454179.67292112193536, 0.0 ] ] ] ] } },
{ "type": "Feature", "properties": { "fid": 613, "FUNCTIE": "04_Talut1", "Info": null, "Verhaal": null }, "geometry": { "type": "MultiPolygon", "coordinates": [ [ [ [ 138200.872234103997471, 454174.412921583047137, 0.0 ], [ 138203.005294887465425, 454170.528645224054344, 0.0 ], [ 138204.134002269245684, 454168.473283552739304, 0.0 ], [ 138204.137944841466378, 454167.567254097259138, 0.0 ], [ 138209.337848512019264, 454162.41277615580475, 0.0 ], [ 138206.356352386355866, 454163.435109291051049, 0.0 ], [ 138200.887722847779514, 454170.853519781318028, 0.0 ], [ 138200.155839075829135, 454175.445244554372039, 0.0 ], [ 138200.872234103997471, 454174.412921583047137, 0.0 ] ] ] ] } },
{ "type": "Feature", "properties": { "fid": 614, "FUNCTIE": "04_Talut1", "Info": null, "Verhaal": null }, "geometry": { "type": "MultiPolygon", "coordinates": [ [ [ [ 138200.155839075829135, 454175.445244554372039, 0.0 ], [ 138200.887722847779514, 454170.853519781318028, 0.0 ], [ 138197.532848087779712, 454168.444172030314803, 0.0 ], [ 138194.523198911658255, 454170.048840336792637, 0.0 ], [ 138194.519339592661709, 454170.935726519266609, 0.0 ], [ 138200.155839075829135, 454175.445244554372039, 0.0 ] ] ] ] } },
{ "type": "Feature", "properties": { "fid": 615, "FUNCTIE": "04_Talut1", "Info": null, "Verhaal": null }, "geometry": { "type": "MultiPolygon", "coordinates": [ [ [ [ 138197.532848087779712, 454168.444172030314803, 0.0 ], [ 138202.883066830167081, 454160.902362092107069, 0.0 ], [ 138203.468834529834567, 454157.733270552940667, 0.0 ], [ 138199.817663141235244, 454163.924013785319403, 0.0 ], [ 138198.384741187910549, 454164.652022179274354, 0.0 ], [ 138195.979916755546583, 454168.3726058594184, 0.0 ], [ 138194.525451838911977, 454169.53110913396813, 0.0 ], [ 138194.523198911658255, 454170.048840336792637, 0.0 ], [ 138197.532848087779712, 454168.444172030314803, 0.0 ] ] ] ] } },
{ "type": "Feature", "properties": { "fid": 616, "FUNCTIE": "05_Talut2", "Info": null, "Verhaal": null }, "geometry": { "type": "MultiPolygon", "coordinates": [ [ [ [ 138195.417166060768068, 454160.536426728882361, 0.0 ], [ 138199.817663141235244, 454163.924013785319403, 0.0 ], [ 138203.468834529834567, 454157.733270552940667, 0.0 ], [ 138196.900920763378963, 454153.24838062399067, 0.0 ], [ 138195.417166060768068, 454160.536426728882361, 0.0 ] ] ] ] } },
{ "type": "Feature", "properties": { "fid": 617, "FUNCTIE": "05_Talut2", "Info": null, "Verhaal": null }, "geometry": { "type": "MultiPolygon", "coordinates": [ [ [ [ 138195.417166060768068, 454160.536426728882361, 0.0 ], [ 138196.900920763378963, 454153.24838062399067, 0.0 ], [ 138188.4001721998211, 454155.266214772360399, 0.0 ], [ 138189.212489388941322, 454161.935714227671269, 0.0 ], [ 138195.417166060768068, 454160.536426728882361, 0.0 ] ] ] ] } },
{ "type": "Feature", "properties": { "fid": 618, "FUNCTIE": "04_Talut1", "Info": null, "Verhaal": null }, "geometry": { "type": "MultiPolygon", "coordinates": [ [ [ [ 138187.284450430364814, 454158.829960445698816, 0.0 ], [ 138189.563589198543923, 454166.855803569545969, 0.0 ], [ 138191.834354172693565, 454169.195653035654686, 0.0 ], [ 138189.580564184812829, 454162.954912667104509, 0.0 ], [ 138189.212489388941322, 454161.935714227671269, 0.0 ], [ 138188.4001721998211, 454155.266214772360399, 0.0 ], [ 138187.284450430364814, 454158.829960445698816, 0.0 ] ] ] ] } },
{ "type": "Feature", "properties": { "fid": 619, "FUNCTIE": "04_Talut1", "Info": null, "Verhaal": null }, "geometry": { "type": "MultiPolygon", "coordinates": [ [ [ [ 138189.563589198543923, 454166.855803569545969, 0.0 ], [ 138186.211277936061379, 454167.488196066289674, 0.0 ], [ 138184.702505065768491, 454172.141213259077631, 0.0 ], [ 138190.014751689595869, 454170.915861173823941, 0.0 ], [ 138190.598531454306794, 454170.613991222868208, 0.0 ], [ 138190.98852447225363, 454170.227405222482048, 0.0 ], [ 138191.443282003107015, 454169.830234513094183, 0.0 ], [ 138191.834354172693565, 454169.195653035654686, 0.0 ], [ 138189.563589198543923, 454166.855803569545969, 0.0 ] ] ] ] } },
{ "type": "Feature", "properties": { "fid": 620, "FUNCTIE": "04_Talut1", "Info": null, "Verhaal": null }, "geometry": { "type": "MultiPolygon", "coordinates": [ [ [ [ 138195.979916755546583, 454168.3726058594184, 0.0 ], [ 138191.213917579181725, 454167.527279947593343, 0.0 ], [ 138191.834354172693565, 454169.195653035654686, 0.0 ], [ 138194.525451838911977, 454169.53110913396813, 0.0 ], [ 138195.979916755546583, 454168.3726058594184, 0.0 ] ] ] ] } },
{ "type": "Feature", "properties": { "fid": 621, "FUNCTIE": "04_Talut1", "Info": null, "Verhaal": null }, "geometry": { "type": "MultiPolygon", "coordinates": [ [ [ [ 138183.787507310567889, 454159.323083273542579, 0.0 ], [ 138181.66225863865111, 454156.919157534022816, 0.0 ], [ 138184.093633029668126, 454163.336927475873381, 0.0 ], [ 138183.442236421920825, 454164.304819468525238, 0.0 ], [ 138184.713629038218642, 454169.584915006009396, 0.0 ], [ 138184.383143199025653, 454171.169040054199286, 0.0 ], [ 138184.702505065768491, 454172.141213259077631, 0.0 ], [ 138186.211277936061379, 454167.488196066289674, 0.0 ], [ 138183.787507310567889, 454159.323083273542579, 0.0 ] ] ] ] } },
{ "type": "Feature", "properties": { "fid": 622, "FUNCTIE": "05_Talut2", "Info": null, "Verhaal": null }, "geometry": { "type": "MultiPolygon", "coordinates": [ [ [ [ 138181.66225863865111, 454156.919157534022816, 0.0 ], [ 138173.565562928648433, 454158.501390499586705, 0.0 ], [ 138174.829915024689399, 454165.39939705102006, 0.0 ], [ 138184.093633029668126, 454163.336927475873381, 0.0 ], [ 138181.66225863865111, 454156.919157534022816, 0.0 ] ] ] ] } },
{ "type": "Feature", "properties": { "fid": 623, "FUNCTIE": "04_Talut1", "Info": null, "Verhaal": null }, "geometry": { "type": "MultiPolygon", "coordinates": [ [ [ [ 138180.760667706490494, 454170.764758911565877, 0.0 ], [ 138179.41129201601143, 454172.250909717520699, 0.0 ], [ 138184.383143199025653, 454171.169040054199286, 0.0 ], [ 138184.713629038218642, 454169.584915006009396, 0.0 ], [ 138180.760667706490494, 454170.764758911565877, 0.0 ] ] ] ] } },
{ "type": "Feature", "properties": { "fid": 624, "FUNCTIE": "04_Talut1", "Info": null, "Verhaal": null }, "geometry": { "type": "MultiPolygon", "coordinates": [ [ [ [ 138173.565562928648433, 454158.501390499586705, 0.0 ], [ 138172.903608332766453, 454161.895420737506356, 0.0 ], [ 138175.393408015341265, 454169.759453878563363, 0.0 ], [ 138177.965716533421073, 454173.53529254195746, 0.0 ], [ 138177.969940864597447, 454172.564546240726486, 0.0 ], [ 138176.237670621136203, 454169.087932915659621, 0.0 ], [ 138175.441208603268024, 454166.211063668015413, 0.0 ], [ 138174.829915024689399, 454165.39939705102006, 0.0 ], [ 138173.565562928648433, 454158.501390499586705, 0.0 ] ] ] ] } },
{ "type": "Feature", "properties": { "fid": 625, "FUNCTIE": "04_Talut1", "Info": null, "Verhaal": null }, "geometry": { "type": "MultiPolygon", "coordinates": [ [ [ [ 138169.471007575542899, 454162.474592137441505, 0.0 ], [ 138167.604253117693588, 454160.157759036344942, 0.0 ], [ 138169.452327901439276, 454166.767111098801252, 0.0 ], [ 138169.188633614452556, 454167.874791409121826, 0.0 ], [ 138170.461197011871263, 454172.885886490112171, 0.0 ], [ 138169.417754108813824, 454174.712038916943129, 0.0 ], [ 138169.672579148958903, 454175.642480409471318, 0.0 ], [ 138172.152793733461294, 454170.837089475535322, 0.0 ], [ 138169.471007575542899, 454162.474592137441505, 0.0 ] ] ] ] } },
{ "type": "Feature", "properties": { "fid": 626, "FUNCTIE": "04_Talut1", "Info": null, "Verhaal": null }, "geometry": { "type": "MultiPolygon", "coordinates": [ [ [ [ 138172.152793733461294, 454170.837089475535322, 0.0 ], [ 138169.672579148958903, 454175.642480409471318, 0.0 ], [ 138177.965716533421073, 454173.53529254195746, 0.0 ], [ 138175.393408015341265, 454169.759453878563363, 0.0 ], [ 138172.152793733461294, 454170.837089475535322, 0.0 ] ] ] ] } },
{ "type": "Feature", "properties": { "fid": 627, "FUNCTIE": "04_Talut1", "Info": null, "Verhaal": null }, "geometry": { "type": "MultiPolygon", "coordinates": [ [ [ [ 138179.41129201601143, 454172.250909717520699, 0.0 ], [ 138180.760667706490494, 454170.764758911565877, 0.0 ], [ 138179.381625604175497, 454165.269076741649769, 0.0 ], [ 138178.774970460333861, 454165.416795185010415, 0.0 ], [ 138179.024637462192914, 454168.152217227208894, 0.0 ], [ 138179.800329089397565, 454168.365970460872632, 0.0 ], [ 138179.41129201601143, 454172.250909717520699, 0.0 ] ] ] ] } },
{ "type": "Feature", "properties": { "fid": 628, "FUNCTIE": "04_Talut1", "Info": null, "Verhaal": null }, "geometry": { "type": "MultiPolygon", "coordinates": [ [ [ [ 138176.237670621136203, 454169.087932915659621, 0.0 ], [ 138177.969940864597447, 454172.564546240726486, 0.0 ], [ 138179.41129201601143, 454172.250909717520699, 0.0 ], [ 138179.800329089397565, 454168.365970460872632, 0.0 ], [ 138179.024637462192914, 454168.152217227208894, 0.0 ], [ 138176.237670621136203, 454169.087932915659621, 0.0 ] ] ] ] } },
{ "type": "Feature", "properties": { "fid": 629, "FUNCTIE": "05_Talut2", "Info": null, "Verhaal": null }, "geometry": { "type": "MultiPolygon", "coordinates": [ [ [ [ 138169.452327901439276, 454166.767111098801252, 0.0 ], [ 138167.604253117693588, 454160.157759036344942, 0.0 ], [ 138150.323772964475211, 454163.510131065617315, 0.0 ], [ 138155.46048871811945, 454169.671548845537473, 0.0 ], [ 138169.452327901439276, 454166.767111098801252, 0.0 ] ] ] ] } },
{ "type": "Feature", "properties": { "fid": 630, "FUNCTIE": "04_Talut1", "Info": null, "Verhaal": null }, "geometry": { "type": "MultiPolygon", "coordinates": [ [ [ [ 138170.461197011871263, 454172.885886490112171, 0.0 ], [ 138165.989644196233712, 454174.259090354898944, 0.0 ], [ 138165.011281190265436, 454176.0021530665108, 0.0 ], [ 138169.417754108813824, 454174.712038916943129, 0.0 ], [ 138170.461197011871263, 454172.885886490112171, 0.0 ] ] ] ] } },
{ "type": "Feature", "properties": { "fid": 631, "FUNCTIE": "04_Talut1", "Info": null, "Verhaal": null }, "geometry": { "type": "MultiPolygon", "coordinates": [ [ [ [ 138165.011281190265436, 454176.0021530665108, 0.0 ], [ 138165.989644196233712, 454174.259090354898944, 0.0 ], [ 138165.030009379785042, 454171.698510221147444, 0.0 ], [ 138165.011281190265436, 454176.0021530665108, 0.0 ] ] ] ] } },
{ "type": "Feature", "properties": { "fid": 632, "FUNCTIE": "04_Talut1", "Info": null, "Verhaal": null }, "geometry": { "type": "MultiPolygon", "coordinates": [ [ [ [ 138165.011281190265436, 454176.0021530665108, 0.0 ], [ 138165.030009379785042, 454171.698510221147444, 0.0 ], [ 138163.997208470565965, 454171.07913764443947, 0.0 ], [ 138156.634211820084602, 454172.664608741237316, 0.0 ], [ 138157.111624903278425, 454174.657769316632766, 0.0 ], [ 138157.397765285568312, 454175.092688267468475, 0.0 ], [ 138159.190537604503334, 454175.100594313174952, 0.0 ], [ 138159.965304851619294, 454175.526876822405029, 0.0 ], [ 138160.609943025017856, 454176.112178774783388, 0.0 ], [ 138160.957826112920884, 454176.53336663643131, 0.0 ], [ 138165.011281190265436, 454176.0021530665108, 0.0 ] ] ] ] } },
{ "type": "Feature", "properties": { "fid": 633, "FUNCTIE": "04_Talut1", "Info": null, "Verhaal": null }, "geometry": { "type": "MultiPolygon", "coordinates": [ [ [ [ 138163.997208470565965, 454171.07913764443947, 0.0 ], [ 138165.030009379785042, 454171.698510221147444, 0.0 ], [ 138164.005938916554442, 454169.072928243665956, 0.0 ], [ 138163.164313922083238, 454169.138255754194688, 0.0 ], [ 138163.997208470565965, 454171.07913764443947, 0.0 ] ] ] ] } },
{ "type": "Feature", "properties": { "fid": 634, "FUNCTIE": "04_Talut1", "Info": null, "Verhaal": null }, "geometry": { "type": "MultiPolygon", "coordinates": [ [ [ [ 138150.323772964475211, 454163.510131065617315, 0.0 ], [ 138146.580141419719439, 454158.650445656850934, 0.0 ], [ 138157.111624903278425, 454174.657769316632766, 0.0 ], [ 138156.634211820084602, 454172.664608741237316, 0.0 ], [ 138155.4573434786289, 454170.394299824605696, 0.0 ], [ 138155.46048871811945, 454169.671548845537473, 0.0 ], [ 138150.323772964475211, 454163.510131065617315, 0.0 ] ] ] ] } },
{ "type": "Feature", "properties": { "fid": 635, "FUNCTIE": "04_Talut1", "Info": null, "Verhaal": null }, "geometry": { "type": "MultiPolygon", "coordinates": [ [ [ [ 138226.657119263196364, 454250.885477573436219, 0.0 ], [ 138231.218389664194547, 454253.706852460512891, 0.0 ], [ 138233.37229253858095, 454249.563983554136939, 0.0 ], [ 138232.889320508518722, 454248.621425718301907, 0.0 ], [ 138228.788787837984273, 454247.131694536481518, 0.0 ], [ 138226.657119263196364, 454250.885477573436219, 0.0 ] ] ] ] } },
{ "type": "Feature", "properties": { "fid": 636, "FUNCTIE": "04_Talut1", "Info": null, "Verhaal": null }, "geometry": { "type": "MultiPolygon", "coordinates": [ [ [ [ 138228.788787837984273, 454247.131694536481518, 0.0 ], [ 138232.889320508518722, 454248.621425718301907, 0.0 ], [ 138233.504889061761787, 454248.387409555434715, 0.0 ], [ 138230.524248828674899, 454246.720029369229451, 0.0 ], [ 138228.788787837984273, 454247.131694536481518, 0.0 ] ] ] ] } },
{ "type": "Feature", "properties": { "fid": 637, "FUNCTIE": "04_Talut1", "Info": null, "Verhaal": null }, "geometry": { "type": "MultiPolygon", "coordinates": [ [ [ [ 138035.195060914556962, 454018.025311294244602, 0.0 ], [ 138039.675585124583449, 454015.523787935206201, 0.0 ], [ 138040.258580315974541, 454013.234275636496022, 0.0 ], [ 138033.02203807499609, 454016.993110505107325, 0.0 ], [ 138035.195060914556962, 454018.025311294244602, 0.0 ] ] ] ] } },
{ "type": "Feature", "properties": { "fid": 638, "FUNCTIE": "04_Talut1", "Info": null, "Verhaal": null }, "geometry": { "type": "MultiPolygon", "coordinates": [ [ [ [ 138039.675585124583449, 454015.523787935206201, 0.0 ], [ 138049.468667459383141, 454030.007132684695534, 0.0 ], [ 138052.673085385467857, 454031.052709440467879, 0.0 ], [ 138040.258580315974541, 454013.234275636496022, 0.0 ], [ 138039.675585124583449, 454015.523787935206201, 0.0 ] ] ] ] } },
{ "type": "Feature", "properties": { "fid": 639, "FUNCTIE": "04_Talut1", "Info": null, "Verhaal": null }, "geometry": { "type": "MultiPolygon", "coordinates": [ [ [ [ 138049.468667459383141, 454030.007132684695534, 0.0 ], [ 138046.811830041260691, 454034.808788548281882, 0.0 ], [ 138048.055114911840064, 454038.802367790834978, 0.0 ], [ 138052.673085385467857, 454031.052709440467879, 0.0 ], [ 138049.468667459383141, 454030.007132684695534, 0.0 ] ] ] ] } },
{ "type": "Feature", "properties": { "fid": 640, "FUNCTIE": "04_Talut1", "Info": null, "Verhaal": null }, "geometry": { "type": "MultiPolygon", "coordinates": [ [ [ [ 138035.195060914556962, 454018.025311294244602, 0.0 ], [ 138033.02203807499609, 454016.993110505107325, 0.0 ], [ 138048.055114911840064, 454038.802367790834978, 0.0 ], [ 138046.811830041260691, 454034.808788548281882, 0.0 ], [ 138035.195060914556962, 454018.025311294244602, 0.0 ] ] ] ] } },
{ "type": "Feature", "properties": { "fid": 641, "FUNCTIE": "04_Talut1", "Info": null, "Verhaal": null }, "geometry": { "type": "MultiPolygon", "coordinates": [ [ [ [ 137927.891434738761745, 453908.906895678432193, 0.0 ], [ 137932.665878550236812, 453902.739338933140971, 0.0 ], [ 137929.914879550138721, 453902.841799697838724, 0.0 ], [ 137926.920703546202276, 453906.15210744435899, 0.0 ], [ 137927.891434738761745, 453908.906895678432193, 0.0 ] ] ] ] } },
{ "type": "Feature", "properties": { "fid": 642, "FUNCTIE": "04_Talut1", "Info": null, "Verhaal": null }, "geometry": { "type": "MultiPolygon", "coordinates": [ [ [ [ 137926.920703546202276, 453906.15210744435899, 0.0 ], [ 137911.958436945802532, 453894.396420598088298, 0.0 ], [ 137907.152043024456361, 453892.770742949913256, 0.0 ], [ 137927.891434738761745, 453908.906895678432193, 0.0 ], [ 137926.920703546202276, 453906.15210744435899, 0.0 ] ] ] ] } },
{ "type": "Feature", "properties": { "fid": 643, "FUNCTIE": "04_Talut1", "Info": null, "Verhaal": null }, "geometry": { "type": "MultiPolygon", "coordinates": [ [ [ [ 137907.152043024456361, 453892.770742949913256, 0.0 ], [ 137911.958436945802532, 453894.396420598088298, 0.0 ], [ 137916.211265363701386, 453891.550086468691006, 0.0 ], [ 137914.619278229394695, 453888.67795119562652, 0.0 ], [ 137907.152043024456361, 453892.770742949913256, 0.0 ] ] ] ] } },
{ "type": "Feature", "properties": { "fid": 644, "FUNCTIE": "04_Talut1", "Info": null, "Verhaal": null }, "geometry": { "type": "MultiPolygon", "coordinates": [ [ [ [ 137916.211265363701386, 453891.550086468691006, 0.0 ], [ 137929.914879550138721, 453902.841799697838724, 0.0 ], [ 137932.665878550236812, 453902.739338933140971, 0.0 ], [ 137914.619278229394695, 453888.67795119562652, 0.0 ], [ 137916.211265363701386, 453891.550086468691006, 0.0 ] ] ] ] } },
{ "type": "Feature", "properties": { "fid": 645, "FUNCTIE": "05_Talut2", "Info": null, "Verhaal": null }, "geometry": { "type": "MultiPolygon", "coordinates": [ [ [ [ 138047.652249052509433, 454018.882507241156418, 0.0 ], [ 138050.065365676797228, 454024.56915174331516, 0.0 ], [ 138057.113921540323645, 454011.337323134765029, 0.0 ], [ 138052.770847858220804, 454008.590713337121997, 0.0 ], [ 138047.652249052509433, 454018.882507241156418, 0.0 ] ] ] ] } },
{ "type": "Feature", "properties": { "fid": 646, "FUNCTIE": "04_Talut1", "Info": null, "Verhaal": null }, "geometry": { "type": "MultiPolygon", "coordinates": [ [ [ [ 138057.113921540323645, 454011.337323134765029, 0.0 ], [ 138055.291907571052434, 454008.601837688067462, 0.0 ], [ 138047.802540003904141, 454004.672470908728428, 0.0 ], [ 138043.032751531311078, 454004.651423589093611, 0.0 ], [ 138045.104363219579682, 454005.80638318246929, 0.0 ], [ 138046.607212147209793, 454005.813014668878168, 0.0 ], [ 138051.86051702540135, 454008.586696435522754, 0.0 ], [ 138052.770847858220804, 454008.590713337121997, 0.0 ], [ 138057.113921540323645, 454011.337323134765029, 0.0 ] ] ] ] } },
{ "type": "Feature", "properties": { "fid": 647, "FUNCTIE": "04_Talut1", "Info": null, "Verhaal": null }, "geometry": { "type": "MultiPolygon", "coordinates": [ [ [ [ 138047.652249052509433, 454018.882507241156418, 0.0 ], [ 138046.55034984005033, 454018.877645210362971, 0.0 ], [ 138045.170046913146507, 454017.046712810639292, 0.0 ], [ 138044.140476319065783, 454017.042169896361884, 0.0 ], [ 138051.233039916027337, 454027.320841501408722, 0.0 ], [ 138050.065365676797228, 454024.56915174331516, 0.0 ], [ 138047.652249052509433, 454018.882507241156418, 0.0 ] ] ] ] } },
{ "type": "Feature", "properties": { "fid": 648, "FUNCTIE": "04_Talut1", "Info": null, "Verhaal": null }, "geometry": { "type": "MultiPolygon", "coordinates": [ [ [ [ 138049.708966404432431, 454001.127929057751317, 0.0 ], [ 138046.642626386892516, 453997.676272068172693, 0.0 ], [ 138043.032751531311078, 454004.651423589093611, 0.0 ], [ 138047.802540003904141, 454004.672470908728428, 0.0 ], [ 138049.708966404432431, 454001.127929057751317, 0.0 ] ] ] ] } },
{ "type": "Feature", "properties": { "fid": 649, "FUNCTIE": "04_Talut1", "Info": null, "Verhaal": null }, "geometry": { "type": "MultiPolygon", "coordinates": [ [ [ [ 138046.642626386892516, 453997.676272068172693, 0.0 ], [ 138049.708966404432431, 454001.127929057751317, 0.0 ], [ 138057.140256813378073, 454005.286471940868068, 0.0 ], [ 138060.234558838710655, 454005.300125923939049, 0.0 ], [ 138053.939068710635183, 454002.521845528564882, 0.0 ], [ 138053.145085319905775, 454001.601508361229207, 0.0 ], [ 138048.824532287340844, 453999.175754868483637, 0.0 ], [ 138047.775665341992863, 453997.68127187655773, 0.0 ], [ 138046.642626386892516, 453997.676272068172693, 0.0 ] ] ] ] } },
{ "type": "Feature", "properties": { "fid": 650, "FUNCTIE": "04_Talut1", "Info": null, "Verhaal": null }, "geometry": { "type": "MultiPolygon", "coordinates": [ [ [ [ 138045.170046913146507, 454017.046712810639292, 0.0 ], [ 138047.687025113293203, 454011.732909702812321, 0.0 ], [ 138046.583370467327768, 454011.290856799285393, 0.0 ], [ 138044.400529452337651, 454009.527914624428377, 0.0 ], [ 138043.382798865146469, 454009.533164295309689, 0.0 ], [ 138042.915383243991528, 454010.648272301070392, 0.0 ], [ 138043.002182614494814, 454011.302899075963069, 0.0 ], [ 138042.985511732840678, 454011.758734893228393, 0.0 ], [ 138042.93790431364323, 454012.12341499334434, 0.0 ], [ 138042.849700524588116, 454012.587006004701834, 0.0 ], [ 138042.716424279205967, 454013.177318107453175, 0.0 ], [ 138042.581648874183884, 454013.650179206393659, 0.0 ], [ 138042.501689919823548, 454013.890470133512281, 0.0 ], [ 138042.327740949665895, 454014.346111225022469, 0.0 ], [ 138044.140476319065783, 454017.042169896361884, 0.0 ], [ 138045.170046913146507, 454017.046712810639292, 0.0 ] ] ] ] } },
{ "type": "Feature", "properties": { "fid": 651, "FUNCTIE": "04_Talut1", "Info": null, "Verhaal": null }, "geometry": { "type": "MultiPolygon", "coordinates": [ [ [ [ 138043.382798865146469, 454009.533164295309689, 0.0 ], [ 138044.400529452337651, 454009.527914624428377, 0.0 ], [ 138046.607212147209793, 454005.813014668878168, 0.0 ], [ 138045.104363219579682, 454005.80638318246929, 0.0 ], [ 138043.382798865146469, 454009.533164295309689, 0.0 ] ] ] ] } },
{ "type": "Feature", "properties": { "fid": 652, "FUNCTIE": "05_Talut2", "Info": null, "Verhaal": null }, "geometry": { "type": "MultiPolygon", "coordinates": [ [ [ [ 138059.144384876795812, 453992.459646881907247, 0.0 ], [ 138065.667322216031607, 453994.665910582698416, 0.0 ], [ 138069.825477317295736, 453987.234989659220446, 0.0 ], [ 138062.379226887365803, 453986.514505082101095, 0.0 ], [ 138059.144384876795812, 453992.459646881907247, 0.0 ] ] ] ] } },
{ "type": "Feature", "properties": { "fid": 653, "FUNCTIE": "05_Talut2", "Info": null, "Verhaal": null }, "geometry": { "type": "MultiPolygon", "coordinates": [ [ [ [ 138062.379226887365803, 453986.514505082101095, 0.0 ], [ 138069.825477317295736, 453987.234989659220446, 0.0 ], [ 138067.561334277677815, 453980.807165880687535, 0.0 ], [ 138060.679123516951222, 453982.266540881188121, 0.0 ], [ 138062.379226887365803, 453986.514505082101095, 0.0 ] ] ] ] } },
{ "type": "Feature", "properties": { "fid": 654, "FUNCTIE": "05_Talut2", "Info": null, "Verhaal": null }, "geometry": { "type": "MultiPolygon", "coordinates": [ [ [ [ 138053.939068710635183, 454002.521845528564882, 0.0 ], [ 138060.234558838710655, 454005.300125923939049, 0.0 ], [ 138062.429986593779176, 454001.184062932501547, 0.0 ], [ 138056.450345402467065, 453997.031925866205711, 0.0 ], [ 138053.939068710635183, 454002.521845528564882, 0.0 ] ] ] ] } },
{ "type": "Feature", "properties": { "fid": 655, "FUNCTIE": "04_Talut1", "Info": null, "Verhaal": null }, "geometry": { "type": "MultiPolygon", "coordinates": [ [ [ [ 138062.429986593779176, 454001.184062932501547, 0.0 ], [ 138060.61029323405819, 453997.966892281663604, 0.0 ], [ 138053.175511374109192, 453994.61078685184475, 0.0 ], [ 138048.707459555356763, 453994.24725769192446, 0.0 ], [ 138049.391590861836448, 453995.052505991945509, 0.0 ], [ 138050.766836499911733, 453995.058574651659001, 0.0 ], [ 138055.252183838572819, 453997.485055434808601, 0.0 ], [ 138056.450345402467065, 453997.031925866205711, 0.0 ], [ 138062.429986593779176, 454001.184062932501547, 0.0 ] ] ] ] } },
{ "type": "Feature", "properties": { "fid": 656, "FUNCTIE": "04_Talut1", "Info": null, "Verhaal": null }, "geometry": { "type": "MultiPolygon", "coordinates": [ [ [ [ 138048.824532287340844, 453999.175754868483637, 0.0 ], [ 138050.766836499911733, 453995.058574651659001, 0.0 ], [ 138049.391590861836448, 453995.052505991945509, 0.0 ], [ 138047.775665341992863, 453997.68127187655773, 0.0 ], [ 138048.824532287340844, 453999.175754868483637, 0.0 ] ] ] ] } },
{ "type": "Feature", "properties": { "fid": 657, "FUNCTIE": "04_Talut1", "Info": null, "Verhaal": null }, "geometry": { "type": "MultiPolygon", "coordinates": [ [ [ [ 138048.707459555356763, 453994.24725769192446, 0.0 ], [ 138053.175511374109192, 453994.61078685184475, 0.0 ], [ 138055.279118302743882, 453991.29654833371751, 0.0 ], [ 138053.202944699849468, 453988.30767777049914, 0.0 ], [ 138052.570862578926608, 453987.617263380321674, 0.0 ], [ 138051.83069195135613, 453987.613997082575224, 0.0 ], [ 138048.707459555356763, 453994.24725769192446, 0.0 ] ] ] ] } },
{ "type": "Feature", "properties": { "fid": 658, "FUNCTIE": "04_Talut1", "Info": null, "Verhaal": null }, "geometry": { "type": "MultiPolygon", "coordinates": [ [ [ [ 138055.279118302743882, 453991.29654833371751, 0.0 ], [ 138062.456422020681202, 453995.110158247814979, 0.0 ], [ 138065.667322216031607, 453994.665910582698416, 0.0 ], [ 138059.144384876795812, 453992.459646881907247, 0.0 ], [ 138058.576353869400918, 453991.311098514939658, 0.0 ], [ 138053.202944699849468, 453988.30767777049914, 0.0 ], [ 138055.279118302743882, 453991.29654833371751, 0.0 ] ] ] ] } },
{ "type": "Feature", "properties": { "fid": 659, "FUNCTIE": "04_Talut1", "Info": null, "Verhaal": null }, "geometry": { "type": "MultiPolygon", "coordinates": [ [ [ [ 138053.202944699849468, 453988.30767777049914, 0.0 ], [ 138054.207932769379113, 453985.769990627537481, 0.0 ], [ 138052.414186433539726, 453985.209660382650327, 0.0 ], [ 138052.570862578926608, 453987.617263380321674, 0.0 ], [ 138053.202944699849468, 453988.30767777049914, 0.0 ] ] ] ] } },
{ "type": "Feature", "properties": { "fid": 660, "FUNCTIE": "04_Talut1", "Info": null, "Verhaal": null }, "geometry": { "type": "MultiPolygon", "coordinates": [ [ [ [ 138054.207932769379113, 453985.769990627537481, 0.0 ], [ 138055.358946504537016, 453985.461509186541662, 0.0 ], [ 138060.215222643542802, 453983.410643101728056, 0.0 ], [ 138060.676814307342283, 453982.271117765747476, 0.0 ], [ 138067.561334277677815, 453980.807165880687535, 0.0 ], [ 138064.354923552222317, 453980.21999521786347, 0.0 ], [ 138056.069952025543898, 453983.506954333279282, 0.0 ], [ 138054.207932769379113, 453985.769990627537481, 0.0 ] ] ] ] } },
{ "type": "Feature", "properties": { "fid": 661, "FUNCTIE": "04_Talut1", "Info": null, "Verhaal": null }, "geometry": { "type": "MultiPolygon", "coordinates": [ [ [ [ 138054.207932769379113, 453985.769990627537481, 0.0 ], [ 138056.069952025543898, 453983.506954333279282, 0.0 ], [ 138054.66238532535499, 453979.948013553046621, 0.0 ], [ 138050.388675131252967, 453979.390734224696644, 0.0 ], [ 138052.412307355814846, 453985.204583616112359, 0.0 ], [ 138054.207932769379113, 453985.769990627537481, 0.0 ] ] ] ] } },
{ "type": "Feature", "properties": { "fid": 662, "FUNCTIE": "04_Talut1", "Info": null, "Verhaal": null }, "geometry": { "type": "MultiPolygon", "coordinates": [ [ [ [ 138050.388675131252967, 453979.390734224696644, 0.0 ], [ 138054.66238532535499, 453979.948013553046621, 0.0 ], [ 138063.224847104982473, 453976.547675390611403, 0.0 ], [ 138065.070228279102594, 453973.862621859821957, 0.0 ], [ 138059.210723116848385, 453977.21758569451049, 0.0 ], [ 138058.066680647054454, 453976.754120332130697, 0.0 ], [ 138056.536635301279603, 453977.205784771067556, 0.0 ], [ 138051.18147594894981, 453978.786610508628655, 0.0 ], [ 138050.388675131252967, 453979.390734224696644, 0.0 ] ] ] ] } },
{ "type": "Feature", "properties": { "fid": 663, "FUNCTIE": "05_Talut2", "Info": null, "Verhaal": null }, "geometry": { "type": "MultiPolygon", "coordinates": [ [ [ [ 138059.210723116848385, 453977.21758569451049, 0.0 ], [ 138065.070228279102594, 453973.862621859821957, 0.0 ], [ 138060.0882656716567, 453959.916232850635424, 0.0 ], [ 138053.058449239673791, 453960.095393223396968, 0.0 ], [ 138059.210723116848385, 453977.21758569451049, 0.0 ] ] ] ] } },
{ "type": "Feature", "properties": { "fid": 664, "FUNCTIE": "04_Talut1", "Info": null, "Verhaal": null }, "geometry": { "type": "MultiPolygon", "coordinates": [ [ [ [ 138051.169235091656446, 453978.752964350278489, 0.0 ], [ 138056.536635301279603, 453977.205784771067556, 0.0 ], [ 138054.422683003300335, 453971.379218832880724, 0.0 ], [ 138053.277962570020463, 453971.071494795905892, 0.0 ], [ 138050.86709314599284, 453972.023577216838021, 0.0 ], [ 138049.403265170025406, 453973.898884213645943, 0.0 ], [ 138051.169235091656446, 453978.752964350278489, 0.0 ] ] ] ] } },
{ "type": "Feature", "properties": { "fid": 665, "FUNCTIE": "04_Talut1", "Info": null, "Verhaal": null }, "geometry": { "type": "MultiPolygon", "coordinates": [ [ [ [ 138049.403265170025406, 453973.898884213645943, 0.0 ], [ 138050.86709314599284, 453972.023577216838021, 0.0 ], [ 138047.509863969753496, 453963.298844829259906, 0.0 ], [ 138046.174698940681992, 453965.024599891505204, 0.0 ], [ 138049.403265170025406, 453973.898884213645943, 0.0 ] ] ] ] } },
{ "type": "Feature", "properties": { "fid": 666, "FUNCTIE": "04_Talut1", "Info": null, "Verhaal": null }, "geometry": { "type": "MultiPolygon", "coordinates": [ [ [ [ 138045.052725927089341, 453965.0070632477873, 0.0 ], [ 138046.168229763046838, 453965.011986243829597, 0.0 ], [ 138047.509863969753496, 453963.298844829259906, 0.0 ], [ 138052.682840499066515, 453961.889122782391496, 0.0 ], [ 138053.058449239673791, 453960.095393223396968, 0.0 ], [ 138060.0882656716567, 453959.916232850635424, 0.0 ], [ 138056.769744763761992, 453958.755545745021664, 0.0 ], [ 138053.058449239673791, 453960.095393223396968, 0.0 ], [ 138047.988590101216687, 453961.925707702641375, 0.0 ], [ 138045.052725927089341, 453965.0070632477873, 0.0 ] ] ] ] } },
{ "type": "Feature", "properties": { "fid": 667, "FUNCTIE": "04_Talut1", "Info": null, "Verhaal": null }, "geometry": { "type": "MultiPolygon", "coordinates": [ [ [ [ 138045.049707891244907, 453964.998495141742751, 0.0 ], [ 138047.988590101216687, 453961.925707702641375, 0.0 ], [ 138046.816205992421601, 453957.794784030877054, 0.0 ], [ 138042.310701198934112, 453956.968100068159401, 0.0 ], [ 138045.049707891244907, 453964.998495141742751, 0.0 ] ] ] ] } },
{ "type": "Feature", "properties": { "fid": 668, "FUNCTIE": "04_Talut1", "Info": null, "Verhaal": null }, "geometry": { "type": "MultiPolygon", "coordinates": [ [ [ [ 138046.816205992421601, 453957.794784030877054, 0.0 ], [ 138055.525339533109218, 453954.968117272364907, 0.0 ], [ 138057.142485560529167, 453952.110151201079134, 0.0 ], [ 138051.205704262305517, 453954.895606835372746, 0.0 ], [ 138050.366897487838287, 453955.289163370616734, 0.0 ], [ 138048.875528393284185, 453955.631814881518949, 0.0 ], [ 138043.226489525695797, 453956.844525678083301, 0.0 ], [ 138042.450981371453963, 453956.961446339439135, 0.0 ], [ 138046.816205992421601, 453957.794784030877054, 0.0 ] ] ] ] } },
{ "type": "Feature", "properties": { "fid": 669, "FUNCTIE": "04_Talut1", "Info": null, "Verhaal": null }, "geometry": { "type": "MultiPolygon", "coordinates": [ [ [ [ 138043.226489525695797, 453956.844525678083301, 0.0 ], [ 138048.875528393284185, 453955.631814881518949, 0.0 ], [ 138046.239445100072771, 453949.082323342969175, 0.0 ], [ 138042.369571375660598, 453949.523772150685545, 0.0 ], [ 138041.216520468587987, 453951.129972842056304, 0.0 ], [ 138043.226489525695797, 453956.844525678083301, 0.0 ] ] ] ] } },
{ "type": "Feature", "properties": { "fid": 670, "FUNCTIE": "05_Talut2", "Info": null, "Verhaal": null }, "geometry": { "type": "MultiPolygon", "coordinates": [ [ [ [ 138046.883526153600542, 453942.32352193526458, 0.0 ], [ 138051.205704262305517, 453954.895606835372746, 0.0 ], [ 138057.142485560529167, 453952.110151201079134, 0.0 ], [ 138053.407447610341478, 453941.320878911355976, 0.0 ], [ 138046.883526153600542, 453942.32352193526458, 0.0 ] ] ] ] } },
{ "type": "Feature", "properties": { "fid": 671, "FUNCTIE": "04_Talut1", "Info": null, "Verhaal": null }, "geometry": { "type": "MultiPolygon", "coordinates": [ [ [ [ 138042.369571375660598, 453949.523772150685545, 0.0 ], [ 138040.613663521711715, 453944.817140394239686, 0.0 ], [ 138039.518443000211846, 453946.302160505321808, 0.0 ], [ 138041.216520468587987, 453951.129972842056304, 0.0 ], [ 138042.369571375660598, 453949.523772150685545, 0.0 ] ] ] ] } },
{ "type": "Feature", "properties": { "fid": 672, "FUNCTIE": "04_Talut1", "Info": null, "Verhaal": null }, "geometry": { "type": "MultiPolygon", "coordinates": [ [ [ [ 138039.518443000211846, 453946.302160505321808, 0.0 ], [ 138040.613663521711715, 453944.817140394239686, 0.0 ], [ 138045.722011903417297, 453942.89141613303218, 0.0 ], [ 138046.883526153600542, 453942.32352193526458, 0.0 ], [ 138053.407447610341478, 453941.320878911355976, 0.0 ], [ 138049.972826258162968, 453940.503490897011943, 0.0 ], [ 138041.252463965880452, 453942.87168933096109, 0.0 ], [ 138038.457645867078099, 453946.297478631022386, 0.0 ], [ 138039.518443000211846, 453946.302160505321808, 0.0 ] ] ] ] } },
{ "type": "Feature", "properties": { "fid": 673, "FUNCTIE": "04_Talut1", "Info": null, "Verhaal": null }, "geometry": { "type": "MultiPolygon", "coordinates": [ [ [ [ 138038.557206167053664, 453946.29791804641718, 0.0 ], [ 138041.252463965880452, 453942.87168933096109, 0.0 ], [ 138039.86616616230458, 453939.542050599760842, 0.0 ], [ 138035.880791433766717, 453939.525099259626586, 0.0 ], [ 138038.557206167053664, 453946.29791804641718, 0.0 ] ] ] ] } },
{ "type": "Feature", "properties": { "fid": 674, "FUNCTIE": "04_Talut1", "Info": null, "Verhaal": null }, "geometry": { "type": "MultiPolygon", "coordinates": [ [ [ [ 138035.880550019413931, 453939.524459468841087, 0.0 ], [ 138039.86616616230458, 453939.542050599760842, 0.0 ], [ 138048.958849989983719, 453936.487871238845401, 0.0 ], [ 138050.460669902618974, 453933.744001032959204, 0.0 ], [ 138044.257496522652218, 453937.064176288840827, 0.0 ], [ 138043.455270005302737, 453937.060635507106781, 0.0 ], [ 138038.246697300492087, 453938.56995661847759, 0.0 ], [ 138036.911295429599704, 453938.947617723955773, 0.0 ], [ 138035.880550019413931, 453939.524459468841087, 0.0 ] ] ] ] } },
{ "type": "Feature", "properties": { "fid": 675, "FUNCTIE": "04_Talut1", "Info": null, "Verhaal": null }, "geometry": { "type": "MultiPolygon", "coordinates": [ [ [ [ 138036.906381032371428, 453938.96045407152269, 0.0 ], [ 138038.246697300492087, 453938.56995661847759, 0.0 ], [ 138036.985621477651875, 453934.429452494252473, 0.0 ], [ 138035.792004840855952, 453935.999204776133411, 0.0 ], [ 138036.906381032371428, 453938.96045407152269, 0.0 ] ] ] ] } },
{ "type": "Feature", "properties": { "fid": 676, "FUNCTIE": "05_Talut2", "Info": null, "Verhaal": null }, "geometry": { "type": "MultiPolygon", "coordinates": [ [ [ [ 138044.257496522652218, 453937.064176288840827, 0.0 ], [ 138050.460669902618974, 453933.744001032959204, 0.0 ], [ 138049.559302280889824, 453930.187295086449012, 0.0 ], [ 138042.904302612005267, 453931.991587236931082, 0.0 ], [ 138044.257496522652218, 453937.064176288840827, 0.0 ] ] ] ] } },
{ "type": "Feature", "properties": { "fid": 677, "FUNCTIE": "04_Talut1", "Info": null, "Verhaal": null }, "geometry": { "type": "MultiPolygon", "coordinates": [ [ [ [ 138035.792004840855952, 453935.999204776133411, 0.0 ], [ 138036.985621477651875, 453934.429452494252473, 0.0 ], [ 138042.099083314242307, 453932.675657950050663, 0.0 ], [ 138042.904302612005267, 453931.991587236931082, 0.0 ], [ 138049.559302280889824, 453930.187295086449012, 0.0 ], [ 138045.780869418405928, 453929.368389006238431, 0.0 ], [ 138037.512936124054249, 453933.113832332775928, 0.0 ], [ 138034.558346282341518, 453935.965895112080034, 0.0 ], [ 138035.792004840855952, 453935.999204776133411, 0.0 ] ] ] ] } },
{ "type": "Feature", "properties": { "fid": 678, "FUNCTIE": "04_Talut1", "Info": null, "Verhaal": null }, "geometry": { "type": "MultiPolygon", "coordinates": [ [ [ [ 138037.512936124054249, 453933.113832332775928, 0.0 ], [ 138036.484743141627405, 453929.671170027053449, 0.0 ], [ 138031.826838256441988, 453928.733777781948447, 0.0 ], [ 138034.520766965055373, 453935.965729248244315, 0.0 ], [ 138037.512936124054249, 453933.113832332775928, 0.0 ] ] ] ] } },
{ "type": "Feature", "properties": { "fid": 679, "FUNCTIE": "04_Talut1", "Info": null, "Verhaal": null }, "geometry": { "type": "MultiPolygon", "coordinates": [ [ [ [ 138031.826838256441988, 453928.733777781948447, 0.0 ], [ 138036.484743141627405, 453929.671170027053449, 0.0 ], [ 138044.764399209292606, 453925.925778978096787, 0.0 ], [ 138046.891044921561843, 453922.660696910868865, 0.0 ], [ 138041.332091728545493, 453926.135554540727753, 0.0 ], [ 138039.924525336595252, 453926.133624659094494, 0.0 ], [ 138038.505946049175691, 453927.161660439625848, 0.0 ], [ 138033.178438899252797, 453928.279860182025004, 0.0 ], [ 138031.826838256441988, 453928.733777781948447, 0.0 ] ] ] ] } },
{ "type": "Feature", "properties": { "fid": 680, "FUNCTIE": "04_Talut1", "Info": null, "Verhaal": null }, "geometry": { "type": "MultiPolygon", "coordinates": [ [ [ [ 138033.178940735611832, 453928.281329173012637, 0.0 ], [ 138038.519273335346952, 453927.158859206363559, 0.0 ], [ 138038.237487695878372, 453926.379830314952414, 0.0 ], [ 138037.686529393307865, 453924.962199307978153, 0.0 ], [ 138036.816864626656752, 453922.952497174148448, 0.0 ], [ 138035.836766890482977, 453920.966976236552, 0.0 ], [ 138031.836485006962903, 453924.383423656516243, 0.0 ], [ 138033.178940735611832, 453928.281329173012637, 0.0 ] ] ] ] } },
{ "type": "Feature", "properties": { "fid": 681, "FUNCTIE": "05_Talut2", "Info": null, "Verhaal": null }, "geometry": { "type": "MultiPolygon", "coordinates": [ [ [ [ 138038.555433981586248, 453919.021149233041797, 0.0 ], [ 138039.368911840196233, 453920.642011841235217, 0.0 ], [ 138039.976082991110161, 453922.031729249050841, 0.0 ], [ 138040.234530569112394, 453922.686204198689666, 0.0 ], [ 138040.520321933727246, 453923.466398595424835, 0.0 ], [ 138040.958368963125395, 453924.811911446100567, 0.0 ], [ 138041.325288100779289, 453926.139807433472015, 0.0 ], [ 138046.891044921561843, 453922.660696910868865, 0.0 ], [ 138046.010927577794064, 453920.323991899727844, 0.0 ], [ 138045.058257893600967, 453918.306242845079396, 0.0 ], [ 138043.551207737677032, 453915.494633750873618, 0.0 ], [ 138038.555433981586248, 453919.021149233041797, 0.0 ] ] ] ] } },
{ "type": "Feature", "properties": { "fid": 682, "FUNCTIE": "04_Talut1", "Info": null, "Verhaal": null }, "geometry": { "type": "MultiPolygon", "coordinates": [ [ [ [ 138031.850614812836284, 453924.393019513576292, 0.0 ], [ 138035.854347871936625, 453920.953927808266599, 0.0 ], [ 138037.583668863488128, 453919.959607376775239, 0.0 ], [ 138038.588707923801849, 453918.997631261940114, 0.0 ], [ 138043.549371712259017, 453915.491441958642099, 0.0 ], [ 138039.968918206839589, 453915.934054159326479, 0.0 ], [ 138033.325243965169648, 453920.94731035042787, 0.0 ], [ 138030.448990153468912, 453925.057142159726936, 0.0 ], [ 138031.850614812836284, 453924.393019513576292, 0.0 ] ] ] ] } },
{ "type": "Feature", "properties": { "fid": 683, "FUNCTIE": "04_Talut1", "Info": null, "Verhaal": null }, "geometry": { "type": "MultiPolygon", "coordinates": [ [ [ [ 138030.442415384342894, 453925.060334638576023, 0.0 ], [ 138033.325243965169648, 453920.94731035042787, 0.0 ], [ 138030.700553581526037, 453918.414434198755771, 0.0 ], [ 138026.683932646468747, 453919.657350416644476, 0.0 ], [ 138030.442415384342894, 453925.060334638576023, 0.0 ] ] ] ] } },
{ "type": "Feature", "properties": { "fid": 684, "FUNCTIE": "04_Talut1", "Info": null, "Verhaal": null }, "geometry": { "type": "MultiPolygon", "coordinates": [ [ [ [ 138026.688781554956222, 453919.652063420100603, 0.0 ], [ 138030.700553581526037, 453918.414434198755771, 0.0 ], [ 138037.623050582013093, 453912.857914129970595, 0.0 ], [ 138039.543408598896349, 453908.986565848055761, 0.0 ], [ 138034.373332886199933, 453914.164661975868512, 0.0 ], [ 138033.354672229499556, 453914.186020720691886, 0.0 ], [ 138029.100140610767994, 453917.479009368806146, 0.0 ], [ 138027.779913039965322, 453918.462350869609509, 0.0 ], [ 138026.688781554956222, 453919.652063420100603, 0.0 ] ] ] ] } },
{ "type": "Feature", "properties": { "fid": 685, "FUNCTIE": "04_Talut1", "Info": null, "Verhaal": null }, "geometry": { "type": "MultiPolygon", "coordinates": [ [ [ [ 138029.100140610767994, 453917.479009368806146, 0.0 ], [ 138025.421528318489436, 453913.864381148829125, 0.0 ], [ 138024.656200780533254, 453915.152374536788557, 0.0 ], [ 138027.808382049348438, 453918.431309752108064, 0.0 ], [ 138029.100140610767994, 453917.479009368806146, 0.0 ] ] ] ] } },
{ "type": "Feature", "properties": { "fid": 686, "FUNCTIE": "05_Talut2", "Info": null, "Verhaal": null }, "geometry": { "type": "MultiPolygon", "coordinates": [ [ [ [ 138028.591516278014751, 453908.446336800639983, 0.0 ], [ 138030.139528536325088, 453909.331586709420662, 0.0 ], [ 138030.960589136433555, 453909.932236417429522, 0.0 ], [ 138031.95547410735162, 453910.815065460861661, 0.0 ], [ 138033.113489393814234, 453912.132395041058771, 0.0 ], [ 138033.858479207323398, 453913.226686328474898, 0.0 ], [ 138034.399033969646553, 453914.17747379647335, 0.0 ], [ 138039.566223052155692, 453908.941426126810256, 0.0 ], [ 138038.795566224580398, 453907.813258367707022, 0.0 ], [ 138037.816343189828331, 453906.621088276384398, 0.0 ], [ 138036.730832876928616, 453905.526581576326862, 0.0 ], [ 138035.608855905360542, 453904.585180147783831, 0.0 ], [ 138033.86019950924674, 453903.415241722599603, 0.0 ], [ 138028.591516278014751, 453908.446336800639983, 0.0 ] ] ] ] } },
{ "type": "Feature", "properties": { "fid": 687, "FUNCTIE": "04_Talut1", "Info": null, "Verhaal": null }, "geometry": { "type": "MultiPolygon", "coordinates": [ [ [ [ 138024.656200780533254, 453915.152374536788557, 0.0 ], [ 138025.454893492744304, 453913.808229866321199, 0.0 ], [ 138028.101743916486157, 453909.353763421124313, 0.0 ], [ 138028.591516278014751, 453908.446336800639983, 0.0 ], [ 138033.780249483505031, 453903.442325782845728, 0.0 ], [ 138030.17396074833232, 453904.647855425544549, 0.0 ], [ 138025.230929774988908, 453911.185067625250667, 0.0 ], [ 138023.481103908532532, 453916.197102642501704, 0.0 ], [ 138024.656200780533254, 453915.152374536788557, 0.0 ] ] ] ] } },
{ "type": "Feature", "properties": { "fid": 688, "FUNCTIE": "04_Talut1", "Info": null, "Verhaal": null }, "geometry": { "type": "MultiPolygon", "coordinates": [ [ [ [ 138025.230929774988908, 453911.185067625250667, 0.0 ], [ 138022.261158647394041, 453908.86503922851989, 0.0 ], [ 138017.947900665953057, 453911.039126969641075, 0.0 ], [ 138023.481103908532532, 453916.197102642501704, 0.0 ], [ 138025.230929774988908, 453911.185067625250667, 0.0 ] ] ] ] } },
{ "type": "Feature", "properties": { "fid": 689, "FUNCTIE": "04_Talut1", "Info": null, "Verhaal": null }, "geometry": { "type": "MultiPolygon", "coordinates": [ [ [ [ 138017.912858461466385, 453911.116224221477751, 0.0 ], [ 138022.261158647394041, 453908.86503922851989, 0.0 ], [ 138027.218789819919039, 453902.096628752944525, 0.0 ], [ 138027.804378184315283, 453899.262761879188474, 0.0 ], [ 138024.113165066344664, 453904.632637679809704, 0.0 ], [ 138022.850998878799146, 453905.02862833958352, 0.0 ], [ 138021.696009392442647, 453907.028654612135142, 0.0 ], [ 138018.489050735952333, 453909.867197479528841, 0.0 ], [ 138017.912858461466385, 453911.116224221477751, 0.0 ] ] ] ] } },
{ "type": "Feature", "properties": { "fid": 690, "FUNCTIE": "05_Talut2", "Info": null, "Verhaal": null }, "geometry": { "type": "MultiPolygon", "coordinates": [ [ [ [ 138009.95760238339426, 453891.963920351292472, 0.0 ], [ 138006.723529772629263, 453897.679627203615382, 0.0 ], [ 138008.920462985377526, 453898.20954855682794, 0.0 ], [ 138011.152573975588894, 453898.84273930528434, 0.0 ], [ 138013.513602727733087, 453899.620204979844857, 0.0 ], [ 138015.566988529608352, 453900.390103741257917, 0.0 ], [ 138018.140379134652903, 453901.484501428203657, 0.0 ], [ 138020.413498439011164, 453902.577818475605454, 0.0 ], [ 138022.490240344719496, 453903.687309315253515, 0.0 ], [ 138024.113165066344664, 453904.632637679809704, 0.0 ], [ 138027.804378184315283, 453899.262761879188474, 0.0 ], [ 138026.263740131660597, 453898.162713393801823, 0.0 ], [ 138024.315057966916356, 453896.92805814917665, 0.0 ], [ 138023.596449387143366, 453896.51331373595167, 0.0 ], [ 138021.649009806802496, 453895.490673371648882, 0.0 ], [ 138019.935936033667531, 453894.705643069872167, 0.0 ], [ 138017.723159899818711, 453893.838337308960035, 0.0 ], [ 138014.81789174862206, 453892.932903677574359, 0.0 ], [ 138012.18146190061816, 453892.325546492706053, 0.0 ], [ 138009.95760238339426, 453891.963920351292472, 0.0 ] ] ] ] } },
{ "type": "Feature", "properties": { "fid": 691, "FUNCTIE": "04_Talut1", "Info": null, "Verhaal": null }, "geometry": { "type": "MultiPolygon", "coordinates": [ [ [ [ 138009.956505342153832, 453891.964756443456281, 0.0 ], [ 138006.899284188519232, 453894.218108177767135, 0.0 ], [ 138004.232507812703261, 453902.826041875581723, 0.0 ], [ 138004.619256564910756, 453907.182707176776603, 0.0 ], [ 138005.309488143684575, 453905.445906190609094, 0.0 ], [ 138006.434743755409727, 453901.129038822662551, 0.0 ], [ 138006.946527912979946, 453899.055861359112896, 0.0 ], [ 138006.723529772629263, 453897.679627203615382, 0.0 ], [ 138009.956505342153832, 453891.964756443456281, 0.0 ] ] ] ] } },
{ "type": "Feature", "properties": { "fid": 692, "FUNCTIE": "04_Talut1", "Info": null, "Verhaal": null }, "geometry": { "type": "MultiPolygon", "coordinates": [ [ [ [ 138005.298160405713134, 453905.474409707530867, 0.0 ], [ 138018.489050735952333, 453909.867197479528841, 0.0 ], [ 138021.696009392442647, 453907.028654612135142, 0.0 ], [ 138020.025749778520549, 453906.042801848379895, 0.0 ], [ 138018.217864201928023, 453905.082795995986089, 0.0 ], [ 138016.51655961072538, 453904.274315174494404, 0.0 ], [ 138014.650456851435592, 453903.486920239403844, 0.0 ], [ 138013.199068657821044, 453902.942497911222745, 0.0 ], [ 138011.448062676936388, 453902.361472139076795, 0.0 ], [ 138009.777127129636938, 453901.881329292547889, 0.0 ], [ 138008.19677883858094, 453901.491703274077736, 0.0 ], [ 138006.364753527683206, 453901.116167956904974, 0.0 ], [ 138005.298160405713134, 453905.474409707530867, 0.0 ] ] ] ] } },
{ "type": "Feature", "properties": { "fid": 693, "FUNCTIE": "04_Talut1", "Info": null, "Verhaal": null }, "geometry": { "type": "MultiPolygon", "coordinates": [ [ [ [ 137997.5263143107004, 453904.279313517501578, 0.0 ], [ 138004.619256564910756, 453907.182707176776603, 0.0 ], [ 138004.232507812703261, 453902.826041875581723, 0.0 ], [ 138000.632561735925265, 453901.549505082482938, 0.0 ], [ 137997.5263143107004, 453904.279313517501578, 0.0 ] ] ] ] } },
{ "type": "Feature", "properties": { "fid": 694, "FUNCTIE": "04_Talut1", "Info": null, "Verhaal": null }, "geometry": { "type": "MultiPolygon", "coordinates": [ [ [ [ 137997.526325924467528, 453904.286310443363618, 0.0 ], [ 138000.632561735925265, 453901.549505082482938, 0.0 ], [ 138003.763846615765942, 453893.067349473014474, 0.0 ], [ 138003.779243573429994, 453889.529959585575853, 0.0 ], [ 138001.68672727336525, 453896.33188450144371, 0.0 ], [ 138000.883218926202971, 453896.622632679122034, 0.0 ], [ 137998.911632283648942, 453901.971674098051153, 0.0 ], [ 137997.532768645556644, 453902.796467689448036, 0.0 ], [ 137997.526325924467528, 453904.286310443363618, 0.0 ] ] ] ] } },
{ "type": "Feature", "properties": { "fid": 695, "FUNCTIE": "04_Talut1", "Info": null, "Verhaal": null }, "geometry": { "type": "MultiPolygon", "coordinates": [ [ [ [ 137997.532768645556644, 453902.796467689448036, 0.0 ], [ 137998.911632283648942, 453901.971674098051153, 0.0 ], [ 137993.077424139017239, 453899.512275893765036, 0.0 ], [ 137993.104596735298401, 453901.526411381899379, 0.0 ], [ 137997.532768645556644, 453902.796467689448036, 0.0 ] ] ] ] } },
{ "type": "Feature", "properties": { "fid": 696, "FUNCTIE": "05_Talut2", "Info": null, "Verhaal": null }, "geometry": { "type": "MultiPolygon", "coordinates": [ [ [ [ 137994.052864800905809, 453893.59742727590492, 0.0 ], [ 138001.68672727336525, 453896.33188450144371, 0.0 ], [ 138003.779243573429994, 453889.529959585575853, 0.0 ], [ 137997.685094649234088, 453887.468471310974564, 0.0 ], [ 137994.052864800905809, 453893.59742727590492, 0.0 ] ] ] ] } },
{ "type": "Feature", "properties": { "fid": 697, "FUNCTIE": "04_Talut1", "Info": null, "Verhaal": null }, "geometry": { "type": "MultiPolygon", "coordinates": [ [ [ [ 137993.068702036543982, 453901.5161163189332, 0.0 ], [ 137993.077424139017239, 453899.512275893765036, 0.0 ], [ 137994.816817836166592, 453894.848140072252136, 0.0 ], [ 137994.052864800905809, 453893.59742727590492, 0.0 ], [ 137992.510036371357273, 453898.190129138587508, 0.0 ], [ 137992.382230633927975, 453902.761656137066893, 0.0 ], [ 137993.068702036543982, 453901.5161163189332, 0.0 ] ] ] ] } },
{ "type": "Feature", "properties": { "fid": 698, "FUNCTIE": "04_Talut1", "Info": null, "Verhaal": null }, "geometry": { "type": "MultiPolygon", "coordinates": [ [ [ [ 137992.510036371357273, 453898.190129138587508, 0.0 ], [ 137988.847810031234985, 453897.027921168017201, 0.0 ], [ 137985.509829834161792, 453900.336483839259017, 0.0 ], [ 137992.375591233780142, 453902.773702727048658, 0.0 ], [ 137992.510036371357273, 453898.190129138587508, 0.0 ] ] ] ] } },
{ "type": "Feature", "properties": { "fid": 699, "FUNCTIE": "04_Talut1", "Info": null, "Verhaal": null }, "geometry": { "type": "MultiPolygon", "coordinates": [ [ [ [ 137985.509829834161792, 453900.336483839259017, 0.0 ], [ 137988.847810031234985, 453897.027921168017201, 0.0 ], [ 137991.917512187297689, 453888.465155581536237, 0.0 ], [ 137990.713650056684855, 453885.002719979092944, 0.0 ], [ 137989.557881117711077, 453891.873867806105409, 0.0 ], [ 137988.86776323086815, 453892.443842218897771, 0.0 ], [ 137986.897049455641536, 453897.59210696304217, 0.0 ], [ 137985.977223730966216, 453898.275895511382259, 0.0 ], [ 137985.509829834161792, 453900.336483839259017, 0.0 ] ] ] ] } },
{ "type": "Feature", "properties": { "fid": 700, "FUNCTIE": "04_Talut1", "Info": null, "Verhaal": null }, "geometry": { "type": "MultiPolygon", "coordinates": [ [ [ [ 137994.052864800905809, 453893.59742727590492, 0.0 ], [ 137997.685094649234088, 453887.468471310974564, 0.0 ], [ 137995.320283455046592, 453889.709377231134567, 0.0 ], [ 137994.052864800905809, 453893.59742727590492, 0.0 ] ] ] ] } },
{ "type": "Feature", "properties": { "fid": 701, "FUNCTIE": "04_Talut1", "Info": null, "Verhaal": null }, "geometry": { "type": "MultiPolygon", "coordinates": [ [ [ [ 137981.070557342900429, 453896.540002176479902, 0.0 ], [ 137985.977223730966216, 453898.275895511382259, 0.0 ], [ 137986.897049455641536, 453897.59210696304217, 0.0 ], [ 137981.062222268577898, 453895.274490221170709, 0.0 ], [ 137981.070557342900429, 453896.540002176479902, 0.0 ] ] ] ] } },
{ "type": "Feature", "properties": { "fid": 702, "FUNCTIE": "05_Talut2", "Info": null, "Verhaal": null }, "geometry": { "type": "MultiPolygon", "coordinates": [ [ [ [ 137982.692368011747021, 453889.379570778692141, 0.0 ], [ 137989.557881117711077, 453891.873867806105409, 0.0 ], [ 137990.713650056684855, 453885.002719979092944, 0.0 ], [ 137986.942948019132018, 453883.504164774145465, 0.0 ], [ 137982.692368011747021, 453889.379570778692141, 0.0 ] ] ] ] } },
{ "type": "Feature", "properties": { "fid": 703, "FUNCTIE": "04_Talut1", "Info": null, "Verhaal": null }, "geometry": { "type": "MultiPolygon", "coordinates": [ [ [ [ 137979.969236256845761, 453893.535256878240034, 0.0 ], [ 137980.476731436239788, 453898.137010499020107, 0.0 ], [ 137981.070557342900429, 453896.540002176479902, 0.0 ], [ 137981.062222268577898, 453895.274490221170709, 0.0 ], [ 137983.14604499968118, 453890.470313220110256, 0.0 ], [ 137982.692368011747021, 453889.379570778692141, 0.0 ], [ 137986.942948019132018, 453883.504164774145465, 0.0 ], [ 137983.121680434327573, 453885.410816953517497, 0.0 ], [ 137979.969236256845761, 453893.535256878240034, 0.0 ] ] ] ] } },
{ "type": "Feature", "properties": { "fid": 704, "FUNCTIE": "04_Talut1", "Info": null, "Verhaal": null }, "geometry": { "type": "MultiPolygon", "coordinates": [ [ [ [ 137980.476731436239788, 453898.137010499020107, 0.0 ], [ 137979.969236256845761, 453893.535256878240034, 0.0 ], [ 137976.834345387469511, 453892.390721997944638, 0.0 ], [ 137973.611465671303449, 453895.585412614454981, 0.0 ], [ 137980.476731436239788, 453898.137010499020107, 0.0 ] ] ] ] } },
{ "type": "Feature", "properties": { "fid": 705, "FUNCTIE": "04_Talut1", "Info": null, "Verhaal": null }, "geometry": { "type": "MultiPolygon", "coordinates": [ [ [ [ 137973.611465671303449, 453895.585412614454981, 0.0 ], [ 137976.834345387469511, 453892.390721997944638, 0.0 ], [ 137980.009575165109709, 453884.267841676191892, 0.0 ], [ 137979.519622084713774, 453881.056761808868032, 0.0 ], [ 137977.770681870984845, 453887.913843394140713, 0.0 ], [ 137976.852303552848753, 453888.265050367976073, 0.0 ], [ 137976.155451044905931, 453890.3821516878088, 0.0 ], [ 137973.617950592451962, 453894.095586593728513, 0.0 ], [ 137973.611465671303449, 453895.585412614454981, 0.0 ] ] ] ] } },
{ "type": "Feature", "properties": { "fid": 706, "FUNCTIE": "05_Talut2", "Info": null, "Verhaal": null }, "geometry": { "type": "MultiPolygon", "coordinates": [ [ [ [ 137968.730882765055867, 453884.676468456920702, 0.0 ], [ 137977.770681870984845, 453887.913843394140713, 0.0 ], [ 137979.520541776670143, 453881.062789334042463, 0.0 ], [ 137971.740517763013486, 453877.813503171957564, 0.0 ], [ 137968.730882765055867, 453884.676468456920702, 0.0 ] ] ] ] } },
{ "type": "Feature", "properties": { "fid": 707, "FUNCTIE": "04_Talut1", "Info": null, "Verhaal": null }, "geometry": { "type": "MultiPolygon", "coordinates": [ [ [ [ 137967.801579451566795, 453887.5374711076729, 0.0 ], [ 137966.982545642793411, 453891.774781633459497, 0.0 ], [ 137973.617950247571571, 453894.095665833679959, 0.0 ], [ 137976.155451044905931, 453890.3821516878088, 0.0 ], [ 137967.801579451566795, 453887.5374711076729, 0.0 ] ] ] ] } },
{ "type": "Feature", "properties": { "fid": 708, "FUNCTIE": "04_Talut1", "Info": null, "Verhaal": null }, "geometry": { "type": "MultiPolygon", "coordinates": [ [ [ [ 137966.980893982981797, 453891.774203945999034, 0.0 ], [ 137967.801579451566795, 453887.5374711076729, 0.0 ], [ 137968.726767308136914, 453885.621934943483211, 0.0 ], [ 137968.730882765055867, 453884.676468456920702, 0.0 ], [ 137971.740517763013486, 453877.813503171957564, 0.0 ], [ 137968.750294373021461, 453880.206973716616631, 0.0 ], [ 137965.620486166735645, 453888.358723258716054, 0.0 ], [ 137965.600158218818251, 453893.028755186649505, 0.0 ], [ 137966.980893982981797, 453891.774203945999034, 0.0 ] ] ] ] } },
{ "type": "Feature", "properties": { "fid": 709, "FUNCTIE": "04_Talut1", "Info": null, "Verhaal": null }, "geometry": { "type": "MultiPolygon", "coordinates": [ [ [ [ 137965.600158218818251, 453893.028755186649505, 0.0 ], [ 137965.620486166735645, 453888.358723258716054, 0.0 ], [ 137962.071377404907253, 453887.512175320123788, 0.0 ], [ 137959.08523585947114, 453888.977597165387124, 0.0 ], [ 137959.083662896300666, 453890.939312629634514, 0.0 ], [ 137965.600158218818251, 453893.028755186649505, 0.0 ] ] ] ] } },
{ "type": "Feature", "properties": { "fid": 710, "FUNCTIE": "04_Talut1", "Info": null, "Verhaal": null }, "geometry": { "type": "MultiPolygon", "coordinates": [ [ [ [ 137965.225814972043736, 453878.824795299849939, 0.0 ], [ 137964.644546414725482, 453875.604697421775199, 0.0 ], [ 137962.779454440780682, 453882.816528463910799, 0.0 ], [ 137962.090333616361022, 453883.157298943609931, 0.0 ], [ 137960.581524703593459, 453887.505598413641565, 0.0 ], [ 137959.08523585947114, 453888.977597165387124, 0.0 ], [ 137962.071377404907253, 453887.512175320123788, 0.0 ], [ 137965.225814972043736, 453878.824795299849939, 0.0 ] ] ] ] } },
{ "type": "Feature", "properties": { "fid": 711, "FUNCTIE": "05_Talut2", "Info": null, "Verhaal": null }, "geometry": { "type": "MultiPolygon", "coordinates": [ [ [ [ 137957.567221914185211, 453880.845247185672633, 0.0 ], [ 137962.779454440780682, 453882.816528463910799, 0.0 ], [ 137964.644790346734226, 453875.606098649208434, 0.0 ], [ 137958.015710886364104, 453873.05688573315274, 0.0 ], [ 137957.567221914185211, 453880.845247185672633, 0.0 ] ] ] ] } },
{ "type": "Feature", "properties": { "fid": 712, "FUNCTIE": "05_Talut2", "Info": null, "Verhaal": null }, "geometry": { "type": "MultiPolygon", "coordinates": [ [ [ [ 137957.567221914185211, 453880.845247185672633, 0.0 ], [ 137958.015710886364104, 453873.05688573315274, 0.0 ], [ 137948.475895196432248, 453877.710798688931391, 0.0 ], [ 137951.084851083287504, 453883.910944450763054, 0.0 ], [ 137957.567221914185211, 453880.845247185672633, 0.0 ] ] ] ] } },
{ "type": "Feature", "properties": { "fid": 713, "FUNCTIE": "04_Talut1", "Info": null, "Verhaal": null }, "geometry": { "type": "MultiPolygon", "coordinates": [ [ [ [ 137960.581524703593459, 453887.505598413641565, 0.0 ], [ 137954.487818792636972, 453889.140459273767192, 0.0 ], [ 137954.728431073133834, 453889.71348129643593, 0.0 ], [ 137955.641328013938619, 453890.291593667294364, 0.0 ], [ 137959.08523585947114, 453888.977597165387124, 0.0 ], [ 137960.581524703593459, 453887.505598413641565, 0.0 ] ] ] ] } },
{ "type": "Feature", "properties": { "fid": 714, "FUNCTIE": "04_Talut1", "Info": null, "Verhaal": null }, "geometry": { "type": "MultiPolygon", "coordinates": [ [ [ [ 137952.32703843046329, 453888.156784652208444, 0.0 ], [ 137954.728431073133834, 453889.71348129643593, 0.0 ], [ 137954.487818792636972, 453889.140459273767192, 0.0 ], [ 137952.342502908053575, 453884.604121760348789, 0.0 ], [ 137951.084851083287504, 453883.910944450763054, 0.0 ], [ 137948.475895196432248, 453877.710798688931391, 0.0 ], [ 137948.462426066893386, 453880.805053412041161, 0.0 ], [ 137952.32703843046329, 453888.156784652208444, 0.0 ] ] ] ] } },
{ "type": "Feature", "properties": { "fid": 715, "FUNCTIE": "04_Talut1", "Info": null, "Verhaal": null }, "geometry": { "type": "MultiPolygon", "coordinates": [ [ [ [ 137944.78661417789408, 453882.737098335637711, 0.0 ], [ 137942.272583080281038, 453881.121716360677965, 0.0 ], [ 137946.145401154120918, 453886.525036675448064, 0.0 ], [ 137946.138417139038211, 453888.129465250298381, 0.0 ], [ 137948.410266627673991, 453892.787608772516251, 0.0 ], [ 137948.635263468604535, 453893.756095416902099, 0.0 ], [ 137949.316885682317661, 453895.134322766272817, 0.0 ], [ 137948.650229165737983, 453890.318034117924981, 0.0 ], [ 137944.78661417789408, 453882.737098335637711, 0.0 ] ] ] ] } },
{ "type": "Feature", "properties": { "fid": 716, "FUNCTIE": "04_Talut1", "Info": null, "Verhaal": null }, "geometry": { "type": "MultiPolygon", "coordinates": [ [ [ [ 137948.650229165737983, 453890.318034117924981, 0.0 ], [ 137949.316901810088893, 453895.134355372807477, 0.0 ], [ 137956.048403874738142, 453891.181086442316882, 0.0 ], [ 137955.641328013938619, 453890.291593667294364, 0.0 ], [ 137954.728431073133834, 453889.71348129643593, 0.0 ], [ 137952.32703843046329, 453888.156784652208444, 0.0 ], [ 137948.650229165737983, 453890.318034117924981, 0.0 ] ] ] ] } },
{ "type": "Feature", "properties": { "fid": 717, "FUNCTIE": "05_Talut2", "Info": null, "Verhaal": null }, "geometry": { "type": "MultiPolygon", "coordinates": [ [ [ [ 137941.149694943655049, 453888.89842172380304, 0.0 ], [ 137946.145401154120918, 453886.525036675448064, 0.0 ], [ 137942.272307696664939, 453881.121539416781161, 0.0 ], [ 137938.596463366528042, 453883.060855443705805, 0.0 ], [ 137941.149694943655049, 453888.89842172380304, 0.0 ] ] ] ] } },
{ "type": "Feature", "properties": { "fid": 718, "FUNCTIE": "04_Talut1", "Info": null, "Verhaal": null }, "geometry": { "type": "MultiPolygon", "coordinates": [ [ [ [ 137945.307878130057361, 453894.62959007488098, 0.0 ], [ 137946.108359457051847, 453895.119988962309435, 0.0 ], [ 137948.62382957484806, 453893.762266841251403, 0.0 ], [ 137948.410266627673991, 453892.787608772516251, 0.0 ], [ 137945.307878130057361, 453894.62959007488098, 0.0 ] ] ] ] } },
{ "type": "Feature", "properties": { "fid": 719, "FUNCTIE": "04_Talut1", "Info": null, "Verhaal": null }, "geometry": { "type": "MultiPolygon", "coordinates": [ [ [ [ 137938.583025710599031, 453886.147839938348625, 0.0 ], [ 137942.560995958396234, 453893.786583487584721, 0.0 ], [ 137947.020810677669942, 453896.045222069893498, 0.0 ], [ 137946.111159308667993, 453895.123405062768143, 0.0 ], [ 137945.307878130057361, 453894.62959007488098, 0.0 ], [ 137942.578206648817286, 453889.832812639011536, 0.0 ], [ 137941.149694943655049, 453888.89842172380304, 0.0 ], [ 137938.596463366528042, 453883.060855443705805, 0.0 ], [ 137938.583025710599031, 453886.147839938348625, 0.0 ] ] ] ] } },
{ "type": "Feature", "properties": { "fid": 720, "FUNCTIE": "04_Talut1", "Info": null, "Verhaal": null }, "geometry": { "type": "MultiPolygon", "coordinates": [ [ [ [ 137942.560995958396234, 453893.786583487584721, 0.0 ], [ 137939.688659180654213, 453895.43566577375168, 0.0 ], [ 137939.903425566793885, 453900.131687514891382, 0.0 ], [ 137947.020422952860827, 453896.044829157763161, 0.0 ], [ 137942.560995958396234, 453893.786583487584721, 0.0 ] ] ] ] } },
{ "type": "Feature", "properties": { "fid": 721, "FUNCTIE": "04_Talut1", "Info": null, "Verhaal": null }, "geometry": { "type": "MultiPolygon", "coordinates": [ [ [ [ 137939.897415071434807, 453900.135138457932044, 0.0 ], [ 137939.688659180654213, 453895.43566577375168, 0.0 ], [ 137935.602913940383587, 453887.724212337576319, 0.0 ], [ 137932.845090256188996, 453886.513663480523974, 0.0 ], [ 137936.502192086481955, 453890.26440755528165, 0.0 ], [ 137936.498201169859385, 453891.18122406466864, 0.0 ], [ 137938.542617788916687, 453895.430606752168387, 0.0 ], [ 137938.536132566427113, 453896.920433618186507, 0.0 ], [ 137938.53355907931109, 453897.954915549024008, 0.0 ], [ 137939.897415071434807, 453900.135138457932044, 0.0 ] ] ] ] } },
{ "type": "Feature", "properties": { "fid": 722, "FUNCTIE": "05_Talut2", "Info": null, "Verhaal": null }, "geometry": { "type": "MultiPolygon", "coordinates": [ [ [ [ 137936.502192086481955, 453890.26440755528165, 0.0 ], [ 137932.78337585972622, 453886.486432117701042, 0.0 ], [ 137922.788859731343109, 453892.643284555233549, 0.0 ], [ 137927.458949428284541, 453895.381679660989903, 0.0 ], [ 137936.502192086481955, 453890.26440755528165, 0.0 ] ] ] ] } },
{ "type": "Feature", "properties": { "fid": 723, "FUNCTIE": "04_Talut1", "Info": null, "Verhaal": null }, "geometry": { "type": "MultiPolygon", "coordinates": [ [ [ [ 137922.788859731343109, 453892.643284555233549, 0.0 ], [ 137920.962571882439079, 453892.66644412727328, 0.0 ], [ 137929.319316439679824, 453899.230829710955732, 0.0 ], [ 137929.249204734223895, 453897.796272462990601, 0.0 ], [ 137927.454958463553339, 453896.29849634913262, 0.0 ], [ 137927.458949428284541, 453895.381679660989903, 0.0 ], [ 137922.788859731343109, 453892.643284555233549, 0.0 ] ] ] ] } },
{ "type": "Feature", "properties": { "fid": 724, "FUNCTIE": "04_Talut1", "Info": null, "Verhaal": null }, "geometry": { "type": "MultiPolygon", "coordinates": [ [ [ [ 137938.536132566427113, 453896.920433618186507, 0.0 ], [ 137935.605745935987215, 453898.740942545235157, 0.0 ], [ 137934.118280328024412, 453895.970922330161557, 0.0 ], [ 137934.848090637882706, 453900.074966480315197, 0.0 ], [ 137938.52742812273209, 453897.954329386528116, 0.0 ], [ 137938.536132566427113, 453896.920433618186507, 0.0 ] ] ] ] } },
{ "type": "Feature", "properties": { "fid": 725, "FUNCTIE": "04_Talut1", "Info": null, "Verhaal": null }, "geometry": { "type": "MultiPolygon", "coordinates": [ [ [ [ 137933.306869359163102, 453903.851400838291738, 0.0 ], [ 137937.662747181835584, 453907.232251942215953, 0.0 ], [ 137938.615445359493606, 453907.744084347679745, 0.0 ], [ 137939.168239115766482, 453907.916888067731634, 0.0 ], [ 137940.173179255885771, 453908.042574264341965, 0.0 ], [ 137941.009073433204321, 453908.003644666925538, 0.0 ], [ 137942.095495994057273, 453907.747492504830007, 0.0 ], [ 137943.104764116054866, 453907.322737110662274, 0.0 ], [ 137944.184764101548353, 453906.645382710499689, 0.0 ], [ 137953.930069332767744, 453901.37533088051714, 0.0 ], [ 137953.980751375725958, 453896.43163344275672, 0.0 ], [ 137942.268511334259529, 453902.788950899557676, 0.0 ], [ 137941.237019859952852, 453903.166756923485082, 0.0 ], [ 137940.49163042800501, 453903.296841886127368, 0.0 ], [ 137939.365042681922205, 453903.239722473022994, 0.0 ], [ 137938.497295040288009, 453902.903862257662695, 0.0 ], [ 137937.629110214213142, 453902.280864236527123, 0.0 ], [ 137937.176446165598463, 453901.778084186837077, 0.0 ], [ 137936.394827725365758, 453901.006390337774064, 0.0 ], [ 137935.550037904991768, 453900.3874206643668, 0.0 ], [ 137934.854354637820506, 453900.110191707615741, 0.0 ], [ 137934.161000611551572, 453900.020592448767275, 0.0 ], [ 137933.334757396398345, 453900.105768455425277, 0.0 ], [ 137932.713916307489853, 453900.281091151002329, 0.0 ], [ 137932.106400284537813, 453900.547051969100721, 0.0 ], [ 137931.496306283341255, 453900.940798130584881, 0.0 ], [ 137934.08556955360109, 453902.9748143380275, 0.0 ], [ 137933.306869359163102, 453903.851400838291738, 0.0 ] ] ] ] } },
{ "type": "Feature", "properties": { "fid": 726, "FUNCTIE": "04_Talut1", "Info": null, "Verhaal": null }, "geometry": { "type": "MultiPolygon", "coordinates": [ [ [ [ 137934.854354637820506, 453900.110191707615741, 0.0 ], [ 137934.142968467494939, 453896.109754591656383, 0.0 ], [ 137933.343329002120299, 453895.407829459116329, 0.0 ], [ 137929.249204734223895, 453897.796272462990601, 0.0 ], [ 137929.319316439679824, 453899.230829710955732, 0.0 ], [ 137931.496306283341255, 453900.940798130584881, 0.0 ], [ 137931.991764409118332, 453900.610374394513201, 0.0 ], [ 137932.639075464103371, 453900.307956376986112, 0.0 ], [ 137933.334757396398345, 453900.105768455425277, 0.0 ], [ 137934.256127722474048, 453900.023808961792383, 0.0 ], [ 137934.854354637820506, 453900.110191707615741, 0.0 ] ] ] ] } },
{ "type": "Feature", "properties": { "fid": 727, "FUNCTIE": "04_Talut1", "Info": null, "Verhaal": null }, "geometry": { "type": "MultiPolygon", "coordinates": [ [ [ [ 137954.010182269499637, 453896.415719785843976, 0.0 ], [ 137953.930069332767744, 453901.37533088051714, 0.0 ], [ 137986.829207418602891, 453913.178201602888294, 0.0 ], [ 137954.010182269499637, 453896.415719785843976, 0.0 ] ] ] ] } },
{ "type": "Feature", "properties": { "fid": 728, "FUNCTIE": "04_Talut1", "Info": null, "Verhaal": null }, "geometry": { "type": "MultiPolygon", "coordinates": [ [ [ [ 137957.828109673981089, 453894.080761426652316, 0.0 ], [ 137991.297471991361817, 453910.241999384597875, 0.0 ], [ 138014.729969848762266, 453918.861350273131393, 0.0 ], [ 138017.362165939732222, 453915.550476492266171, 0.0 ], [ 137957.828109673981089, 453894.080761426652316, 0.0 ] ] ] ] } },
{ "type": "Feature", "properties": { "fid": 729, "FUNCTIE": "04_Talut1", "Info": null, "Verhaal": null }, "geometry": { "type": "MultiPolygon", "coordinates": [ [ [ [ 138014.729969848762266, 453918.861350273131393, 0.0 ], [ 138021.122693911602255, 453919.472663849417586, 0.0 ], [ 138017.362165939732222, 453915.550476492266171, 0.0 ], [ 138014.729969848762266, 453918.861350273131393, 0.0 ] ] ] ] } },
{ "type": "Feature", "properties": { "fid": 730, "FUNCTIE": "04_Talut1", "Info": null, "Verhaal": null }, "geometry": { "type": "MultiPolygon", "coordinates": [ [ [ [ 138014.729969848762266, 453918.861350273131393, 0.0 ], [ 137996.69427435201942, 453942.645287204883061, 0.0 ], [ 138021.122693911602255, 453919.472663849417586, 0.0 ], [ 138014.729969848762266, 453918.861350273131393, 0.0 ] ] ] ] } },
{ "type": "Feature", "properties": { "fid": 731, "FUNCTIE": "04_Talut1", "Info": null, "Verhaal": null }, "geometry": { "type": "MultiPolygon", "coordinates": [ [ [ [ 137999.81299267092254, 453946.07039693580009, 0.0 ], [ 138023.894683980353875, 453927.441903999831993, 0.0 ], [ 138023.993583038885845, 453922.46696814353345, 0.0 ], [ 137999.81299267092254, 453946.07039693580009, 0.0 ] ] ] ] } },
{ "type": "Feature", "properties": { "fid": 732, "FUNCTIE": "04_Talut1", "Info": null, "Verhaal": null }, "geometry": { "type": "MultiPolygon", "coordinates": [ [ [ [ 138023.926034589705523, 453927.518115469196346, 0.0 ], [ 138028.127945831103716, 453925.858726836217102, 0.0 ], [ 138024.105606591940159, 453922.568057791271713, 0.0 ], [ 138023.926034589705523, 453927.518115469196346, 0.0 ] ] ] ] } },
{ "type": "Feature", "properties": { "fid": 733, "FUNCTIE": "04_Talut1", "Info": null, "Verhaal": null }, "geometry": { "type": "MultiPolygon", "coordinates": [ [ [ [ 138023.926034589705523, 453927.518115469196346, 0.0 ], [ 138032.257850021735067, 453952.649940295959823, 0.0 ], [ 138048.741377322206972, 453986.454322386241984, 0.0 ], [ 138028.20910577653558, 453925.925123655528296, 0.0 ], [ 138023.926034589705523, 453927.518115469196346, 0.0 ] ] ] ] } },
{ "type": "Feature", "properties": { "fid": 734, "FUNCTIE": "04_Talut1", "Info": null, "Verhaal": null }, "geometry": { "type": "MultiPolygon", "coordinates": [ [ [ [ 138029.95993668815936, 453956.918161845009308, 0.0 ], [ 138041.328346283407882, 453990.581864400184713, 0.0 ], [ 138046.673551494837739, 453990.570948161359411, 0.0 ], [ 138029.95993668815936, 453956.918161845009308, 0.0 ] ] ] ] } },
{ "type": "Feature", "properties": { "fid": 735, "FUNCTIE": "04_Talut1", "Info": null, "Verhaal": null }, "geometry": { "type": "MultiPolygon", "coordinates": [ [ [ [ 138041.342372760700528, 453990.53687643178273, 0.0 ], [ 138034.405497253173962, 454003.826022780616768, 0.0 ], [ 138039.621195960091427, 454004.610771152831148, 0.0 ], [ 138046.673551494837739, 453990.570948161359411, 0.0 ], [ 138041.342372760700528, 453990.53687643178273, 0.0 ] ] ] ] } },
{ "type": "Feature", "properties": { "fid": 736, "FUNCTIE": "04_Talut1", "Info": null, "Verhaal": null }, "geometry": { "type": "MultiPolygon", "coordinates": [ [ [ [ 138038.873150973813608, 454012.060384542564861, 0.0 ], [ 138040.152332512720022, 454011.262479672732297, 0.0 ], [ 138042.36477584351087, 454014.255389909783844, 0.0 ], [ 138042.601480789482594, 454013.586636926105712, 0.0 ], [ 138042.829580867371988, 454012.681492183881346, 0.0 ], [ 138042.993102778214961, 454011.667811741470359, 0.0 ], [ 138042.937131936691003, 454010.743775333568919, 0.0 ], [ 138042.738215026591206, 454010.193098461662885, 0.0 ], [ 138042.187908201507526, 454009.293935569061432, 0.0 ], [ 138041.674771935562603, 454008.514625635230914, 0.0 ], [ 138040.9420509171905, 454007.50543781981105, 0.0 ], [ 138040.115816267265473, 454006.684172022971325, 0.0 ], [ 138039.712326408334775, 454006.268304019817151, 0.0 ], [ 138039.533301418065093, 454005.458385246456601, 0.0 ], [ 138039.60110525591881, 454004.674795989296399, 0.0 ], [ 138034.381103346851887, 454003.89607590448577, 0.0 ], [ 138034.282977606926579, 454004.33117163553834, 0.0 ], [ 138034.266270770836854, 454004.696028048289008, 0.0 ], [ 138034.296241850359365, 454005.002078664430883, 0.0 ], [ 138034.42567254928872, 454005.476440522412304, 0.0 ], [ 138035.000225478201173, 454006.413144624792039, 0.0 ], [ 138038.873150973813608, 454012.060384542564861, 0.0 ] ] ] ] } },
{ "type": "Feature", "properties": { "fid": 737, "FUNCTIE": "04_Talut1", "Info": null, "Verhaal": null }, "geometry": { "type": "MultiPolygon", "coordinates": [ [ [ [ 138078.124485554784769, 454055.346494004828855, 0.0 ], [ 138081.566088979801862, 454054.559448289626744, 0.0 ], [ 138091.388702679221751, 454035.922302065358963, 0.0 ], [ 138091.989052661287133, 454029.644776814151555, 0.0 ], [ 138078.124485554784769, 454055.346494004828855, 0.0 ] ] ] ] } },
{ "type": "Feature", "properties": { "fid": 738, "FUNCTIE": "04_Talut1", "Info": null, "Verhaal": null }, "geometry": { "type": "MultiPolygon", "coordinates": [ [ [ [ 138091.388702679221751, 454035.922302065358963, 0.0 ], [ 138095.20819438342005, 454043.044612765603233, 0.0 ], [ 138096.742655867070425, 454043.395195373741444, 0.0 ], [ 138091.989052661287133, 454029.644776814151555, 0.0 ], [ 138091.388702679221751, 454035.922302065358963, 0.0 ] ] ] ] } },
{ "type": "Feature", "properties": { "fid": 739, "FUNCTIE": "04_Talut1", "Info": null, "Verhaal": null }, "geometry": { "type": "MultiPolygon", "coordinates": [ [ [ [ 138095.20819438342005, 454043.044612765603233, 0.0 ], [ 138086.819904464675346, 454058.708378801180515, 0.0 ], [ 138087.269341531180544, 454060.77323742012959, 0.0 ], [ 138096.742655867070425, 454043.395195373741444, 0.0 ], [ 138095.20819438342005, 454043.044612765603233, 0.0 ] ] ] ] } },
{ "type": "Feature", "properties": { "fid": 740, "FUNCTIE": "04_Talut1", "Info": null, "Verhaal": null }, "geometry": { "type": "MultiPolygon", "coordinates": [ [ [ [ 138086.819904464675346, 454058.708378801180515, 0.0 ], [ 138081.566088979801862, 454054.559448289626744, 0.0 ], [ 138078.124485554784769, 454055.346494004828855, 0.0 ], [ 138087.269341531180544, 454060.77323742012959, 0.0 ], [ 138086.819904464675346, 454058.708378801180515, 0.0 ] ] ] ] } },
{ "type": "Feature", "properties": { "fid": 741, "FUNCTIE": "04_Talut1", "Info": null, "Verhaal": null }, "geometry": { "type": "MultiPolygon", "coordinates": [ [ [ [ 138098.058852344984189, 454043.802117059880402, 0.0 ], [ 138087.636864833009895, 454062.190916880150326, 0.0 ], [ 138087.640826699207537, 454067.582635345810559, 0.0 ], [ 138102.371445905417204, 454040.38300409517251, 0.0 ], [ 138098.058852344984189, 454043.802117059880402, 0.0 ] ] ] ] } },
{ "type": "Feature", "properties": { "fid": 742, "FUNCTIE": "04_Talut1", "Info": null, "Verhaal": null }, "geometry": { "type": "MultiPolygon", "coordinates": [ [ [ [ 138098.05817920100526, 454043.800032787490636, 0.0 ], [ 138102.371445905417204, 454040.38300409517251, 0.0 ], [ 138098.149743946880335, 454029.745894731604494, 0.0 ], [ 138093.147113296756288, 454028.59377413301263, 0.0 ], [ 138098.05817920100526, 454043.800032787490636, 0.0 ] ] ] ] } },
{ "type": "Feature", "properties": { "fid": 743, "FUNCTIE": "04_Talut1", "Info": null, "Verhaal": null }, "geometry": { "type": "MultiPolygon", "coordinates": [ [ [ [ 138093.147113296756288, 454028.59377413301263, 0.0 ], [ 138098.149743946880335, 454029.745894731604494, 0.0 ], [ 138108.17248694531736, 454011.765423774777446, 0.0 ], [ 138109.256648376554949, 453998.812399013666436, 0.0 ], [ 138093.147113296756288, 454028.59377413301263, 0.0 ] ] ] ] } },
{ "type": "Feature", "properties": { "fid": 744, "FUNCTIE": "04_Talut1", "Info": null, "Verhaal": null }, "geometry": { "type": "MultiPolygon", "coordinates": [ [ [ [ 138108.17248694531736, 454011.765423774777446, 0.0 ], [ 138119.676761946146144, 454045.719298492360394, 0.0 ], [ 138124.877557085099397, 454042.514425057452172, 0.0 ], [ 138109.256648376554949, 453998.812399013666436, 0.0 ], [ 138108.17248694531736, 454011.765423774777446, 0.0 ] ] ] ] } },
{ "type": "Feature", "properties": { "fid": 745, "FUNCTIE": "04_Talut1", "Info": null, "Verhaal": null }, "geometry": { "type": "MultiPolygon", "coordinates": [ [ [ [ 138087.636864833009895, 454062.190916880150326, 0.0 ], [ 138076.766582854528679, 454056.583532026561443, 0.0 ], [ 138076.257434385915985, 454055.952340240881313, 0.0 ], [ 138076.11605517193675, 454055.046757365111262, 0.0 ], [ 138076.43389404026675, 454054.069268969760742, 0.0 ], [ 138077.498456992849242, 454051.834050812234636, 0.0 ], [ 138106.00002120854333, 453997.930129694403149, 0.0 ], [ 138107.022202281455975, 453995.624825578648597, 0.0 ], [ 138107.161174532899167, 453994.18882466328796, 0.0 ], [ 138106.78488373325672, 453991.626480680948589, 0.0 ], [ 138106.478803889418487, 453990.495571699866559, 0.0 ], [ 138070.788463183911517, 453888.734940070833545, 0.0 ], [ 138068.950103046401637, 453884.018717174069025, 0.0 ], [ 138066.934030099248048, 453881.885223987046629, 0.0 ], [ 138064.864695414027665, 453880.125922122446354, 0.0 ], [ 138062.654913646023488, 453878.482575682050083, 0.0 ], [ 138061.31102496443782, 453877.598952929314692, 0.0 ], [ 137954.263491592369974, 453838.198169183684513, 0.0 ], [ 137955.033050578349503, 453844.579017254116479, 0.0 ], [ 138058.206121416762471, 453882.5812024580664, 0.0 ], [ 138060.977411661267979, 453884.192211933084764, 0.0 ], [ 138061.873649591463618, 453884.965316983638331, 0.0 ], [ 138063.009067622304428, 453886.120893637882546, 0.0 ], [ 138063.886676173831802, 453887.176702185650356, 0.0 ], [ 138064.414202286250656, 453887.963755173026584, 0.0 ], [ 138099.861261841433588, 453990.361488559457939, 0.0 ], [ 138100.359278713731328, 453992.638802480592858, 0.0 ], [ 138100.453986385604367, 453993.851182538841385, 0.0 ], [ 138100.280526928137988, 453995.19463737483602, 0.0 ], [ 138099.888899267854868, 453996.326950037677307, 0.0 ], [ 138070.212598155310843, 454052.654697800520808, 0.0 ], [ 138069.741329024778679, 454054.705501166987233, 0.0 ], [ 138069.990108544734539, 454056.136732733983081, 0.0 ], [ 138070.595699419849552, 454057.806314393179491, 0.0 ], [ 138071.550485957210185, 454058.98962594254408, 0.0 ], [ 138072.712012621806934, 454060.016421722073574, 0.0 ], [ 138087.640826699207537, 454067.582635345810559, 0.0 ], [ 138087.636864833009895, 454062.190916880150326, 0.0 ] ] ] ] } },
{ "type": "Feature", "properties": { "fid": 746, "FUNCTIE": "05_Talut2", "Info": null, "Verhaal": null }, "geometry": { "type": "MultiPolygon", "coordinates": [ [ [ [ 137953.487810405087657, 453832.120457419834565, 0.0 ], [ 137986.239736552903196, 453811.636332656140439, 0.0 ], [ 137938.012778249394614, 453766.56732172233751, 0.0 ], [ 137924.581570705631748, 453780.650942988751922, 0.0 ], [ 137914.107035621680552, 453795.731648728891741, 0.0 ], [ 137953.487810405087657, 453832.120457419834565, 0.0 ] ] ] ] } },
{ "type": "Feature", "properties": { "fid": 747, "FUNCTIE": "05_Talut2", "Info": null, "Verhaal": null }, "geometry": { "type": "MultiPolygon", "coordinates": [ [ [ [ 137953.487810405087657, 453832.120457419834565, 0.0 ], [ 138071.73064430989325, 453876.077445572358556, 0.0 ], [ 138076.425394368940033, 453870.558808458677959, 0.0 ], [ 138093.846758283412782, 453850.389192864007782, 0.0 ], [ 137986.239736552903196, 453811.636332656140439, 0.0 ], [ 137953.487810405087657, 453832.120457419834565, 0.0 ] ] ] ] } },
{ "type": "Feature", "properties": { "fid": 748, "FUNCTIE": "04_Talut1", "Info": null, "Verhaal": null }, "geometry": { "type": "MultiPolygon", "coordinates": [ [ [ [ 137954.263491592369974, 453838.198169183684513, 0.0 ], [ 137899.098371036670869, 453867.730845323065296, 0.0 ], [ 137897.61028786181123, 453868.425098713021725, 0.0 ], [ 137896.354887967987452, 453868.325143538531847, 0.0 ], [ 137873.527864531090017, 453850.333844848151784, 0.0 ], [ 137873.566415730078006, 453853.07526047056308, 0.0 ], [ 137895.541279581550043, 453870.742178224900272, 0.0 ], [ 137897.098594597860938, 453871.652615109400358, 0.0 ], [ 137899.518286793056177, 453872.204086814192124, 0.0 ], [ 137902.472653460805304, 453871.727396588539705, 0.0 ], [ 137904.509773767116712, 453871.040839702007361, 0.0 ], [ 137955.055395742878318, 453844.625595367222559, 0.0 ], [ 137954.263491592369974, 453838.198169183684513, 0.0 ] ] ] ] } },
{ "type": "Feature", "properties": { "fid": 749, "FUNCTIE": "04_Talut1", "Info": null, "Verhaal": null }, "geometry": { "type": "MultiPolygon", "coordinates": [ [ [ [ 138124.736917439848185, 454042.774287788954098, 0.0 ], [ 138119.495114448945969, 454045.572053965472151, 0.0 ], [ 138109.048910646728473, 454066.366801487398334, 0.0 ], [ 138108.087570755073102, 454069.146622328204103, 0.0 ], [ 138107.984653018706013, 454072.660493662115186, 0.0 ], [ 138108.748923525912687, 454075.21528529637726, 0.0 ], [ 138111.488882621459197, 454080.029018589062616, 0.0 ], [ 138113.742293748917291, 454083.549212982703466, 0.0 ], [ 138116.252207148150774, 454086.302195041964296, 0.0 ], [ 138118.699756701069418, 454088.132040892785881, 0.0 ], [ 138128.027887546282727, 454101.361310769454576, 0.0 ], [ 138130.902006788383005, 454107.578053026751149, 0.0 ], [ 138132.204650693194708, 454111.281287484220229, 0.0 ], [ 138132.347401926032035, 454113.558935249748174, 0.0 ], [ 138137.978215430310229, 454111.884302872524131, 0.0 ], [ 138135.887685343506746, 454104.1618545956444, 0.0 ], [ 138133.76473491982324, 454098.366610787168611, 0.0 ], [ 138132.214409899781458, 454094.584212686633691, 0.0 ], [ 138129.596258820733055, 454089.253742711734958, 0.0 ], [ 138126.296440777834505, 454084.019482131232508, 0.0 ], [ 138123.486912773660151, 454081.066570766095538, 0.0 ], [ 138120.812858640856575, 454078.609237700991798, 0.0 ], [ 138117.441128806152847, 454075.504983173450455, 0.0 ], [ 138115.499898309644777, 454073.156599525129423, 0.0 ], [ 138113.999116547493031, 454069.76352353481343, 0.0 ], [ 138113.781892271945253, 454066.043515258119442, 0.0 ], [ 138114.089669818495167, 454062.936143168713897, 0.0 ], [ 138115.525063355191378, 454059.795217598613817, 0.0 ], [ 138124.736917439848185, 454042.774287788954098, 0.0 ] ] ] ] } },
{ "type": "Feature", "properties": { "fid": 750, "FUNCTIE": "04_Talut1", "Info": null, "Verhaal": null }, "geometry": { "type": "MultiPolygon", "coordinates": [ [ [ [ 138126.639260362455389, 454039.149088411068078, 0.0 ], [ 138133.687919650401454, 454025.89732918527443, 0.0 ], [ 138131.584705340268556, 454027.068648452055641, 0.0 ], [ 138127.162812725786353, 454031.839790623460431, 0.0 ], [ 138126.639260362455389, 454039.149088411068078, 0.0 ] ] ] ] } },
{ "type": "Feature", "properties": { "fid": 751, "FUNCTIE": "04_Talut1", "Info": null, "Verhaal": null }, "geometry": { "type": "MultiPolygon", "coordinates": [ [ [ [ 138131.584705340268556, 454027.068648452055641, 0.0 ], [ 138133.687919650401454, 454025.89732918527443, 0.0 ], [ 138079.837352879229002, 453872.445906373788603, 0.0 ], [ 138076.425394368940033, 453870.558808458677959, 0.0 ], [ 138131.584705340268556, 454027.068648452055641, 0.0 ] ] ] ] } },
{ "type": "Feature", "properties": { "fid": 752, "FUNCTIE": "04_Talut1", "Info": null, "Verhaal": null }, "geometry": { "type": "MultiPolygon", "coordinates": [ [ [ [ 138135.246226916759042, 454022.942295295768417, 0.0 ], [ 138135.573546712985262, 454015.81802584102843, 0.0 ], [ 138134.507445309107425, 454015.528451453777961, 0.0 ], [ 138124.285145512840245, 453991.371852884592954, 0.0 ], [ 138082.817046773037873, 453872.459060866152868, 0.0 ], [ 138081.097992637660354, 453872.451471735257655, 0.0 ], [ 138134.530693952663569, 454024.170996889006346, 0.0 ], [ 138135.246226916759042, 454022.942295295768417, 0.0 ] ] ] ] } },
{ "type": "Feature", "properties": { "fid": 753, "FUNCTIE": "04_Talut1", "Info": null, "Verhaal": null }, "geometry": { "type": "MultiPolygon", "coordinates": [ [ [ [ 138082.817046773037873, 453872.459060866152868, 0.0 ], [ 138093.317026923468802, 453857.629713267611805, 0.0 ], [ 138093.846758283412782, 453850.389192864007782, 0.0 ], [ 138076.425394368940033, 453870.558808458677959, 0.0 ], [ 138079.837352879229002, 453872.445906373788603, 0.0 ], [ 138081.097992637660354, 453872.451471735257655, 0.0 ], [ 138082.817046773037873, 453872.459060866152868, 0.0 ] ] ] ] } },
{ "type": "Feature", "properties": { "fid": 754, "FUNCTIE": "04_Talut1", "Info": null, "Verhaal": null }, "geometry": { "type": "MultiPolygon", "coordinates": [ [ [ [ 138093.311306899617193, 453857.707896201929543, 0.0 ], [ 138140.576997401803965, 453993.653528825554531, 0.0 ], [ 138141.029291724553332, 453995.718953407136723, 0.0 ], [ 138141.157567062211456, 454000.292366032779682, 0.0 ], [ 138140.838390928460285, 454004.10278275620658, 0.0 ], [ 138139.583222303685034, 454008.433281353441998, 0.0 ], [ 138135.573546712985262, 454015.81802584102843, 0.0 ], [ 138135.246226916759042, 454022.942295295768417, 0.0 ], [ 138141.607845719205216, 454010.765999623690732, 0.0 ], [ 138142.808672786835814, 454008.160167565045413, 0.0 ], [ 138143.633017341373488, 454005.523054723977111, 0.0 ], [ 138144.174078484706115, 454002.477747245982755, 0.0 ], [ 138144.169982276653172, 453998.987379189406056, 0.0 ], [ 138143.844909320934676, 453996.262933580263052, 0.0 ], [ 138142.960579776117811, 453991.80247154913377, 0.0 ], [ 138093.846758283412782, 453850.389192864007782, 0.0 ], [ 138093.311306899617193, 453857.707896201929543, 0.0 ] ] ] ] } },
{ "type": "Feature", "properties": { "fid": 755, "FUNCTIE": "04_Talut1", "Info": null, "Verhaal": null }, "geometry": { "type": "MultiPolygon", "coordinates": [ [ [ [ 138022.920633701782208, 454066.763934127811808, 0.0 ], [ 138067.582761877216399, 454094.38004033442121, 0.0 ], [ 138075.113727236632258, 454094.069448258262128, 0.0 ], [ 138024.740984130155994, 454063.247881710587535, 0.0 ], [ 138023.596592318092007, 454063.035990186210256, 0.0 ], [ 138022.678113168774871, 454063.238780927378684, 0.0 ], [ 138022.920633701782208, 454066.763934127811808, 0.0 ] ] ] ] } },
{ "type": "Feature", "properties": { "fid": 756, "FUNCTIE": "04_Talut1", "Info": null, "Verhaal": null }, "geometry": { "type": "MultiPolygon", "coordinates": [ [ [ [ 138067.582761877216399, 454094.38004033442121, 0.0 ], [ 138061.729363333986839, 454096.331143925024662, 0.0 ], [ 138061.466641593317036, 454097.447376988828182, 0.0 ], [ 138060.433336685731774, 454097.872585057048127, 0.0 ], [ 138058.018239125027321, 454099.79587946535321, 0.0 ], [ 138052.503973983693868, 454102.822895512916148, 0.0 ], [ 138052.665779314062092, 454105.144346939283423, 0.0 ], [ 138075.113727236632258, 454094.069448258262128, 0.0 ], [ 138067.582761877216399, 454094.38004033442121, 0.0 ] ] ] ] } },
{ "type": "Feature", "properties": { "fid": 757, "FUNCTIE": "04_Talut1", "Info": null, "Verhaal": null }, "geometry": { "type": "MultiPolygon", "coordinates": [ [ [ [ 138052.665779314062092, 454105.144346939283423, 0.0 ], [ 138052.503973983693868, 454102.822895512916148, 0.0 ], [ 138023.97539903561119, 454085.703713989816606, 0.0 ], [ 138032.513230272772489, 454094.397247407701798, 0.0 ], [ 138033.047270171635319, 454094.116054456157144, 0.0 ], [ 138033.648528563528089, 454094.144395665964112, 0.0 ], [ 138052.665779314062092, 454105.144346939283423, 0.0 ] ] ] ] } },
{ "type": "Feature", "properties": { "fid": 758, "FUNCTIE": "04_Talut1", "Info": null, "Verhaal": null }, "geometry": { "type": "MultiPolygon", "coordinates": [ [ [ [ 138030.351532411848893, 454094.607536926981993, 0.0 ], [ 138022.405198570515495, 454086.444957300496753, 0.0 ], [ 138019.83409147214843, 454084.714549774245825, 0.0 ], [ 138018.101559009490302, 454083.30136124510318, 0.0 ], [ 138016.796001450478798, 454081.859402148402296, 0.0 ], [ 138015.782732897059759, 454080.066696253546979, 0.0 ], [ 138015.389601675153244, 454078.936073928896803, 0.0 ], [ 138012.037435011938214, 454078.921285982127301, 0.0 ], [ 138012.037435011938214, 454078.921285982127301, 0.0 ], [ 138012.889482739847153, 454080.644110322580673, 0.0 ], [ 138013.656325689662481, 454082.19465221837163, 0.0 ], [ 138014.715351215854753, 454083.574576478276867, 0.0 ], [ 138017.762615445826668, 454086.682337108883075, 0.0 ], [ 138019.647221211285796, 454088.151856447104365, 0.0 ], [ 138030.351532411848893, 454094.607536926981993, 0.0 ] ] ] ] } },
{ "type": "Feature", "properties": { "fid": 759, "FUNCTIE": "04_Talut1", "Info": null, "Verhaal": null }, "geometry": { "type": "MultiPolygon", "coordinates": [ [ [ [ 138015.389601675153244, 454078.936073928896803, 0.0 ], [ 138017.126992699835682, 454074.732028138474561, 0.0 ], [ 138019.713064149807906, 454073.024371395178605, 0.0 ], [ 138020.318101915443549, 454072.253461196902208, 0.0 ], [ 138021.419940318271983, 454071.794365215813741, 0.0 ], [ 138022.920633701782208, 454066.763934127811808, 0.0 ], [ 138022.678113168774871, 454063.238780927378684, 0.0 ], [ 138021.355709940427914, 454063.562110393773764, 0.0 ], [ 138020.28398358594859, 454064.166174345416948, 0.0 ], [ 138019.196395020757336, 454065.372251972497907, 0.0 ], [ 138012.037435011938214, 454078.921285982127301, 0.0 ], [ 138015.389601675153244, 454078.936073928896803, 0.0 ] ] ] ] } },
{ "type": "Feature", "properties": { "fid": 760, "FUNCTIE": "04_Talut1", "Info": null, "Verhaal": null }, "geometry": { "type": "MultiPolygon", "coordinates": [ [ [ [ 137873.516391267970903, 453852.969331343832891, 0.0 ], [ 137873.527864531090017, 453850.333844848151784, 0.0 ], [ 137872.239602160552749, 453849.177867689111736, 0.0 ], [ 137864.999132282158826, 453858.227247555390932, 0.0 ], [ 137863.172545210924, 453859.873135063331574, 0.0 ], [ 137866.252585201378679, 453862.384632109897211, 0.0 ], [ 137873.516391267970903, 453852.969331343832891, 0.0 ] ] ] ] } },
{ "type": "Feature", "properties": { "fid": 761, "FUNCTIE": "05_Talut2", "Info": null, "Verhaal": null }, "geometry": { "type": "MultiPolygon", "coordinates": [ [ [ [ 137839.694021939707454, 453605.503897066693753, 0.0 ], [ 137732.403374333167449, 453611.322269062977284, 0.0 ], [ 137684.535067375167273, 453640.734000831958838, 0.0 ], [ 137814.973047744540963, 453635.93401747092139, 0.0 ], [ 137839.694021939707454, 453605.503897066693753, 0.0 ] ] ] ] } },
{ "type": "Feature", "properties": { "fid": 762, "FUNCTIE": "05_Talut2", "Info": null, "Verhaal": null }, "geometry": { "type": "MultiPolygon", "coordinates": [ [ [ [ 137868.691240020503756, 453753.382030769193079, 0.0 ], [ 137895.020531058660708, 453726.311839930072892, 0.0 ], [ 137839.693293905031169, 453605.504793237138074, 0.0 ], [ 137814.947112911031581, 453635.965941787697375, 0.0 ], [ 137868.691240020503756, 453753.382030769193079, 0.0 ] ] ] ] } },
{ "type": "Feature", "properties": { "fid": 763, "FUNCTIE": "05_Talut2", "Info": null, "Verhaal": null }, "geometry": { "type": "MultiPolygon", "coordinates": [ [ [ [ 137663.300362679758109, 453596.014275120687671, 0.0 ], [ 137684.535067375167273, 453640.734000831958838, 0.0 ], [ 137732.403374333167449, 453611.322269062977284, 0.0 ], [ 137702.426099763979437, 453546.691053194226697, 0.0 ], [ 137693.271902670210693, 453561.429634575964883, 0.0 ], [ 137684.875697351526469, 453572.250723460572772, 0.0 ], [ 137675.43403907114407, 453582.991087815898936, 0.0 ], [ 137663.300362679758109, 453596.014275120687671, 0.0 ] ] ] ] } },
{ "type": "Feature", "properties": { "fid": 764, "FUNCTIE": "04_Talut1", "Info": null, "Verhaal": null }, "geometry": { "type": "MultiPolygon", "coordinates": [ [ [ [ 137649.549699058785336, 453608.617521853768267, 0.0 ], [ 137663.305931763956323, 453596.026084384997375, 0.0 ], [ 137675.78430223063333, 453582.595638538070489, 0.0 ], [ 137646.625131791282911, 453608.16707944002701, 0.0 ], [ 137649.549699058785336, 453608.617521853768267, 0.0 ] ] ] ] } },
{ "type": "Feature", "properties": { "fid": 765, "FUNCTIE": "04_Talut1", "Info": null, "Verhaal": null }, "geometry": { "type": "MultiPolygon", "coordinates": [ [ [ [ 137649.506693321047351, 453608.610898105776869, 0.0 ], [ 137646.625131791282911, 453608.16707944002701, 0.0 ], [ 137642.950938903086353, 453610.823044485761784, 0.0 ], [ 137662.007641205273103, 453650.839337160927244, 0.0 ], [ 137663.297701718460303, 453652.394883319269866, 0.0 ], [ 137664.884902895370033, 453654.244267763453536, 0.0 ], [ 137667.28611596513656, 453656.167582639085595, 0.0 ], [ 137669.070472657884238, 453657.285874182358384, 0.0 ], [ 137670.759570103691658, 453658.135619550535921, 0.0 ], [ 137673.226482284255326, 453659.049744789139368, 0.0 ], [ 137675.602648725092877, 453659.582397148944438, 0.0 ], [ 137677.806932318111649, 453659.798646917275619, 0.0 ], [ 137680.239622251392575, 453659.759011022630148, 0.0 ], [ 137681.752963472099509, 453659.577101374976337, 0.0 ], [ 137683.515882295469055, 453659.181527737935539, 0.0 ], [ 137686.500890073453775, 453658.1855490996968, 0.0 ], [ 137688.410611378931208, 453657.068260676634964, 0.0 ], [ 137693.278035655297572, 453654.461726899957284, 0.0 ], [ 137698.709555070236092, 453652.391089339216705, 0.0 ], [ 137701.952589617721969, 453651.522528628003784, 0.0 ], [ 137706.7504637146194, 453650.958987904712558, 0.0 ], [ 137800.143713794619543, 453646.877168543403968, 0.0 ], [ 137805.036086866108235, 453647.769864925183356, 0.0 ], [ 137807.167888244322967, 453648.858914439333603, 0.0 ], [ 137809.179670028272085, 453650.542506502650212, 0.0 ], [ 137810.009831887466135, 453651.512767492909916, 0.0 ], [ 137811.443023295898456, 453653.806196264922619, 0.0 ], [ 137854.648095877491869, 453747.193500686902553, 0.0 ], [ 137856.37637661176268, 453751.379527399025392, 0.0 ], [ 137856.771341791871237, 453753.348930866166484, 0.0 ], [ 137856.6581652588211, 453755.766159304534085, 0.0 ], [ 137856.041009825101355, 453758.383283334260341, 0.0 ], [ 137833.467334107903298, 453818.559219298767857, 0.0 ], [ 137833.258628689480247, 453819.625185856653843, 0.0 ], [ 137833.405259997525718, 453820.678169027843978, 0.0 ], [ 137834.622156183730112, 453821.805237310472876, 0.0 ], [ 137842.867147049051709, 453828.016986084287055, 0.0 ], [ 137844.127089226938551, 453825.82979190844344, 0.0 ], [ 137838.553108624648303, 453820.676547554379795, 0.0 ], [ 137863.747454074909911, 453754.007530965958722, 0.0 ], [ 137811.63492705245153, 453641.02157239097869, 0.0 ], [ 137701.655123190255836, 453646.180066404631361, 0.0 ], [ 137697.402842063107528, 453647.003813819552306, 0.0 ], [ 137695.192151473369449, 453647.80953987815883, 0.0 ], [ 137692.708575595635921, 453648.821900103997905, 0.0 ], [ 137689.09760253757122, 453651.025002199457958, 0.0 ], [ 137687.274361479881918, 453652.21511299663689, 0.0 ], [ 137683.672548786387779, 453653.627239312976599, 0.0 ], [ 137680.210051161964657, 453654.458832523610909, 0.0 ], [ 137678.285861048789229, 453654.510625086026266, 0.0 ], [ 137676.370315702690277, 453654.072679908131249, 0.0 ], [ 137676.35328118968755, 453654.046892133541405, 0.0 ], [ 137676.35177784707048, 453651.769683896214701, 0.0 ], [ 137672.378465438319836, 453650.051486052107066, 0.0 ], [ 137669.998003050102852, 453648.439904984203167, 0.0 ], [ 137669.264128096896457, 453647.755602709134109, 0.0 ], [ 137667.796227847749833, 453645.916303109668661, 0.0 ], [ 137666.125512555765454, 453643.15974827867467, 0.0 ], [ 137663.955246362136677, 453638.652281268266961, 0.0 ], [ 137649.506693321047351, 453608.610898105776869, 0.0 ] ] ] ] } },
{ "type": "Feature", "properties": { "fid": 766, "FUNCTIE": "04_Talut1", "Info": null, "Verhaal": null }, "geometry": { "type": "MultiPolygon", "coordinates": [ [ [ [ 138097.753238121804316, 454114.024502428772394, 0.0 ], [ 138102.273250308033312, 454113.308982726943213, 0.0 ], [ 138101.272433308738982, 454111.50031089555705, 0.0 ], [ 138100.202580298500834, 454109.830145161715336, 0.0 ], [ 138098.993759228120325, 454108.145926730416249, 0.0 ], [ 138097.619285025430145, 454106.554073053819593, 0.0 ], [ 138096.385079851723276, 454105.252265577262733, 0.0 ], [ 138095.047107323422097, 454104.013025537249632, 0.0 ], [ 138093.146996910712915, 454102.469513257790823, 0.0 ], [ 138090.839309105998836, 454100.895637945097405, 0.0 ], [ 138089.154564779746579, 454099.923714200500399, 0.0 ], [ 138087.431703963404289, 454099.06652007374214, 0.0 ], [ 138085.158257540257182, 454098.12468227656791, 0.0 ], [ 138084.139487687207293, 454101.845050872827414, 0.0 ], [ 138085.427035130240256, 454102.251621486444492, 0.0 ], [ 138089.523595441249199, 454104.9015187669429, 0.0 ], [ 138093.418547636305448, 454107.841022499720566, 0.0 ], [ 138095.108679491095245, 454109.422399538743775, 0.0 ], [ 138096.143941421847558, 454110.864214481436647, 0.0 ], [ 138096.901714801148046, 454112.181482324202079, 0.0 ], [ 138097.753238121804316, 454114.024502428772394, 0.0 ] ] ] ] } },
{ "type": "Feature", "properties": { "fid": 767, "FUNCTIE": "04_Talut1", "Info": null, "Verhaal": null }, "geometry": { "type": "MultiPolygon", "coordinates": [ [ [ [ 138097.753238121804316, 454114.024502428772394, 0.0 ], [ 138093.732118943269597, 454119.593723922502249, 0.0 ], [ 138092.64933037609444, 454121.514165521308314, 0.0 ], [ 138085.31281655622297, 454128.495723032276146, 0.0 ], [ 138083.39566909588757, 454134.503993392223492, 0.0 ], [ 138085.863925764308078, 454133.051932503120042, 0.0 ], [ 138088.377364389743889, 454131.386854500335176, 0.0 ], [ 138091.326103618630441, 454128.997096912702546, 0.0 ], [ 138092.924235730635701, 454127.516362652881071, 0.0 ], [ 138094.303575514612021, 454126.057958479796071, 0.0 ], [ 138095.932400226709433, 454124.301857782702427, 0.0 ], [ 138097.338553767127451, 454122.488478980085347, 0.0 ], [ 138099.619908552442212, 454118.99802254664246, 0.0 ], [ 138101.755404455936514, 454114.777005299343728, 0.0 ], [ 138102.283400964573957, 454113.327934629865922, 0.0 ], [ 138097.753238121804316, 454114.024502428772394, 0.0 ] ] ] ] } },
{ "type": "Feature", "properties": { "fid": 768, "FUNCTIE": "04_Talut1", "Info": null, "Verhaal": null }, "geometry": { "type": "MultiPolygon", "coordinates": [ [ [ [ 138083.39566909588757, 454134.503993392223492, 0.0 ], [ 138085.31281655622297, 454128.495723032276146, 0.0 ], [ 138082.264178792422172, 454122.001537330681458, 0.0 ], [ 138079.918388254503952, 454127.559294989390764, 0.0 ], [ 138083.39566909588757, 454134.503993392223492, 0.0 ] ] ] ] } },
{ "type": "Feature", "properties": { "fid": 769, "FUNCTIE": "04_Talut1", "Info": null, "Verhaal": null }, "geometry": { "type": "MultiPolygon", "coordinates": [ [ [ [ 138079.903379189490806, 454127.529319433786441, 0.0 ], [ 138082.264178792422172, 454122.001537330681458, 0.0 ], [ 138051.253021236712812, 454133.650882761983667, 0.0 ], [ 138079.903379189490806, 454127.529319433786441, 0.0 ] ] ] ] } },
{ "type": "Feature", "properties": { "fid": 770, "FUNCTIE": "04_Talut1", "Info": null, "Verhaal": null }, "geometry": { "type": "MultiPolygon", "coordinates": [ [ [ [ 138048.735199902788736, 454128.697462695010472, 0.0 ], [ 138075.352930457942421, 454118.137404805573169, 0.0 ], [ 138068.000219679408474, 454116.958929913118482, 0.0 ], [ 138048.735199902788736, 454128.697462695010472, 0.0 ] ] ] ] } },
{ "type": "Feature", "properties": { "fid": 771, "FUNCTIE": "04_Talut1", "Info": null, "Verhaal": null }, "geometry": { "type": "MultiPolygon", "coordinates": [ [ [ [ 138067.979916013573529, 454116.971301311859861, 0.0 ], [ 138075.352930457942421, 454118.137404805573169, 0.0 ], [ 138067.519915779586881, 454108.819904979551211, 0.0 ], [ 138060.90341528764111, 454108.3609534286079, 0.0 ], [ 138067.979916013573529, 454116.971301311859861, 0.0 ] ] ] ] } },
{ "type": "Feature", "properties": { "fid": 772, "FUNCTIE": "04_Talut1", "Info": null, "Verhaal": null }, "geometry": { "type": "MultiPolygon", "coordinates": [ [ [ [ 138060.90341528764111, 454108.3609534286079, 0.0 ], [ 138067.519915779586881, 454108.819904979551211, 0.0 ], [ 138076.23619439167669, 454104.818551156262401, 0.0 ], [ 138079.141131470154505, 454104.831365006335545, 0.0 ], [ 138084.143977734493092, 454101.828654011304025, 0.0 ], [ 138085.158257540257182, 454098.12468227656791, 0.0 ], [ 138060.90341528764111, 454108.3609534286079, 0.0 ] ] ] ] } },
{ "type": "Feature", "properties": { "fid": 773, "FUNCTIE": "04_Talut1", "Info": null, "Verhaal": null }, "geometry": { "type": "MultiPolygon", "coordinates": [ [ [ [ 138101.86542230748455, 454136.906192647758871, 0.0 ], [ 138111.57679979535169, 454176.74536568892654, 0.0 ], [ 138106.501471017545555, 454177.668469555850606, 0.0 ], [ 138105.294017242413247, 454178.608630516042467, 0.0 ], [ 138104.519693975104019, 454178.777122327417601, 0.0 ], [ 138102.2778139821894, 454180.400347690854687, 0.0 ], [ 138097.459292323474074, 454181.565780157456174, 0.0 ], [ 138095.015002498781541, 454184.649798528000247, 0.0 ], [ 138111.214918679819675, 454180.895955450774636, 0.0 ], [ 138113.022660395858111, 454180.275824595591985, 0.0 ], [ 138114.315692554489942, 454179.421994327276479, 0.0 ], [ 138115.524760800413787, 454178.110771756328177, 0.0 ], [ 138116.220119548204821, 454176.336076241568662, 0.0 ], [ 138116.228208151936997, 454174.47747489210451, 0.0 ], [ 138105.496760615642415, 454132.022876131988596, 0.0 ], [ 138101.86542230748455, 454136.906192647758871, 0.0 ] ] ] ] } },
{ "type": "Feature", "properties": { "fid": 774, "FUNCTIE": "04_Talut1", "Info": null, "Verhaal": null }, "geometry": { "type": "MultiPolygon", "coordinates": [ [ [ [ 138090.745437975536333, 454163.976911772100721, 0.0 ], [ 138093.240507841634098, 454163.427702396351378, 0.0 ], [ 138091.052025027165655, 454152.781554786139168, 0.0 ], [ 138089.637680692656431, 454142.009455449820962, 0.0 ], [ 138085.256705277162837, 454141.388460590562318, 0.0 ], [ 138090.745437975536333, 454163.976911772100721, 0.0 ] ] ] ] } },
{ "type": "Feature", "properties": { "fid": 775, "FUNCTIE": "04_Talut1", "Info": null, "Verhaal": null }, "geometry": { "type": "MultiPolygon", "coordinates": [ [ [ [ 138090.745437975536333, 454163.976911772100721, 0.0 ], [ 138090.881643906090176, 454172.180486923607532, 0.0 ], [ 138093.332486548024463, 454171.631098766636569, 0.0 ], [ 138093.240507841634098, 454163.427702396351378, 0.0 ], [ 138090.745437975536333, 454163.976911772100721, 0.0 ] ] ] ] } },
{ "type": "Feature", "properties": { "fid": 776, "FUNCTIE": "04_Talut1", "Info": null, "Verhaal": null }, "geometry": { "type": "MultiPolygon", "coordinates": [ [ [ [ 138090.881643906090176, 454172.180486923607532, 0.0 ], [ 138093.49042724102037, 454185.003072965308093, 0.0 ], [ 138093.332486548024463, 454171.631098766636569, 0.0 ], [ 138090.881643906090176, 454172.180486923607532, 0.0 ] ] ] ] } },
{ "type": "Feature", "properties": { "fid": 777, "FUNCTIE": "04_Talut1", "Info": null, "Verhaal": null }, "geometry": { "type": "MultiPolygon", "coordinates": [ [ [ [ 138094.581276774319122, 454171.355471602641046, 0.0 ], [ 138095.015002498781541, 454184.649798528000247, 0.0 ], [ 138097.459292323474074, 454181.565780157456174, 0.0 ], [ 138094.581276774319122, 454171.355471602641046, 0.0 ] ] ] ] } },
{ "type": "Feature", "properties": { "fid": 778, "FUNCTIE": "04_Talut1", "Info": null, "Verhaal": null }, "geometry": { "type": "MultiPolygon", "coordinates": [ [ [ [ 138085.256705277162837, 454141.388460590562318, 0.0 ], [ 138089.637680692656431, 454142.009455449820962, 0.0 ], [ 138094.976293662242824, 454139.841193994216155, 0.0 ], [ 138096.095363369589904, 454139.459340154659003, 0.0 ], [ 138097.639147069887258, 454140.239728026441298, 0.0 ], [ 138101.86542230748455, 454136.906192647758871, 0.0 ], [ 138105.496760615642415, 454132.022876131988596, 0.0 ], [ 138085.256705277162837, 454141.388460590562318, 0.0 ] ] ] ] } },
{ "type": "Feature", "properties": { "fid": 779, "FUNCTIE": "04_Talut1", "Info": null, "Verhaal": null }, "geometry": { "type": "MultiPolygon", "coordinates": [ [ [ [ 137796.651620793010807, 453795.316942796926014, 0.0 ], [ 137799.203290715144249, 453794.73217988491524, 0.0 ], [ 137801.999332216451876, 453792.137586179189384, 0.0 ], [ 137801.713019335700665, 453790.608069796697237, 0.0 ], [ 137796.651620793010807, 453795.316942796926014, 0.0 ] ] ] ] } },
{ "type": "Feature", "properties": { "fid": 780, "FUNCTIE": "04_Talut1", "Info": null, "Verhaal": null }, "geometry": { "type": "MultiPolygon", "coordinates": [ [ [ [ 137801.999332216451876, 453792.137586179189384, 0.0 ], [ 137813.952419942390407, 453803.663123589823954, 0.0 ], [ 137816.538623414060567, 453804.67634363414254, 0.0 ], [ 137801.713019335700665, 453790.608069796697237, 0.0 ], [ 137801.999332216451876, 453792.137586179189384, 0.0 ] ] ] ] } },
{ "type": "Feature", "properties": { "fid": 781, "FUNCTIE": "04_Talut1", "Info": null, "Verhaal": null }, "geometry": { "type": "MultiPolygon", "coordinates": [ [ [ [ 137799.203290715144249, 453794.73217988491524, 0.0 ], [ 137796.651620793010807, 453795.316942796926014, 0.0 ], [ 137813.952496418991359, 453811.527860725938808, 0.0 ], [ 137812.193615608644905, 453807.851271755353082, 0.0 ], [ 137799.203290715144249, 453794.73217988491524, 0.0 ] ] ] ] } },
{ "type": "Feature", "properties": { "fid": 782, "FUNCTIE": "04_Talut1", "Info": null, "Verhaal": null }, "geometry": { "type": "MultiPolygon", "coordinates": [ [ [ [ 137812.193615608644905, 453807.851271755353082, 0.0 ], [ 137813.952496418991359, 453811.527860725938808, 0.0 ], [ 137816.538623414060567, 453804.67634363414254, 0.0 ], [ 137813.952419942390407, 453803.663123589823954, 0.0 ], [ 137812.193615608644905, 453807.851271755353082, 0.0 ] ] ] ] } },
{ "type": "Feature", "properties": { "fid": 783, "FUNCTIE": "04_Talut1", "Info": null, "Verhaal": null }, "geometry": { "type": "MultiPolygon", "coordinates": [ [ [ [ 137797.20012145259534, 453688.718795137305278, 0.0 ], [ 137791.356134235014906, 453692.102990178449545, 0.0 ], [ 137789.964753491891315, 453692.44702021847479, 0.0 ], [ 137784.141238430747762, 453695.020633230975363, 0.0 ], [ 137788.712596850527916, 453694.338233782211319, 0.0 ], [ 137795.928322842490161, 453691.058889321342576, 0.0 ], [ 137797.20012145259534, 453688.718795137305278, 0.0 ] ] ] ] } },
{ "type": "Feature", "properties": { "fid": 784, "FUNCTIE": "04_Talut1", "Info": null, "Verhaal": null }, "geometry": { "type": "MultiPolygon", "coordinates": [ [ [ [ 137784.141238430747762, 453695.020633230975363, 0.0 ], [ 137785.040984029037645, 453697.120151252485812, 0.0 ], [ 137786.58716551415273, 453700.728099882369861, 0.0 ], [ 137790.342019664094551, 453697.785034696746152, 0.0 ], [ 137788.712596850527916, 453694.338233782211319, 0.0 ], [ 137784.141238430747762, 453695.020633230975363, 0.0 ] ] ] ] } },
{ "type": "Feature", "properties": { "fid": 785, "FUNCTIE": "04_Talut1", "Info": null, "Verhaal": null }, "geometry": { "type": "MultiPolygon", "coordinates": [ [ [ [ 137790.342019664094551, 453697.785034696746152, 0.0 ], [ 137786.58716551415273, 453700.728099882369861, 0.0 ], [ 137788.130929032049607, 453700.872301347088069, 0.0 ], [ 137789.025992690876592, 453699.727656020666473, 0.0 ], [ 137793.976811965898378, 453697.785231636371464, 0.0 ], [ 137794.540825033967849, 453697.120666071074083, 0.0 ], [ 137800.931573785463115, 453695.05945036635967, 0.0 ], [ 137798.556859807780711, 453694.541751868382562, 0.0 ], [ 137790.342019664094551, 453697.785034696746152, 0.0 ] ] ] ] } },
{ "type": "Feature", "properties": { "fid": 786, "FUNCTIE": "04_Talut1", "Info": null, "Verhaal": null }, "geometry": { "type": "MultiPolygon", "coordinates": [ [ [ [ 137788.130929032049607, 453700.872301347088069, 0.0 ], [ 137790.312775772210443, 453705.475459581415635, 0.0 ], [ 137790.968874543323182, 453703.801149000937585, 0.0 ], [ 137789.025992690876592, 453699.727656020666473, 0.0 ], [ 137788.130929032049607, 453700.872301347088069, 0.0 ] ] ] ] } },
{ "type": "Feature", "properties": { "fid": 787, "FUNCTIE": "04_Talut1", "Info": null, "Verhaal": null }, "geometry": { "type": "MultiPolygon", "coordinates": [ [ [ [ 137790.968874543323182, 453703.801149000937585, 0.0 ], [ 137790.312775772210443, 453705.475459581415635, 0.0 ], [ 137794.536735157045769, 453702.610659445170313, 0.0 ], [ 137795.775380013103131, 453701.616901191417128, 0.0 ], [ 137790.968874543323182, 453703.801149000937585, 0.0 ] ] ] ] } },
{ "type": "Feature", "properties": { "fid": 788, "FUNCTIE": "05_Talut2", "Info": null, "Verhaal": null }, "geometry": { "type": "MultiPolygon", "coordinates": [ [ [ [ 137799.429088463628432, 453706.997649008175358, 0.0 ], [ 137805.544470801134594, 453704.371020579943433, 0.0 ], [ 137800.970190907013603, 453695.067869077727664, 0.0 ], [ 137794.540825033967849, 453697.120666071074083, 0.0 ], [ 137799.429088463628432, 453706.997649008175358, 0.0 ] ] ] ] } },
{ "type": "Feature", "properties": { "fid": 789, "FUNCTIE": "04_Talut1", "Info": null, "Verhaal": null }, "geometry": { "type": "MultiPolygon", "coordinates": [ [ [ [ 137799.429088463628432, 453706.997649008175358, 0.0 ], [ 137798.301049653120572, 453706.997588051715866, 0.0 ], [ 137796.943232697114581, 453707.529386565613095, 0.0 ], [ 137792.145590950734913, 453709.342247345834039, 0.0 ], [ 137790.994924851373071, 453710.322000784450211, 0.0 ], [ 137795.901306323212339, 453709.69216105574742, 0.0 ], [ 137802.96566348572378, 453706.155013364506885, 0.0 ], [ 137805.529419092985336, 453704.380803930282127, 0.0 ], [ 137799.429088463628432, 453706.997649008175358, 0.0 ] ] ] ] } },
{ "type": "Feature", "properties": { "fid": 790, "FUNCTIE": "04_Talut1", "Info": null, "Verhaal": null }, "geometry": { "type": "MultiPolygon", "coordinates": [ [ [ [ 137795.901306323212339, 453709.69216105574742, 0.0 ], [ 137790.994924851373071, 453710.322000784450211, 0.0 ], [ 137793.790447312348988, 453716.697868653689511, 0.0 ], [ 137797.549084116355516, 453713.264297787682153, 0.0 ], [ 137795.901306323212339, 453709.69216105574742, 0.0 ] ] ] ] } },
{ "type": "Feature", "properties": { "fid": 791, "FUNCTIE": "04_Talut1", "Info": null, "Verhaal": null }, "geometry": { "type": "MultiPolygon", "coordinates": [ [ [ [ 137797.549084116355516, 453713.264297787682153, 0.0 ], [ 137793.790447312348988, 453716.697868653689511, 0.0 ], [ 137795.497481558646541, 453716.3997207293869, 0.0 ], [ 137796.725232325086836, 453715.332281093171332, 0.0 ], [ 137800.970366373949219, 453713.249308241996914, 0.0 ], [ 137801.712263503053691, 453712.324509815953206, 0.0 ], [ 137809.167869588243775, 453710.280760621477384, 0.0 ], [ 137805.230128983472241, 453709.7562838474405, 0.0 ], [ 137797.549084116355516, 453713.264297787682153, 0.0 ] ] ] ] } },
{ "type": "Feature", "properties": { "fid": 792, "FUNCTIE": "05_Talut2", "Info": null, "Verhaal": null }, "geometry": { "type": "MultiPolygon", "coordinates": [ [ [ [ 137804.317356771469349, 453717.400717898155563, 0.0 ], [ 137809.98972426954424, 453713.7031849019113, 0.0 ], [ 137809.167869588243775, 453710.280760621477384, 0.0 ], [ 137801.712263503053691, 453712.324509815953206, 0.0 ], [ 137804.317356771469349, 453717.400717898155563, 0.0 ] ] ] ] } },
{ "type": "Feature", "properties": { "fid": 793, "FUNCTIE": "04_Talut1", "Info": null, "Verhaal": null }, "geometry": { "type": "MultiPolygon", "coordinates": [ [ [ [ 137804.317356771469349, 453717.400717898155563, 0.0 ], [ 137802.917646908259485, 453717.149972470360808, 0.0 ], [ 137798.301169385173125, 453719.423263707780279, 0.0 ], [ 137796.587872873118613, 453719.257110257516615, 0.0 ], [ 137795.480697046325076, 453720.032277334248647, 0.0 ], [ 137800.92781057668617, 453719.781900526199024, 0.0 ], [ 137808.95263276307378, 453715.771612691227347, 0.0 ], [ 137809.98972426954424, 453713.7031849019113, 0.0 ], [ 137804.317356771469349, 453717.400717898155563, 0.0 ] ] ] ] } },
{ "type": "Feature", "properties": { "fid": 794, "FUNCTIE": "04_Talut1", "Info": null, "Verhaal": null }, "geometry": { "type": "MultiPolygon", "coordinates": [ [ [ [ 137800.92781057668617, 453719.781900526199024, 0.0 ], [ 137795.484582316305023, 453720.040642917621881, 0.0 ], [ 137798.753730390541023, 453727.044152868213132, 0.0 ], [ 137802.318354887247551, 453723.291355781781022, 0.0 ], [ 137800.92781057668617, 453719.781900526199024, 0.0 ] ] ] ] } },
{ "type": "Feature", "properties": { "fid": 795, "FUNCTIE": "04_Talut1", "Info": null, "Verhaal": null }, "geometry": { "type": "MultiPolygon", "coordinates": [ [ [ [ 137796.587872873118613, 453719.257110257516615, 0.0 ], [ 137798.301169385173125, 453719.423263707780279, 0.0 ], [ 137796.725232325086836, 453715.332281093171332, 0.0 ], [ 137795.497481558646541, 453716.3997207293869, 0.0 ], [ 137796.587872873118613, 453719.257110257516615, 0.0 ], [ 137796.587872873118613, 453719.257110257516615, 0.0 ] ] ] ] } },
{ "type": "Feature", "properties": { "fid": 796, "FUNCTIE": "04_Talut1", "Info": null, "Verhaal": null }, "geometry": { "type": "MultiPolygon", "coordinates": [ [ [ [ 137796.943232697114581, 453707.529386565613095, 0.0 ], [ 137794.536735157045769, 453702.610659445170313, 0.0 ], [ 137790.312775772210443, 453705.475459581415635, 0.0 ], [ 137792.145590950734913, 453709.342247345834039, 0.0 ], [ 137796.943232697114581, 453707.529386565613095, 0.0 ] ] ] ] } },
{ "type": "Feature", "properties": { "fid": 797, "FUNCTIE": "04_Talut1", "Info": null, "Verhaal": null }, "geometry": { "type": "MultiPolygon", "coordinates": [ [ [ [ 137780.312190288299462, 453692.073529716930352, 0.0 ], [ 137777.176374937931541, 453692.228806099679787, 0.0 ], [ 137779.600842559273588, 453693.401941211952362, 0.0 ], [ 137781.191691089537926, 453694.286789415578824, 0.0 ], [ 137782.257732127851341, 453694.951484675868414, 0.0 ], [ 137783.534082717524143, 453695.830652462784201, 0.0 ], [ 137784.478726033237763, 453696.597438830067404, 0.0 ], [ 137785.040984029037645, 453697.120151252485812, 0.0 ], [ 137784.141238430747762, 453695.020633230975363, 0.0 ], [ 137780.312190288299462, 453692.073529716930352, 0.0 ] ] ] ] } },
{ "type": "Feature", "properties": { "fid": 798, "FUNCTIE": "05_Talut2", "Info": null, "Verhaal": null }, "geometry": { "type": "MultiPolygon", "coordinates": [ [ [ [ 137779.700505648157559, 453684.233846185379662, 0.0 ], [ 137781.28107560632634, 453684.862393482762855, 0.0 ], [ 137782.64065399277024, 453685.577205825771671, 0.0 ], [ 137784.25968227229896, 453686.440011097874958, 0.0 ], [ 137785.384123123280006, 453687.117793647747021, 0.0 ], [ 137786.791623822384281, 453688.108992694993503, 0.0 ], [ 137787.906886397395283, 453688.905521334789228, 0.0 ], [ 137788.949987041036366, 453689.768566859827843, 0.0 ], [ 137790.234617645503022, 453690.949219276662916, 0.0 ], [ 137791.356134235014906, 453692.102990178449545, 0.0 ], [ 137797.20012145259534, 453688.718795137305278, 0.0 ], [ 137795.741792435088428, 453687.08638198702829, 0.0 ], [ 137794.313229973369744, 453685.717279477627017, 0.0 ], [ 137792.62629921050393, 453684.295664986653719, 0.0 ], [ 137790.671631699631689, 453682.871905880805571, 0.0 ], [ 137788.890069685527124, 453681.754271504993085, 0.0 ], [ 137787.045559569407487, 453680.75623100908706, 0.0 ], [ 137784.843943552084966, 453679.754750563355628, 0.0 ], [ 137782.415158852061722, 453678.866738154843915, 0.0 ], [ 137779.727093473018613, 453678.127198130183388, 0.0 ], [ 137779.700505648157559, 453684.233846185379662, 0.0 ] ] ] ] } },
{ "type": "Feature", "properties": { "fid": 799, "FUNCTIE": "04_Talut1", "Info": null, "Verhaal": null }, "geometry": { "type": "MultiPolygon", "coordinates": [ [ [ [ 137779.727093473018613, 453678.127198130183388, 0.0 ], [ 137777.691621792124351, 453680.082693086587824, 0.0 ], [ 137778.267725078330841, 453687.653132981387898, 0.0 ], [ 137780.312190288299462, 453692.073529716930352, 0.0 ], [ 137779.714614143362269, 453685.728256833099294, 0.0 ], [ 137779.700505648157559, 453684.233846185379662, 0.0 ], [ 137779.727093473018613, 453678.127198130183388, 0.0 ] ] ] ] } },
{ "type": "Feature", "properties": { "fid": 800, "FUNCTIE": "04_Talut1", "Info": null, "Verhaal": null }, "geometry": { "type": "MultiPolygon", "coordinates": [ [ [ [ 137774.67471161854337, 453687.778272753523197, 0.0 ], [ 137772.920027636457235, 453692.439795423764735, 0.0 ], [ 137777.176374937931541, 453692.228806099679787, 0.0 ], [ 137780.312190288299462, 453692.073529716930352, 0.0 ], [ 137778.267725078330841, 453687.653132981387898, 0.0 ], [ 137774.67471161854337, 453687.778272753523197, 0.0 ] ] ] ] } },
{ "type": "Feature", "properties": { "fid": 801, "FUNCTIE": "04_Talut1", "Info": null, "Verhaal": null }, "geometry": { "type": "MultiPolygon", "coordinates": [ [ [ [ 137772.950996989646228, 453692.438260255381465, 0.0 ], [ 137774.67471161854337, 453687.778272753523197, 0.0 ], [ 137774.327654416643782, 453679.21234685665695, 0.0 ], [ 137772.445466924953507, 453676.33088671223959, 0.0 ], [ 137773.755523828614969, 453683.099048746575136, 0.0 ], [ 137772.919949276489206, 453684.185240104794502, 0.0 ], [ 137773.337791300786193, 453689.407555429730564, 0.0 ], [ 137772.85734004972619, 453691.063917956256773, 0.0 ], [ 137772.950996989646228, 453692.438260255381465, 0.0 ] ] ] ] } },
{ "type": "Feature", "properties": { "fid": 802, "FUNCTIE": "04_Talut1", "Info": null, "Verhaal": null }, "geometry": { "type": "MultiPolygon", "coordinates": [ [ [ [ 137773.337791300786193, 453689.407555429730564, 0.0 ], [ 137768.742074055102421, 453689.407305815897416, 0.0 ], [ 137769.494116251094965, 453691.063735373376403, 0.0 ], [ 137772.85734004972619, 453691.063917956256773, 0.0 ], [ 137773.337791300786193, 453689.407555429730564, 0.0 ] ] ] ] } },
{ "type": "Feature", "properties": { "fid": 803, "FUNCTIE": "05_Talut2", "Info": null, "Verhaal": null }, "geometry": { "type": "MultiPolygon", "coordinates": [ [ [ [ 137767.906431694107596, 453683.349400537379552, 0.0 ], [ 137773.755523828614969, 453683.099048746575136, 0.0 ], [ 137772.501581425312907, 453676.330889770470094, 0.0 ], [ 137768.130886296392418, 453676.368694022705313, 0.0 ], [ 137767.906431694107596, 453683.349400537379552, 0.0 ] ] ] ] } },
{ "type": "Feature", "properties": { "fid": 804, "FUNCTIE": "04_Talut1", "Info": null, "Verhaal": null }, "geometry": { "type": "MultiPolygon", "coordinates": [ [ [ [ 137766.090064913616516, 453679.019269877753686, 0.0 ], [ 137767.252515806467272, 453688.028539510909468, 0.0 ], [ 137769.473267341265455, 453692.440504598314874, 0.0 ], [ 137769.494116463436512, 453691.086128755123354, 0.0 ], [ 137768.742074055102421, 453689.407305815897416, 0.0 ], [ 137768.407791837293189, 453684.315095899393782, 0.0 ], [ 137767.906431694107596, 453683.349400537379552, 0.0 ], [ 137768.130886296392418, 453676.368694022705313, 0.0 ], [ 137766.090064913616516, 453679.019269877753686, 0.0 ] ] ] ] } },
{ "type": "Feature", "properties": { "fid": 805, "FUNCTIE": "04_Talut1", "Info": null, "Verhaal": null }, "geometry": { "type": "MultiPolygon", "coordinates": [ [ [ [ 137762.976525105361361, 453688.153642215300351, 0.0 ], [ 137761.285306056117406, 453692.687094551569317, 0.0 ], [ 137769.473267341265455, 453692.440504598314874, 0.0 ], [ 137767.252515806467272, 453688.028539510909468, 0.0 ], [ 137762.976525105361361, 453688.153642215300351, 0.0 ] ] ] ] } },
{ "type": "Feature", "properties": { "fid": 806, "FUNCTIE": "04_Talut1", "Info": null, "Verhaal": null }, "geometry": { "type": "MultiPolygon", "coordinates": [ [ [ [ 137761.285306056117406, 453692.687094551569317, 0.0 ], [ 137762.976525105361361, 453688.153642215300351, 0.0 ], [ 137762.409686222003074, 453679.184577310923487, 0.0 ], [ 137760.21898728859378, 453676.831560262071434, 0.0 ], [ 137761.305311809788691, 453683.599711459770333, 0.0 ], [ 137760.971085610653972, 453684.435260225669481, 0.0 ], [ 137761.305367738881614, 453689.532236956176348, 0.0 ], [ 137760.77253858326003, 453691.090104219911154, 0.0 ], [ 137761.285306056117406, 453692.687094551569317, 0.0 ] ] ] ] } },
{ "type": "Feature", "properties": { "fid": 807, "FUNCTIE": "05_Talut2", "Info": null, "Verhaal": null }, "geometry": { "type": "MultiPolygon", "coordinates": [ [ [ [ 137761.305311809788691, 453683.599711459770333, 0.0 ], [ 137760.21898728859378, 453676.831560262071434, 0.0 ], [ 137756.553968190390151, 453676.831360479583964, 0.0 ], [ 137755.874005302059231, 453683.348745866271202, 0.0 ], [ 137761.305311809788691, 453683.599711459770333, 0.0 ] ] ] ] } },
{ "type": "Feature", "properties": { "fid": 808, "FUNCTIE": "04_Talut1", "Info": null, "Verhaal": null }, "geometry": { "type": "MultiPolygon", "coordinates": [ [ [ [ 137756.709652675577672, 453689.949770881852601, 0.0 ], [ 137757.468734651774867, 453691.536438024311792, 0.0 ], [ 137760.867102936696028, 453691.077328866173048, 0.0 ], [ 137761.305367738881614, 453689.532236956176348, 0.0 ], [ 137756.709652675577672, 453689.949770881852601, 0.0 ] ] ] ] } },
{ "type": "Feature", "properties": { "fid": 809, "FUNCTIE": "04_Talut1", "Info": null, "Verhaal": null }, "geometry": { "type": "MultiPolygon", "coordinates": [ [ [ [ 137757.468734651774867, 453691.536438024311792, 0.0 ], [ 137756.709652675577672, 453689.949770881852601, 0.0 ], [ 137756.291810527618509, 453684.685675817541778, 0.0 ], [ 137755.874005302059231, 453683.348745866271202, 0.0 ], [ 137756.553968190390151, 453676.831360479583964, 0.0 ], [ 137754.206742835260229, 453679.759255415352527, 0.0 ], [ 137754.871353902708506, 453688.779877137858421, 0.0 ], [ 137757.461706188390963, 453692.790739748743363, 0.0 ], [ 137757.468734651774867, 453691.536438024311792, 0.0 ] ] ] ] } },
{ "type": "Feature", "properties": { "fid": 810, "FUNCTIE": "02_Maaiveld", "Info": null, "Verhaal": null }, "geometry": { "type": "MultiPolygon", "coordinates": [ [ [ [ 137754.871353902708506, 453688.779877137858421, 0.0 ], [ 137754.264113668905338, 453679.756708784785587, 0.0 ], [ 137750.45321758807404, 453679.811378030397464, 0.0 ], [ 137751.027660938561894, 453688.779668338189367, 0.0 ], [ 137754.871353902708506, 453688.779877137858421, 0.0 ] ] ] ] } },
{ "type": "Feature", "properties": { "fid": 811, "FUNCTIE": "04_Talut1", "Info": null, "Verhaal": null }, "geometry": { "type": "MultiPolygon", "coordinates": [ [ [ [ 137751.027660938561894, 453688.779668338189367, 0.0 ], [ 137749.5528702227748, 453693.123307094967458, 0.0 ], [ 137757.461706188390963, 453692.790739748743363, 0.0 ], [ 137754.871353902708506, 453688.779877137858421, 0.0 ], [ 137751.027660938561894, 453688.779668338189367, 0.0 ] ] ] ] } },
{ "type": "Feature", "properties": { "fid": 812, "FUNCTIE": "04_Talut1", "Info": null, "Verhaal": null }, "geometry": { "type": "MultiPolygon", "coordinates": [ [ [ [ 137751.027660938561894, 453688.779668338189367, 0.0 ], [ 137750.45321758807404, 453679.811378030397464, 0.0 ], [ 137748.811085225315765, 453677.309082473278977, 0.0 ], [ 137750.275590959994588, 453684.184008351585362, 0.0 ], [ 137749.532655482064001, 453685.113136313157156, 0.0 ], [ 137749.876017724076519, 453689.949399786652066, 0.0 ], [ 137749.026032889349153, 453691.700412991573103, 0.0 ], [ 137749.5528702227748, 453693.123307094967458, 0.0 ], [ 137751.027660938561894, 453688.779668338189367, 0.0 ] ] ] ] } },
{ "type": "Feature", "properties": { "fid": 813, "FUNCTIE": "05_Talut2", "Info": null, "Verhaal": null }, "geometry": { "type": "MultiPolygon", "coordinates": [ [ [ [ 137750.275590959994588, 453684.184008351585362, 0.0 ], [ 137748.783212915092008, 453677.266610406106338, 0.0 ], [ 137745.059722791833337, 453677.292180090385955, 0.0 ], [ 137744.051199665263994, 453684.183669772930443, 0.0 ], [ 137750.275590959994588, 453684.184008351585362, 0.0 ] ] ] ] } },
{ "type": "Feature", "properties": { "fid": 814, "FUNCTIE": "04_Talut1", "Info": null, "Verhaal": null }, "geometry": { "type": "MultiPolygon", "coordinates": [ [ [ [ 137744.927900000591762, 453690.239905891066883, 0.0 ], [ 137745.509833559073741, 453691.622056128224358, 0.0 ], [ 137749.026032889349153, 453691.700412991573103, 0.0 ], [ 137749.876017724076519, 453689.949399786652066, 0.0 ], [ 137744.927900000591762, 453690.239905891066883, 0.0 ] ] ] ] } },
{ "type": "Feature", "properties": { "fid": 815, "FUNCTIE": "04_Talut1", "Info": null, "Verhaal": null }, "geometry": { "type": "MultiPolygon", "coordinates": [ [ [ [ 137745.509833559073741, 453691.622056128224358, 0.0 ], [ 137744.927900000591762, 453690.239905891066883, 0.0 ], [ 137744.504065623332281, 453685.112862849142402, 0.0 ], [ 137744.051199665263994, 453684.183669772930443, 0.0 ], [ 137745.059722791833337, 453677.292180090385955, 0.0 ], [ 137742.695379304583184, 453680.227067400526721, 0.0 ], [ 137743.507396594330203, 453689.405935233924538, 0.0 ], [ 137745.40659124814556, 453693.125957355252467, 0.0 ], [ 137745.509833559073741, 453691.622056128224358, 0.0 ] ] ] ] } },
{ "type": "Feature", "properties": { "fid": 816, "FUNCTIE": "04_Talut1", "Info": null, "Verhaal": null }, "geometry": { "type": "MultiPolygon", "coordinates": [ [ [ [ 137743.507396594330203, 453689.405935233924538, 0.0 ], [ 137739.496585083950777, 453689.405717393383384, 0.0 ], [ 137738.076128279732075, 453693.607177327619866, 0.0 ], [ 137745.40659124814556, 453693.125957355252467, 0.0 ], [ 137743.507396594330203, 453689.405935233924538, 0.0 ] ] ] ] } },
{ "type": "Feature", "properties": { "fid": 817, "FUNCTIE": "04_Talut1", "Info": null, "Verhaal": null }, "geometry": { "type": "MultiPolygon", "coordinates": [ [ [ [ 137739.496585083950777, 453689.405717393383384, 0.0 ], [ 137739.107675129023846, 453680.337234292237554, 0.0 ], [ 137736.641936872212682, 453678.000594337237999, 0.0 ], [ 137738.41027498600306, 453684.18336293194443, 0.0 ], [ 137738.076049990719184, 453685.186025455477647, 0.0 ], [ 137738.076077567035099, 453688.152289300633129, 0.0 ], [ 137738.076116533164168, 453692.343642491963692, 0.0 ], [ 137738.076128279732075, 453693.607177327619866, 0.0 ], [ 137739.496585083950777, 453689.405717393383384, 0.0 ] ] ] ] } },
{ "type": "Feature", "properties": { "fid": 818, "FUNCTIE": "05_Talut2", "Info": null, "Verhaal": null }, "geometry": { "type": "MultiPolygon", "coordinates": [ [ [ [ 137738.41027498600306, 453684.18336293194443, 0.0 ], [ 137736.660478614503518, 453678.005061254603788, 0.0 ], [ 137715.162187627080129, 453678.831954036082607, 0.0 ], [ 137714.76319756382145, 453685.18475771008525, 0.0 ], [ 137738.41027498600306, 453684.18336293194443, 0.0 ] ] ] ] } },
{ "type": "Feature", "properties": { "fid": 819, "FUNCTIE": "04_Talut1", "Info": null, "Verhaal": null }, "geometry": { "type": "MultiPolygon", "coordinates": [ [ [ [ 137715.162187627080129, 453678.831954036082607, 0.0 ], [ 137713.259102193784202, 453680.839724554796703, 0.0 ], [ 137713.92766089111683, 453690.615901712444611, 0.0 ], [ 137716.267340461636195, 453694.71031008817954, 0.0 ], [ 137716.26732409131364, 453692.925880340568256, 0.0 ], [ 137715.515264021087205, 453689.404414883581921, 0.0 ], [ 137715.515230691991746, 453685.769695892988238, 0.0 ], [ 137714.76319756382145, 453685.18475771008525, 0.0 ], [ 137715.162187627080129, 453678.831954036082607, 0.0 ] ] ] ] } },
{ "type": "Feature", "properties": { "fid": 820, "FUNCTIE": "04_Talut1", "Info": null, "Verhaal": null }, "geometry": { "type": "MultiPolygon", "coordinates": [ [ [ [ 137715.515264021087205, 453689.404414883581921, 0.0 ], [ 137716.26732454370358, 453692.975182624300942, 0.0 ], [ 137738.076116868818644, 453692.379759450792335, 0.0 ], [ 137738.076077567035099, 453688.152289300633129, 0.0 ], [ 137715.515264021087205, 453689.404414883581921, 0.0 ] ] ] ] } },
{ "type": "Feature", "properties": { "fid": 821, "FUNCTIE": "04_Talut1", "Info": null, "Verhaal": null }, "geometry": { "type": "MultiPolygon", "coordinates": [ [ [ [ 137713.92766089111683, 453690.615901712444611, 0.0 ], [ 137710.521944242907921, 453691.060533929034136, 0.0 ], [ 137708.449711231689434, 453695.121331261529122, 0.0 ], [ 137716.262234032270499, 453694.710578563739546, 0.0 ], [ 137713.92766089111683, 453690.615901712444611, 0.0 ] ] ] ] } },
{ "type": "Feature", "properties": { "fid": 822, "FUNCTIE": "04_Talut1", "Info": null, "Verhaal": null }, "geometry": { "type": "MultiPolygon", "coordinates": [ [ [ [ 137708.449711231689434, 453695.121331261529122, 0.0 ], [ 137710.521944242907921, 453691.060533929034136, 0.0 ], [ 137709.819179896614514, 453680.921438335150015, 0.0 ], [ 137707.936354102013865, 453679.207289775542449, 0.0 ], [ 137709.310669237282127, 453685.769358551013283, 0.0 ], [ 137708.830544143100269, 453686.354229803022463, 0.0 ], [ 137708.83059450390283, 453691.868976528814528, 0.0 ], [ 137708.242820505693089, 453694.147047512233257, 0.0 ], [ 137708.449711231689434, 453695.121331261529122, 0.0 ] ] ] ] } },
{ "type": "Feature", "properties": { "fid": 823, "FUNCTIE": "05_Talut2", "Info": null, "Verhaal": null }, "geometry": { "type": "MultiPolygon", "coordinates": [ [ [ [ 137702.953135433897842, 453686.353910300997086, 0.0 ], [ 137709.310669237282127, 453685.769358551013283, 0.0 ], [ 137707.936354102013865, 453679.207289775542449, 0.0 ], [ 137700.315843057731399, 453679.180256814346649, 0.0 ], [ 137702.953135433897842, 453686.353910300997086, 0.0 ] ] ] ] } },
{ "type": "Feature", "properties": { "fid": 824, "FUNCTIE": "05_Talut2", "Info": null, "Verhaal": null }, "geometry": { "type": "MultiPolygon", "coordinates": [ [ [ [ 137700.315843057731399, 453679.180256814346649, 0.0 ], [ 137695.395494219701504, 453683.437948578619398, 0.0 ], [ 137699.38844324531965, 453689.528874150535557, 0.0 ], [ 137702.953135433897842, 453686.353910300997086, 0.0 ], [ 137700.315843057731399, 453679.180256814346649, 0.0 ] ] ] ] } },
{ "type": "Feature", "properties": { "fid": 825, "FUNCTIE": "04_Talut1", "Info": null, "Verhaal": null }, "geometry": { "type": "MultiPolygon", "coordinates": [ [ [ [ 137695.395494219701504, 453683.437948578619398, 0.0 ], [ 137695.968906511436217, 453687.757652952626813, 0.0 ], [ 137701.226768796972465, 453693.330807516817003, 0.0 ], [ 137704.4415602471272, 453695.170591671892907, 0.0 ], [ 137702.953198917093687, 453693.330901179870125, 0.0 ], [ 137700.224033869773848, 453689.946703437482938, 0.0 ], [ 137699.38844324531965, 453689.528874150535557, 0.0 ], [ 137695.395494219701504, 453683.437948578619398, 0.0 ] ] ] ] } },
{ "type": "Feature", "properties": { "fid": 826, "FUNCTIE": "04_Talut1", "Info": null, "Verhaal": null }, "geometry": { "type": "MultiPolygon", "coordinates": [ [ [ [ 137702.953198917093687, 453693.330901179870125, 0.0 ], [ 137704.4415602471272, 453695.170591671892907, 0.0 ], [ 137708.242820505693089, 453694.147047512233257, 0.0 ], [ 137708.83059450390283, 453691.868976528814528, 0.0 ], [ 137702.953198917093687, 453693.330901179870125, 0.0 ] ] ] ] } },
{ "type": "Feature", "properties": { "fid": 827, "FUNCTIE": "04_Talut1", "Info": null, "Verhaal": null }, "geometry": { "type": "MultiPolygon", "coordinates": [ [ [ [ 137704.4415602471272, 453695.170591671892907, 0.0 ], [ 137701.226768796972465, 453693.330807516817003, 0.0 ], [ 137698.469349262944888, 453695.210685631027445, 0.0 ], [ 137699.445121199707501, 453699.709747229877394, 0.0 ], [ 137701.588497375603765, 453699.199018788873218, 0.0 ], [ 137705.305737034505, 453696.142869536590297, 0.0 ], [ 137704.4415602471272, 453695.170591671892907, 0.0 ] ] ] ] } },
{ "type": "Feature", "properties": { "fid": 828, "FUNCTIE": "04_Talut1", "Info": null, "Verhaal": null }, "geometry": { "type": "MultiPolygon", "coordinates": [ [ [ [ 137699.445121199707501, 453699.709747229877394, 0.0 ], [ 137698.469349262944888, 453695.210685631027445, 0.0 ], [ 137693.614223062410019, 453689.808347680838779, 0.0 ], [ 137690.32847749555367, 453688.547147371340543, 0.0 ], [ 137694.040704405604629, 453691.450389862351585, 0.0 ], [ 137694.0407157469308, 453692.703741729201283, 0.0 ], [ 137697.383099165570457, 453696.631092157855164, 0.0 ], [ 137698.008571063372074, 453698.180464497709181, 0.0 ], [ 137699.445121199707501, 453699.709747229877394, 0.0 ] ] ] ] } },
{ "type": "Feature", "properties": { "fid": 829, "FUNCTIE": "05_Talut2", "Info": null, "Verhaal": null }, "geometry": { "type": "MultiPolygon", "coordinates": [ [ [ [ 137694.040704405604629, 453691.450389862351585, 0.0 ], [ 137690.271528336597839, 453688.533156706194859, 0.0 ], [ 137661.118748025037348, 453712.672041073150467, 0.0 ], [ 137666.633644410903798, 453714.510589219513349, 0.0 ], [ 137686.771161398966797, 453698.626166769419797, 0.0 ], [ 137694.040704405604629, 453691.450389862351585, 0.0 ] ] ] ] } },
{ "type": "Feature", "properties": { "fid": 830, "FUNCTIE": "04_Talut1", "Info": null, "Verhaal": null }, "geometry": { "type": "MultiPolygon", "coordinates": [ [ [ [ 137694.124337960733101, 453699.722517004876863, 0.0 ], [ 137694.040792302490445, 453701.164106450858526, 0.0 ], [ 137698.008571063372074, 453698.180464497709181, 0.0 ], [ 137697.383099165570457, 453696.631092157855164, 0.0 ], [ 137694.124337960733101, 453699.722517004876863, 0.0 ] ] ] ] } },
{ "type": "Feature", "properties": { "fid": 831, "FUNCTIE": "04_Talut1", "Info": null, "Verhaal": null }, "geometry": { "type": "MultiPolygon", "coordinates": [ [ [ [ 137694.040792302490445, 453701.164106450858526, 0.0 ], [ 137694.124337960733101, 453699.722517004876863, 0.0 ], [ 137692.347554043342825, 453697.633500811643898, 0.0 ], [ 137694.040792302490445, 453701.164106450858526, 0.0 ] ] ] ] } },
{ "type": "Feature", "properties": { "fid": 832, "FUNCTIE": "04_Talut1", "Info": null, "Verhaal": null }, "geometry": { "type": "MultiPolygon", "coordinates": [ [ [ [ 137671.912844116188353, 453718.180348661262542, 0.0 ], [ 137672.951385910244426, 453719.111203335633036, 0.0 ], [ 137690.86626831808826, 453703.663642289058771, 0.0 ], [ 137688.693031616799999, 453700.808461370121222, 0.0 ], [ 137688.275241793133318, 453701.226222785946447, 0.0 ], [ 137689.779319056135137, 453703.482337962370366, 0.0 ], [ 137671.912844116188353, 453718.180348661262542, 0.0 ] ] ] ] } },
{ "type": "Feature", "properties": { "fid": 833, "FUNCTIE": "04_Talut1", "Info": null, "Verhaal": null }, "geometry": { "type": "MultiPolygon", "coordinates": [ [ [ [ 137672.951385910244426, 453719.111203335633036, 0.0 ], [ 137671.912844116188353, 453718.180348661262542, 0.0 ], [ 137670.895166599802906, 453717.268194833828602, 0.0 ], [ 137666.633655558776809, 453715.763941944635008, 0.0 ], [ 137666.633644410903798, 453714.510589219513349, 0.0 ], [ 137661.231626779393991, 453712.578575990220997, 0.0 ], [ 137658.482448520284379, 453713.382181992405094, 0.0 ], [ 137672.951385910244426, 453719.111203335633036, 0.0 ] ] ] ] } },
{ "type": "Feature", "properties": { "fid": 834, "FUNCTIE": "04_Talut1", "Info": null, "Verhaal": null }, "geometry": { "type": "MultiPolygon", "coordinates": [ [ [ [ 137691.427967714262195, 453703.179302757780533, 0.0 ], [ 137698.116634983831318, 453706.81888930889545, 0.0 ], [ 137698.940768605389167, 453707.203234934713691, 0.0 ], [ 137700.004621439031325, 453707.514855829183944, 0.0 ], [ 137745.568262159562437, 453705.825151032069698, 0.0 ], [ 137709.310819572187029, 453702.226857623842079, 0.0 ], [ 137703.543922272336204, 453703.047641193494201, 0.0 ], [ 137697.796455911593512, 453702.176498521643225, 0.0 ], [ 137691.427967714262195, 453703.179302757780533, 0.0 ] ] ] ] } },
{ "type": "Feature", "properties": { "fid": 835, "FUNCTIE": "04_Talut1", "Info": null, "Verhaal": null }, "geometry": { "type": "MultiPolygon", "coordinates": [ [ [ [ 137711.733240094588837, 453698.627518917550333, 0.0 ], [ 137748.335990304709412, 453701.883526372199412, 0.0 ], [ 137774.128774035489187, 453700.450304449768737, 0.0 ], [ 137763.651691630569985, 453737.764819336822256, 0.0 ], [ 137779.019305497815367, 453703.77946938876994, 0.0 ], [ 137779.126944209303474, 453702.56156000244664, 0.0 ], [ 137778.85273802044685, 453700.936887597490568, 0.0 ], [ 137778.491541118361056, 453700.036359289777465, 0.0 ], [ 137777.880563282757066, 453699.008263235795312, 0.0 ], [ 137777.050936061830726, 453698.020364595751744, 0.0 ], [ 137776.330771095876116, 453697.392209844430909, 0.0 ], [ 137775.335944201826351, 453696.760226203070488, 0.0 ], [ 137774.120100456872024, 453696.243353988975286, 0.0 ], [ 137773.043015320698032, 453695.955720666446723, 0.0 ], [ 137771.801501089736121, 453695.766362606489565, 0.0 ], [ 137770.243020739027997, 453695.734881162643433, 0.0 ], [ 137769.060076860827394, 453695.853673246339895, 0.0 ], [ 137711.733240094588837, 453698.627518917550333, 0.0 ] ] ] ] } },
{ "type": "Feature", "properties": { "fid": 836, "FUNCTIE": "04_Talut1", "Info": null, "Verhaal": null }, "geometry": { "type": "MultiPolygon", "coordinates": [ [ [ [ 137767.253005489474162, 453739.786526053503621, 0.0 ], [ 137784.561954271048307, 453712.701750141161028, 0.0 ], [ 137792.834828472230583, 453731.69336077501066, 0.0 ], [ 137808.945688486564904, 453756.819101862725802, 0.0 ], [ 137798.750927561166463, 453733.212575229641516, 0.0 ], [ 137787.174478297820315, 453708.161729239567649, 0.0 ], [ 137786.585237685329048, 453707.188891800353304, 0.0 ], [ 137786.125430810643593, 453706.558794790529646, 0.0 ], [ 137785.657456929475302, 453706.020317009359132, 0.0 ], [ 137785.157400728028733, 453705.678220154135488, 0.0 ], [ 137784.570478331268532, 453705.501780454826076, 0.0 ], [ 137783.176624690997414, 453705.72021628532093, 0.0 ], [ 137767.253005489474162, 453739.786526053503621, 0.0 ] ] ] ] } },
{ "type": "Feature", "properties": { "fid": 837, "FUNCTIE": "04_Talut1", "Info": null, "Verhaal": null }, "geometry": { "type": "MultiPolygon", "coordinates": [ [ [ [ 137789.299006545013981, 453734.063759044918697, 0.0 ], [ 137801.712737590976758, 453761.427038550260477, 0.0 ], [ 137794.399095563800074, 453782.883057519968133, 0.0 ], [ 137800.674166052573128, 453789.897830588219222, 0.0 ], [ 137801.765644050668925, 453788.760411992028821, 0.0 ], [ 137803.689573910844047, 453790.60817400040105, 0.0 ], [ 137802.951965214015217, 453788.007070997089613, 0.0 ], [ 137802.514368931791978, 453786.450769997842144, 0.0 ], [ 137802.337434915301856, 453785.820314047916327, 0.0 ], [ 137801.929919293499552, 453784.984327488520648, 0.0 ], [ 137801.164462202781579, 453783.983959828387015, 0.0 ], [ 137800.632688774989219, 453783.496201956237201, 0.0 ], [ 137800.25983748032013, 453783.219858675613068, 0.0 ], [ 137799.855006224592216, 453782.952600850607269, 0.0 ], [ 137799.533599830145249, 453782.722247043217067, 0.0 ], [ 137799.234026147576515, 453782.296852820727509, 0.0 ], [ 137799.337850996380439, 453781.642098823969718, 0.0 ], [ 137799.495830214262241, 453781.382798871782143, 0.0 ], [ 137799.6959678059211, 453781.064854044758249, 0.0 ], [ 137800.045085237827152, 453780.412949427845888, 0.0 ], [ 137805.276190937351203, 453764.331849758396856, 0.0 ], [ 137805.548378520325059, 453763.870887701574247, 0.0 ], [ 137805.912661580747226, 453762.710145128250588, 0.0 ], [ 137806.049057391763199, 453761.606504555325955, 0.0 ], [ 137805.935482660919661, 453759.701207817299291, 0.0 ], [ 137804.981996596878162, 453757.633962207473814, 0.0 ], [ 137789.299006545013981, 453734.063759044918697, 0.0 ] ] ] ] } },
{ "type": "Feature", "properties": { "fid": 838, "FUNCTIE": "04_Talut1", "Info": null, "Verhaal": null }, "geometry": { "type": "MultiPolygon", "coordinates": [ [ [ [ 137802.951965214015217, 453788.007070997089613, 0.0 ], [ 137803.689573910844047, 453790.60817400040105, 0.0 ], [ 137807.189612167596351, 453793.970556205080356, 0.0 ], [ 137807.451537977613043, 453793.848333496192936, 0.0 ], [ 137808.953060573781841, 453789.656621676287614, 0.0 ], [ 137804.63287663369556, 453787.781622531998437, 0.0 ], [ 137802.951965214015217, 453788.007070997089613, 0.0 ] ] ] ] } },
{ "type": "Feature", "properties": { "fid": 839, "FUNCTIE": "04_Talut1", "Info": null, "Verhaal": null }, "geometry": { "type": "MultiPolygon", "coordinates": [ [ [ [ 137807.189612167596351, 453793.970556205080356, 0.0 ], [ 137814.56006134476047, 453801.050447219866328, 0.0 ], [ 137812.557375364005566, 453797.627885367663112, 0.0 ], [ 137808.600461428257404, 453793.312210171367042, 0.0 ], [ 137807.451537977613043, 453793.848333496192936, 0.0 ], [ 137807.189612167596351, 453793.970556205080356, 0.0 ] ] ] ] } },
{ "type": "Feature", "properties": { "fid": 840, "FUNCTIE": "05_Talut2", "Info": null, "Verhaal": null }, "geometry": { "type": "MultiPolygon", "coordinates": [ [ [ [ 137808.600461428257404, 453793.312210171367042, 0.0 ], [ 137812.557375364005566, 453797.627885367663112, 0.0 ], [ 137816.874870143336011, 453786.876415979466401, 0.0 ], [ 137811.692042613023659, 453784.956700303999241, 0.0 ], [ 137808.600461428257404, 453793.312210171367042, 0.0 ] ] ] ] } },
{ "type": "Feature", "properties": { "fid": 841, "FUNCTIE": "04_Talut1", "Info": null, "Verhaal": null }, "geometry": { "type": "MultiPolygon", "coordinates": [ [ [ [ 137810.537435745151015, 453784.956639330135658, 0.0 ], [ 137811.692042613023659, 453784.956700303999241, 0.0 ], [ 137816.874870143336011, 453786.876415979466401, 0.0 ], [ 137814.764107005757978, 453784.339130852546077, 0.0 ], [ 137806.57768837781623, 453781.885720443155151, 0.0 ], [ 137802.745386497175787, 453782.588938747299835, 0.0 ], [ 137804.662266893079504, 453783.535864629258867, 0.0 ], [ 137806.57770025334321, 453783.112209438113496, 0.0 ], [ 137810.537435745151015, 453784.956639330135658, 0.0 ] ] ] ] } },
{ "type": "Feature", "properties": { "fid": 842, "FUNCTIE": "04_Talut1", "Info": null, "Verhaal": null }, "geometry": { "type": "MultiPolygon", "coordinates": [ [ [ [ 137804.63287663369556, 453787.781622531998437, 0.0 ], [ 137806.57770025334321, 453783.112209438113496, 0.0 ], [ 137804.662266893079504, 453783.535864629258867, 0.0 ], [ 137802.951965214015217, 453788.007070997089613, 0.0 ], [ 137804.63287663369556, 453787.781622531998437, 0.0 ] ] ] ] } },
{ "type": "Feature", "properties": { "fid": 843, "FUNCTIE": "04_Talut1", "Info": null, "Verhaal": null }, "geometry": { "type": "MultiPolygon", "coordinates": [ [ [ [ 137802.745386497175787, 453782.588938747299835, 0.0 ], [ 137806.57768837781623, 453781.885720443155151, 0.0 ], [ 137808.20341527328128, 453778.501759073988069, 0.0 ], [ 137805.007151889614761, 453775.347350808908232, 0.0 ], [ 137802.745386497175787, 453782.588938747299835, 0.0 ] ] ] ] } },
{ "type": "Feature", "properties": { "fid": 844, "FUNCTIE": "04_Talut1", "Info": null, "Verhaal": null }, "geometry": { "type": "MultiPolygon", "coordinates": [ [ [ [ 137808.20341527328128, 453778.501759073988069, 0.0 ], [ 137816.164337295282166, 453781.088203372375574, 0.0 ], [ 137818.990002866834402, 453781.100681881885976, 0.0 ], [ 137813.172546860674629, 453779.191364897589665, 0.0 ], [ 137812.694606719916919, 453778.217677813139744, 0.0 ], [ 137807.451368668320356, 453776.371022877574433, 0.0 ], [ 137806.090801327867666, 453775.264711592462845, 0.0 ], [ 137805.003308284620289, 453775.35898189956788, 0.0 ], [ 137808.20341527328128, 453778.501759073988069, 0.0 ] ] ] ] } },
{ "type": "Feature", "properties": { "fid": 845, "FUNCTIE": "04_Talut1", "Info": null, "Verhaal": null }, "geometry": { "type": "MultiPolygon", "coordinates": [ [ [ [ 137806.090801327867666, 453775.264711592462845, 0.0 ], [ 137807.451368668320356, 453776.371022877574433, 0.0 ], [ 137808.955382888496388, 453772.485715166316368, 0.0 ], [ 137807.134675929613877, 453772.152192485227715, 0.0 ], [ 137806.090801327867666, 453775.264711592462845, 0.0 ] ] ] ] } },
{ "type": "Feature", "properties": { "fid": 846, "FUNCTIE": "05_Talut2", "Info": null, "Verhaal": null }, "geometry": { "type": "MultiPolygon", "coordinates": [ [ [ [ 137813.172546860674629, 453779.191364897589665, 0.0 ], [ 137818.990002866834402, 453781.100681881885976, 0.0 ], [ 137820.380973465798888, 453777.496788149757776, 0.0 ], [ 137815.083498492429499, 453774.178063321101945, 0.0 ], [ 137813.172546860674629, 453779.191364897589665, 0.0 ] ] ] ] } },
{ "type": "Feature", "properties": { "fid": 847, "FUNCTIE": "04_Talut1", "Info": null, "Verhaal": null }, "geometry": { "type": "MultiPolygon", "coordinates": [ [ [ [ 137806.18233746511396, 453771.799250775540713, 0.0 ], [ 137807.185754768172046, 453772.182448907929938, 0.0 ], [ 137808.955382888496388, 453772.485715166316368, 0.0 ], [ 137813.952133229526225, 453774.178003380890004, 0.0 ], [ 137815.083498492429499, 453774.178063321101945, 0.0 ], [ 137820.380973465798888, 453777.496788149757776, 0.0 ], [ 137819.38668054813752, 453774.824436898576096, 0.0 ], [ 137810.710102871700656, 453771.75467334035784, 0.0 ], [ 137806.18233746511396, 453771.799250775540713, 0.0 ] ] ] ] } },
{ "type": "Feature", "properties": { "fid": 848, "FUNCTIE": "04_Talut1", "Info": null, "Verhaal": null }, "geometry": { "type": "MultiPolygon", "coordinates": [ [ [ [ 137810.710102871700656, 453771.75467334035784, 0.0 ], [ 137812.088784466701327, 453768.412491679016966, 0.0 ], [ 137808.952818135730922, 453764.65227672457695, 0.0 ], [ 137806.18233746511396, 453771.799250775540713, 0.0 ], [ 137810.710102871700656, 453771.75467334035784, 0.0 ] ] ] ] } },
{ "type": "Feature", "properties": { "fid": 849, "FUNCTIE": "04_Talut1", "Info": null, "Verhaal": null }, "geometry": { "type": "MultiPolygon", "coordinates": [ [ [ [ 137812.088784466701327, 453768.412491679016966, 0.0 ], [ 137820.367258074169513, 453771.448261729674414, 0.0 ], [ 137823.335481386136962, 453770.138081524230074, 0.0 ], [ 137816.790218064794317, 453769.290086546970997, 0.0 ], [ 137816.099588588956976, 453768.412704532500356, 0.0 ], [ 137814.344852095819078, 453767.40993096207967, 0.0 ], [ 137810.478233987087151, 453765.215049769438338, 0.0 ], [ 137808.952818135730922, 453764.65227672457695, 0.0 ], [ 137812.088784466701327, 453768.412491679016966, 0.0 ] ] ] ] } },
{ "type": "Feature", "properties": { "fid": 850, "FUNCTIE": "05_Talut2", "Info": null, "Verhaal": null }, "geometry": { "type": "MultiPolygon", "coordinates": [ [ [ [ 137816.790218064794317, 453769.290086546970997, 0.0 ], [ 137823.321308977843728, 453770.143746451067273, 0.0 ], [ 137829.460415405308595, 453754.207235391368158, 0.0 ], [ 137821.864987213135464, 453754.960254517849535, 0.0 ], [ 137816.790218064794317, 453769.290086546970997, 0.0 ] ] ] ] } },
{ "type": "Feature", "properties": { "fid": 851, "FUNCTIE": "04_Talut1", "Info": null, "Verhaal": null }, "geometry": { "type": "MultiPolygon", "coordinates": [ [ [ [ 137814.344852095819078, 453767.40993096207967, 0.0 ], [ 137817.30197801135364, 453759.949343007698189, 0.0 ], [ 137812.764320076414151, 453759.074300659645814, 0.0 ], [ 137810.478233987087151, 453765.215049769438338, 0.0 ], [ 137814.344852095819078, 453767.40993096207967, 0.0 ] ] ] ] } },
{ "type": "Feature", "properties": { "fid": 852, "FUNCTIE": "04_Talut1", "Info": null, "Verhaal": null }, "geometry": { "type": "MultiPolygon", "coordinates": [ [ [ [ 137812.764320076414151, 453759.074300659645814, 0.0 ], [ 137817.30197801135364, 453759.949343007698189, 0.0 ], [ 137814.344766763446387, 453758.636477541353088, 0.0 ], [ 137812.764320076414151, 453759.074300659645814, 0.0 ] ] ] ] } },
{ "type": "Feature", "properties": { "fid": 853, "FUNCTIE": "04_Talut1", "Info": null, "Verhaal": null }, "geometry": { "type": "MultiPolygon", "coordinates": [ [ [ [ 137812.764320076414151, 453759.074300659645814, 0.0 ], [ 137814.344766763446387, 453758.636477541353088, 0.0 ], [ 137815.258652504853671, 453753.184452072076965, 0.0 ], [ 137813.589919074962381, 453755.071568640763871, 0.0 ], [ 137812.764320076414151, 453759.074300659645814, 0.0 ] ] ] ] } },
{ "type": "Feature", "properties": { "fid": 854, "FUNCTIE": "05_Talut2", "Info": null, "Verhaal": null }, "geometry": { "type": "MultiPolygon", "coordinates": [ [ [ [ 137821.864987213135464, 453754.960254517849535, 0.0 ], [ 137829.460415405308595, 453754.207235391368158, 0.0 ], [ 137826.070186203549383, 453747.782097021583468, 0.0 ], [ 137819.880602924124105, 453750.239325448404998, 0.0 ], [ 137821.864987213135464, 453754.960254517849535, 0.0 ] ] ] ] } },
{ "type": "Feature", "properties": { "fid": 855, "FUNCTIE": "04_Talut1", "Info": null, "Verhaal": null }, "geometry": { "type": "MultiPolygon", "coordinates": [ [ [ [ 137813.589919074962381, 453755.071568640763871, 0.0 ], [ 137815.258652504853671, 453753.184452072076965, 0.0 ], [ 137819.232861476717517, 453751.241971059178468, 0.0 ], [ 137819.880602924124105, 453750.239325448404998, 0.0 ], [ 137826.070186203549383, 453747.782097021583468, 0.0 ], [ 137823.063954926736187, 453747.720510932151228, 0.0 ], [ 137815.598071582615376, 453751.30444469518261, 0.0 ], [ 137812.751208379078889, 453755.294067101553082, 0.0 ], [ 137813.589919074962381, 453755.071568640763871, 0.0 ] ] ] ] } },
{ "type": "Feature", "properties": { "fid": 856, "FUNCTIE": "04_Talut1", "Info": null, "Verhaal": null }, "geometry": { "type": "MultiPolygon", "coordinates": [ [ [ [ 137821.213792090216884, 453744.150612963247113, 0.0 ], [ 137823.631090836512158, 453741.004297169391066, 0.0 ], [ 137817.540744769736193, 453745.175676098209806, 0.0 ], [ 137816.644329598551849, 453745.175628200580832, 0.0 ], [ 137815.258581763511756, 453745.915020445827395, 0.0 ], [ 137809.94380691164406, 453747.188010873738676, 0.0 ], [ 137808.959161970647983, 453748.37300090061035, 0.0 ], [ 137813.6128990217112, 453747.73229042388266, 0.0 ], [ 137821.213792090216884, 453744.150612963247113, 0.0 ] ] ] ] } },
{ "type": "Feature", "properties": { "fid": 857, "FUNCTIE": "04_Talut1", "Info": null, "Verhaal": null }, "geometry": { "type": "MultiPolygon", "coordinates": [ [ [ [ 137813.6128990217112, 453747.73229042388266, 0.0 ], [ 137808.959161970647983, 453748.37300090061035, 0.0 ], [ 137812.751208379078889, 453755.294067101553082, 0.0 ], [ 137815.598071582615376, 453751.30444469518261, 0.0 ], [ 137813.6128990217112, 453747.73229042388266, 0.0 ] ] ] ] } },
{ "type": "Feature", "properties": { "fid": 858, "FUNCTIE": "05_Talut2", "Info": null, "Verhaal": null }, "geometry": { "type": "MultiPolygon", "coordinates": [ [ [ [ 137817.540744769736193, 453745.175676098209806, 0.0 ], [ 137823.631090836512158, 453741.004297169391066, 0.0 ], [ 137819.880449525080621, 453734.517964393191505, 0.0 ], [ 137813.341847459465498, 453736.17673092125915, 0.0 ], [ 137817.540744769736193, 453745.175676098209806, 0.0 ] ] ] ] } },
{ "type": "Feature", "properties": { "fid": 859, "FUNCTIE": "04_Talut1", "Info": null, "Verhaal": null }, "geometry": { "type": "MultiPolygon", "coordinates": [ [ [ [ 137811.085785859322641, 453737.767359514720738, 0.0 ], [ 137807.012002520699752, 453740.817519774951506, 0.0 ], [ 137809.94380691164406, 453747.188010873738676, 0.0 ], [ 137815.258581763511756, 453745.915020445827395, 0.0 ], [ 137811.085785859322641, 453737.767359514720738, 0.0 ] ] ] ] } },
{ "type": "Feature", "properties": { "fid": 860, "FUNCTIE": "04_Talut1", "Info": null, "Verhaal": null }, "geometry": { "type": "MultiPolygon", "coordinates": [ [ [ [ 137807.021875024191104, 453740.838971646619029, 0.0 ], [ 137811.085785859322641, 453737.767359514720738, 0.0 ], [ 137812.893805676721968, 453736.980476789991371, 0.0 ], [ 137813.341847459465498, 453736.17673092125915, 0.0 ], [ 137819.890263151755789, 453734.534936010197271, 0.0 ], [ 137816.755299004551489, 453733.563133495859802, 0.0 ], [ 137808.955046263610711, 453737.767245407856535, 0.0 ], [ 137805.602318437944632, 453741.172504874353763, 0.0 ], [ 137807.021875024191104, 453740.838971646619029, 0.0 ] ] ] ] } },
{ "type": "Feature", "properties": { "fid": 861, "FUNCTIE": "04_Talut1", "Info": null, "Verhaal": null }, "geometry": { "type": "MultiPolygon", "coordinates": [ [ [ [ 137808.955046263610711, 453737.767245407856535, 0.0 ], [ 137807.450960504967952, 453734.237522374547552, 0.0 ], [ 137802.165645160799613, 453734.237239038164262, 0.0 ], [ 137805.602318437944632, 453741.172504874353763, 0.0 ], [ 137808.955046263610711, 453737.767245407856535, 0.0 ] ] ] ] } },
{ "type": "Feature", "properties": { "fid": 862, "FUNCTIE": "04_Talut1", "Info": null, "Verhaal": null }, "geometry": { "type": "MultiPolygon", "coordinates": [ [ [ [ 137807.450960504967952, 453734.237522374547552, 0.0 ], [ 137815.258427161257714, 453730.027982630592305, 0.0 ], [ 137816.628472286916804, 453727.597146587388124, 0.0 ], [ 137811.085726465971675, 453731.649280703510158, 0.0 ], [ 137810.000592093681917, 453731.568188034580089, 0.0 ], [ 137805.230358762055403, 453733.506316349667031, 0.0 ], [ 137803.555095858086133, 453733.502179403032642, 0.0 ], [ 137802.165645160799613, 453734.237239038164262, 0.0 ], [ 137807.450960504967952, 453734.237522374547552, 0.0 ] ] ] ] } },
{ "type": "Feature", "properties": { "fid": 863, "FUNCTIE": "05_Talut2", "Info": null, "Verhaal": null }, "geometry": { "type": "MultiPolygon", "coordinates": [ [ [ [ 137811.085726465971675, 453731.649280703510158, 0.0 ], [ 137816.644158693845384, 453727.627413581649307, 0.0 ], [ 137812.850527608970879, 453720.380208454676904, 0.0 ], [ 137806.824155422480544, 453722.163583039713558, 0.0 ], [ 137811.085726465971675, 453731.649280703510158, 0.0 ] ] ] ] } },
{ "type": "Feature", "properties": { "fid": 864, "FUNCTIE": "04_Talut1", "Info": null, "Verhaal": null }, "geometry": { "type": "MultiPolygon", "coordinates": [ [ [ [ 137801.246662079589441, 453725.42199348640861, 0.0 ], [ 137800.187392128951615, 453726.363259913807269, 0.0 ], [ 137803.555095858086133, 453733.502179403032642, 0.0 ], [ 137805.230358762055403, 453733.506316349667031, 0.0 ], [ 137801.246662079589441, 453725.42199348640861, 0.0 ] ] ] ] } },
{ "type": "Feature", "properties": { "fid": 865, "FUNCTIE": "04_Talut1", "Info": null, "Verhaal": null }, "geometry": { "type": "MultiPolygon", "coordinates": [ [ [ [ 137800.187392128951615, 453726.363259913807269, 0.0 ], [ 137801.246662079589441, 453725.42199348640861, 0.0 ], [ 137806.0094693423016, 453723.040884271846153, 0.0 ], [ 137806.824155422480544, 453722.163583039713558, 0.0 ], [ 137812.893644457333721, 453720.390778425848112, 0.0 ], [ 137810.111527266650228, 453719.593569944496267, 0.0 ], [ 137802.318354887247551, 453723.291355781781022, 0.0 ], [ 137798.753730390541023, 453727.044152868213132, 0.0 ], [ 137800.187392128951615, 453726.363259913807269, 0.0 ] ] ] ] } },
{ "type": "Feature", "properties": { "fid": 866, "FUNCTIE": "05_Talut2", "Info": null, "Verhaal": null }, "geometry": { "type": "MultiPolygon", "coordinates": [ [ [ [ 137659.249480386177311, 453588.551100615703035, 0.0 ], [ 137672.323463329608785, 453576.768767514266074, 0.0 ], [ 137681.807549919991288, 453567.130222661304288, 0.0 ], [ 137686.492568160960218, 453560.643754577729851, 0.0 ], [ 137699.509133534913417, 453540.341252527025063, 0.0 ], [ 137688.341472785134101, 453517.718442171288189, 0.0 ], [ 137649.304551762674237, 453567.710287462861743, 0.0 ], [ 137659.249480386177311, 453588.551100615703035, 0.0 ] ] ] ] } },
{ "type": "Feature", "properties": { "fid": 867, "FUNCTIE": "04_Talut1", "Info": null, "Verhaal": null }, "geometry": { "type": "MultiPolygon", "coordinates": [ [ [ [ 137659.249480386177311, 453588.551100615703035, 0.0 ], [ 137652.542097424913663, 453593.963196233380586, 0.0 ], [ 137645.153802904824261, 453599.22985715244431, 0.0 ], [ 137644.014528803090798, 453603.323049944185186, 0.0 ], [ 137659.935991230566287, 453590.078397637640592, 0.0 ], [ 137662.105432339245453, 453588.014291554456577, 0.0 ], [ 137669.752513084880775, 453580.401735459454358, 0.0 ], [ 137675.834212092100643, 453573.960765679890756, 0.0 ], [ 137681.807549919991288, 453567.130222661304288, 0.0 ], [ 137672.202244392130524, 453576.888820544001646, 0.0 ], [ 137659.249480386177311, 453588.551100615703035, 0.0 ] ] ] ] } },
{ "type": "Feature", "properties": { "fid": 868, "FUNCTIE": "04_Talut1", "Info": null, "Verhaal": null }, "geometry": { "type": "MultiPolygon", "coordinates": [ [ [ [ 137706.011830722098239, 453525.49241614958737, 0.0 ], [ 137714.549966639315244, 453512.350674457848072, 0.0 ], [ 137712.716790363920154, 453512.227966994978487, 0.0 ], [ 137708.016741393337725, 453517.790437774383463, 0.0 ], [ 137706.011830722098239, 453525.49241614958737, 0.0 ] ] ] ] } },
{ "type": "Feature", "properties": { "fid": 869, "FUNCTIE": "04_Talut1", "Info": null, "Verhaal": null }, "geometry": { "type": "MultiPolygon", "coordinates": [ [ [ [ 137708.016741393337725, 453517.790437774383463, 0.0 ], [ 137677.292652111675125, 453330.423836951260455, 0.0 ], [ 137674.646762739983387, 453332.704213970864657, 0.0 ], [ 137706.011830722098239, 453525.49241614958737, 0.0 ], [ 137708.016741393337725, 453517.790437774383463, 0.0 ] ] ] ] } },
{ "type": "Feature", "properties": { "fid": 870, "FUNCTIE": "04_Talut1", "Info": null, "Verhaal": null }, "geometry": { "type": "MultiPolygon", "coordinates": [ [ [ [ 137712.716790363920154, 453512.227966994978487, 0.0 ], [ 137714.549966639315244, 453512.350674457848072, 0.0 ], [ 137711.269054741307627, 453492.066061784222256, 0.0 ], [ 137683.969067503116094, 453323.714787567791063, 0.0 ], [ 137682.244608145148959, 453324.944748573703691, 0.0 ], [ 137712.716790363920154, 453512.227966994978487, 0.0 ] ] ] ] } },
{ "type": "Feature", "properties": { "fid": 871, "FUNCTIE": "04_Talut1", "Info": null, "Verhaal": null }, "geometry": { "type": "MultiPolygon", "coordinates": [ [ [ [ 137674.646762739983387, 453332.704213970864657, 0.0 ], [ 137677.292652111675125, 453330.423836951260455, 0.0 ], [ 137558.6368083168054, 453312.708365328668151, 0.0 ], [ 137558.510723585146479, 453315.343704293423798, 0.0 ], [ 137674.646762739983387, 453332.704213970864657, 0.0 ] ] ] ] } },
{ "type": "Feature", "properties": { "fid": 872, "FUNCTIE": "04_Talut1", "Info": null, "Verhaal": null }, "geometry": { "type": "MultiPolygon", "coordinates": [ [ [ [ 137682.244608145148959, 453324.944748573703691, 0.0 ], [ 137683.969067503116094, 453323.714787567791063, 0.0 ], [ 137557.645291152235586, 453303.535643503942993, 0.0 ], [ 137557.633811543928459, 453306.171489191066939, 0.0 ], [ 137682.244608145148959, 453324.944748573703691, 0.0 ] ] ] ] } },
{ "type": "Feature", "properties": { "fid": 873, "FUNCTIE": "04_Talut1", "Info": null, "Verhaal": null }, "geometry": { "type": "MultiPolygon", "coordinates": [ [ [ [ 137558.6368083168054, 453312.708365328668151, 0.0 ], [ 137506.866991670336574, 453331.503677746048197, 0.0 ], [ 137506.277493126341142, 453335.283012973319273, 0.0 ], [ 137558.510723585146479, 453315.343704293423798, 0.0 ], [ 137558.6368083168054, 453312.708365328668151, 0.0 ] ] ] ] } },
{ "type": "Feature", "properties": { "fid": 874, "FUNCTIE": "04_Talut1", "Info": null, "Verhaal": null }, "geometry": { "type": "MultiPolygon", "coordinates": [ [ [ [ 137557.645291152235586, 453303.535643503942993, 0.0 ], [ 137497.880906669568503, 453326.421340007858817, 0.0 ], [ 137501.450901707517914, 453327.697778590605594, 0.0 ], [ 137557.633811543928459, 453306.171489191066939, 0.0 ], [ 137557.645291152235586, 453303.535643503942993, 0.0 ] ] ] ] } },
{ "type": "Feature", "properties": { "fid": 875, "FUNCTIE": "04_Talut1", "Info": null, "Verhaal": null }, "geometry": { "type": "MultiPolygon", "coordinates": [ [ [ [ 137506.866991670336574, 453331.503677746048197, 0.0 ], [ 137501.450901707517914, 453327.697778590605594, 0.0 ], [ 137497.880906669568503, 453326.421340007858817, 0.0 ], [ 137495.892068129323889, 453325.137563425872941, 0.0 ], [ 137493.212792524602264, 453324.567022333969362, 0.0 ], [ 137510.258231912535848, 453342.291483999637421, 0.0 ], [ 137508.103192161244806, 453337.124757448211312, 0.0 ], [ 137506.277493126341142, 453335.283012973319273, 0.0 ], [ 137506.866991670336574, 453331.503677746048197, 0.0 ] ] ] ] } },
{ "type": "Feature", "properties": { "fid": 876, "FUNCTIE": "04_Talut1", "Info": null, "Verhaal": null }, "geometry": { "type": "MultiPolygon", "coordinates": [ [ [ [ 137508.103192161244806, 453337.124757448211312, 0.0 ], [ 137510.258189470798243, 453342.291439158376306, 0.0 ], [ 137559.612128205830231, 453323.168961936316919, 0.0 ], [ 137558.922900834033499, 453317.442854277906008, 0.0 ], [ 137508.103192161244806, 453337.124757448211312, 0.0 ] ] ] ] } },
{ "type": "Feature", "properties": { "fid": 877, "FUNCTIE": "04_Talut1", "Info": null, "Verhaal": null }, "geometry": { "type": "MultiPolygon", "coordinates": [ [ [ [ 137559.623093882779358, 453323.164797568810172, 0.0 ], [ 137647.11617515431135, 453336.797868880385067, 0.0 ], [ 137649.926478933426552, 453337.869144684867933, 0.0 ], [ 137652.394398279342568, 453338.99798168905545, 0.0 ], [ 137653.819871604384389, 453339.781048135482706, 0.0 ], [ 137654.657218104257481, 453340.295716918597464, 0.0 ], [ 137655.932038486935198, 453341.161629011621699, 0.0 ], [ 137657.217984849849017, 453342.147418268956244, 0.0 ], [ 137658.938438294571824, 453343.706637563183904, 0.0 ], [ 137660.655970122897997, 453345.488513350603171, 0.0 ], [ 137662.991616817249451, 453348.611918561626226, 0.0 ], [ 137664.712868410948431, 453351.670302485872526, 0.0 ], [ 137665.761600450758124, 453354.088675867300481, 0.0 ], [ 137666.949007804942084, 453357.891166945337318, 0.0 ], [ 137683.914993161073653, 453450.865653430984821, 0.0 ], [ 137684.430947375338292, 453454.078773952554911, 0.0 ], [ 137684.379581843269989, 453455.278075128677301, 0.0 ], [ 137683.922921014600433, 453457.193901327846106, 0.0 ], [ 137683.167221833515214, 453458.728251044638455, 0.0 ], [ 137681.730917640583357, 453460.448472965043038, 0.0 ], [ 137625.492554551543435, 453519.291806534165516, 0.0 ], [ 137630.283869623934152, 453520.740399360074662, 0.0 ], [ 137691.824274157203035, 453456.326096299220808, 0.0 ], [ 137674.586399634281406, 453348.129454434383661, 0.0 ], [ 137674.155300263286335, 453345.452658883819822, 0.0 ], [ 137673.395119728229474, 453342.851939889602363, 0.0 ], [ 137673.038617259182502, 453342.005173421930522, 0.0 ], [ 137672.83247702033259, 453341.570907071465626, 0.0 ], [ 137672.606498512410326, 453341.131092202966101, 0.0 ], [ 137672.091289888368919, 453340.239937613834627, 0.0 ], [ 137671.48551778649562, 453339.341951029782649, 0.0 ], [ 137671.146334930788726, 453338.893596174020786, 0.0 ], [ 137670.781708604597952, 453338.447373842878733, 0.0 ], [ 137669.943943664198741, 453337.537969226832502, 0.0 ], [ 137669.490046667808201, 453337.102018454461358, 0.0 ], [ 137668.567425134504447, 453336.317845801298972, 0.0 ], [ 137668.101990906987339, 453335.967522075108718, 0.0 ], [ 137667.171101303305477, 453335.345145194209181, 0.0 ], [ 137666.251151201577159, 453334.820122923527379, 0.0 ], [ 137664.085506913892459, 453333.878320132789668, 0.0 ], [ 137662.599637880979571, 453333.43686271464685, 0.0 ], [ 137659.011829857947305, 453332.830951839394402, 0.0 ], [ 137558.922900834033499, 453317.442854277906008, 0.0 ], [ 137559.623093882779358, 453323.164797568810172, 0.0 ] ] ] ] } },
{ "type": "Feature", "properties": { "fid": 878, "FUNCTIE": "04_Talut1", "Info": null, "Verhaal": null }, "geometry": { "type": "MultiPolygon", "coordinates": [ [ [ [ 137496.115134430758189, 453325.093544598144945, 0.0 ], [ 137557.65327696656459, 453301.702011777320877, 0.0 ], [ 137557.662860528420424, 453299.501519447134342, 0.0 ], [ 137493.338591357460245, 453324.518097470630892, 0.0 ], [ 137496.115134430758189, 453325.093544598144945, 0.0 ] ] ] ] } },
{ "type": "Feature", "properties": { "fid": 879, "FUNCTIE": "04_Talut1", "Info": null, "Verhaal": null }, "geometry": { "type": "MultiPolygon", "coordinates": [ [ [ [ 137557.65327696656459, 453301.702011777320877, 0.0 ], [ 137685.2389795849449, 453322.056936210603453, 0.0 ], [ 137687.149179531930713, 453319.878926321514882, 0.0 ], [ 137557.735336987709161, 453299.512924510461744, 0.0 ], [ 137557.65327696656459, 453301.702011777320877, 0.0 ] ] ] ] } },
{ "type": "Feature", "properties": { "fid": 880, "FUNCTIE": "04_Talut1", "Info": null, "Verhaal": null }, "geometry": { "type": "MultiPolygon", "coordinates": [ [ [ [ 137685.2389795849449, 453322.056936210603453, 0.0 ], [ 137712.826359699625755, 453489.970111989183351, 0.0 ], [ 137716.473994167143246, 453482.866246273857541, 0.0 ], [ 137708.29416595082148, 453452.503257160482462, 0.0 ], [ 137687.149179531930713, 453319.878926321514882, 0.0 ], [ 137685.2389795849449, 453322.056936210603453, 0.0 ] ] ] ] } },
{ "type": "Feature", "properties": { "fid": 881, "FUNCTIE": "04_Talut1", "Info": null, "Verhaal": null }, "geometry": { "type": "MultiPolygon", "coordinates": [ [ [ [ 137692.357949919212842, 453460.036214926978573, 0.0 ], [ 137671.269085464911768, 453482.348457540094387, 0.0 ], [ 137675.934785274992464, 453485.735993746202439, 0.0 ], [ 137688.142161727737403, 453472.549618202261627, 0.0 ], [ 137692.357949919212842, 453460.036214926978573, 0.0 ] ] ] ] } },
{ "type": "Feature", "properties": { "fid": 882, "FUNCTIE": "04_Talut1", "Info": null, "Verhaal": null }, "geometry": { "type": "MultiPolygon", "coordinates": [ [ [ [ 137639.813952970638638, 453606.756051150849089, 0.0 ], [ 137643.978427495807409, 453603.356986423430499, 0.0 ], [ 137645.153802904824261, 453599.22985715244431, 0.0 ], [ 137640.003849411557894, 453582.150689907895867, 0.0 ], [ 137639.582909768330865, 453580.561955723154824, 0.0 ], [ 137639.455123329302296, 453579.01399676175788, 0.0 ], [ 137639.810164965922013, 453576.677228576969355, 0.0 ], [ 137640.539025627163937, 453574.886410768376663, 0.0 ], [ 137641.665814593085088, 453573.294969644455705, 0.0 ], [ 137643.975700571929337, 453571.349764013662934, 0.0 ], [ 137649.304551762674237, 453567.710287462861743, 0.0 ], [ 137688.341472785134101, 453517.718442171288189, 0.0 ], [ 137699.703894571372075, 453505.29309961857507, 0.0 ], [ 137694.296081514330581, 453506.551531696575694, 0.0 ], [ 137637.307845609931974, 453566.861111538077239, 0.0 ], [ 137636.056423693429679, 453568.422632260888349, 0.0 ], [ 137634.767120852106018, 453570.077651046565734, 0.0 ], [ 137634.214440040872432, 453570.975992019521073, 0.0 ], [ 137633.38295112218475, 453572.772788394824602, 0.0 ], [ 137632.941055344184861, 453574.113618624978699, 0.0 ], [ 137632.557990965113277, 453575.775903343048412, 0.0 ], [ 137632.33086636319058, 453577.745316784130409, 0.0 ], [ 137632.315708739770344, 453579.677376422157977, 0.0 ], [ 137632.529295640124474, 453581.776847061351873, 0.0 ], [ 137633.702341955446173, 453586.076590580923948, 0.0 ], [ 137639.813952970638638, 453606.756051150849089, 0.0 ] ] ] ] } },
{ "type": "Feature", "properties": { "fid": 883, "FUNCTIE": "04_Talut1", "Info": null, "Verhaal": null }, "geometry": { "type": "MultiPolygon", "coordinates": [ [ [ [ 137694.296081514330581, 453506.551531696575694, 0.0 ], [ 137699.703894571372075, 453505.29309961857507, 0.0 ], [ 137692.352206689014565, 453460.053262118948624, 0.0 ], [ 137688.139318055502372, 453472.600087411759887, 0.0 ], [ 137694.296081514330581, 453506.551531696575694, 0.0 ] ] ] ] } },
{ "type": "Feature", "properties": { "fid": 884, "FUNCTIE": "04_Talut1", "Info": null, "Verhaal": null }, "geometry": { "type": "MultiPolygon", "coordinates": [ [ [ [ 137671.269085464911768, 453482.348457540094387, 0.0 ], [ 137674.528006755950628, 453497.305281256616581, 0.0 ], [ 137678.398236505658133, 453497.636357263778336, 0.0 ], [ 137675.934785274992464, 453485.735993746202439, 0.0 ], [ 137671.269085464911768, 453482.348457540094387, 0.0 ] ] ] ] } },
{ "type": "Feature", "properties": { "fid": 885, "FUNCTIE": "04_Talut1", "Info": null, "Verhaal": null }, "geometry": { "type": "MultiPolygon", "coordinates": [ [ [ [ 137674.528006755950628, 453497.305281256616581, 0.0 ], [ 137641.564402152725961, 453531.976908408163581, 0.0 ], [ 137641.788647445937386, 453535.72089235385647, 0.0 ], [ 137678.398236505658133, 453497.636357263778336, 0.0 ], [ 137674.528006755950628, 453497.305281256616581, 0.0 ] ] ] ] } },
{ "type": "Feature", "properties": { "fid": 886, "FUNCTIE": "04_Talut1", "Info": null, "Verhaal": null }, "geometry": { "type": "MultiPolygon", "coordinates": [ [ [ [ 137641.564402152725961, 453531.976908408163581, 0.0 ], [ 137640.603466096683405, 453530.802048298995942, 0.0 ], [ 137640.603436193981906, 453527.383745153783821, 0.0 ], [ 137636.676134781126166, 453522.875884997774847, 0.0 ], [ 137632.456416579399956, 453522.875644740823191, 0.0 ], [ 137630.571386775147403, 453520.439455337589607, 0.0 ], [ 137625.492554551543435, 453519.291806534165516, 0.0 ], [ 137641.649038045841735, 453535.86612640786916, 0.0 ], [ 137641.564402152725961, 453531.976908408163581, 0.0 ] ] ] ] } },
{ "type": "Feature", "properties": { "fid": 887, "FUNCTIE": "04_Talut1", "Info": null, "Verhaal": null }, "geometry": { "type": "MultiPolygon", "coordinates": [ [ [ [ 137632.456416579399956, 453522.875644740823191, 0.0 ], [ 137636.676134781126166, 453522.875884997774847, 0.0 ], [ 137668.01036814332474, 453490.279867616307456, 0.0 ], [ 137670.141047623648774, 453482.807954037270974, 0.0 ], [ 137632.456416579399956, 453522.875644740823191, 0.0 ] ] ] ] } },
{ "type": "Feature", "properties": { "fid": 888, "FUNCTIE": "04_Talut1", "Info": null, "Verhaal": null }, "geometry": { "type": "MultiPolygon", "coordinates": [ [ [ [ 137668.01036814332474, 453490.279867616307456, 0.0 ], [ 137670.141166052955668, 453496.093458460527472, 0.0 ], [ 137672.773270390985999, 453496.803840828244574, 0.0 ], [ 137670.141047623648774, 453482.807954037270974, 0.0 ], [ 137668.01036814332474, 453490.279867616307456, 0.0 ] ] ] ] } },
{ "type": "Feature", "properties": { "fid": 889, "FUNCTIE": "04_Talut1", "Info": null, "Verhaal": null }, "geometry": { "type": "MultiPolygon", "coordinates": [ [ [ [ 137670.141166052955668, 453496.093458460527472, 0.0 ], [ 137640.603436193981906, 453527.383745153783821, 0.0 ], [ 137640.603466096683405, 453530.802048298995942, 0.0 ], [ 137672.773270390985999, 453496.803840828244574, 0.0 ], [ 137670.141166052955668, 453496.093458460527472, 0.0 ] ] ] ] } },
{ "type": "Feature", "properties": { "fid": 890, "FUNCTIE": "04_Talut1", "Info": null, "Verhaal": null }, "geometry": { "type": "MultiPolygon", "coordinates": [ [ [ [ 137527.024240676488262, 453356.805852457066067, 0.0 ], [ 137529.259814120945521, 453357.966056357137859, 0.0 ], [ 137533.187070775922621, 453356.128043045348022, 0.0 ], [ 137534.272748736606445, 453353.95418322016485, 0.0 ], [ 137527.024240676488262, 453356.805852457066067, 0.0 ] ] ] ] } },
{ "type": "Feature", "properties": { "fid": 891, "FUNCTIE": "04_Talut1", "Info": null, "Verhaal": null }, "geometry": { "type": "MultiPolygon", "coordinates": [ [ [ [ 137529.259814120945521, 453357.966056357137859, 0.0 ], [ 137527.024240676488262, 453356.805852457066067, 0.0 ], [ 137542.127297617524164, 453373.17998876812635, 0.0 ], [ 137541.12528773091617, 453370.33315190859139, 0.0 ], [ 137529.259814120945521, 453357.966056357137859, 0.0 ] ] ] ] } },
{ "type": "Feature", "properties": { "fid": 892, "FUNCTIE": "04_Talut1", "Info": null, "Verhaal": null }, "geometry": { "type": "MultiPolygon", "coordinates": [ [ [ [ 137541.12528773091617, 453370.33315190859139, 0.0 ], [ 137542.127297617524164, 453373.17998876812635, 0.0 ], [ 137546.138787552714348, 453369.163720458105672, 0.0 ], [ 137547.225070606276859, 453367.910370141908061, 0.0 ], [ 137543.63203421633807, 453367.659486742748413, 0.0 ], [ 137541.12528773091617, 453370.33315190859139, 0.0 ] ] ] ] } },
{ "type": "Feature", "properties": { "fid": 893, "FUNCTIE": "04_Talut1", "Info": null, "Verhaal": null }, "geometry": { "type": "MultiPolygon", "coordinates": [ [ [ [ 137543.63203421633807, 453367.659486742748413, 0.0 ], [ 137547.225070606276859, 453367.910370141908061, 0.0 ], [ 137545.735395592171699, 453366.329736030776985, 0.0 ], [ 137541.912844548525754, 453362.18642191257095, 0.0 ], [ 137537.140322293678764, 453356.81715938297566, 0.0 ], [ 137534.272748736606445, 453353.95418322016485, 0.0 ], [ 137533.187070775922621, 453356.128043045348022, 0.0 ], [ 137543.63203421633807, 453367.659486742748413, 0.0 ] ] ] ] } },
{ "type": "Feature", "properties": { "fid": 894, "FUNCTIE": "05_Talut2", "Info": null, "Verhaal": null }, "geometry": { "type": "MultiPolygon", "coordinates": [ [ [ [ 137546.678644120285753, 453352.89119577629026, 0.0 ], [ 137537.018882418255089, 453356.867616306524724, 0.0 ], [ 137538.312776712264167, 453358.026435178879183, 0.0 ], [ 137541.892950108303921, 453361.124753962445538, 0.0 ], [ 137550.191339756682282, 453358.149517628538888, 0.0 ], [ 137546.678644120285753, 453352.89119577629026, 0.0 ] ] ] ] } },
{ "type": "Feature", "properties": { "fid": 895, "FUNCTIE": "04_Talut1", "Info": null, "Verhaal": null }, "geometry": { "type": "MultiPolygon", "coordinates": [ [ [ [ 137541.912844548525754, 453362.18642191257095, 0.0 ], [ 137541.892950108303921, 453361.124753962445538, 0.0 ], [ 137536.988380814465927, 453356.8802893848042, 0.0 ], [ 137541.912844548525754, 453362.18642191257095, 0.0 ] ] ] ] } },
{ "type": "Feature", "properties": { "fid": 896, "FUNCTIE": "04_Talut1", "Info": null, "Verhaal": null }, "geometry": { "type": "MultiPolygon", "coordinates": [ [ [ [ 137545.735395592171699, 453366.329736030776985, 0.0 ], [ 137546.626319214672549, 453366.151892116700765, 0.0 ], [ 137547.314159544417635, 453366.261260403611232, 0.0 ], [ 137547.649137650325429, 453366.365870234498288, 0.0 ], [ 137548.23501744447276, 453366.632461035333108, 0.0 ], [ 137548.729246206348762, 453366.991421012498904, 0.0 ], [ 137551.821014647808624, 453366.145685131370556, 0.0 ], [ 137551.820993386587361, 453363.567895779793616, 0.0 ], [ 137545.735395592171699, 453366.329736030776985, 0.0 ] ] ] ] } },
{ "type": "Feature", "properties": { "fid": 897, "FUNCTIE": "04_Talut1", "Info": null, "Verhaal": null }, "geometry": { "type": "MultiPolygon", "coordinates": [ [ [ [ 137551.830215547321131, 453366.163846072682645, 0.0 ], [ 137552.906176067015622, 453362.312465058173984, 0.0 ], [ 137549.319820913631702, 453354.331949655956123, 0.0 ], [ 137546.678644120285753, 453352.89119577629026, 0.0 ], [ 137550.191339756682282, 453358.149517628538888, 0.0 ], [ 137549.648209388105897, 453359.38773350440897, 0.0 ], [ 137551.58565281832125, 453363.675074005499482, 0.0 ], [ 137551.830215547321131, 453366.163846072682645, 0.0 ] ] ] ] } },
{ "type": "Feature", "properties": { "fid": 898, "FUNCTIE": "04_Talut1", "Info": null, "Verhaal": null }, "geometry": { "type": "MultiPolygon", "coordinates": [ [ [ [ 137556.583613749360666, 453361.142836090701167, 0.0 ], [ 137552.906176067015622, 453362.312465058173984, 0.0 ], [ 137551.821014647808624, 453366.145685131370556, 0.0 ], [ 137552.019202908122679, 453366.466253963357303, 0.0 ], [ 137552.25128128787037, 453366.728530500433408, 0.0 ], [ 137552.520098010281799, 453366.945679481083062, 0.0 ], [ 137552.582781764300307, 453366.986435478087515, 0.0 ], [ 137552.954187912109774, 453367.16884664533427, 0.0 ], [ 137553.333776092622429, 453367.26917539461283, 0.0 ], [ 137553.66997604406788, 453367.297155614942312, 0.0 ], [ 137554.097110105038155, 453367.256322345405351, 0.0 ], [ 137559.842441318673082, 453364.811637501115911, 0.0 ], [ 137556.583613749360666, 453361.142836090701167, 0.0 ] ] ] ] } },
{ "type": "Feature", "properties": { "fid": 899, "FUNCTIE": "04_Talut1", "Info": null, "Verhaal": null }, "geometry": { "type": "MultiPolygon", "coordinates": [ [ [ [ 137556.583613749360666, 453361.142836090701167, 0.0 ], [ 137559.842441267013783, 453364.80539922969183, 0.0 ], [ 137559.842436010309029, 453364.171537011105102, 0.0 ], [ 137558.923276250483468, 453362.739835065789521, 0.0 ], [ 137556.667140156816458, 453357.215678118227515, 0.0 ], [ 137555.664426391071174, 453356.380123239359818, 0.0 ], [ 137553.310896304406924, 453350.527450397668872, 0.0 ], [ 137552.90609813289484, 453352.870507868705317, 0.0 ], [ 137556.583613749360666, 453361.142836090701167, 0.0 ] ] ] ] } },
{ "type": "Feature", "properties": { "fid": 900, "FUNCTIE": "04_Talut1", "Info": null, "Verhaal": null }, "geometry": { "type": "MultiPolygon", "coordinates": [ [ [ [ 137558.923276250483468, 453362.739835065789521, 0.0 ], [ 137559.842436010309029, 453364.171537011105102, 0.0 ], [ 137562.948903646960389, 453363.594176255457569, 0.0 ], [ 137563.769685752835358, 453361.978830056497827, 0.0 ], [ 137558.923276250483468, 453362.739835065789521, 0.0 ] ] ] ] } },
{ "type": "Feature", "properties": { "fid": 901, "FUNCTIE": "05_Talut2", "Info": null, "Verhaal": null }, "geometry": { "type": "MultiPolygon", "coordinates": [ [ [ [ 137560.928621059341822, 453354.458562431042083, 0.0 ], [ 137560.535433336888673, 453347.617299787874799, 0.0 ], [ 137553.319264539226424, 453350.479013284784742, 0.0 ], [ 137555.664426391071174, 453356.380123239359818, 0.0 ], [ 137560.928621059341822, 453354.458562431042083, 0.0 ] ] ] ] } },
{ "type": "Feature", "properties": { "fid": 902, "FUNCTIE": "05_Talut2", "Info": null, "Verhaal": null }, "geometry": { "type": "MultiPolygon", "coordinates": [ [ [ [ 137560.928621059341822, 453354.458562431042083, 0.0 ], [ 137565.273689346620813, 453355.21083113970235, 0.0 ], [ 137564.772276271658484, 453348.024930179177318, 0.0 ], [ 137560.535433336888673, 453347.617299787874799, 0.0 ], [ 137560.928621059341822, 453354.458562431042083, 0.0 ] ] ] ] } },
{ "type": "Feature", "properties": { "fid": 903, "FUNCTIE": "04_Talut1", "Info": null, "Verhaal": null }, "geometry": { "type": "MultiPolygon", "coordinates": [ [ [ [ 137564.772276271658484, 453348.024930179177318, 0.0 ], [ 137565.273689346620813, 453355.21083113970235, 0.0 ], [ 137564.438108184054727, 453356.129904452187475, 0.0 ], [ 137563.769685752835358, 453361.978830056497827, 0.0 ], [ 137562.934117707976839, 453363.568569606984966, 0.0 ], [ 137563.287471143790754, 453364.149852804432157, 0.0 ], [ 137565.273733858484775, 453360.558456470025703, 0.0 ], [ 137566.27636735359556, 453351.785068622266408, 0.0 ], [ 137564.772276271658484, 453348.024930179177318, 0.0 ] ] ] ] } },
{ "type": "Feature", "properties": { "fid": 904, "FUNCTIE": "04_Talut1", "Info": null, "Verhaal": null }, "geometry": { "type": "MultiPolygon", "coordinates": [ [ [ [ 137569.932838915381581, 453352.242337762669194, 0.0 ], [ 137568.866766639868729, 453360.684005198068917, 0.0 ], [ 137569.953052551136352, 453363.148990801943, 0.0 ], [ 137570.491795239009662, 453363.489091828232631, 0.0 ], [ 137570.537933235347737, 453359.388976683956571, 0.0 ], [ 137570.872147761227097, 453356.882297418313101, 0.0 ], [ 137570.537903222517343, 453355.796041223686188, 0.0 ], [ 137572.437126620061463, 453349.287579391035251, 0.0 ], [ 137569.932838915381581, 453352.242337762669194, 0.0 ] ] ] ] } },
{ "type": "Feature", "properties": { "fid": 905, "FUNCTIE": "04_Talut1", "Info": null, "Verhaal": null }, "geometry": { "type": "MultiPolygon", "coordinates": [ [ [ [ 137568.866766639868729, 453360.684005198068917, 0.0 ], [ 137565.273733858484775, 453360.558456470025703, 0.0 ], [ 137563.287471143790754, 453364.149852804432157, 0.0 ], [ 137568.419512536405819, 453364.811993444047403, 0.0 ], [ 137568.802504873805447, 453364.783920368179679, 0.0 ], [ 137569.324627824040363, 453364.630387303594034, 0.0 ], [ 137569.722468509600731, 453364.402218026050832, 0.0 ], [ 137570.018671297788387, 453364.142580939049367, 0.0 ], [ 137570.113235119322781, 453364.036606820183806, 0.0 ], [ 137570.491795239009662, 453363.489091828232631, 0.0 ], [ 137569.953052551136352, 453363.148990801943, 0.0 ], [ 137568.866766639868729, 453360.684005198068917, 0.0 ] ] ] ] } },
{ "type": "Feature", "properties": { "fid": 906, "FUNCTIE": "04_Talut1", "Info": null, "Verhaal": null }, "geometry": { "type": "MultiPolygon", "coordinates": [ [ [ [ 137570.491795239009662, 453363.489091828232631, 0.0 ], [ 137587.662187082605669, 453366.102048664237373, 0.0 ], [ 137588.241558981942944, 453361.980285419209395, 0.0 ], [ 137570.537933235347737, 453359.388976683956571, 0.0 ], [ 137570.491795239009662, 453363.489091828232631, 0.0 ] ] ] ] } },
{ "type": "Feature", "properties": { "fid": 907, "FUNCTIE": "05_Talut2", "Info": null, "Verhaal": null }, "geometry": { "type": "MultiPolygon", "coordinates": [ [ [ [ 137570.537903222517343, 453355.796041223686188, 0.0 ], [ 137589.380445991526358, 453358.638088498904835, 0.0 ], [ 137589.082415291311918, 453351.70207214797847, 0.0 ], [ 137572.437126620061463, 453349.287579391035251, 0.0 ], [ 137570.537903222517343, 453355.796041223686188, 0.0 ] ] ] ] } },
{ "type": "Feature", "properties": { "fid": 908, "FUNCTIE": "04_Talut1", "Info": null, "Verhaal": null }, "geometry": { "type": "MultiPolygon", "coordinates": [ [ [ [ 137590.257844687468605, 453362.314686196390539, 0.0 ], [ 137591.213680224464042, 453355.054144123278093, 0.0 ], [ 137589.082415291311918, 453351.70207214797847, 0.0 ], [ 137589.380445991526358, 453358.638088498904835, 0.0 ], [ 137588.670202389796032, 453359.390055767027661, 0.0 ], [ 137588.241558981942944, 453361.980285419209395, 0.0 ], [ 137587.662187082605669, 453366.102048664237373, 0.0 ], [ 137590.257844687468605, 453362.314686196390539, 0.0 ] ] ] ] } },
{ "type": "Feature", "properties": { "fid": 909, "FUNCTIE": "04_Talut1", "Info": null, "Verhaal": null }, "geometry": { "type": "MultiPolygon", "coordinates": [ [ [ [ 137590.257844687468605, 453362.314686196390539, 0.0 ], [ 137587.662187082605669, 453366.102048664237373, 0.0 ], [ 137594.853620754147414, 453367.196427060465794, 0.0 ], [ 137593.098847971588839, 453362.741867108270526, 0.0 ], [ 137590.257844687468605, 453362.314686196390539, 0.0 ] ] ] ] } },
{ "type": "Feature", "properties": { "fid": 910, "FUNCTIE": "04_Talut1", "Info": null, "Verhaal": null }, "geometry": { "type": "MultiPolygon", "coordinates": [ [ [ [ 137593.098847971588839, 453362.741867108270526, 0.0 ], [ 137594.853620754147414, 453367.196427060465794, 0.0 ], [ 137594.853582934825681, 453362.741971438226756, 0.0 ], [ 137594.853565829980653, 453360.727329488145187, 0.0 ], [ 137594.561159864708316, 453359.390406346530654, 0.0 ], [ 137595.832997548684943, 453353.072617195837665, 0.0 ], [ 137593.788253059174167, 453355.676449718768708, 0.0 ], [ 137593.098847971588839, 453362.741867108270526, 0.0 ] ] ] ] } },
{ "type": "Feature", "properties": { "fid": 911, "FUNCTIE": "04_Talut1", "Info": null, "Verhaal": null }, "geometry": { "type": "MultiPolygon", "coordinates": [ [ [ [ 137545.735395592171699, 453366.329736030776985, 0.0 ], [ 137547.225070606276859, 453367.910370141908061, 0.0 ], [ 137546.138787552714348, 453369.163720458105672, 0.0 ], [ 137547.873815585771808, 453370.944196351687424, 0.0 ], [ 137548.341143445926718, 453371.347038009495009, 0.0 ], [ 137549.138700615498237, 453371.977896078606136, 0.0 ], [ 137549.858182690513786, 453372.51728444325272, 0.0 ], [ 137550.526811316871317, 453372.982116591010708, 0.0 ], [ 137551.346675314707682, 453373.404770518187433, 0.0 ], [ 137552.187344061851036, 453373.63561224687146, 0.0 ], [ 137553.852053293056088, 453373.704385930846911, 0.0 ], [ 137558.848721798276529, 453372.718036615930032, 0.0 ], [ 137561.296908507822081, 453372.06822222325718, 0.0 ], [ 137562.609206366323633, 453371.74715463980101, 0.0 ], [ 137564.040907199901994, 453371.548675252997782, 0.0 ], [ 137565.247609708108939, 453371.493973883159924, 0.0 ], [ 137566.149473819037667, 453371.521478234499227, 0.0 ], [ 137567.011960859032115, 453371.594359176640864, 0.0 ], [ 137567.530440325586824, 453371.677030273654964, 0.0 ], [ 137568.282812045799801, 453371.86388869403163, 0.0 ], [ 137569.018304674478713, 453372.131548913486768, 0.0 ], [ 137570.356218620232539, 453372.861877626331989, 0.0 ], [ 137571.785544549522456, 453373.953975231095683, 0.0 ], [ 137588.336213622271316, 453388.551299951854162, 0.0 ], [ 137575.649037526658503, 453372.608334806223866, 0.0 ], [ 137572.876280393596971, 453369.94263293442782, 0.0 ], [ 137571.902644314774079, 453369.254108960041776, 0.0 ], [ 137571.37189005597611, 453368.976877083594445, 0.0 ], [ 137570.267499740584753, 453368.555727505299728, 0.0 ], [ 137569.518889607716119, 453368.32441716484027, 0.0 ], [ 137568.746500302688219, 453368.09799133130582, 0.0 ], [ 137568.071460276958533, 453367.931096938613337, 0.0 ], [ 137567.501217166805873, 453367.826505435281433, 0.0 ], [ 137566.739367788279196, 453367.749023224459961, 0.0 ], [ 137564.556166600144934, 453368.010403179039713, 0.0 ], [ 137555.325149021227844, 453369.981668641557917, 0.0 ], [ 137554.060596918658121, 453370.088674762577284, 0.0 ], [ 137553.271925863664364, 453369.969252123613842, 0.0 ], [ 137552.783950095850741, 453369.838334390078671, 0.0 ], [ 137551.621244350622874, 453369.401628823135979, 0.0 ], [ 137550.972142476006411, 453369.127967069391161, 0.0 ], [ 137550.173792185552884, 453368.667215946828946, 0.0 ], [ 137549.847857348329853, 453368.372896246146411, 0.0 ], [ 137549.137638677901123, 453367.38361661543604, 0.0 ], [ 137548.729246206348762, 453366.991421012498904, 0.0 ], [ 137548.23501744447276, 453366.632461035333108, 0.0 ], [ 137547.649137650325429, 453366.365870234498288, 0.0 ], [ 137547.314159544417635, 453366.261260403611232, 0.0 ], [ 137546.626319214672549, 453366.151892116700765, 0.0 ], [ 137545.735395592171699, 453366.329736030776985, 0.0 ] ] ] ] } },
{ "type": "Feature", "properties": { "fid": 912, "FUNCTIE": "04_Talut1", "Info": null, "Verhaal": null }, "geometry": { "type": "MultiPolygon", "coordinates": [ [ [ [ 137591.222508358099731, 453385.504878634121269, 0.0 ], [ 137585.771948009874905, 453372.790475375193637, 0.0 ], [ 137579.869871927163331, 453368.702887429622933, 0.0 ], [ 137579.393969762022607, 453369.165694402356166, 0.0 ], [ 137579.408503975573694, 453369.870453330047894, 0.0 ], [ 137579.813687337882584, 453370.753230843518395, 0.0 ], [ 137580.554543008853216, 453371.990220598818269, 0.0 ], [ 137581.659741756506264, 453373.36136359849479, 0.0 ], [ 137591.222508358099731, 453385.504878634121269, 0.0 ] ] ] ] } },
{ "type": "Feature", "properties": { "fid": 913, "FUNCTIE": "04_Talut1", "Info": null, "Verhaal": null }, "geometry": { "type": "MultiPolygon", "coordinates": [ [ [ [ 137579.81367048091488, 453368.74776613805443, 0.0 ], [ 137585.771948009874905, 453372.790475375193637, 0.0 ], [ 137597.931772326322971, 453374.832228543178644, 0.0 ], [ 137614.284475243563065, 453379.933587250940036, 0.0 ], [ 137620.144443195051281, 453380.503971766389441, 0.0 ], [ 137619.159699552925304, 453378.955048655741848, 0.0 ], [ 137617.896196751680691, 453377.931242192862555, 0.0 ], [ 137614.923855481436476, 453375.954618869698606, 0.0 ], [ 137613.490628802857827, 453375.340123165398836, 0.0 ], [ 137607.09341066586785, 453372.597316958650481, 0.0 ], [ 137600.869889640074689, 453371.339376444811933, 0.0 ], [ 137585.367627921572421, 453369.133152733906172, 0.0 ], [ 137582.672673977416707, 453368.749617003137246, 0.0 ], [ 137580.587877840123838, 453368.467744049790781, 0.0 ], [ 137579.81367048091488, 453368.74776613805443, 0.0 ] ] ] ] } },
{ "type": "Feature", "properties": { "fid": 914, "FUNCTIE": "04_Talut1", "Info": null, "Verhaal": null }, "geometry": { "type": "MultiPolygon", "coordinates": [ [ [ [ 137614.284475243563065, 453379.933587250940036, 0.0 ], [ 137596.806310982035939, 453403.56302195310127, 0.0 ], [ 137620.116495738679077, 453380.444597028370481, 0.0 ], [ 137614.284475243563065, 453379.933587250940036, 0.0 ] ] ] ] } },
{ "type": "Feature", "properties": { "fid": 915, "FUNCTIE": "04_Talut1", "Info": null, "Verhaal": null }, "geometry": { "type": "MultiPolygon", "coordinates": [ [ [ [ 137599.36613087556907, 453406.51662851520814, 0.0 ], [ 137623.518814772804035, 453389.667438144620974, 0.0 ], [ 137623.181030476349406, 453383.722049823496491, 0.0 ], [ 137599.36613087556907, 453406.51662851520814, 0.0 ] ] ] ] } },
{ "type": "Feature", "properties": { "fid": 916, "FUNCTIE": "04_Talut1", "Info": null, "Verhaal": null }, "geometry": { "type": "MultiPolygon", "coordinates": [ [ [ [ 137594.853620754147414, 453367.196427060465794, 0.0 ], [ 137601.191884375672089, 453368.16097169026034, 0.0 ], [ 137602.478333700913936, 453363.994424913893454, 0.0 ], [ 137594.853582934825681, 453362.741971438226756, 0.0 ], [ 137594.853620754147414, 453367.196427060465794, 0.0 ] ] ] ] } },
{ "type": "Feature", "properties": { "fid": 917, "FUNCTIE": "04_Talut1", "Info": null, "Verhaal": null }, "geometry": { "type": "MultiPolygon", "coordinates": [ [ [ [ 137601.191884375672089, 453368.16097169026034, 0.0 ], [ 137607.805250154546229, 453369.16738083481323, 0.0 ], [ 137609.784228967357194, 453365.893843051511794, 0.0 ], [ 137608.536384229082614, 453364.989529760612641, 0.0 ], [ 137602.478333700913936, 453363.994424913893454, 0.0 ], [ 137601.191884375672089, 453368.16097169026034, 0.0 ] ] ] ] } },
{ "type": "Feature", "properties": { "fid": 918, "FUNCTIE": "04_Talut1", "Info": null, "Verhaal": null }, "geometry": { "type": "MultiPolygon", "coordinates": [ [ [ [ 137607.805250154546229, 453369.16738083481323, 0.0 ], [ 137609.559977204626193, 453368.331902013975196, 0.0 ], [ 137609.784228967357194, 453365.893843051511794, 0.0 ], [ 137607.805250154546229, 453369.16738083481323, 0.0 ] ] ] ] } },
{ "type": "Feature", "properties": { "fid": 919, "FUNCTIE": "04_Talut1", "Info": null, "Verhaal": null }, "geometry": { "type": "MultiPolygon", "coordinates": [ [ [ [ 137607.805250154546229, 453369.16738083481323, 0.0 ], [ 137615.630181483807974, 453370.8742207987234, 0.0 ], [ 137617.498073344118893, 453369.961679165950045, 0.0 ], [ 137609.559977204626193, 453368.331902013975196, 0.0 ], [ 137607.805250154546229, 453369.16738083481323, 0.0 ] ] ] ] } },
{ "type": "Feature", "properties": { "fid": 920, "FUNCTIE": "05_Talut2", "Info": null, "Verhaal": null }, "geometry": { "type": "MultiPolygon", "coordinates": [ [ [ [ 137594.561159864708316, 453359.390406346530654, 0.0 ], [ 137602.540973488561576, 453360.560673621133901, 0.0 ], [ 137610.479069179855287, 453361.981607901980169, 0.0 ], [ 137622.511554918746697, 453364.990360213734675, 0.0 ], [ 137624.433350762730697, 453358.640174971602391, 0.0 ], [ 137603.380791768169729, 453353.959316726366524, 0.0 ], [ 137595.856206158758141, 453353.040181515330914, 0.0 ], [ 137594.561159864708316, 453359.390406346530654, 0.0 ] ] ] ] } },
{ "type": "Feature", "properties": { "fid": 921, "FUNCTIE": "04_Talut1", "Info": null, "Verhaal": null }, "geometry": { "type": "MultiPolygon", "coordinates": [ [ [ [ 137615.630181483807974, 453370.8742207987234, 0.0 ], [ 137615.168408456811449, 453373.138587285531685, 0.0 ], [ 137620.157420659466879, 453369.460584176005796, 0.0 ], [ 137625.370235180278542, 453361.99026816879632, 0.0 ], [ 137624.433350762730697, 453358.640174971602391, 0.0 ], [ 137622.511554918746697, 453364.990360213734675, 0.0 ], [ 137621.174620203644736, 453365.575176825455856, 0.0 ], [ 137617.498073344118893, 453369.961679165950045, 0.0 ], [ 137615.630181483807974, 453370.8742207987234, 0.0 ] ] ] ] } },
{ "type": "Feature", "properties": { "fid": 922, "FUNCTIE": "04_Talut1", "Info": null, "Verhaal": null }, "geometry": { "type": "MultiPolygon", "coordinates": [ [ [ [ 137615.164543263002997, 453373.15634798258543, 0.0 ], [ 137622.511653891269816, 453376.437612020818051, 0.0 ], [ 137623.514310671831481, 453370.881144991319161, 0.0 ], [ 137620.157420659466879, 453369.460584176005796, 0.0 ], [ 137615.164543263002997, 453373.15634798258543, 0.0 ] ] ] ] } },
{ "type": "Feature", "properties": { "fid": 923, "FUNCTIE": "04_Talut1", "Info": null, "Verhaal": null }, "geometry": { "type": "MultiPolygon", "coordinates": [ [ [ [ 137622.515060060570249, 453376.434206110192463, 0.0 ], [ 137623.522409478784539, 453375.442114900797606, 0.0 ], [ 137623.949854074220639, 453373.863602013210766, 0.0 ], [ 137627.023569872486405, 453368.917879063577857, 0.0 ], [ 137626.645778211706784, 453367.766787475207821, 0.0 ], [ 137630.951207458449062, 453362.317106051545125, 0.0 ], [ 137628.758080031606369, 453363.47777216200484, 0.0 ], [ 137623.514310671831481, 453370.881144991319161, 0.0 ], [ 137622.515060060570249, 453376.434206110192463, 0.0 ] ] ] ] } },
{ "type": "Feature", "properties": { "fid": 924, "FUNCTIE": "04_Talut1", "Info": null, "Verhaal": null }, "geometry": { "type": "MultiPolygon", "coordinates": [ [ [ [ 137627.110833174083382, 453378.618100740248337, 0.0 ], [ 137627.751846934494097, 453377.330078981583938, 0.0 ], [ 137623.949854074220639, 453373.863602013210766, 0.0 ], [ 137623.522409478784539, 453375.442114900797606, 0.0 ], [ 137627.110833174083382, 453378.618100740248337, 0.0 ] ] ] ] } },
{ "type": "Feature", "properties": { "fid": 925, "FUNCTIE": "04_Talut1", "Info": null, "Verhaal": null }, "geometry": { "type": "MultiPolygon", "coordinates": [ [ [ [ 137627.110833174083382, 453378.618100740248337, 0.0 ], [ 137629.737278633110691, 453384.459471977956127, 0.0 ], [ 137633.792130059824558, 453381.994811298500281, 0.0 ], [ 137632.120926333765965, 453378.610652290401049, 0.0 ], [ 137627.751846934494097, 453377.330078981583938, 0.0 ], [ 137627.110833174083382, 453378.618100740248337, 0.0 ] ] ] ] } },
{ "type": "Feature", "properties": { "fid": 926, "FUNCTIE": "04_Talut1", "Info": null, "Verhaal": null }, "geometry": { "type": "MultiPolygon", "coordinates": [ [ [ [ 137629.737278633110691, 453384.459471977956127, 0.0 ], [ 137630.437897608673666, 453384.459513399517164, 0.0 ], [ 137636.048222510551568, 453382.832629818760324, 0.0 ], [ 137637.636214665340958, 453382.371163971722126, 0.0 ], [ 137638.183969655481633, 453381.614770564367063, 0.0 ], [ 137645.574277903884649, 453380.951110742869787, 0.0 ], [ 137642.429032676911447, 453379.461216801777482, 0.0 ], [ 137633.792130059824558, 453381.994811298500281, 0.0 ], [ 137629.737278633110691, 453384.459471977956127, 0.0 ] ] ] ] } },
{ "type": "Feature", "properties": { "fid": 927, "FUNCTIE": "04_Talut1", "Info": null, "Verhaal": null }, "geometry": { "type": "MultiPolygon", "coordinates": [ [ [ [ 137632.120926333765965, 453378.610652290401049, 0.0 ], [ 137640.828519112343201, 453376.389232447079848, 0.0 ], [ 137642.063841931754723, 453374.099254643078893, 0.0 ], [ 137635.647026892896974, 453376.599366520007607, 0.0 ], [ 137634.12578100306564, 453375.853281677351333, 0.0 ], [ 137627.751846934494097, 453377.330078981583938, 0.0 ], [ 137632.120926333765965, 453378.610652290401049, 0.0 ] ] ] ] } },
{ "type": "Feature", "properties": { "fid": 928, "FUNCTIE": "05_Talut2", "Info": null, "Verhaal": null }, "geometry": { "type": "MultiPolygon", "coordinates": [ [ [ [ 137635.647026892896974, 453376.599366520007607, 0.0 ], [ 137642.063841931754723, 453374.099254643078893, 0.0 ], [ 137641.383822825911921, 453372.824377210054081, 0.0 ], [ 137640.767628487228649, 453371.789260569901671, 0.0 ], [ 137639.85010600622627, 453370.411977431271225, 0.0 ], [ 137639.215543884143699, 453369.552611171850003, 0.0 ], [ 137638.514164355496177, 453368.676387981337029, 0.0 ], [ 137637.167336170416093, 453367.174169758218341, 0.0 ], [ 137636.870787715626648, 453366.870971132768318, 0.0 ], [ 137635.983098257565871, 453366.015455301152542, 0.0 ], [ 137635.395924127777107, 453365.489000723115169, 0.0 ], [ 137634.815234731067903, 453364.996558713377453, 0.0 ], [ 137633.96159012260614, 453364.319608871999662, 0.0 ], [ 137633.407573782344116, 453363.908077476371545, 0.0 ], [ 137632.868411154748173, 453363.527262000541668, 0.0 ], [ 137631.844211586372694, 453362.854011212126352, 0.0 ], [ 137630.951207458449062, 453362.317106051545125, 0.0 ], [ 137626.645778211706784, 453367.766787475207821, 0.0 ], [ 137628.271586614020634, 453368.640462843468413, 0.0 ], [ 137629.307727548206458, 453369.308475391706452, 0.0 ], [ 137629.959700076753506, 453369.779063106514513, 0.0 ], [ 137630.403222691005794, 453370.123618642624933, 0.0 ], [ 137630.851747108099516, 453370.493821461102925, 0.0 ], [ 137631.981916091317544, 453371.53583596018143, 0.0 ], [ 137633.007744677190203, 453372.643436406448018, 0.0 ], [ 137633.71071625474724, 453373.514585417986382, 0.0 ], [ 137634.452947505720658, 453374.56123675062554, 0.0 ], [ 137635.259981811017497, 453375.897225787513889, 0.0 ], [ 137635.647026892896974, 453376.599366520007607, 0.0 ] ] ] ] } },
{ "type": "Feature", "properties": { "fid": 929, "FUNCTIE": "04_Talut1", "Info": null, "Verhaal": null }, "geometry": { "type": "MultiPolygon", "coordinates": [ [ [ [ 137630.437897608673666, 453384.459513399517164, 0.0 ], [ 137631.959812564280583, 453388.590286460588686, 0.0 ], [ 137637.761479844193673, 453388.482057482236996, 0.0 ], [ 137636.048222510551568, 453382.832629818760324, 0.0 ], [ 137630.437897608673666, 453384.459513399517164, 0.0 ] ] ] ] } },
{ "type": "Feature", "properties": { "fid": 930, "FUNCTIE": "04_Talut1", "Info": null, "Verhaal": null }, "geometry": { "type": "MultiPolygon", "coordinates": [ [ [ [ 137631.959812564280583, 453388.590286460588686, 0.0 ], [ 137633.024234950891696, 453395.247183241415769, 0.0 ], [ 137634.544081937114242, 453395.823375074716751, 0.0 ], [ 137633.792197375267278, 453389.723776424594689, 0.0 ], [ 137631.959812564280583, 453388.590286460588686, 0.0 ] ] ] ] } },
{ "type": "Feature", "properties": { "fid": 931, "FUNCTIE": "05_Talut2", "Info": null, "Verhaal": null }, "geometry": { "type": "MultiPolygon", "coordinates": [ [ [ [ 137641.229394254973158, 453395.489734985341784, 0.0 ], [ 137648.080874919600319, 453393.317688382754568, 0.0 ], [ 137647.918355287431041, 453391.460607557906769, 0.0 ], [ 137647.702829170011682, 453389.742323628917802, 0.0 ], [ 137647.3488155407249, 453387.620556331472471, 0.0 ], [ 137646.978335071937181, 453385.854202341055498, 0.0 ], [ 137646.507645330595551, 453383.978616889507975, 0.0 ], [ 137646.061522141826572, 453382.442593077023048, 0.0 ], [ 137645.574277903884649, 453380.951110742869787, 0.0 ], [ 137638.138480063411407, 453381.618855593900662, 0.0 ], [ 137638.735206966113765, 453382.872089010663331, 0.0 ], [ 137639.454343690827955, 453384.632929564861115, 0.0 ], [ 137640.031669764051912, 453386.358010420575738, 0.0 ], [ 137640.377663921273779, 453387.615293188020587, 0.0 ], [ 137640.740645164914895, 453389.265836225415114, 0.0 ], [ 137640.95177238972974, 453390.535410993965343, 0.0 ], [ 137641.15101154637523, 453392.319486341846641, 0.0 ], [ 137641.218019127263688, 453393.419748884101864, 0.0 ], [ 137641.239805353892734, 453394.193803966336418, 0.0 ], [ 137641.229394254973158, 453395.489734985341784, 0.0 ] ] ] ] } },
{ "type": "Feature", "properties": { "fid": 932, "FUNCTIE": "04_Talut1", "Info": null, "Verhaal": null }, "geometry": { "type": "MultiPolygon", "coordinates": [ [ [ [ 137633.024234950891696, 453395.247183241415769, 0.0 ], [ 137632.128392479440663, 453395.735761648567859, 0.0 ], [ 137637.051051293994533, 453397.076948267640546, 0.0 ], [ 137645.421133256721077, 453395.478309284779243, 0.0 ], [ 137648.080874919600319, 453393.317688382754568, 0.0 ], [ 137641.229394254973158, 453395.489734985341784, 0.0 ], [ 137640.36231024004519, 453394.996461677830666, 0.0 ], [ 137634.544278957822826, 453395.823451710108202, 0.0 ], [ 137633.024234950891696, 453395.247183241415769, 0.0 ] ] ] ] } },
{ "type": "Feature", "properties": { "fid": 933, "FUNCTIE": "04_Talut1", "Info": null, "Verhaal": null }, "geometry": { "type": "MultiPolygon", "coordinates": [ [ [ [ 137632.121075358358212, 453395.739752293098718, 0.0 ], [ 137633.374525293067563, 453403.677702740242239, 0.0 ], [ 137637.635995091928635, 453400.837029241374694, 0.0 ], [ 137637.051051293994533, 453397.076948267640546, 0.0 ], [ 137632.121075358358212, 453395.739752293098718, 0.0 ] ] ] ] } },
{ "type": "Feature", "properties": { "fid": 934, "FUNCTIE": "04_Talut1", "Info": null, "Verhaal": null }, "geometry": { "type": "MultiPolygon", "coordinates": [ [ [ [ 137645.988087647390785, 453399.308768164133653, 0.0 ], [ 137637.635995091928635, 453400.837029241374694, 0.0 ], [ 137633.374525293067563, 453403.677702740242239, 0.0 ], [ 137634.544347398041282, 453403.677771547518205, 0.0 ], [ 137635.870545059297001, 453403.051554996869527, 0.0 ], [ 137641.388354760187212, 453401.966592419077642, 0.0 ], [ 137642.273503200616688, 453400.837302200379781, 0.0 ], [ 137649.250654498493532, 453400.921269440150354, 0.0 ], [ 137645.988087647390785, 453399.308768164133653, 0.0 ] ] ] ] } },
{ "type": "Feature", "properties": { "fid": 935, "FUNCTIE": "04_Talut1", "Info": null, "Verhaal": null }, "geometry": { "type": "MultiPolygon", "coordinates": [ [ [ [ 137634.544877292355523, 453403.680647940665949, 0.0 ], [ 137635.129286112176487, 453406.852956686168909, 0.0 ], [ 137636.561747624742566, 453407.437937048322055, 0.0 ], [ 137635.870545059297001, 453403.051554996869527, 0.0 ], [ 137634.544877292355523, 453403.680647940665949, 0.0 ] ] ] ] } },
{ "type": "Feature", "properties": { "fid": 936, "FUNCTIE": "04_Talut1", "Info": null, "Verhaal": null }, "geometry": { "type": "MultiPolygon", "coordinates": [ [ [ [ 137635.129286112176487, 453406.852956686168909, 0.0 ], [ 137634.126587277132785, 453407.521350578346755, 0.0 ], [ 137638.722329128620913, 453408.942082732333802, 0.0 ], [ 137647.245298962225206, 453406.937225257977843, 0.0 ], [ 137649.752041867701337, 453404.932014647230972, 0.0 ], [ 137642.894902802043362, 453406.585433124215342, 0.0 ], [ 137641.813977171957958, 453406.184896778489929, 0.0 ], [ 137636.561747624742566, 453407.437937048322055, 0.0 ], [ 137635.129286112176487, 453406.852956686168909, 0.0 ] ] ] ] } },
{ "type": "Feature", "properties": { "fid": 937, "FUNCTIE": "05_Talut2", "Info": null, "Verhaal": null }, "geometry": { "type": "MultiPolygon", "coordinates": [ [ [ [ 137642.894902802043362, 453406.585433124215342, 0.0 ], [ 137649.752041867701337, 453404.932014647230972, 0.0 ], [ 137649.250654498493532, 453400.921269440150354, 0.0 ], [ 137642.273503200616688, 453400.837302200379781, 0.0 ], [ 137642.894902802043362, 453406.585433124215342, 0.0 ] ] ] ] } },
{ "type": "Feature", "properties": { "fid": 938, "FUNCTIE": "04_Talut1", "Info": null, "Verhaal": null }, "geometry": { "type": "MultiPolygon", "coordinates": [ [ [ [ 137639.140370955807157, 453412.451484411489218, 0.0 ], [ 137638.722329128620913, 453408.942082732333802, 0.0 ], [ 137634.126587277132785, 453407.521350578346755, 0.0 ], [ 137635.634966449637432, 453415.125090117624495, 0.0 ], [ 137639.140370955807157, 453412.451484411489218, 0.0 ] ] ] ] } },
{ "type": "Feature", "properties": { "fid": 939, "FUNCTIE": "04_Talut1", "Info": null, "Verhaal": null }, "geometry": { "type": "MultiPolygon", "coordinates": [ [ [ [ 137639.140370955807157, 453412.451484411489218, 0.0 ], [ 137635.630710560799344, 453415.12508986267494, 0.0 ], [ 137636.563389619259397, 453415.137512833403889, 0.0 ], [ 137637.636114511144115, 453414.514430727402214, 0.0 ], [ 137643.234536581905559, 453413.203733993868809, 0.0 ], [ 137644.23723659227835, 453412.702453254372813, 0.0 ], [ 137651.089046961074928, 453412.45218551234575, 0.0 ], [ 137647.997361666202778, 453410.864428944594692, 0.0 ], [ 137639.140370955807157, 453412.451484411489218, 0.0 ] ] ] ] } },
{ "type": "Feature", "properties": { "fid": 940, "FUNCTIE": "04_Talut1", "Info": null, "Verhaal": null }, "geometry": { "type": "MultiPolygon", "coordinates": [ [ [ [ 137638.660448840586469, 453419.406590941362083, 0.0 ], [ 137637.636114511144115, 453414.514430727402214, 0.0 ], [ 137636.563389619259397, 453415.137512833403889, 0.0 ], [ 137637.050927364412928, 453418.966303297376726, 0.0 ], [ 137638.660448840586469, 453419.406590941362083, 0.0 ] ] ] ] } },
{ "type": "Feature", "properties": { "fid": 941, "FUNCTIE": "05_Talut2", "Info": null, "Verhaal": null }, "geometry": { "type": "MultiPolygon", "coordinates": [ [ [ [ 137645.741347447881708, 453418.890430631814525, 0.0 ], [ 137652.088856337039033, 453417.201020900625736, 0.0 ], [ 137651.047240102634532, 453412.430715308873914, 0.0 ], [ 137644.23723659227835, 453412.702453254372813, 0.0 ], [ 137645.741347447881708, 453418.890430631814525, 0.0 ] ] ] ] } },
{ "type": "Feature", "properties": { "fid": 942, "FUNCTIE": "04_Talut1", "Info": null, "Verhaal": null }, "geometry": { "type": "MultiPolygon", "coordinates": [ [ [ [ 137652.091793086612597, 453417.21496969735017, 0.0 ], [ 137645.741347447881708, 453418.890430631814525, 0.0 ], [ 137644.320953181682853, 453418.300750090798829, 0.0 ], [ 137638.660448840586469, 453419.406590941362083, 0.0 ], [ 137637.050927364412928, 453418.966303297376726, 0.0 ], [ 137636.048542151373113, 453419.479460309783462, 0.0 ], [ 137640.894963758386439, 453421.308587153151166, 0.0 ], [ 137649.417935130622936, 453419.480243290716317, 0.0 ], [ 137652.091793086612597, 453417.21496969735017, 0.0 ] ] ] ] } },
{ "type": "Feature", "properties": { "fid": 943, "FUNCTIE": "04_Talut1", "Info": null, "Verhaal": null }, "geometry": { "type": "MultiPolygon", "coordinates": [ [ [ [ 137641.229229315766133, 453424.817984216206241, 0.0 ], [ 137640.894963758386439, 453421.308587153151166, 0.0 ], [ 137636.048542151373113, 453419.479460309783462, 0.0 ], [ 137637.632667826983379, 453427.619528890354559, 0.0 ], [ 137641.229229315766133, 453424.817984216206241, 0.0 ] ] ] ] } },
{ "type": "Feature", "properties": { "fid": 944, "FUNCTIE": "04_Talut1", "Info": null, "Verhaal": null }, "geometry": { "type": "MultiPolygon", "coordinates": [ [ [ [ 137641.229229315766133, 453424.817984216206241, 0.0 ], [ 137637.636229093186557, 453427.637828546459787, 0.0 ], [ 137638.72710534039652, 453427.669747016741894, 0.0 ], [ 137640.059427394240629, 453427.113725709205028, 0.0 ], [ 137645.407173102226807, 453425.779129490372725, 0.0 ], [ 137646.350467553769704, 453425.004588169744238, 0.0 ], [ 137653.182079388003331, 453424.424299082485959, 0.0 ], [ 137650.000111153232865, 453423.046861265902407, 0.0 ], [ 137641.229229315766133, 453424.817984216206241, 0.0 ] ] ] ] } },
{ "type": "Feature", "properties": { "fid": 945, "FUNCTIE": "04_Talut1", "Info": null, "Verhaal": null }, "geometry": { "type": "MultiPolygon", "coordinates": [ [ [ [ 137638.681473260949133, 453427.637889626668766, 0.0 ], [ 137639.391002588352421, 453432.254415426810738, 0.0 ], [ 137641.145740066509461, 453432.75585753575433, 0.0 ], [ 137640.059427394240629, 453427.113725709205028, 0.0 ], [ 137638.681473260949133, 453427.637889626668766, 0.0 ] ] ] ] } },
{ "type": "Feature", "properties": { "fid": 946, "FUNCTIE": "05_Talut2", "Info": null, "Verhaal": null }, "geometry": { "type": "MultiPolygon", "coordinates": [ [ [ [ 137647.705094232049305, 453432.254900664556772, 0.0 ], [ 137654.057917790865758, 453429.872882799769286, 0.0 ], [ 137653.178119283285923, 453424.40090003417572, 0.0 ], [ 137646.350467553769704, 453425.004588169744238, 0.0 ], [ 137647.705094232049305, 453432.254900664556772, 0.0 ] ] ] ] } },
{ "type": "Feature", "properties": { "fid": 947, "FUNCTIE": "04_Talut1", "Info": null, "Verhaal": null }, "geometry": { "type": "MultiPolygon", "coordinates": [ [ [ [ 137639.378291788365459, 453432.166638582304586, 0.0 ], [ 137638.328664126980584, 453432.662936230481137, 0.0 ], [ 137642.733365888503613, 453433.925742791965604, 0.0 ], [ 137651.675218250282342, 453432.347587784286588, 0.0 ], [ 137654.089072946080705, 453429.84065565984929, 0.0 ], [ 137647.705094232049305, 453432.254900664556772, 0.0 ], [ 137646.623599705868401, 453431.75349789642496, 0.0 ], [ 137641.145740066509461, 453432.75585753575433, 0.0 ], [ 137639.378291788365459, 453432.166638582304586, 0.0 ] ] ] ] } },
{ "type": "Feature", "properties": { "fid": 948, "FUNCTIE": "04_Talut1", "Info": null, "Verhaal": null }, "geometry": { "type": "MultiPolygon", "coordinates": [ [ [ [ 137638.304841770062922, 453432.672097079572268, 0.0 ], [ 137639.391069782403065, 453439.941624638682697, 0.0 ], [ 137643.568983032280812, 453437.351612790196668, 0.0 ], [ 137642.733365888503613, 453433.925742791965604, 0.0 ], [ 137638.304841770062922, 453432.672097079572268, 0.0 ] ] ] ] } },
{ "type": "Feature", "properties": { "fid": 949, "FUNCTIE": "04_Talut1", "Info": null, "Verhaal": null }, "geometry": { "type": "MultiPolygon", "coordinates": [ [ [ [ 137652.087959556403803, 453435.731761596223805, 0.0 ], [ 137643.568983032280812, 453437.351612790196668, 0.0 ], [ 137639.405451379570877, 453439.941625469364226, 0.0 ], [ 137640.38344698533183, 453439.941682433534879, 0.0 ], [ 137642.733410537039163, 453439.0226964771864, 0.0 ], [ 137647.329130003286991, 453437.936728237546049, 0.0 ], [ 137648.331829277856741, 453437.351890385849401, 0.0 ], [ 137655.016521606594324, 453437.018053584557492, 0.0 ], [ 137652.087959556403803, 453435.731761596223805, 0.0 ] ] ] ] } },
{ "type": "Feature", "properties": { "fid": 950, "FUNCTIE": "04_Talut1", "Info": null, "Verhaal": null }, "geometry": { "type": "MultiPolygon", "coordinates": [ [ [ [ 137639.140641149744624, 453443.367520173080266, 0.0 ], [ 137640.393818311713403, 453444.955080627347343, 0.0 ], [ 137642.733410537039163, 453439.0226964771864, 0.0 ], [ 137640.393774461146677, 453439.941683038778137, 0.0 ], [ 137639.140641149744624, 453443.367520173080266, 0.0 ] ] ] ] } },
{ "type": "Feature", "properties": { "fid": 951, "FUNCTIE": "05_Talut2", "Info": null, "Verhaal": null }, "geometry": { "type": "MultiPolygon", "coordinates": [ [ [ [ 137649.501706923183519, 453443.702261132246349, 0.0 ], [ 137656.351121040061116, 453446.109316904097795, 0.0 ], [ 137655.016521606594324, 453437.018053584557492, 0.0 ], [ 137648.331829277856741, 453437.351890385849401, 0.0 ], [ 137649.501706923183519, 453443.702261132246349, 0.0 ] ] ] ] } },
{ "type": "Feature", "properties": { "fid": 952, "FUNCTIE": "05_Talut2", "Info": null, "Verhaal": null }, "geometry": { "type": "MultiPolygon", "coordinates": [ [ [ [ 137649.501706923183519, 453443.702261132246349, 0.0 ], [ 137644.237558958411682, 453449.467361994669773, 0.0 ], [ 137649.501791462738765, 453453.31127246300457, 0.0 ], [ 137656.351121040061116, 453446.109316904097795, 0.0 ], [ 137649.501706923183519, 453443.702261132246349, 0.0 ] ] ] ] } },
{ "type": "Feature", "properties": { "fid": 953, "FUNCTIE": "04_Talut1", "Info": null, "Verhaal": null }, "geometry": { "type": "MultiPolygon", "coordinates": [ [ [ [ 137639.096662088646553, 453443.319517217751127, 0.0 ], [ 137638.843513096711831, 453443.108175595640205, 0.0 ], [ 137638.586734167707618, 453442.969401790585835, 0.0 ], [ 137639.558244936575647, 453446.542608010524418, 0.0 ], [ 137646.003826764965197, 453452.478243203542661, 0.0 ], [ 137649.500190144230146, 453453.310891114000697, 0.0 ], [ 137644.237558958411682, 453449.467361994669773, 0.0 ], [ 137643.844678168999963, 453448.381103004561737, 0.0 ], [ 137640.393818311713403, 453444.955080627347343, 0.0 ], [ 137639.096662088646553, 453443.319517217751127, 0.0 ] ] ] ] } },
{ "type": "Feature", "properties": { "fid": 954, "FUNCTIE": "04_Talut1", "Info": null, "Verhaal": null }, "geometry": { "type": "MultiPolygon", "coordinates": [ [ [ [ 137636.675494234863436, 453449.466922689520288, 0.0 ], [ 137639.558244936575647, 453446.542608010524418, 0.0 ], [ 137638.643790007859934, 453442.994711290870328, 0.0 ], [ 137638.399196937301895, 453442.906522382923868, 0.0 ], [ 137638.188063860347029, 453442.870715353055857, 0.0 ], [ 137637.84387464489555, 453442.886690179118887, 0.0 ], [ 137637.535710756899789, 453442.980552054999862, 0.0 ], [ 137637.309442159777973, 453443.105613683990669, 0.0 ], [ 137636.974993612268008, 453443.419104427157436, 0.0 ], [ 137636.861826423264574, 453443.586150762916077, 0.0 ], [ 137632.493139352794969, 453448.424607564520556, 0.0 ], [ 137636.675494234863436, 453449.466922689520288, 0.0 ] ] ] ] } },
{ "type": "Feature", "properties": { "fid": 955, "FUNCTIE": "04_Talut1", "Info": null, "Verhaal": null }, "geometry": { "type": "MultiPolygon", "coordinates": [ [ [ [ 137636.675494234863436, 453449.466922689520288, 0.0 ], [ 137632.48043796577258, 453448.353876897192094, 0.0 ], [ 137633.330220735602779, 453449.41389911522856, 0.0 ], [ 137635.213219231693074, 453449.801064305065665, 0.0 ], [ 137638.889834982575849, 453453.39421326329466, 0.0 ], [ 137640.059657211793819, 453453.394281144428533, 0.0 ], [ 137644.23764174777898, 453458.909261465247255, 0.0 ], [ 137643.573114402766805, 453455.319996146776248, 0.0 ], [ 137636.675494234863436, 453449.466922689520288, 0.0 ] ] ] ] } },
{ "type": "Feature", "properties": { "fid": 956, "FUNCTIE": "04_Talut1", "Info": null, "Verhaal": null }, "geometry": { "type": "MultiPolygon", "coordinates": [ [ [ [ 137631.87687544216169, 453452.89246640750207, 0.0 ], [ 137635.213219231693074, 453449.801064305065665, 0.0 ], [ 137633.330220735602779, 453449.41389911522856, 0.0 ], [ 137629.966488058300456, 453453.038240509747993, 0.0 ], [ 137631.87687544216169, 453452.89246640750207, 0.0 ] ] ] ] } },
{ "type": "Feature", "properties": { "fid": 957, "FUNCTIE": "04_Talut1", "Info": null, "Verhaal": null }, "geometry": { "type": "MultiPolygon", "coordinates": [ [ [ [ 137631.87687544216169, 453452.89246640750207, 0.0 ], [ 137629.966488058300456, 453453.038240509747993, 0.0 ], [ 137633.792763553414261, 453454.730823811725713, 0.0 ], [ 137631.87687544216169, 453452.89246640750207, 0.0 ] ] ] ] } },
{ "type": "Feature", "properties": { "fid": 958, "FUNCTIE": "04_Talut1", "Info": null, "Verhaal": null }, "geometry": { "type": "MultiPolygon", "coordinates": [ [ [ [ 137631.536704211583128, 453457.822289033792913, 0.0 ], [ 137633.792771558277309, 453455.649946931633167, 0.0 ], [ 137633.792763553414261, 453454.730823811725713, 0.0 ], [ 137629.966488058300456, 453453.038240509747993, 0.0 ], [ 137628.653897492506076, 453454.413630821451079, 0.0 ], [ 137631.536704211583128, 453457.822289033792913, 0.0 ] ] ] ] } },
{ "type": "Feature", "properties": { "fid": 959, "FUNCTIE": "04_Talut1", "Info": null, "Verhaal": null }, "geometry": { "type": "MultiPolygon", "coordinates": [ [ [ [ 137628.653897492506076, 453454.413630821451079, 0.0 ], [ 137630.283336677763145, 453459.409792827849742, 0.0 ], [ 137631.536704211583128, 453457.822289033792913, 0.0 ], [ 137628.653897492506076, 453454.413630821451079, 0.0 ] ] ] ] } },
{ "type": "Feature", "properties": { "fid": 960, "FUNCTIE": "04_Talut1", "Info": null, "Verhaal": null }, "geometry": { "type": "MultiPolygon", "coordinates": [ [ [ [ 137630.283336677763145, 453459.409792827849742, 0.0 ], [ 137635.155384192679776, 453464.096108712663408, 0.0 ], [ 137638.496395782189211, 453464.99265307240421, 0.0 ], [ 137633.291464179405011, 453460.830430198053364, 0.0 ], [ 137633.04077418212546, 453459.251501740131062, 0.0 ], [ 137631.536704211583128, 453457.822289033792913, 0.0 ], [ 137630.283336677763145, 453459.409792827849742, 0.0 ] ] ] ] } },
{ "type": "Feature", "properties": { "fid": 961, "FUNCTIE": "05_Talut2", "Info": null, "Verhaal": null }, "geometry": { "type": "MultiPolygon", "coordinates": [ [ [ [ 137633.291464179405011, 453460.830430198053364, 0.0 ], [ 137638.496395782189211, 453464.99265307240421, 0.0 ], [ 137644.23764174777898, 453458.909261465247255, 0.0 ], [ 137640.059657211793819, 453453.394281144428533, 0.0 ], [ 137633.291464179405011, 453460.830430198053364, 0.0 ] ] ] ] } },
{ "type": "Feature", "properties": { "fid": 962, "FUNCTIE": "04_Talut1", "Info": null, "Verhaal": null }, "geometry": { "type": "MultiPolygon", "coordinates": [ [ [ [ 137628.110827755299397, 453461.582140111539047, 0.0 ], [ 137630.283336677763145, 453459.409792827849742, 0.0 ], [ 137628.653897492506076, 453454.413630821451079, 0.0 ], [ 137623.515079948527273, 453459.798310587415472, 0.0 ], [ 137628.110827755299397, 453461.582140111539047, 0.0 ] ] ] ] } },
{ "type": "Feature", "properties": { "fid": 963, "FUNCTIE": "04_Talut1", "Info": null, "Verhaal": null }, "geometry": { "type": "MultiPolygon", "coordinates": [ [ [ [ 137623.515079948527273, 453459.798310587415472, 0.0 ], [ 137624.434235397638986, 453460.829917239607312, 0.0 ], [ 137628.653988732112339, 453464.924438023241237, 0.0 ], [ 137629.782032033894211, 453464.924503279908095, 0.0 ], [ 137634.279785910912324, 453469.755573802161962, 0.0 ], [ 137632.874963700742228, 453466.427411427139305, 0.0 ], [ 137628.110827755299397, 453461.582140111539047, 0.0 ], [ 137623.515079948527273, 453459.798310587415472, 0.0 ] ] ] ] } },
{ "type": "Feature", "properties": { "fid": 964, "FUNCTIE": "05_Talut2", "Info": null, "Verhaal": null }, "geometry": { "type": "MultiPolygon", "coordinates": [ [ [ [ 137629.782032033894211, 453464.924503279908095, 0.0 ], [ 137620.005743413697928, 453475.117852599127218, 0.0 ], [ 137622.19468755586422, 453482.874021962867118, 0.0 ], [ 137634.279785910912324, 453469.755573802161962, 0.0 ], [ 137629.782032033894211, 453464.924503279908095, 0.0 ] ] ] ] } },
{ "type": "Feature", "properties": { "fid": 965, "FUNCTIE": "04_Talut1", "Info": null, "Verhaal": null }, "geometry": { "type": "MultiPolygon", "coordinates": [ [ [ [ 137617.66607770381961, 453472.861687103752047, 0.0 ], [ 137615.960448387369979, 453472.624694418511353, 0.0 ], [ 137623.746435803477652, 453489.271833768696524, 0.0 ], [ 137622.19468755586422, 453482.874021962867118, 0.0 ], [ 137620.005743413697928, 453475.117852599127218, 0.0 ], [ 137618.835915257310262, 453474.532888313930016, 0.0 ], [ 137617.66607770381961, 453472.861687103752047, 0.0 ] ] ] ] } },
{ "type": "Feature", "properties": { "fid": 966, "FUNCTIE": "04_Talut1", "Info": null, "Verhaal": null }, "geometry": { "type": "MultiPolygon", "coordinates": [ [ [ [ 137615.541618387534982, 453471.809078104968648, 0.0 ], [ 137615.960448387369979, 453472.624694418511353, 0.0 ], [ 137617.66607770381961, 453472.861687103752047, 0.0 ], [ 137623.515138025803026, 453466.511196526465937, 0.0 ], [ 137621.31481373324641, 453464.088439933082554, 0.0 ], [ 137619.431072960054735, 453464.077713317063171, 0.0 ], [ 137618.757138600019971, 453464.757021961733699, 0.0 ], [ 137618.657247157767415, 453464.896343273168895, 0.0 ], [ 137618.357088739488972, 453465.455854874337092, 0.0 ], [ 137618.217998621810693, 453465.809859952190891, 0.0 ], [ 137617.974178080679849, 453466.486844903032761, 0.0 ], [ 137617.797950177860912, 453467.021826853277162, 0.0 ], [ 137617.731645587860839, 453467.55058869253844, 0.0 ], [ 137617.707375602039974, 453468.065647210576572, 0.0 ], [ 137617.683242480823537, 453468.577801186067518, 0.0 ], [ 137617.666246846230933, 453468.945501342241187, 0.0 ], [ 137617.476347990945214, 453470.182169839739799, 0.0 ], [ 137617.327801416977309, 453470.553425143996719, 0.0 ], [ 137617.056867349165259, 453471.023457805917133, 0.0 ], [ 137616.82546993062715, 453471.320627464854624, 0.0 ], [ 137616.581396884401329, 453471.57282531860983, 0.0 ], [ 137615.541618387534982, 453471.809078104968648, 0.0 ] ] ] ] } },
{ "type": "Feature", "properties": { "fid": 967, "FUNCTIE": "04_Talut1", "Info": null, "Verhaal": null }, "geometry": { "type": "MultiPolygon", "coordinates": [ [ [ [ 137619.431072960054735, 453464.077713317063171, 0.0 ], [ 137621.31481373324641, 453464.088439933082554, 0.0 ], [ 137624.434235397638986, 453460.829917239607312, 0.0 ], [ 137623.515079948527273, 453459.798310587415472, 0.0 ], [ 137619.431072960054735, 453464.077713317063171, 0.0 ] ] ] ] } },
{ "type": "Feature", "properties": { "fid": 968, "FUNCTIE": "04_Talut1", "Info": null, "Verhaal": null }, "geometry": { "type": "MultiPolygon", "coordinates": [ [ [ [ 137627.19126177293947, 453413.202792833151761, 0.0 ], [ 137636.562017368938541, 453438.353883925883565, 0.0 ], [ 137627.737286670191679, 453388.993712056719232, 0.0 ], [ 137627.505827986053191, 453387.965925281459931, 0.0 ], [ 137627.325805346656125, 453387.274618259340059, 0.0 ], [ 137627.115930321917403, 453386.712190741032828, 0.0 ], [ 137626.905161665257765, 453386.292518054542597, 0.0 ], [ 137626.524394337233389, 453385.730204796767794, 0.0 ], [ 137625.976617880194681, 453385.07663003221387, 0.0 ], [ 137625.379006421630038, 453384.472696331271436, 0.0 ], [ 137624.876307676779106, 453384.086947687494103, 0.0 ], [ 137624.110210177808767, 453383.69112895464059, 0.0 ], [ 137623.708294386946363, 453383.648409134068061, 0.0 ], [ 137623.280330550769577, 453383.695950320165139, 0.0 ], [ 137623.181030476349406, 453383.722049823496491, 0.0 ], [ 137623.518814772804035, 453389.667438144620974, 0.0 ], [ 137627.19126177293947, 453413.202792833151761, 0.0 ] ] ] ] } },
{ "type": "Feature", "properties": { "fid": 969, "FUNCTIE": "04_Talut1", "Info": null, "Verhaal": null }, "geometry": { "type": "MultiPolygon", "coordinates": [ [ [ [ 137631.959812564280583, 453388.590286460588686, 0.0 ], [ 137633.792197375267278, 453389.723776424594689, 0.0 ], [ 137637.761479844193673, 453388.482057482236996, 0.0 ], [ 137631.959812564280583, 453388.590286460588686, 0.0 ] ] ] ] } },
{ "type": "Feature", "properties": { "fid": 970, "FUNCTIE": "04_Talut1", "Info": null, "Verhaal": null }, "geometry": { "type": "MultiPolygon", "coordinates": [ [ [ [ 137623.514688162773382, 453414.513602595543489, 0.0 ], [ 137628.109783425432397, 453442.108183391392231, 0.0 ], [ 137633.861430908727925, 453442.183359142218251, 0.0 ], [ 137623.514688162773382, 453414.513602595543489, 0.0 ] ] ] ] } },
{ "type": "Feature", "properties": { "fid": 971, "FUNCTIE": "04_Talut1", "Info": null, "Verhaal": null }, "geometry": { "type": "MultiPolygon", "coordinates": [ [ [ [ 137628.07829064555699, 453441.919062164146453, 0.0 ], [ 137620.71926509909099, 453452.834455987554975, 0.0 ], [ 137615.014724662003573, 453458.712060748890508, 0.0 ], [ 137613.471059900912223, 453460.206569159287028, 0.0 ], [ 137612.831265482906019, 453461.189611732319463, 0.0 ], [ 137612.374190779606579, 453462.340050032071304, 0.0 ], [ 137612.225851153227268, 453463.17383625759976, 0.0 ], [ 137612.319617169065168, 453464.689832687843591, 0.0 ], [ 137612.554750003764639, 453465.70103812601883, 0.0 ], [ 137613.130578500684351, 453467.19531902828021, 0.0 ], [ 137613.829398954549106, 453468.605993323260918, 0.0 ], [ 137614.263031371869147, 453469.449887212307658, 0.0 ], [ 137615.541618387534982, 453471.809078104968648, 0.0 ], [ 137616.581396884401329, 453471.57282531860983, 0.0 ], [ 137616.91200972936349, 453471.217423538560979, 0.0 ], [ 137617.230429791088682, 453470.743595681677107, 0.0 ], [ 137617.530396175716305, 453470.003493731608614, 0.0 ], [ 137617.665282583795488, 453468.994927302235737, 0.0 ], [ 137617.702256478980416, 453468.174285428598523, 0.0 ], [ 137617.347017153748311, 453467.146808396384586, 0.0 ], [ 137617.069969563977793, 453466.368107485002838, 0.0 ], [ 137616.740302919672104, 453465.388122718082741, 0.0 ], [ 137616.694788903841982, 453464.347282380447723, 0.0 ], [ 137617.026242184947478, 453463.182288358861115, 0.0 ], [ 137617.754547816206468, 453462.198219818354119, 0.0 ], [ 137624.457209273648914, 453455.265400815347675, 0.0 ], [ 137633.861430908727925, 453442.183359142218251, 0.0 ], [ 137628.07829064555699, 453441.919062164146453, 0.0 ] ] ] ] } },
{ "type": "Feature", "properties": { "fid": 972, "FUNCTIE": "04_Talut1", "Info": null, "Verhaal": null }, "geometry": { "type": "MultiPolygon", "coordinates": [ [ [ [ 137607.739116838463815, 453472.889906109368894, 0.0 ], [ 137609.801222250447609, 453474.14116947207367, 0.0 ], [ 137613.8223727986624, 453472.861465227615554, 0.0 ], [ 137614.407263604633044, 453470.438355030084495, 0.0 ], [ 137607.739116838463815, 453472.889906109368894, 0.0 ] ] ] ] } },
{ "type": "Feature", "properties": { "fid": 973, "FUNCTIE": "04_Talut1", "Info": null, "Verhaal": null }, "geometry": { "type": "MultiPolygon", "coordinates": [ [ [ [ 137613.8223727986624, 453472.861465227615554, 0.0 ], [ 137620.507210156938527, 453488.319838486611843, 0.0 ], [ 137623.181108479213435, 453490.277292172482703, 0.0 ], [ 137614.434991112299031, 453470.501050953345839, 0.0 ], [ 137613.8223727986624, 453472.861465227615554, 0.0 ] ] ] ] } },
{ "type": "Feature", "properties": { "fid": 974, "FUNCTIE": "04_Talut1", "Info": null, "Verhaal": null }, "geometry": { "type": "MultiPolygon", "coordinates": [ [ [ [ 137620.507210156938527, 453488.319838486611843, 0.0 ], [ 137617.164888336730655, 453491.8290278405766, 0.0 ], [ 137617.337256176571827, 453496.08524793270044, 0.0 ], [ 137623.181108479213435, 453490.277292172482703, 0.0 ], [ 137620.507210156938527, 453488.319838486611843, 0.0 ] ] ] ] } },
{ "type": "Feature", "properties": { "fid": 975, "FUNCTIE": "04_Talut1", "Info": null, "Verhaal": null }, "geometry": { "type": "MultiPolygon", "coordinates": [ [ [ [ 137617.164888336730655, 453491.8290278405766, 0.0 ], [ 137609.89512007436133, 453474.198145662026946, 0.0 ], [ 137607.791897529503331, 453472.921932860801462, 0.0 ], [ 137617.332042670517694, 453496.09042941313237, 0.0 ], [ 137617.164888336730655, 453491.8290278405766, 0.0 ] ] ] ] } },
{ "type": "Feature", "properties": { "fid": 976, "FUNCTIE": "04_Talut1", "Info": null, "Verhaal": null }, "geometry": { "type": "MultiPolygon", "coordinates": [ [ [ [ 137549.571289601357421, 453552.191404523269739, 0.0 ], [ 137534.806330550229177, 453568.157100344600622, 0.0 ], [ 137538.615900821256218, 453567.729204714938533, 0.0 ], [ 137541.840323953918414, 453564.190713590593077, 0.0 ], [ 137543.446795428724727, 453563.739395216165576, 0.0 ], [ 137544.599337529740296, 453562.254629749455489, 0.0 ], [ 137547.006049735151464, 453562.26526634208858, 0.0 ], [ 137550.003756694495678, 453558.152751518122386, 0.0 ], [ 137549.571289601357421, 453552.191404523269739, 0.0 ] ] ] ] } },
{ "type": "Feature", "properties": { "fid": 977, "FUNCTIE": "04_Talut1", "Info": null, "Verhaal": null }, "geometry": { "type": "MultiPolygon", "coordinates": [ [ [ [ 137550.003756694495678, 453558.152751518122386, 0.0 ], [ 137603.306548431020929, 453608.413181149517186, 0.0 ], [ 137607.323967486532638, 453606.998377258598339, 0.0 ], [ 137549.571289601357421, 453552.191404523269739, 0.0 ], [ 137550.003756694495678, 453558.152751518122386, 0.0 ] ] ] ] } },
{ "type": "Feature", "properties": { "fid": 978, "FUNCTIE": "04_Talut1", "Info": null, "Verhaal": null }, "geometry": { "type": "MultiPolygon", "coordinates": [ [ [ [ 137534.806330550229177, 453568.157100344600622, 0.0 ], [ 137546.603836510126712, 453575.672221669286955, 0.0 ], [ 137538.615900821256218, 453567.729204714938533, 0.0 ], [ 137534.806330550229177, 453568.157100344600622, 0.0 ] ] ] ] } },
{ "type": "Feature", "properties": { "fid": 979, "FUNCTIE": "04_Talut1", "Info": null, "Verhaal": null }, "geometry": { "type": "MultiPolygon", "coordinates": [ [ [ [ 137531.838210921472637, 453571.366597571526654, 0.0 ], [ 137541.882556252123322, 453580.808562608901411, 0.0 ], [ 137543.525959366786992, 453579.020683423615992, 0.0 ], [ 137531.838210921472637, 453571.366597571526654, 0.0 ] ] ] ] } },
{ "type": "Feature", "properties": { "fid": 980, "FUNCTIE": "04_Talut1", "Info": null, "Verhaal": null }, "geometry": { "type": "MultiPolygon", "coordinates": [ [ [ [ 137541.882556252123322, 453580.808562608901411, 0.0 ], [ 137552.636492670309963, 453585.211060433706734, 0.0 ], [ 137572.725171836296795, 453604.094980901572853, 0.0 ], [ 137574.104427909129299, 453603.184239293797873, 0.0 ], [ 137553.445717630704166, 453583.610172678541858, 0.0 ], [ 137543.525959366786992, 453579.020683423615992, 0.0 ], [ 137541.882556252123322, 453580.808562608901411, 0.0 ] ] ] ] } },
{ "type": "Feature", "properties": { "fid": 981, "FUNCTIE": "04_Talut1", "Info": null, "Verhaal": null }, "geometry": { "type": "MultiPolygon", "coordinates": [ [ [ [ 137572.725171836296795, 453604.094980901572853, 0.0 ], [ 137576.135380126826931, 453610.52790512383217, 0.0 ], [ 137579.579027983680135, 453609.282471873622853, 0.0 ], [ 137574.104427909129299, 453603.184239293797873, 0.0 ], [ 137572.725171836296795, 453604.094980901572853, 0.0 ] ] ] ] } },
{ "type": "Feature", "properties": { "fid": 982, "FUNCTIE": "04_Talut1", "Info": null, "Verhaal": null }, "geometry": { "type": "MultiPolygon", "coordinates": [ [ [ [ 137576.135380126826931, 453610.52790512383217, 0.0 ], [ 137587.277855245629326, 453630.976751056907233, 0.0 ], [ 137590.379183814220596, 453629.385990430193488, 0.0 ], [ 137579.579027983680135, 453609.282471873622853, 0.0 ], [ 137576.135380126826931, 453610.52790512383217, 0.0 ] ] ] ] } },
{ "type": "Feature", "properties": { "fid": 983, "FUNCTIE": "04_Talut1", "Info": null, "Verhaal": null }, "geometry": { "type": "MultiPolygon", "coordinates": [ [ [ [ 137587.277855245629326, 453630.976751056907233, 0.0 ], [ 137589.398659568279982, 453638.338565005746204, 0.0 ], [ 137591.374197110912064, 453637.756519589864183, 0.0 ], [ 137590.379183814220596, 453629.385990430193488, 0.0 ], [ 137587.277855245629326, 453630.976751056907233, 0.0 ] ] ] ] } },
{ "type": "Feature", "properties": { "fid": 984, "FUNCTIE": "04_Talut1", "Info": null, "Verhaal": null }, "geometry": { "type": "MultiPolygon", "coordinates": [ [ [ [ 137589.398659568279982, 453638.338565005746204, 0.0 ], [ 137592.18972334190039, 453661.024851885857061, 0.0 ], [ 137594.251619406044483, 453661.263170527527109, 0.0 ], [ 137591.374197110912064, 453637.756519589864183, 0.0 ], [ 137589.398659568279982, 453638.338565005746204, 0.0 ] ] ] ] } },
{ "type": "Feature", "properties": { "fid": 985, "FUNCTIE": "04_Talut1", "Info": null, "Verhaal": null }, "geometry": { "type": "MultiPolygon", "coordinates": [ [ [ [ 137592.18972334190039, 453661.024851885857061, 0.0 ], [ 137587.80078551848419, 453668.798574635875411, 0.0 ], [ 137590.206497708975803, 453669.038411992136389, 0.0 ], [ 137594.251619406044483, 453661.263170527527109, 0.0 ], [ 137592.18972334190039, 453661.024851885857061, 0.0 ] ] ] ] } },
{ "type": "Feature", "properties": { "fid": 986, "FUNCTIE": "04_Talut1", "Info": null, "Verhaal": null }, "geometry": { "type": "MultiPolygon", "coordinates": [ [ [ [ 137587.80078551848419, 453668.798574635875411, 0.0 ], [ 137589.804493560222909, 453682.398185764497612, 0.0 ], [ 137590.206497708975803, 453669.038411992136389, 0.0 ], [ 137587.80078551848419, 453668.798574635875411, 0.0 ] ] ] ] } },
{ "type": "Feature", "properties": { "fid": 987, "FUNCTIE": "04_Talut1", "Info": null, "Verhaal": null }, "geometry": { "type": "MultiPolygon", "coordinates": [ [ [ [ 137595.408965421287576, 453684.991436124197207, 0.0 ], [ 137597.593452203465858, 453683.396621806256007, 0.0 ], [ 137595.471351604530355, 453670.666135831852444, 0.0 ], [ 137595.408965421287576, 453684.991436124197207, 0.0 ] ] ] ] } },
{ "type": "Feature", "properties": { "fid": 988, "FUNCTIE": "04_Talut1", "Info": null, "Verhaal": null }, "geometry": { "type": "MultiPolygon", "coordinates": [ [ [ [ 137597.593452203465858, 453683.396621806256007, 0.0 ], [ 137595.408965421287576, 453684.991436124197207, 0.0 ], [ 137618.17597378854407, 453694.145774192234967, 0.0 ], [ 137615.897345414850861, 453691.041384478623513, 0.0 ], [ 137597.593452203465858, 453683.396621806256007, 0.0 ] ] ] ] } },
{ "type": "Feature", "properties": { "fid": 989, "FUNCTIE": "04_Talut1", "Info": null, "Verhaal": null }, "geometry": { "type": "MultiPolygon", "coordinates": [ [ [ [ 137615.897345414850861, 453691.041384478623513, 0.0 ], [ 137618.17597378854407, 453694.145774192234967, 0.0 ], [ 137615.237339302810142, 453670.546972383162938, 0.0 ], [ 137613.224178186326753, 453673.265865679830313, 0.0 ], [ 137612.511593241331866, 453678.992946316546295, 0.0 ], [ 137613.193235367856687, 453680.371212553640362, 0.0 ], [ 137613.869387639919296, 453683.010104904067703, 0.0 ], [ 137615.006455996364821, 453685.07801052602008, 0.0 ], [ 137615.897345414850861, 453691.041384478623513, 0.0 ] ] ] ] } },
{ "type": "Feature", "properties": { "fid": 990, "FUNCTIE": "04_Talut1", "Info": null, "Verhaal": null }, "geometry": { "type": "MultiPolygon", "coordinates": [ [ [ [ 137613.224178186326753, 453673.265865679830313, 0.0 ], [ 137615.237339302810142, 453670.546972383162938, 0.0 ], [ 137615.075399851077236, 453669.246512240089942, 0.0 ], [ 137611.622700217034435, 453672.57116322114598, 0.0 ], [ 137613.224178186326753, 453673.265865679830313, 0.0 ] ] ] ] } },
{ "type": "Feature", "properties": { "fid": 991, "FUNCTIE": "04_Talut1", "Info": null, "Verhaal": null }, "geometry": { "type": "MultiPolygon", "coordinates": [ [ [ [ 137611.622700217034435, 453672.57116322114598, 0.0 ], [ 137615.075399851077236, 453669.246512240089942, 0.0 ], [ 137607.323967486532638, 453606.998377258598339, 0.0 ], [ 137603.306548431020929, 453608.413181149517186, 0.0 ], [ 137611.622700217034435, 453672.57116322114598, 0.0 ] ] ] ] } },
{ "type": "Feature", "properties": { "fid": 992, "FUNCTIE": "04_Talut1", "Info": null, "Verhaal": null }, "geometry": { "type": "MultiPolygon", "coordinates": [ [ [ [ 137764.611992381396703, 453837.230005524179433, 0.0 ], [ 137769.003565757069737, 453843.371616274467669, 0.0 ], [ 137771.04440507554682, 453842.310037767514586, 0.0 ], [ 137764.611992381396703, 453837.230005524179433, 0.0 ] ] ] ] } },
{ "type": "Feature", "properties": { "fid": 993, "FUNCTIE": "04_Talut1", "Info": null, "Verhaal": null }, "geometry": { "type": "MultiPolygon", "coordinates": [ [ [ [ 137769.003565757069737, 453843.371616274467669, 0.0 ], [ 137795.220387823297642, 453863.23138801479945, 0.0 ], [ 137795.862809286918491, 453861.980736138939392, 0.0 ], [ 137771.04440507554682, 453842.310037767514586, 0.0 ], [ 137769.003565757069737, 453843.371616274467669, 0.0 ] ] ] ] } },
{ "type": "Feature", "properties": { "fid": 994, "FUNCTIE": "04_Talut1", "Info": null, "Verhaal": null }, "geometry": { "type": "MultiPolygon", "coordinates": [ [ [ [ 137795.220387823297642, 453863.23138801479945, 0.0 ], [ 137805.280911000154447, 453869.076557917287573, 0.0 ], [ 137804.902465260383906, 453866.809763452853076, 0.0 ], [ 137795.862809286918491, 453861.980736138939392, 0.0 ], [ 137795.220387823297642, 453863.23138801479945, 0.0 ] ] ] ] } },
{ "type": "Feature", "properties": { "fid": 995, "FUNCTIE": "04_Talut1", "Info": null, "Verhaal": null }, "geometry": { "type": "MultiPolygon", "coordinates": [ [ [ [ 137805.280911000154447, 453869.076557917287573, 0.0 ], [ 137819.005695705040125, 453853.216570267919451, 0.0 ], [ 137813.952912280685268, 453854.294464859354775, 0.0 ], [ 137809.082729506335454, 453858.026595951290801, 0.0 ], [ 137809.982862914854195, 453859.389643944101408, 0.0 ], [ 137809.591738032584544, 453860.035095267463475, 0.0 ], [ 137808.481954187271185, 453862.230601299728733, 0.0 ], [ 137804.902465260383906, 453866.809763452853076, 0.0 ], [ 137805.280911000154447, 453869.076557917287573, 0.0 ] ] ] ] } },
{ "type": "Feature", "properties": { "fid": 996, "FUNCTIE": "04_Talut1", "Info": null, "Verhaal": null }, "geometry": { "type": "MultiPolygon", "coordinates": [ [ [ [ 137813.952912280685268, 453854.294464859354775, 0.0 ], [ 137819.005695705040125, 453853.216570267919451, 0.0 ], [ 137803.966587134462316, 453843.895747410366312, 0.0 ], [ 137802.528558982361574, 453847.189785243710503, 0.0 ], [ 137813.952912280685268, 453854.294464859354775, 0.0 ] ] ] ] } },
{ "type": "Feature", "properties": { "fid": 997, "FUNCTIE": "04_Talut1", "Info": null, "Verhaal": null }, "geometry": { "type": "MultiPolygon", "coordinates": [ [ [ [ 137802.528558982361574, 453847.189785243710503, 0.0 ], [ 137803.966587134462316, 453843.895747410366312, 0.0 ], [ 137784.281664405774791, 453828.824276579020079, 0.0 ], [ 137783.308826884138398, 453828.305374590214342, 0.0 ], [ 137782.630349426559405, 453828.142621323058847, 0.0 ], [ 137781.934610886586597, 453828.08146047469927, 0.0 ], [ 137781.530896113341441, 453828.09603862388758, 0.0 ], [ 137781.123435908346437, 453828.142326265340671, 0.0 ], [ 137781.370469494257122, 453831.159495716157835, 0.0 ], [ 137802.528558982361574, 453847.189785243710503, 0.0 ] ] ] ] } },
{ "type": "Feature", "properties": { "fid": 998, "FUNCTIE": "04_Talut1", "Info": null, "Verhaal": null }, "geometry": { "type": "MultiPolygon", "coordinates": [ [ [ [ 137781.123435908346437, 453828.142326265340671, 0.0 ], [ 137779.921370772062801, 453828.466591272561345, 0.0 ], [ 137779.288292819896014, 453828.799254897865467, 0.0 ], [ 137778.74257946794387, 453829.174247723945882, 0.0 ], [ 137778.468220244132681, 453829.383157628995832, 0.0 ], [ 137778.042563811410218, 453829.771223792922683, 0.0 ], [ 137777.739620540291071, 453830.111430560878944, 0.0 ], [ 137773.531967295391951, 453834.930881713109557, 0.0 ], [ 137774.15796681199572, 453837.745158525707666, 0.0 ], [ 137776.817953343997942, 453836.252293890574947, 0.0 ], [ 137777.273444772174116, 453835.687943662749603, 0.0 ], [ 137778.569646785326768, 453835.270304312056396, 0.0 ], [ 137781.370469494257122, 453831.159495716157835, 0.0 ], [ 137781.123435908346437, 453828.142326265340671, 0.0 ] ] ] ] } },
{ "type": "Feature", "properties": { "fid": 999, "FUNCTIE": "04_Talut1", "Info": null, "Verhaal": null }, "geometry": { "type": "MultiPolygon", "coordinates": [ [ [ [ 137773.651083216042025, 453835.24858749518171, 0.0 ], [ 137767.156588066805853, 453833.662491507828236, 0.0 ], [ 137774.15796681199572, 453837.745158525707666, 0.0 ], [ 137773.651083216042025, 453835.24858749518171, 0.0 ] ] ] ] } },
{ "type": "Feature", "properties": { "fid": 1000, "FUNCTIE": "04_Talut1", "Info": null, "Verhaal": null }, "geometry": { "type": "MultiPolygon", "coordinates": [ [ [ [ 137818.455183175945422, 453875.606499974732287, 0.0 ], [ 137829.803205866512144, 453885.169390283059329, 0.0 ], [ 137830.01031603050069, 453882.402320308552589, 0.0 ], [ 137821.111151534249075, 453875.035764846950769, 0.0 ], [ 137818.455183175945422, 453875.606499974732287, 0.0 ] ] ] ] } },
{ "type": "Feature", "properties": { "fid": 1001, "FUNCTIE": "04_Talut1", "Info": null, "Verhaal": null }, "geometry": { "type": "MultiPolygon", "coordinates": [ [ [ [ 137831.059167453524424, 453864.471244722662959, 0.0 ], [ 137837.442307359073311, 453869.995155787735712, 0.0 ], [ 137842.590010427200468, 453869.318552353710402, 0.0 ], [ 137831.660528312175302, 453860.132526525238063, 0.0 ], [ 137831.059167453524424, 453864.471244722662959, 0.0 ] ] ] ] } },
{ "type": "Feature", "properties": { "fid": 1002, "FUNCTIE": "04_Talut1", "Info": null, "Verhaal": null }, "geometry": { "type": "MultiPolygon", "coordinates": [ [ [ [ 137831.660528312175302, 453860.132526525238063, 0.0 ], [ 137818.455183175945422, 453875.606499974732287, 0.0 ], [ 137821.111151534249075, 453875.035764846950769, 0.0 ], [ 137824.234232345159398, 453871.231201699643862, 0.0 ], [ 137825.920841118902899, 453870.332598381792195, 0.0 ], [ 137826.441683219891274, 453869.623001955565996, 0.0 ], [ 137828.385190975764999, 453869.178557452105451, 0.0 ], [ 137831.059167453524424, 453864.471244722662959, 0.0 ], [ 137831.660528312175302, 453860.132526525238063, 0.0 ] ] ] ] } },
{ "type": "Feature", "properties": { "fid": 1003, "FUNCTIE": "04_Talut1", "Info": null, "Verhaal": null }, "geometry": { "type": "MultiPolygon", "coordinates": [ [ [ [ 137829.803205866512144, 453885.169390283059329, 0.0 ], [ 137842.590010427200468, 453869.318552353710402, 0.0 ], [ 137837.442307359073311, 453869.995155787735712, 0.0 ], [ 137833.479023259133101, 453873.53713761921972, 0.0 ], [ 137833.986622964614071, 453875.869219152955338, 0.0 ], [ 137833.465780999249546, 453876.578815591463353, 0.0 ], [ 137832.874304420809494, 453878.647174010635354, 0.0 ], [ 137830.01031603050069, 453882.402320308552589, 0.0 ], [ 137829.803205866512144, 453885.169390283059329, 0.0 ] ] ] ] } },
{ "type": "Feature", "properties": { "fid": 1004, "FUNCTIE": "04_Talut1", "Info": null, "Verhaal": null }, "geometry": { "type": "MultiPolygon", "coordinates": [ [ [ [ 137837.251274150970858, 453889.610709396773018, 0.0 ], [ 137851.065609611629043, 453901.591422811208759, 0.0 ], [ 137852.642549187730765, 453900.047983726253733, 0.0 ], [ 137840.190604012663243, 453888.98276563140098, 0.0 ], [ 137837.251274150970858, 453889.610709396773018, 0.0 ] ] ] ] } },
{ "type": "Feature", "properties": { "fid": 1005, "FUNCTIE": "04_Talut1", "Info": null, "Verhaal": null }, "geometry": { "type": "MultiPolygon", "coordinates": [ [ [ [ 137837.251274150970858, 453889.610709396773018, 0.0 ], [ 137840.190604012663243, 453888.98276563140098, 0.0 ], [ 137843.15401750872843, 453885.100207418494392, 0.0 ], [ 137844.939966192032443, 453884.081501673848834, 0.0 ], [ 137845.720262165850727, 453883.372518342570402, 0.0 ], [ 137847.45691558739054, 453882.469920873350929, 0.0 ], [ 137850.623826046590693, 453878.719669184065424, 0.0 ], [ 137850.462487904762384, 453873.773967415676452, 0.0 ], [ 137837.251274150970858, 453889.610709396773018, 0.0 ] ] ] ] } },
{ "type": "Feature", "properties": { "fid": 1006, "FUNCTIE": "04_Talut1", "Info": null, "Verhaal": null }, "geometry": { "type": "MultiPolygon", "coordinates": [ [ [ [ 137850.462487904762384, 453873.773967415676452, 0.0 ], [ 137850.623826046590693, 453878.719669184065424, 0.0 ], [ 137863.691340262099402, 453889.665341741405427, 0.0 ], [ 137866.251734784047585, 453886.72408311557956, 0.0 ], [ 137850.462487904762384, 453873.773967415676452, 0.0 ] ] ] ] } },
{ "type": "Feature", "properties": { "fid": 1007, "FUNCTIE": "04_Talut1", "Info": null, "Verhaal": null }, "geometry": { "type": "MultiPolygon", "coordinates": [ [ [ [ 137852.642549187730765, 453900.047983726253733, 0.0 ], [ 137851.065609611629043, 453901.591422811208759, 0.0 ], [ 137861.922058722237125, 453917.817113200319, 0.0 ], [ 137863.644823584822007, 453916.806223740975838, 0.0 ], [ 137852.642549187730765, 453900.047983726253733, 0.0 ] ] ] ] } },
{ "type": "Feature", "properties": { "fid": 1008, "FUNCTIE": "04_Talut1", "Info": null, "Verhaal": null }, "geometry": { "type": "MultiPolygon", "coordinates": [ [ [ [ 137863.644823584822007, 453916.806223740975838, 0.0 ], [ 137861.922058722237125, 453917.817113200319, 0.0 ], [ 137883.951940555329202, 453938.491161638638005, 0.0 ], [ 137884.418327037332347, 453935.550573742599227, 0.0 ], [ 137863.644823584822007, 453916.806223740975838, 0.0 ] ] ] ] } },
{ "type": "Feature", "properties": { "fid": 1009, "FUNCTIE": "04_Talut1", "Info": null, "Verhaal": null }, "geometry": { "type": "MultiPolygon", "coordinates": [ [ [ [ 137883.892153810127638, 453938.464759338705335, 0.0 ], [ 137890.998252591583878, 453941.602869245689362, 0.0 ], [ 137884.418327037332347, 453935.550573742599227, 0.0 ], [ 137883.892153810127638, 453938.464759338705335, 0.0 ] ] ] ] } },
{ "type": "Feature", "properties": { "fid": 1010, "FUNCTIE": "04_Talut1", "Info": null, "Verhaal": null }, "geometry": { "type": "MultiPolygon", "coordinates": [ [ [ [ 137887.60624689841643, 453932.261569541995414, 0.0 ], [ 137893.880603127734503, 453938.269684878818225, 0.0 ], [ 137890.977689874824136, 453931.499382716545369, 0.0 ], [ 137887.60624689841643, 453932.261569541995414, 0.0 ] ] ] ] } },
{ "type": "Feature", "properties": { "fid": 1011, "FUNCTIE": "04_Talut1", "Info": null, "Verhaal": null }, "geometry": { "type": "MultiPolygon", "coordinates": [ [ [ [ 137863.691340262099402, 453889.665341741405427, 0.0 ], [ 137874.921765063947532, 453906.053564434987493, 0.0 ], [ 137877.209585789008997, 453904.037980327615514, 0.0 ], [ 137866.251734784047585, 453886.72408311557956, 0.0 ], [ 137863.691340262099402, 453889.665341741405427, 0.0 ] ] ] ] } },
{ "type": "Feature", "properties": { "fid": 1012, "FUNCTIE": "04_Talut1", "Info": null, "Verhaal": null }, "geometry": { "type": "MultiPolygon", "coordinates": [ [ [ [ 137877.209585789008997, 453904.037980327615514, 0.0 ], [ 137874.921765063947532, 453906.053564434987493, 0.0 ], [ 137893.276988384575816, 453923.996530223987065, 0.0 ], [ 137888.924406766280299, 453927.021328152448405, 0.0 ], [ 137888.914538849639939, 453929.288100348087028, 0.0 ], [ 137888.197882278240286, 453930.256429676781408, 0.0 ], [ 137887.60624689841643, 453932.261569541995414, 0.0 ], [ 137890.977689874824136, 453931.499382716545369, 0.0 ], [ 137894.491714383300859, 453927.42273179825861, 0.0 ], [ 137895.416924593329895, 453926.454136599728372, 0.0 ], [ 137896.117805345682427, 453925.566246068163309, 0.0 ], [ 137896.439156791195273, 453924.972220224852208, 0.0 ], [ 137896.710279393126257, 453923.848669702012558, 0.0 ], [ 137896.69727228503325, 453923.560299834818579, 0.0 ], [ 137896.664801686099963, 453923.34845450083958, 0.0 ], [ 137896.564546748559223, 453922.987774816167075, 0.0 ], [ 137896.365022993675666, 453922.522196196077857, 0.0 ], [ 137895.929997102648485, 453921.871284354419913, 0.0 ], [ 137895.726526197016938, 453921.627267367031891, 0.0 ], [ 137894.702571356785484, 453920.646747712045908, 0.0 ], [ 137877.209585789008997, 453904.037980327615514, 0.0 ] ] ] ] } },
{ "type": "Feature", "properties": { "fid": 1013, "FUNCTIE": "04_Talut1", "Info": null, "Verhaal": null }, "geometry": { "type": "MultiPolygon", "coordinates": [ [ [ [ 138276.405414348380873, 454298.748653023620136, 0.0 ], [ 138277.428631877002772, 454300.817580849747173, 0.0 ], [ 138338.132805842760717, 454187.865639366209507, 0.0 ], [ 138333.180648295761785, 454192.566886561049614, 0.0 ], [ 138276.405414348380873, 454298.748653023620136, 0.0 ] ] ] ] } },
{ "type": "Feature", "properties": { "fid": 1014, "FUNCTIE": "04_Talut1", "Info": null, "Verhaal": null }, "geometry": { "type": "MultiPolygon", "coordinates": [ [ [ [ 138338.132805842760717, 454187.865639366209507, 0.0 ], [ 138315.975188560056267, 454192.988904101250228, 0.0 ], [ 138318.378155501850415, 454194.262435808428563, 0.0 ], [ 138321.248752903949935, 454193.497903130191844, 0.0 ], [ 138323.648021146917017, 454195.621471055608708, 0.0 ], [ 138333.180648295761785, 454192.566886561049614, 0.0 ], [ 138338.132805842760717, 454187.865639366209507, 0.0 ] ] ] ] } },
{ "type": "Feature", "properties": { "fid": 1015, "FUNCTIE": "04_Talut1", "Info": null, "Verhaal": null }, "geometry": { "type": "MultiPolygon", "coordinates": [ [ [ [ 138277.428631877002772, 454300.817580849747173, 0.0 ], [ 138276.405414348380873, 454298.748653023620136, 0.0 ], [ 138269.244983299693558, 454297.243153415096458, 0.0 ], [ 138264.819840690266574, 454299.156343322363682, 0.0 ], [ 138262.067306778946659, 454299.144210160709918, 0.0 ], [ 138259.780514694168232, 454297.528471534373239, 0.0 ], [ 138254.737446447717957, 454296.760487725143321, 0.0 ], [ 138253.243245289602783, 454297.499655119783711, 0.0 ], [ 138251.866977875208249, 454297.493588507641107, 0.0 ], [ 138250.588062101975083, 454298.061400552280247, 0.0 ], [ 138247.630064056400442, 454297.474912104662508, 0.0 ], [ 138242.812500108382665, 454299.589097861084156, 0.0 ], [ 138277.428631877002772, 454300.817580849747173, 0.0 ] ] ] ] } },
{ "type": "Feature", "properties": { "fid": 1016, "FUNCTIE": "05_Talut2", "Info": null, "Verhaal": null }, "geometry": { "type": "MultiPolygon", "coordinates": [ [ [ [ 138309.199399219301995, 454195.063917819934431, 0.0 ], [ 138315.975188560056267, 454192.988904101250228, 0.0 ], [ 138338.132805842760717, 454187.865639366209507, 0.0 ], [ 138277.428631877002772, 454300.817580849747173, 0.0 ], [ 138284.649538381549064, 454301.881619026535191, 0.0 ], [ 138347.544843276642496, 454186.165782936266623, 0.0 ], [ 138216.001816784031689, 454089.861584518919699, 0.0 ], [ 138214.303220756177325, 454087.945035609067418, 0.0 ], [ 138212.410214508796344, 454087.322343438863754, 0.0 ], [ 138207.86831289192196, 454086.276256475015543, 0.0 ], [ 138200.336277693713782, 454085.545716850901954, 0.0 ], [ 138196.021226511802524, 454085.694511717767455, 0.0 ], [ 138190.714209540834418, 454086.488084353099111, 0.0 ], [ 138185.570489143108716, 454087.777841581555549, 0.0 ], [ 138179.789818534132792, 454089.859846922219731, 0.0 ], [ 138177.125685663399054, 454091.279718149395194, 0.0 ], [ 138172.114850997953909, 454094.473408950841986, 0.0 ], [ 138177.613025198050309, 454097.835214775288478, 0.0 ], [ 138309.199399219301995, 454195.063917819934431, 0.0 ] ] ] ] } },
{ "type": "Feature", "properties": { "fid": 1017, "FUNCTIE": "05_Talut2", "Info": null, "Verhaal": null }, "geometry": { "type": "MultiPolygon", "coordinates": [ [ [ [ 137868.691515114333015, 453753.382355894544162, 0.0 ], [ 137887.055730380845489, 453770.419410493748728, 0.0 ], [ 137897.274613841349492, 453758.881108268396929, 0.0 ], [ 137909.133383456472075, 453740.229139315953944, 0.0 ], [ 137895.020531058660708, 453726.311839930072892, 0.0 ], [ 137868.691515114333015, 453753.382355894544162, 0.0 ] ] ] ] } },
{ "type": "Feature", "properties": { "fid": 1018, "FUNCTIE": "04_Talut1", "Info": null, "Verhaal": null }, "geometry": { "type": "MultiPolygon", "coordinates": [ [ [ [ 138135.819672918703873, 454123.217490896349773, 0.0 ], [ 138136.838636770640733, 454126.087090436194558, 0.0 ], [ 138138.830863295588642, 454129.416621559474152, 0.0 ], [ 138141.607426178845344, 454132.651339406264015, 0.0 ], [ 138144.004781433497556, 454134.581426214310341, 0.0 ], [ 138145.684813527826918, 454135.409048458444886, 0.0 ], [ 138149.283045125746867, 454137.029377519211266, 0.0 ], [ 138152.421656481252285, 454137.535890881961677, 0.0 ], [ 138154.976709708629642, 454137.94822884327732, 0.0 ], [ 138156.592148405004991, 454137.702295633440372, 0.0 ], [ 138157.56125348227215, 454137.524305753991939, 0.0 ], [ 138201.580614131875336, 454128.435523290827405, 0.0 ], [ 138290.913800164940767, 454194.678291780350264, 0.0 ], [ 138292.616936834529042, 454198.342344289529137, 0.0 ], [ 138293.04747273249086, 454204.751281741715502, 0.0 ], [ 138242.812500108382665, 454299.589097861084156, 0.0 ], [ 138247.630064056400442, 454297.474912104662508, 0.0 ], [ 138301.534875739220297, 454196.483039670391008, 0.0 ], [ 138201.826776271569543, 454124.540069981827401, 0.0 ], [ 138163.053919052967103, 454132.849760402343236, 0.0 ], [ 138158.621066854451783, 454132.683859605516773, 0.0 ], [ 138154.577249836409464, 454131.895539553661365, 0.0 ], [ 138153.786495822481811, 454129.256155632552691, 0.0 ], [ 138143.845413362549152, 454122.450661279202905, 0.0 ], [ 138140.410797876596916, 454121.633282563299872, 0.0 ], [ 138135.819672918703873, 454123.217490896349773, 0.0 ] ] ] ] } },
{ "type": "Feature", "properties": { "fid": 1019, "FUNCTIE": "04_Talut1", "Info": null, "Verhaal": null }, "geometry": { "type": "MultiPolygon", "coordinates": [ [ [ [ 138190.460018308658618, 454310.585555584228132, 0.0 ], [ 138192.562676667090273, 454304.542438303702511, 0.0 ], [ 138190.68373628007248, 454288.604154266708065, 0.0 ], [ 138187.719712816586252, 454286.431188625807408, 0.0 ], [ 138190.460018308658618, 454310.585555584228132, 0.0 ] ] ] ] } },
{ "type": "Feature", "properties": { "fid": 1020, "FUNCTIE": "04_Talut1", "Info": null, "Verhaal": null }, "geometry": { "type": "MultiPolygon", "coordinates": [ [ [ [ 138190.460018308658618, 454310.585555584228132, 0.0 ], [ 138198.780131363484543, 454304.410568546678405, 0.0 ], [ 138196.73192586840014, 454301.695707860810217, 0.0 ], [ 138192.562676667090273, 454304.542438303702511, 0.0 ], [ 138190.460018308658618, 454310.585555584228132, 0.0 ] ] ] ] } },
{ "type": "Feature", "properties": { "fid": 1021, "FUNCTIE": "04_Talut1", "Info": null, "Verhaal": null }, "geometry": { "type": "MultiPolygon", "coordinates": [ [ [ [ 138187.719712816586252, 454286.431188625807408, 0.0 ], [ 138190.68373628007248, 454288.604154266708065, 0.0 ], [ 138194.970709218556294, 454288.050030438404065, 0.0 ], [ 138196.374614325148286, 454285.588017706642859, 0.0 ], [ 138187.719712816586252, 454286.431188625807408, 0.0 ] ] ] ] } },
{ "type": "Feature", "properties": { "fid": 1022, "FUNCTIE": "04_Talut1", "Info": null, "Verhaal": null }, "geometry": { "type": "MultiPolygon", "coordinates": [ [ [ [ 138194.970709218556294, 454288.050030438404065, 0.0 ], [ 138196.73192586840014, 454301.695707860810217, 0.0 ], [ 138198.780131363484543, 454304.410568546678405, 0.0 ], [ 138196.374614325148286, 454285.588017706642859, 0.0 ], [ 138194.970709218556294, 454288.050030438404065, 0.0 ] ] ] ] } },
{ "type": "Feature", "properties": { "fid": 1023, "FUNCTIE": "04_Talut1", "Info": null, "Verhaal": null }, "geometry": { "type": "MultiPolygon", "coordinates": [ [ [ [ 138206.037796886754222, 454236.641504518222064, 0.0 ], [ 138208.216164337994996, 454262.780875045922585, 0.0 ], [ 138213.493458120850846, 454263.390644505212549, 0.0 ], [ 138206.037796886754222, 454236.641504518222064, 0.0 ] ] ] ] } },
{ "type": "Feature", "properties": { "fid": 1024, "FUNCTIE": "04_Talut1", "Info": null, "Verhaal": null }, "geometry": { "type": "MultiPolygon", "coordinates": [ [ [ [ 138217.326135068316944, 454260.106939130346291, 0.0 ], [ 138217.549904167593922, 454251.132392159081064, 0.0 ], [ 138209.487368350906763, 454234.020816677541006, 0.0 ], [ 138217.326135068316944, 454260.106939130346291, 0.0 ] ] ] ] } },
{ "type": "Feature", "properties": { "fid": 1025, "FUNCTIE": "04_Talut1", "Info": null, "Verhaal": null }, "geometry": { "type": "MultiPolygon", "coordinates": [ [ [ [ 138217.549904167593922, 454251.132392159081064, 0.0 ], [ 138217.326135068316944, 454260.106939130346291, 0.0 ], [ 138237.602960857213475, 454220.363629629544448, 0.0 ], [ 138238.671972967567854, 454218.069855966547038, 0.0 ], [ 138238.674788962322054, 454217.422692060703412, 0.0 ], [ 138238.680702551384456, 454216.063647868460976, 0.0 ], [ 138238.294652517448412, 454215.544204590725712, 0.0 ], [ 138238.296623714792076, 454215.091189867118374, 0.0 ], [ 138237.134249600465409, 454214.503605881822295, 0.0 ], [ 138233.501301210490055, 454219.91577881120611, 0.0 ], [ 138217.549904167593922, 454251.132392159081064, 0.0 ] ] ] ] } },
{ "type": "Feature", "properties": { "fid": 1026, "FUNCTIE": "04_Talut1", "Info": null, "Verhaal": null }, "geometry": { "type": "MultiPolygon", "coordinates": [ [ [ [ 138208.216164337994996, 454262.780875045922585, 0.0 ], [ 138208.21367090777494, 454263.35388532676734, 0.0 ], [ 138206.947547863703221, 454264.608950367255602, 0.0 ], [ 138205.224008457182208, 454265.632790418807417, 0.0 ], [ 138200.164003464829875, 454269.621632822672836, 0.0 ], [ 138198.437970139697427, 454271.21848359546857, 0.0 ], [ 138196.721941510913894, 454273.652005160984118, 0.0 ], [ 138195.900736010342371, 454274.874635600193869, 0.0 ], [ 138194.279331923462451, 454278.764033926883712, 0.0 ], [ 138193.179634379106574, 454281.051272171898745, 0.0 ], [ 138193.160690457792953, 454285.404652283817995, 0.0 ], [ 138196.658576465735678, 454285.077758917177562, 0.0 ], [ 138197.168048349267337, 454282.02209237619536, 0.0 ], [ 138197.671531994157704, 454280.082780257856939, 0.0 ], [ 138198.024016513139941, 454278.660544299753383, 0.0 ], [ 138199.590466190886218, 454275.6257170898607, 0.0 ], [ 138200.697699586249655, 454274.012655370519497, 0.0 ], [ 138201.86880531659699, 454272.594028445600998, 0.0 ], [ 138213.493458120850846, 454263.390644505212549, 0.0 ], [ 138208.216164337994996, 454262.780875045922585, 0.0 ] ] ] ] } },
{ "type": "Feature", "properties": { "fid": 1027, "FUNCTIE": "04_Talut1", "Info": null, "Verhaal": null }, "geometry": { "type": "MultiPolygon", "coordinates": [ [ [ [ 138151.493974677869119, 454180.711272237473167, 0.0 ], [ 138151.972707659268053, 454177.353274687135126, 0.0 ], [ 138142.236942252842709, 454162.870204726641532, 0.0 ], [ 138137.966428718500538, 454160.153168756747618, 0.0 ], [ 138151.493974677869119, 454180.711272237473167, 0.0 ] ] ] ] } },
{ "type": "Feature", "properties": { "fid": 1028, "FUNCTIE": "04_Talut1", "Info": null, "Verhaal": null }, "geometry": { "type": "MultiPolygon", "coordinates": [ [ [ [ 138151.493974677869119, 454180.711272237473167, 0.0 ], [ 138157.771258185617626, 454176.693810793396551, 0.0 ], [ 138154.386863006366184, 454175.644857318082359, 0.0 ], [ 138151.972707659268053, 454177.353274687135126, 0.0 ], [ 138151.493974677869119, 454180.711272237473167, 0.0 ] ] ] ] } },
{ "type": "Feature", "properties": { "fid": 1029, "FUNCTIE": "04_Talut1", "Info": null, "Verhaal": null }, "geometry": { "type": "MultiPolygon", "coordinates": [ [ [ [ 138142.236942252842709, 454162.870204726641532, 0.0 ], [ 138145.567487984051695, 454162.369173861632589, 0.0 ], [ 138146.315215784037719, 454159.776531744981185, 0.0 ], [ 138145.624714598146966, 454158.709393551340327, 0.0 ], [ 138137.966428718500538, 454160.153168756747618, 0.0 ], [ 138142.236942252842709, 454162.870204726641532, 0.0 ] ] ] ] } },
{ "type": "Feature", "properties": { "fid": 1030, "FUNCTIE": "04_Talut1", "Info": null, "Verhaal": null }, "geometry": { "type": "MultiPolygon", "coordinates": [ [ [ [ 138145.567487984051695, 454162.369173861632589, 0.0 ], [ 138154.386863006366184, 454175.644857318082359, 0.0 ], [ 138157.771258185617626, 454176.693810793396551, 0.0 ], [ 138156.861052076972555, 454175.438354090147186, 0.0 ], [ 138156.421642231580336, 454174.747852910251822, 0.0 ], [ 138146.315215784037719, 454159.776531744981185, 0.0 ], [ 138145.567487984051695, 454162.369173861632589, 0.0 ] ] ] ] } },
{ "type": "Feature", "properties": { "fid": 1031, "FUNCTIE": "04_Talut1", "Info": null, "Verhaal": null }, "geometry": { "type": "MultiPolygon", "coordinates": [ [ [ [ 138156.60972300323192, 454178.291952640400268, 0.0 ], [ 138159.061544782278361, 454181.195126730541233, 0.0 ], [ 138161.119421088427771, 454182.350244031753391, 0.0 ], [ 138163.178793434461113, 454183.161555167112965, 0.0 ], [ 138164.552539458905812, 454183.511425844451878, 0.0 ], [ 138165.927282857359387, 454183.632092451211065, 0.0 ], [ 138168.105248126579681, 454183.527092675620224, 0.0 ], [ 138178.314433307008585, 454181.394633517775219, 0.0 ], [ 138181.927706275571836, 454176.483000317704864, 0.0 ], [ 138169.07495114536141, 454179.12652199761942, 0.0 ], [ 138166.809846739197383, 454179.116533120919485, 0.0 ], [ 138165.709653112193337, 454179.111681387352291, 0.0 ], [ 138163.705107341404073, 454178.714535466511734, 0.0 ], [ 138162.930202768504387, 454178.319825371028855, 0.0 ], [ 138161.25373630435206, 454176.89163004339207, 0.0 ], [ 138160.957826112920884, 454176.53336663643131, 0.0 ], [ 138159.965304851619294, 454175.526876822405029, 0.0 ], [ 138159.190537604503334, 454175.100594313174952, 0.0 ], [ 138157.397765285568312, 454175.092688267468475, 0.0 ], [ 138158.62158324563643, 454176.952829832094721, 0.0 ], [ 138156.60972300323192, 454178.291952640400268, 0.0 ] ] ] ] } },
{ "type": "Feature", "properties": { "fid": 1032, "FUNCTIE": "04_Talut1", "Info": null, "Verhaal": null }, "geometry": { "type": "MultiPolygon", "coordinates": [ [ [ [ 138178.314433307008585, 454181.394633517775219, 0.0 ], [ 138194.375274269317742, 454204.042484786245041, 0.0 ], [ 138181.927706275571836, 454176.483000317704864, 0.0 ], [ 138178.314433307008585, 454181.394633517775219, 0.0 ] ] ] ] } },
{ "type": "Feature", "properties": { "fid": 1033, "FUNCTIE": "04_Talut1", "Info": null, "Verhaal": null }, "geometry": { "type": "MultiPolygon", "coordinates": [ [ [ [ 138186.41941561998101, 454175.584264890407212, 0.0 ], [ 138198.507480029918952, 454202.570851238793693, 0.0 ], [ 138191.274595678405603, 454179.159702453238424, 0.0 ], [ 138186.41941561998101, 454175.584264890407212, 0.0 ] ] ] ] } },
{ "type": "Feature", "properties": { "fid": 1034, "FUNCTIE": "04_Talut1", "Info": null, "Verhaal": null }, "geometry": { "type": "MultiPolygon", "coordinates": [ [ [ [ 138186.41941561998101, 454175.584264890407212, 0.0 ], [ 138191.274595678405603, 454179.159702453238424, 0.0 ], [ 138192.458996997709619, 454174.375819446868263, 0.0 ], [ 138186.41941561998101, 454175.584264890407212, 0.0 ] ] ] ] } },
{ "type": "Feature", "properties": { "fid": 1035, "FUNCTIE": "04_Talut1", "Info": null, "Verhaal": null }, "geometry": { "type": "MultiPolygon", "coordinates": [ [ [ [ 138202.305254874576349, 454225.279229602601845, 0.0 ], [ 138233.501301210490055, 454219.91577881120611, 0.0 ], [ 138237.134249600465409, 454214.503605881822295, 0.0 ], [ 138202.305254874576349, 454225.279229602601845, 0.0 ] ] ] ] } },
{ "type": "Feature", "properties": { "fid": 1036, "FUNCTIE": "04_Talut1", "Info": null, "Verhaal": null }, "geometry": { "type": "MultiPolygon", "coordinates": [ [ [ [ 138200.948964261391666, 454220.918289273511618, 0.0 ], [ 138235.985955475276569, 454210.680202392453793, 0.0 ], [ 138229.657149759616004, 454207.865392955078278, 0.0 ], [ 138200.948964261391666, 454220.918289273511618, 0.0 ] ] ] ] } },
{ "type": "Feature", "properties": { "fid": 1037, "FUNCTIE": "04_Talut1", "Info": null, "Verhaal": null }, "geometry": { "type": "MultiPolygon", "coordinates": [ [ [ [ 138229.657149759616004, 454207.865392955078278, 0.0 ], [ 138235.985955475276569, 454210.680202392453793, 0.0 ], [ 138236.312638785864692, 454209.969748953939416, 0.0 ], [ 138236.31601799002965, 454209.193152306834236, 0.0 ], [ 138235.933065554389032, 454207.961828756670002, 0.0 ], [ 138235.421242038806668, 454206.600501701876055, 0.0 ], [ 138234.97188285732409, 454205.75719110557111, 0.0 ], [ 138233.568850345036481, 454204.391934261017013, 0.0 ], [ 138192.458996997709619, 454174.375819446868263, 0.0 ], [ 138191.274595678405603, 454179.159702453238424, 0.0 ], [ 138229.657149759616004, 454207.865392955078278, 0.0 ] ] ] ] } },
{ "type": "Feature", "properties": { "fid": 1038, "FUNCTIE": "05_Talut2", "Info": null, "Verhaal": null }, "geometry": { "type": "MultiPolygon", "coordinates": [ [ [ [ 138198.238466370268725, 454297.748230276803952, 0.0 ], [ 138233.008198747353163, 454270.336750136862975, 0.0 ], [ 138228.260159822151763, 454265.533788762055337, 0.0 ], [ 138198.333642680518096, 454288.609225317894015, 0.0 ], [ 138198.238466370268725, 454297.748230276803952, 0.0 ] ] ] ] } },
{ "type": "Feature", "properties": { "fid": 1039, "FUNCTIE": "04_Talut1", "Info": null, "Verhaal": null }, "geometry": { "type": "MultiPolygon", "coordinates": [ [ [ [ 138220.96990472683683, 454261.891616053238977, 0.0 ], [ 138197.671531994157704, 454280.082780257856939, 0.0 ], [ 138196.969953996449476, 454282.927267235470936, 0.0 ], [ 138196.658576465735678, 454285.077758917177562, 0.0 ], [ 138196.79932724867831, 454286.206558310310356, 0.0 ], [ 138225.000753922184231, 454263.959116701735184, 0.0 ], [ 138224.489469739055494, 454262.938570420257747, 0.0 ], [ 138223.392136904149083, 454262.612150142085738, 0.0 ], [ 138221.398012884077616, 454262.273719795106445, 0.0 ], [ 138220.96990472683683, 454261.891616053238977, 0.0 ] ] ] ] } },
{ "type": "Feature", "properties": { "fid": 1040, "FUNCTIE": "04_Talut1", "Info": null, "Verhaal": null }, "geometry": { "type": "MultiPolygon", "coordinates": [ [ [ [ 138224.489469739055494, 454262.938570420257747, 0.0 ], [ 138225.000753922184231, 454263.959116701735184, 0.0 ], [ 138227.001689901633654, 454265.308379830559716, 0.0 ], [ 138227.489205336925806, 454264.928717808623333, 0.0 ], [ 138224.489469739055494, 454262.938570420257747, 0.0 ] ] ] ] } },
{ "type": "Feature", "properties": { "fid": 1041, "FUNCTIE": "05_Talut2", "Info": null, "Verhaal": null }, "geometry": { "type": "MultiPolygon", "coordinates": [ [ [ [ 138228.260159822151763, 454265.533788762055337, 0.0 ], [ 138233.008198747353163, 454270.336750136862975, 0.0 ], [ 138236.271653899893863, 454264.008805196208414, 0.0 ], [ 138230.860052940639434, 454260.645920360926539, 0.0 ], [ 138228.260159822151763, 454265.533788762055337, 0.0 ] ] ] ] } },
{ "type": "Feature", "properties": { "fid": 1042, "FUNCTIE": "04_Talut1", "Info": null, "Verhaal": null }, "geometry": { "type": "MultiPolygon", "coordinates": [ [ [ [ 138223.478609982645139, 454258.206689729879145, 0.0 ], [ 138221.398012884077616, 454262.273719795106445, 0.0 ], [ 138223.392136904149083, 454262.612150142085738, 0.0 ], [ 138225.713001173047815, 454258.302493556810077, 0.0 ], [ 138223.478609982645139, 454258.206689729879145, 0.0 ] ] ] ] } },
{ "type": "Feature", "properties": { "fid": 1043, "FUNCTIE": "04_Talut1", "Info": null, "Verhaal": null }, "geometry": { "type": "MultiPolygon", "coordinates": [ [ [ [ 138229.82824901866843, 454260.727324692008551, 0.0 ], [ 138230.860052940639434, 454260.645920360926539, 0.0 ], [ 138236.271653899893863, 454264.008805196208414, 0.0 ], [ 138234.664144085982116, 454261.607164614426438, 0.0 ], [ 138226.630437796586193, 454257.01724080130225, 0.0 ], [ 138222.452415943233063, 454256.998821269487962, 0.0 ], [ 138223.478609982645139, 454258.206689729879145, 0.0 ], [ 138225.713001173047815, 454258.302493556810077, 0.0 ], [ 138229.82824901866843, 454260.727324692008551, 0.0 ] ] ] ] } },
{ "type": "Feature", "properties": { "fid": 1044, "FUNCTIE": "04_Talut1", "Info": null, "Verhaal": null }, "geometry": { "type": "MultiPolygon", "coordinates": [ [ [ [ 138226.630437796586193, 454257.01724080130225, 0.0 ], [ 138228.582027602213202, 454253.845577956584748, 0.0 ], [ 138226.004893202887615, 454250.482042985793669, 0.0 ], [ 138222.452415943233063, 454256.998821269487962, 0.0 ], [ 138226.630437796586193, 454257.01724080130225, 0.0 ] ] ] ] } },
{ "type": "Feature", "properties": { "fid": 1045, "FUNCTIE": "04_Talut1", "Info": null, "Verhaal": null }, "geometry": { "type": "MultiPolygon", "coordinates": [ [ [ [ 138226.004893202887615, 454250.482042985793669, 0.0 ], [ 138228.582027602213202, 454253.845577956584748, 0.0 ], [ 138236.4258690555871, 454258.314330411958508, 0.0 ], [ 138239.532292492105626, 454258.328025562048424, 0.0 ], [ 138233.346090396895306, 454255.585644375823904, 0.0 ], [ 138232.862766347738216, 454254.723982046823949, 0.0 ], [ 138231.218389664194547, 454253.706852460512891, 0.0 ], [ 138226.004893202887615, 454250.482042985793669, 0.0 ] ] ] ] } },
{ "type": "Feature", "properties": { "fid": 1046, "FUNCTIE": "04_Talut1", "Info": null, "Verhaal": null }, "geometry": { "type": "MultiPolygon", "coordinates": [ [ [ [ 138229.909407833096338, 454242.075848883134313, 0.0 ], [ 138234.74604598278529, 454242.78479826671537, 0.0 ], [ 138236.224931487085996, 454239.267240125569515, 0.0 ], [ 138233.432110855617793, 454235.816801426408347, 0.0 ], [ 138229.909407833096338, 454242.075848883134313, 0.0 ] ] ] ] } },
{ "type": "Feature", "properties": { "fid": 1047, "FUNCTIE": "04_Talut1", "Info": null, "Verhaal": null }, "geometry": { "type": "MultiPolygon", "coordinates": [ [ [ [ 138231.26598185687908, 454242.769455017754808, 0.0 ], [ 138228.788787837984273, 454247.131694536481518, 0.0 ], [ 138230.524248828674899, 454246.720029369229451, 0.0 ], [ 138232.741351695527555, 454243.119772318983451, 0.0 ], [ 138231.26598185687908, 454242.769455017754808, 0.0 ] ] ] ] } },
{ "type": "Feature", "properties": { "fid": 1048, "FUNCTIE": "05_Talut2", "Info": null, "Verhaal": null }, "geometry": { "type": "MultiPolygon", "coordinates": [ [ [ [ 138233.346090396895306, 454255.585644375823904, 0.0 ], [ 138239.532292492105626, 454258.328025562048424, 0.0 ], [ 138244.100508458679542, 454249.611282031866722, 0.0 ], [ 138239.004288009891752, 454245.811932009470183, 0.0 ], [ 138233.346090396895306, 454255.585644375823904, 0.0 ] ] ] ] } },
{ "type": "Feature", "properties": { "fid": 1049, "FUNCTIE": "04_Talut1", "Info": null, "Verhaal": null }, "geometry": { "type": "MultiPolygon", "coordinates": [ [ [ [ 138229.909407833096338, 454242.075848883134313, 0.0 ], [ 138231.26598185687908, 454242.769455017754808, 0.0 ], [ 138232.741351695527555, 454243.119772318983451, 0.0 ], [ 138237.886905976862181, 454245.807005638373084, 0.0 ], [ 138239.004288009891752, 454245.811932009470183, 0.0 ], [ 138244.100508458679542, 454249.611282031866722, 0.0 ], [ 138242.946095320367021, 454247.194111696328036, 0.0 ], [ 138234.74604598278529, 454242.78479826671537, 0.0 ], [ 138229.909407833096338, 454242.075848883134313, 0.0 ] ] ] ] } },
{ "type": "Feature", "properties": { "fid": 1050, "FUNCTIE": "04_Talut1", "Info": null, "Verhaal": null }, "geometry": { "type": "MultiPolygon", "coordinates": [ [ [ [ 138236.224931487085996, 454239.267240125569515, 0.0 ], [ 138244.578872190293623, 454243.788802747963928, 0.0 ], [ 138247.361708924552659, 454243.801071947440505, 0.0 ], [ 138241.173856397945201, 454241.051098751428071, 0.0 ], [ 138240.747647107287776, 454240.232664933835622, 0.0 ], [ 138235.870173661562148, 454237.288754036359023, 0.0 ], [ 138234.7748440830037, 454236.166534063639119, 0.0 ], [ 138233.432110855617793, 454235.816801426408347, 0.0 ], [ 138236.224931487085996, 454239.267240125569515, 0.0 ] ] ] ] } },
{ "type": "Feature", "properties": { "fid": 1051, "FUNCTIE": "05_Talut2", "Info": null, "Verhaal": null }, "geometry": { "type": "MultiPolygon", "coordinates": [ [ [ [ 138241.173856397945201, 454241.051098751428071, 0.0 ], [ 138247.361708924552659, 454243.801071947440505, 0.0 ], [ 138249.905670183390612, 454239.217335648892913, 0.0 ], [ 138244.161137459886959, 454235.67759621219011, 0.0 ], [ 138241.173856397945201, 454241.051098751428071, 0.0 ] ] ] ] } },
{ "type": "Feature", "properties": { "fid": 1052, "FUNCTIE": "05_Talut2", "Info": null, "Verhaal": null }, "geometry": { "type": "MultiPolygon", "coordinates": [ [ [ [ 138246.806985146075021, 454230.45353646564763, 0.0 ], [ 138253.425738130463287, 454233.408268673636485, 0.0 ], [ 138254.859370386373485, 454231.149472697288729, 0.0 ], [ 138255.902922340843361, 454229.297486963798292, 0.0 ], [ 138256.440326647018082, 454227.972764550126158, 0.0 ], [ 138256.885030649573309, 454226.692888071935158, 0.0 ], [ 138257.739306251431117, 454223.719644250290003, 0.0 ], [ 138258.203425388695905, 454221.170737946406007, 0.0 ], [ 138258.474848102894612, 454218.286607764544897, 0.0 ], [ 138251.588566361431731, 454218.018609174410813, 0.0 ], [ 138250.812750656652497, 454218.530906914966181, 0.0 ], [ 138250.887061010871548, 454222.485076798941009, 0.0 ], [ 138250.529099820996635, 454223.958543987304438, 0.0 ], [ 138249.965403587179026, 454225.489371386705898, 0.0 ], [ 138249.315656099264743, 454226.775803023716435, 0.0 ], [ 138247.843618984275963, 454229.26195259205997, 0.0 ], [ 138246.806985146075021, 454230.45353646564763, 0.0 ] ] ] ] } },
{ "type": "Feature", "properties": { "fid": 1053, "FUNCTIE": "04_Talut1", "Info": null, "Verhaal": null }, "geometry": { "type": "MultiPolygon", "coordinates": [ [ [ [ 138234.7748440830037, 454236.166534063639119, 0.0 ], [ 138235.870173661562148, 454237.288754036359023, 0.0 ], [ 138238.285319774149684, 454233.259605586295947, 0.0 ], [ 138236.53492319045472, 454233.251888004131615, 0.0 ], [ 138234.7748440830037, 454236.166534063639119, 0.0 ] ] ] ] } },
{ "type": "Feature", "properties": { "fid": 1054, "FUNCTIE": "04_Talut1", "Info": null, "Verhaal": null }, "geometry": { "type": "MultiPolygon", "coordinates": [ [ [ [ 138236.53492319045472, 454233.251888004131615, 0.0 ], [ 138238.285319774149684, 454233.259605586295947, 0.0 ], [ 138243.259342060337076, 454235.860129767796025, 0.0 ], [ 138244.161137459886959, 454235.67759621219011, 0.0 ], [ 138249.905670183390612, 454239.217335648892913, 0.0 ], [ 138248.427542552468367, 454236.828400627360679, 0.0 ], [ 138240.181198346690508, 454232.13619610236492, 0.0 ], [ 138235.452254528034246, 454232.473536339472048, 0.0 ], [ 138236.53492319045472, 454233.251888004131615, 0.0 ] ] ] ] } },
{ "type": "Feature", "properties": { "fid": 1055, "FUNCTIE": "04_Talut1", "Info": null, "Verhaal": null }, "geometry": { "type": "MultiPolygon", "coordinates": [ [ [ [ 138240.181198346690508, 454232.13619610236492, 0.0 ], [ 138241.9657049664238, 454228.72031753504416, 0.0 ], [ 138239.264830717089353, 454225.442190726753324, 0.0 ], [ 138235.452254528034246, 454232.473536339472048, 0.0 ], [ 138240.181198346690508, 454232.13619610236492, 0.0 ] ] ] ] } },
{ "type": "Feature", "properties": { "fid": 1056, "FUNCTIE": "04_Talut1", "Info": null, "Verhaal": null }, "geometry": { "type": "MultiPolygon", "coordinates": [ [ [ [ 138239.264830717089353, 454225.442190726753324, 0.0 ], [ 138241.9657049664238, 454228.72031753504416, 0.0 ], [ 138250.188474270806182, 454233.717583590943832, 0.0 ], [ 138253.425738130463287, 454233.408268673636485, 0.0 ], [ 138246.806985146075021, 454230.45353646564763, 0.0 ], [ 138246.209079577267403, 454229.58642359188525, 0.0 ], [ 138241.971688929421362, 454227.345094138814602, 0.0 ], [ 138240.553073502960615, 454225.687797759776004, 0.0 ], [ 138239.264830717089353, 454225.442190726753324, 0.0 ] ] ] ] } },
{ "type": "Feature", "properties": { "fid": 1057, "FUNCTIE": "04_Talut1", "Info": null, "Verhaal": null }, "geometry": { "type": "MultiPolygon", "coordinates": [ [ [ [ 138240.553073502960615, 454225.687797759776004, 0.0 ], [ 138241.971688929421362, 454227.345094138814602, 0.0 ], [ 138242.500895128760021, 454226.695235122228041, 0.0 ], [ 138243.592107417032821, 454225.032435438421089, 0.0 ], [ 138244.025128166336799, 454224.304960587527603, 0.0 ], [ 138244.669445317937061, 454222.973380582232494, 0.0 ], [ 138244.700640535156708, 454222.468952609691769, 0.0 ], [ 138244.769923855055822, 454221.031323718372732, 0.0 ], [ 138244.804565515049035, 454219.697619814076461, 0.0 ], [ 138243.326661528612021, 454220.388866866473109, 0.0 ], [ 138243.107124177680817, 454221.550948621181305, 0.0 ], [ 138242.454421218280913, 454223.307426496525295, 0.0 ], [ 138241.329559488163795, 454225.021528918412514, 0.0 ], [ 138240.553073502960615, 454225.687797759776004, 0.0 ] ] ] ] } },
{ "type": "Feature", "properties": { "fid": 1058, "FUNCTIE": "04_Talut1", "Info": null, "Verhaal": null }, "geometry": { "type": "MultiPolygon", "coordinates": [ [ [ [ 138242.050553549372125, 454220.355811350629665, 0.0 ], [ 138243.326661528612021, 454220.388866866473109, 0.0 ], [ 138244.804565515049035, 454219.697619814076461, 0.0 ], [ 138250.254123948630877, 454218.629932771669701, 0.0 ], [ 138250.812750656652497, 454218.530906914966181, 0.0 ], [ 138251.588566361431731, 454218.018609174410813, 0.0 ], [ 138258.474848102894612, 454218.286607764544897, 0.0 ], [ 138254.924981657823082, 454216.070556463266257, 0.0 ], [ 138246.863427153148223, 454217.482056097011082, 0.0 ], [ 138242.050553549372125, 454220.355811350629665, 0.0 ] ] ] ] } },
{ "type": "Feature", "properties": { "fid": 1059, "FUNCTIE": "04_Talut1", "Info": null, "Verhaal": null }, "geometry": { "type": "MultiPolygon", "coordinates": [ [ [ [ 138242.050553549372125, 454220.355811350629665, 0.0 ], [ 138246.863427153148223, 454217.482056097011082, 0.0 ], [ 138245.848453818820417, 454213.69564464665018, 0.0 ], [ 138243.098081909527536, 454212.264785598730668, 0.0 ], [ 138242.112609539646655, 454212.969806126900949, 0.0 ], [ 138242.02753924872377, 454214.509676814253908, 0.0 ], [ 138242.050553549372125, 454220.355811350629665, 0.0 ] ] ] ] } },
{ "type": "Feature", "properties": { "fid": 1060, "FUNCTIE": "04_Talut1", "Info": null, "Verhaal": null }, "geometry": { "type": "MultiPolygon", "coordinates": [ [ [ [ 138253.905840400897432, 454212.312441101181321, 0.0 ], [ 138256.956836781435413, 454210.1902130022645, 0.0 ], [ 138250.933062180352863, 454211.91304972814396, 0.0 ], [ 138250.025990567257395, 454211.565237759670708, 0.0 ], [ 138249.627743870281847, 454211.642092215246521, 0.0 ], [ 138244.800651305151405, 454212.573634297586977, 0.0 ], [ 138244.71238679549424, 454213.104614841169678, 0.0 ], [ 138245.848453818820417, 454213.69564464665018, 0.0 ], [ 138253.905840400897432, 454212.312441101181321, 0.0 ] ] ] ] } },
{ "type": "Feature", "properties": { "fid": 1061, "FUNCTIE": "04_Talut1", "Info": null, "Verhaal": null }, "geometry": { "type": "MultiPolygon", "coordinates": [ [ [ [ 138243.098081909527536, 454212.264785598730668, 0.0 ], [ 138244.71238679549424, 454213.104614841169678, 0.0 ], [ 138244.800651305151405, 454212.573634297586977, 0.0 ], [ 138244.71884478253196, 454211.620446963759605, 0.0 ], [ 138244.458148915582569, 454210.898638187965844, 0.0 ], [ 138244.00780733616557, 454209.235838513297495, 0.0 ], [ 138243.626749076851411, 454208.404438677011058, 0.0 ], [ 138242.806311717315111, 454206.462170968356077, 0.0 ], [ 138241.65997240881552, 454208.348084235447459, 0.0 ], [ 138242.241082679014653, 454209.253159341402352, 0.0 ], [ 138242.674103428318631, 454210.275088315363973, 0.0 ], [ 138243.102072678739205, 454211.347633119556122, 0.0 ], [ 138243.098081909527536, 454212.264785598730668, 0.0 ] ] ] ] } },
{ "type": "Feature", "properties": { "fid": 1062, "FUNCTIE": "05_Talut2", "Info": null, "Verhaal": null }, "geometry": { "type": "MultiPolygon", "coordinates": [ [ [ [ 138250.933062180352863, 454211.91304972814396, 0.0 ], [ 138256.956836781435413, 454210.1902130022645, 0.0 ], [ 138256.959934300393797, 454209.478332967380993, 0.0 ], [ 138256.260717890254455, 454206.562957483227365, 0.0 ], [ 138255.54348009795649, 454204.541893590881955, 0.0 ], [ 138254.46609787302441, 454202.542552541533951, 0.0 ], [ 138253.308793071453692, 454200.790074005373754, 0.0 ], [ 138247.103394040866988, 454203.35141543019563, 0.0 ], [ 138248.93545718898531, 454206.145384924951941, 0.0 ], [ 138250.03795836478821, 454208.814791876298841, 0.0 ], [ 138250.933062180352863, 454211.91304972814396, 0.0 ] ] ] ] } },
{ "type": "Feature", "properties": { "fid": 1063, "FUNCTIE": "04_Talut1", "Info": null, "Verhaal": null }, "geometry": { "type": "MultiPolygon", "coordinates": [ [ [ [ 138241.65997240881552, 454208.348084235447459, 0.0 ], [ 138242.806311717315111, 454206.462170968356077, 0.0 ], [ 138246.920897753094323, 454204.27418498985935, 0.0 ], [ 138247.103394040866988, 454203.35141543019563, 0.0 ], [ 138253.308793071453692, 454200.790074005373754, 0.0 ], [ 138250.851232642016839, 454200.390931600646582, 0.0 ], [ 138242.813452864735154, 454204.821004069643095, 0.0 ], [ 138240.188658903847681, 454208.692487429827452, 0.0 ], [ 138241.65997240881552, 454208.348084235447459, 0.0 ] ] ] ] } },
{ "type": "Feature", "properties": { "fid": 1064, "FUNCTIE": "04_Talut1", "Info": null, "Verhaal": null }, "geometry": { "type": "MultiPolygon", "coordinates": [ [ [ [ 138240.188658903847681, 454208.692487429827452, 0.0 ], [ 138242.813452864735154, 454204.821004069643095, 0.0 ], [ 138241.327978456683923, 454201.337711054307874, 0.0 ], [ 138236.478681104781572, 454201.55718971270835, 0.0 ], [ 138240.188658903847681, 454208.692487429827452, 0.0 ] ] ] ] } },
{ "type": "Feature", "properties": { "fid": 1065, "FUNCTIE": "04_Talut1", "Info": null, "Verhaal": null }, "geometry": { "type": "MultiPolygon", "coordinates": [ [ [ [ 138236.478681104781572, 454201.55718971270835, 0.0 ], [ 138241.327978456683923, 454201.337711054307874, 0.0 ], [ 138249.181259599135956, 454197.471275376912672, 0.0 ], [ 138250.485176002926892, 454195.276626570906956, 0.0 ], [ 138244.450996679835953, 454198.809486614423804, 0.0 ], [ 138243.478217454219703, 454198.805197053879965, 0.0 ], [ 138241.697024590626825, 454199.832824581710156, 0.0 ], [ 138237.193104007310467, 454200.977881389902905, 0.0 ], [ 138236.478681104781572, 454201.55718971270835, 0.0 ] ] ] ] } },
{ "type": "Feature", "properties": { "fid": 1066, "FUNCTIE": "04_Talut1", "Info": null, "Verhaal": null }, "geometry": { "type": "MultiPolygon", "coordinates": [ [ [ [ 138237.193104007310467, 454200.977881389902905, 0.0 ], [ 138241.697024590626825, 454199.832824581710156, 0.0 ], [ 138241.478966160066193, 454199.345644598826766, 0.0 ], [ 138241.184512050531339, 454198.808698872744571, 0.0 ], [ 138240.673057743202662, 454198.113292471214663, 0.0 ], [ 138239.991428660956444, 454197.430751789186615, 0.0 ], [ 138232.443459859350696, 454191.896470290434081, 0.0 ], [ 138230.419205832586158, 454196.029471854388248, 0.0 ], [ 138237.193104007310467, 454200.977881389902905, 0.0 ] ] ] ] } },
{ "type": "Feature", "properties": { "fid": 1067, "FUNCTIE": "05_Talut2", "Info": null, "Verhaal": null }, "geometry": { "type": "MultiPolygon", "coordinates": [ [ [ [ 138233.944062942697201, 454189.120229939115234, 0.0 ], [ 138242.795349238032941, 454196.05468690500129, 0.0 ], [ 138243.290606794995256, 454196.60397091426421, 0.0 ], [ 138244.261069279658841, 454197.837884918320924, 0.0 ], [ 138244.450996679835953, 454198.809486614423804, 0.0 ], [ 138250.485176002926892, 454195.276626570906956, 0.0 ], [ 138250.488555143412668, 454194.500030228460673, 0.0 ], [ 138249.515831267373869, 454192.902295852778479, 0.0 ], [ 138248.060881549754413, 454191.256817006564233, 0.0 ], [ 138238.495663837413304, 454184.221762962348294, 0.0 ], [ 138233.944062942697201, 454189.120229939115234, 0.0 ] ] ] ] } },
{ "type": "Feature", "properties": { "fid": 1068, "FUNCTIE": "04_Talut1", "Info": null, "Verhaal": null }, "geometry": { "type": "MultiPolygon", "coordinates": [ [ [ [ 138230.419205832586158, 454196.029471854388248, 0.0 ], [ 138232.443459859350696, 454191.896470290434081, 0.0 ], [ 138233.631084242311772, 454190.089614046213683, 0.0 ], [ 138233.944062942697201, 454189.120229939115234, 0.0 ], [ 138238.495663837413304, 454184.221762962348294, 0.0 ], [ 138235.712826874252642, 454185.408925991738215, 0.0 ], [ 138230.045546283421572, 454192.662507688452024, 0.0 ], [ 138229.507815298449714, 454197.255087859230116, 0.0 ], [ 138230.419205832586158, 454196.029471854388248, 0.0 ] ] ] ] } },
{ "type": "Feature", "properties": { "fid": 1069, "FUNCTIE": "04_Talut1", "Info": null, "Verhaal": null }, "geometry": { "type": "MultiPolygon", "coordinates": [ [ [ [ 138229.507815298449714, 454197.255087859230116, 0.0 ], [ 138230.045546283421572, 454192.662507688452024, 0.0 ], [ 138226.920166280789999, 454190.433701901405584, 0.0 ], [ 138223.378834611474304, 454192.827262467413675, 0.0 ], [ 138229.507815298449714, 454197.255087859230116, 0.0 ] ] ] ] } },
{ "type": "Feature", "properties": { "fid": 1070, "FUNCTIE": "04_Talut1", "Info": null, "Verhaal": null }, "geometry": { "type": "MultiPolygon", "coordinates": [ [ [ [ 138223.378834611474304, 454192.827262467413675, 0.0 ], [ 138226.920166280789999, 454190.433701901405584, 0.0 ], [ 138232.675345910422038, 454183.225332197383977, 0.0 ], [ 138233.012730076326989, 454180.055657010816503, 0.0 ], [ 138230.073424946254818, 454186.255586164304987, 0.0 ], [ 138228.843799171998398, 454186.25016378069995, 0.0 ], [ 138225.524983842828078, 454190.427549523825292, 0.0 ], [ 138224.031638311076676, 454191.535788541543297, 0.0 ], [ 138223.378834611474304, 454192.827262467413675, 0.0 ] ] ] ] } },
{ "type": "Feature", "properties": { "fid": 1071, "FUNCTIE": "04_Talut1", "Info": null, "Verhaal": null }, "geometry": { "type": "MultiPolygon", "coordinates": [ [ [ [ 138224.031638311076676, 454191.535788541543297, 0.0 ], [ 138225.524983842828078, 454190.427549523825292, 0.0 ], [ 138220.427471244387561, 454186.924943478545174, 0.0 ], [ 138220.031952089979313, 454188.581588586559519, 0.0 ], [ 138224.031638311076676, 454191.535788541543297, 0.0 ] ] ] ] } },
{ "type": "Feature", "properties": { "fid": 1072, "FUNCTIE": "05_Talut2", "Info": null, "Verhaal": null }, "geometry": { "type": "MultiPolygon", "coordinates": [ [ [ [ 138223.427552299981471, 454181.631328014889732, 0.0 ], [ 138230.073424946254818, 454186.255586164304987, 0.0 ], [ 138233.012730076326989, 454180.055657010816503, 0.0 ], [ 138228.045561566774268, 454176.344848340086173, 0.0 ], [ 138223.427552299981471, 454181.631328014889732, 0.0 ] ] ] ] } },
{ "type": "Feature", "properties": { "fid": 1073, "FUNCTIE": "04_Talut1", "Info": null, "Verhaal": null }, "geometry": { "type": "MultiPolygon", "coordinates": [ [ [ [ 138223.7477588217007, 454182.409351540089119, 0.0 ], [ 138223.427552299981471, 454181.631328014889732, 0.0 ], [ 138228.045561566774268, 454176.344848340086173, 0.0 ], [ 138225.353190521564102, 454177.630461946246214, 0.0 ], [ 138219.724312226957409, 454184.91559621138731, 0.0 ], [ 138219.44573110161582, 454189.444601820490789, 0.0 ], [ 138220.031952089979313, 454188.581588586559519, 0.0 ], [ 138220.427471244387561, 454186.924943478545174, 0.0 ], [ 138223.7477588217007, 454182.409351540089119, 0.0 ] ] ] ] } },
{ "type": "Feature", "properties": { "fid": 1074, "FUNCTIE": "04_Talut1", "Info": null, "Verhaal": null }, "geometry": { "type": "MultiPolygon", "coordinates": [ [ [ [ 138219.724312226957409, 454184.91559621138731, 0.0 ], [ 138216.82105109479744, 454182.831829219940118, 0.0 ], [ 138212.735420817160048, 454184.755341275536921, 0.0 ], [ 138219.44573110161582, 454189.444601820490789, 0.0 ], [ 138219.724312226957409, 454184.91559621138731, 0.0 ] ] ] ] } },
{ "type": "Feature", "properties": { "fid": 1075, "FUNCTIE": "04_Talut1", "Info": null, "Verhaal": null }, "geometry": { "type": "MultiPolygon", "coordinates": [ [ [ [ 138212.735420817160048, 454184.755341275536921, 0.0 ], [ 138216.82105109479744, 454182.831829219940118, 0.0 ], [ 138222.28995919728186, 454175.348702181479894, 0.0 ], [ 138222.757341163814999, 454172.050164863059763, 0.0 ], [ 138219.040033858822426, 454178.567264541459735, 0.0 ], [ 138217.939842044113902, 454178.562412794562988, 0.0 ], [ 138214.68538439591066, 454182.822411270695738, 0.0 ], [ 138213.387661565648159, 454183.593300119508058, 0.0 ], [ 138212.735420817160048, 454184.755341275536921, 0.0 ] ] ] ] } },
{ "type": "Feature", "properties": { "fid": 1076, "FUNCTIE": "04_Talut1", "Info": null, "Verhaal": null }, "geometry": { "type": "MultiPolygon", "coordinates": [ [ [ [ 137859.225728554272791, 453893.433200856146868, 0.0 ], [ 137847.45691558739054, 453882.469920873350929, 0.0 ], [ 137845.720262165850727, 453883.372518342570402, 0.0 ], [ 137858.365657814312726, 453894.632888342428487, 0.0 ], [ 137859.225728554272791, 453893.433200856146868, 0.0 ] ] ] ] } },
{ "type": "Feature", "properties": { "fid": 1077, "FUNCTIE": "04_Talut1", "Info": null, "Verhaal": null }, "geometry": { "type": "MultiPolygon", "coordinates": [ [ [ [ 138264.819840690266574, 454299.156343322363682, 0.0 ], [ 138269.244983299693558, 454297.243153415096458, 0.0 ], [ 138323.648021146917017, 454195.621471055608708, 0.0 ], [ 138321.248752903949935, 454193.497903130191844, 0.0 ], [ 138264.819840690266574, 454299.156343322363682, 0.0 ] ] ] ] } },
{ "type": "Feature", "properties": { "fid": 1078, "FUNCTIE": "04_Talut1", "Info": null, "Verhaal": null }, "geometry": { "type": "MultiPolygon", "coordinates": [ [ [ [ 138318.378155501850415, 454194.262435808428563, 0.0 ], [ 138315.975188560056267, 454192.988904101250228, 0.0 ], [ 138259.780514694168232, 454297.528471534373239, 0.0 ], [ 138262.067306778946659, 454299.144210160709918, 0.0 ], [ 138318.378155501850415, 454194.262435808428563, 0.0 ] ] ] ] } },
{ "type": "Feature", "properties": { "fid": 1079, "FUNCTIE": "04_Talut1", "Info": null, "Verhaal": null }, "geometry": { "type": "MultiPolygon", "coordinates": [ [ [ [ 138253.243245289602783, 454297.499655119783711, 0.0 ], [ 138254.737446447717957, 454296.760487725143321, 0.0 ], [ 138309.199399219301995, 454195.063917819934431, 0.0 ], [ 138308.052512391557684, 454195.058860466408078, 0.0 ], [ 138253.243245289602783, 454297.499655119783711, 0.0 ] ] ] ] } },
{ "type": "Feature", "properties": { "fid": 1080, "FUNCTIE": "04_Talut1", "Info": null, "Verhaal": null }, "geometry": { "type": "MultiPolygon", "coordinates": [ [ [ [ 138308.052512391557684, 454195.058860466408078, 0.0 ], [ 138309.199399219301995, 454195.063917819934431, 0.0 ], [ 138177.613025198050309, 454097.835214775288478, 0.0 ], [ 138172.114850997953909, 454094.473408950841986, 0.0 ], [ 138308.052512391557684, 454195.058860466408078, 0.0 ] ] ] ] } },
{ "type": "Feature", "properties": { "fid": 1081, "FUNCTIE": "04_Talut1", "Info": null, "Verhaal": null }, "geometry": { "type": "MultiPolygon", "coordinates": [ [ [ [ 138202.569886729877908, 454122.62086315068882, 0.0 ], [ 138303.853760029160185, 454197.07597065489972, 0.0 ], [ 138250.588062101975083, 454298.061400552280247, 0.0 ], [ 138251.866977875208249, 454297.493588507641107, 0.0 ], [ 138304.771581404143944, 454196.850809909461532, 0.0 ], [ 138170.071446577232564, 454095.596774253004696, 0.0 ], [ 138168.791765605012188, 454096.407742231793236, 0.0 ], [ 138202.569886729877908, 454122.62086315068882, 0.0 ] ] ] ] } },
{ "type": "Feature", "properties": { "fid": 1082, "FUNCTIE": "05_Talut2", "Info": null, "Verhaal": null }, "geometry": { "type": "MultiPolygon", "coordinates": [ [ [ [ 138202.305254874576349, 454225.279229602601845, 0.0 ], [ 138237.134249600465409, 454214.503605881822295, 0.0 ], [ 138235.985955475276569, 454210.680202392453793, 0.0 ], [ 138200.948964261391666, 454220.918289273511618, 0.0 ], [ 138202.305254874576349, 454225.279229602601845, 0.0 ] ] ] ] } },
{ "type": "Feature", "properties": { "fid": 1083, "FUNCTIE": "05_Talut2", "Info": null, "Verhaal": null }, "geometry": { "type": "MultiPolygon", "coordinates": [ [ [ [ 138206.037796886754222, 454236.641504518222064, 0.0 ], [ 138213.493458120850846, 454263.390644505212549, 0.0 ], [ 138217.326135068316944, 454260.106939130346291, 0.0 ], [ 138209.487368350906763, 454234.020816677541006, 0.0 ], [ 138206.037796886754222, 454236.641504518222064, 0.0 ] ] ] ] } },
{ "type": "Feature", "properties": { "fid": 1084, "FUNCTIE": "05_Talut2", "Info": null, "Verhaal": null }, "geometry": { "type": "MultiPolygon", "coordinates": [ [ [ [ 138194.375274269317742, 454204.042484786245041, 0.0 ], [ 138198.507480029918952, 454202.570851238793693, 0.0 ], [ 138186.41941561998101, 454175.584264890407212, 0.0 ], [ 138181.927706275571836, 454176.483000317704864, 0.0 ], [ 138194.375274269317742, 454204.042484786245041, 0.0 ] ] ] ] } },
{ "type": "Feature", "properties": { "fid": 1085, "FUNCTIE": "04_Talut1", "Info": null, "Verhaal": null }, "geometry": { "type": "MultiPolygon", "coordinates": [ [ [ [ 138198.238466370268725, 454297.748230276803952, 0.0 ], [ 138198.333642680518096, 454288.609225317894015, 0.0 ], [ 138228.260159822151763, 454265.533788762055337, 0.0 ], [ 138227.489205336925806, 454264.928717808623333, 0.0 ], [ 138227.001689901633654, 454265.308379830559716, 0.0 ], [ 138197.097384679887909, 454288.59693256218452, 0.0 ], [ 138198.238466370268725, 454297.748230276803952, 0.0 ] ] ] ] } },
{ "type": "Feature", "properties": { "fid": 1086, "FUNCTIE": "04_Talut1", "Info": null, "Verhaal": null }, "geometry": { "type": "MultiPolygon", "coordinates": [ [ [ [ 138228.260159822151763, 454265.533788762055337, 0.0 ], [ 138230.860052940639434, 454260.645920360926539, 0.0 ], [ 138229.82824901866843, 454260.727324692008551, 0.0 ], [ 138227.489205336925806, 454264.928717808623333, 0.0 ], [ 138228.260159822151763, 454265.533788762055337, 0.0 ] ] ] ] } },
{ "type": "Feature", "properties": { "fid": 1087, "FUNCTIE": "04_Talut1", "Info": null, "Verhaal": null }, "geometry": { "type": "MultiPolygon", "coordinates": [ [ [ [ 138233.346090396895306, 454255.585644375823904, 0.0 ], [ 138239.004288009891752, 454245.811932009470183, 0.0 ], [ 138237.886905976862181, 454245.807005638373084, 0.0 ], [ 138235.669992808310781, 454249.764415533747524, 0.0 ], [ 138232.862766347738216, 454254.723982046823949, 0.0 ], [ 138233.346090396895306, 454255.585644375823904, 0.0 ] ] ] ] } },
{ "type": "Feature", "properties": { "fid": 1088, "FUNCTIE": "04_Talut1", "Info": null, "Verhaal": null }, "geometry": { "type": "MultiPolygon", "coordinates": [ [ [ [ 138241.173856397945201, 454241.051098751428071, 0.0 ], [ 138244.161137459886959, 454235.67759621219011, 0.0 ], [ 138243.259342060337076, 454235.860129767796025, 0.0 ], [ 138240.747647107287776, 454240.232664933835622, 0.0 ], [ 138241.173856397945201, 454241.051098751428071, 0.0 ] ] ] ] } },
{ "type": "Feature", "properties": { "fid": 1089, "FUNCTIE": "04_Talut1", "Info": null, "Verhaal": null }, "geometry": { "type": "MultiPolygon", "coordinates": [ [ [ [ 138246.806985146075021, 454230.45353646564763, 0.0 ], [ 138247.843618984275963, 454229.26195259205997, 0.0 ], [ 138249.315656099264743, 454226.775803023716435, 0.0 ], [ 138249.965403587179026, 454225.489371386705898, 0.0 ], [ 138250.529099820996635, 454223.958543987304438, 0.0 ], [ 138250.887061010871548, 454222.485076798941009, 0.0 ], [ 138250.89292023863527, 454221.138504171394743, 0.0 ], [ 138250.812750656652497, 454218.530906914966181, 0.0 ], [ 138250.254123948630877, 454218.629932771669701, 0.0 ], [ 138250.243221069104038, 454221.135639493179042, 0.0 ], [ 138249.978119373961817, 454222.567022170056589, 0.0 ], [ 138249.14936116017634, 454225.485773314198013, 0.0 ], [ 138248.471673903113697, 454226.686128684028517, 0.0 ], [ 138246.209079577267403, 454229.58642359188525, 0.0 ], [ 138246.806985146075021, 454230.45353646564763, 0.0 ] ] ] ] } },
{ "type": "Feature", "properties": { "fid": 1090, "FUNCTIE": "05_Talut2", "Info": null, "Verhaal": null }, "geometry": { "type": "MultiPolygon", "coordinates": [ [ [ [ 138237.602960857213475, 454220.363629629544448, 0.0 ], [ 138242.050553549372125, 454220.355811350629665, 0.0 ], [ 138242.011488882999402, 454218.198342313524336, 0.0 ], [ 138242.02753924872377, 454214.509676814253908, 0.0 ], [ 138238.296623714792076, 454215.091189867118374, 0.0 ], [ 138238.294652517448412, 454215.544204590725712, 0.0 ], [ 138238.680702551384456, 454216.063647868460976, 0.0 ], [ 138238.671972967567854, 454218.069855966547038, 0.0 ], [ 138237.602960857213475, 454220.363629629544448, 0.0 ] ] ] ] } },
{ "type": "Feature", "properties": { "fid": 1091, "FUNCTIE": "04_Talut1", "Info": null, "Verhaal": null }, "geometry": { "type": "MultiPolygon", "coordinates": [ [ [ [ 138250.025990567257395, 454211.565237759670708, 0.0 ], [ 138250.933062180352863, 454211.91304972814396, 0.0 ], [ 138250.03795836478821, 454208.814791876298841, 0.0 ], [ 138248.93545718898531, 454206.145384924951941, 0.0 ], [ 138247.103394040866988, 454203.35141543019563, 0.0 ], [ 138246.920897753094323, 454204.27418498985935, 0.0 ], [ 138248.317379017389612, 454206.48647185304435, 0.0 ], [ 138249.393820849480107, 454208.81195159163326, 0.0 ], [ 138250.025990567257395, 454211.565237759670708, 0.0 ] ] ] ] } },
{ "type": "Feature", "properties": { "fid": 1092, "FUNCTIE": "04_Talut1", "Info": null, "Verhaal": null }, "geometry": { "type": "MultiPolygon", "coordinates": [ [ [ [ 138243.478217454219703, 454198.805197053879965, 0.0 ], [ 138244.450996679835953, 454198.809486614423804, 0.0 ], [ 138244.261069279658841, 454197.837884918320924, 0.0 ], [ 138243.290606794995256, 454196.60397091426421, 0.0 ], [ 138242.58687205251772, 454195.888973963505123, 0.0 ], [ 138233.944062942697201, 454189.120229939115234, 0.0 ], [ 138233.631084242311772, 454190.089614046213683, 0.0 ], [ 138242.517930959613295, 454196.859434156795032, 0.0 ], [ 138243.0724825176585, 454197.821411563956644, 0.0 ], [ 138243.478217454219703, 454198.805197053879965, 0.0 ] ] ] ] } },
{ "type": "Feature", "properties": { "fid": 1093, "FUNCTIE": "04_Talut1", "Info": null, "Verhaal": null }, "geometry": { "type": "MultiPolygon", "coordinates": [ [ [ [ 138230.073424946254818, 454186.255586164304987, 0.0 ], [ 138223.427552299981471, 454181.631328014889732, 0.0 ], [ 138223.7477588217007, 454182.409351540089119, 0.0 ], [ 138228.843799171998398, 454186.25016378069995, 0.0 ], [ 138230.073424946254818, 454186.255586164304987, 0.0 ] ] ] ] } },
{ "type": "Feature", "properties": { "fid": 1094, "FUNCTIE": "04_Talut1", "Info": null, "Verhaal": null }, "geometry": { "type": "MultiPolygon", "coordinates": [ [ [ [ 138204.137944841466378, 454167.567254097259138, 0.0 ], [ 138204.134002269245684, 454168.473283552739304, 0.0 ], [ 138217.939842044113902, 454178.562412794562988, 0.0 ], [ 138219.040033858822426, 454178.567264541459735, 0.0 ], [ 138204.137944841466378, 454167.567254097259138, 0.0 ] ] ] ] } },
{ "type": "Feature", "properties": { "fid": 1095, "FUNCTIE": "04_Talut1", "Info": null, "Verhaal": null }, "geometry": { "type": "MultiPolygon", "coordinates": [ [ [ [ 138199.817663141235244, 454163.924013785319403, 0.0 ], [ 138195.417166060768068, 454160.536426728882361, 0.0 ], [ 138195.219125493604224, 454161.509181047498714, 0.0 ], [ 138198.702690838836133, 454164.37212004698813, 0.0 ], [ 138199.817663141235244, 454163.924013785319403, 0.0 ] ] ] ] } },
{ "type": "Feature", "properties": { "fid": 1096, "FUNCTIE": "04_Talut1", "Info": null, "Verhaal": null }, "geometry": { "type": "MultiPolygon", "coordinates": [ [ [ [ 138195.219125493604224, 454161.509181047498714, 0.0 ], [ 138195.417166060768068, 454160.536426728882361, 0.0 ], [ 138189.212489388941322, 454161.935714227671269, 0.0 ], [ 138189.580564184812829, 454162.954912667104509, 0.0 ], [ 138195.219125493604224, 454161.509181047498714, 0.0 ] ] ] ] } },
{ "type": "Feature", "properties": { "fid": 1097, "FUNCTIE": "04_Talut1", "Info": null, "Verhaal": null }, "geometry": { "type": "MultiPolygon", "coordinates": [ [ [ [ 138184.093633029668126, 454163.336927475873381, 0.0 ], [ 138174.829915024689399, 454165.39939705102006, 0.0 ], [ 138175.441208603268024, 454166.211063668015413, 0.0 ], [ 138178.774970460333861, 454165.416795185010415, 0.0 ], [ 138179.381625604175497, 454165.269076741649769, 0.0 ], [ 138183.442236421920825, 454164.304819468525238, 0.0 ], [ 138184.093633029668126, 454163.336927475873381, 0.0 ] ] ] ] } },
{ "type": "Feature", "properties": { "fid": 1098, "FUNCTIE": "04_Talut1", "Info": null, "Verhaal": null }, "geometry": { "type": "MultiPolygon", "coordinates": [ [ [ [ 138169.188633614452556, 454167.874791409121826, 0.0 ], [ 138169.452327901439276, 454166.767111098801252, 0.0 ], [ 138155.46048871811945, 454169.671548845537473, 0.0 ], [ 138155.4573434786289, 454170.394299824605696, 0.0 ], [ 138169.188633614452556, 454167.874791409121826, 0.0 ] ] ] ] } },
{ "type": "Feature", "properties": { "fid": 1099, "FUNCTIE": "04_Talut1", "Info": null, "Verhaal": null }, "geometry": { "type": "MultiPolygon", "coordinates": [ [ [ [ 138233.37229253858095, 454249.563983554136939, 0.0 ], [ 138235.254292889178032, 454250.517871633637697, 0.0 ], [ 138235.669992808310781, 454249.764415533747524, 0.0 ], [ 138233.504889061761787, 454248.387409555434715, 0.0 ], [ 138232.889320508518722, 454248.621425718301907, 0.0 ], [ 138233.37229253858095, 454249.563983554136939, 0.0 ] ] ] ] } },
{ "type": "Feature", "properties": { "fid": 1100, "FUNCTIE": "04_Talut1", "Info": null, "Verhaal": null }, "geometry": { "type": "MultiPolygon", "coordinates": [ [ [ [ 138199.11934955228935, 454304.812776420381851, 0.0 ], [ 138237.503259928023908, 454274.714223153539933, 0.0 ], [ 138233.008198747353163, 454270.336750136862975, 0.0 ], [ 138198.238466370268725, 454297.748230276803952, 0.0 ], [ 138199.11934955228935, 454304.812776420381851, 0.0 ] ] ] ] } },
{ "type": "Feature", "properties": { "fid": 1101, "FUNCTIE": "04_Talut1", "Info": null, "Verhaal": null }, "geometry": { "type": "MultiPolygon", "coordinates": [ [ [ [ 138202.883066830167081, 454160.902362092107069, 0.0 ], [ 138206.356352386355866, 454163.435109291051049, 0.0 ], [ 138209.337848512019264, 454162.41277615580475, 0.0 ], [ 138222.757341163814999, 454172.050164863059763, 0.0 ], [ 138222.28995919728186, 454175.348702181479894, 0.0 ], [ 138225.353190521564102, 454177.630461946246214, 0.0 ], [ 138228.045561566774268, 454176.344848340086173, 0.0 ], [ 138233.012730076326989, 454180.055657010816503, 0.0 ], [ 138232.675345910422038, 454183.225332197383977, 0.0 ], [ 138235.712826874252642, 454185.408925991738215, 0.0 ], [ 138238.495663837413304, 454184.221762962348294, 0.0 ], [ 138248.060881549754413, 454191.256817006564233, 0.0 ], [ 138249.515831267373869, 454192.902295852778479, 0.0 ], [ 138250.488555143412668, 454194.500030228460673, 0.0 ], [ 138250.485176002926892, 454195.276626570906956, 0.0 ], [ 138249.181259599135956, 454197.471275376912672, 0.0 ], [ 138250.851232642016839, 454200.390931600646582, 0.0 ], [ 138253.308793071453692, 454200.790074005373754, 0.0 ], [ 138255.54348009795649, 454204.541893590881955, 0.0 ], [ 138256.260717890254455, 454206.562957483227365, 0.0 ], [ 138256.959934300393797, 454209.478332967380993, 0.0 ], [ 138256.956836781435413, 454210.1902130022645, 0.0 ], [ 138253.939508772251429, 454212.289021861390211, 0.0 ], [ 138254.924981657823082, 454216.070556463266257, 0.0 ], [ 138258.474848102894612, 454218.286607764544897, 0.0 ], [ 138258.203425388695905, 454221.170737946406007, 0.0 ], [ 138257.739306251431117, 454223.719644250290003, 0.0 ], [ 138256.885030649573309, 454226.692888071935158, 0.0 ], [ 138256.440326647018082, 454227.972764550126158, 0.0 ], [ 138255.902922340843361, 454229.297486963798292, 0.0 ], [ 138254.859370386373485, 454231.149472697288729, 0.0 ], [ 138253.425738130463287, 454233.408268673636485, 0.0 ], [ 138250.188474270806182, 454233.717583590943832, 0.0 ], [ 138248.427542552468367, 454236.828400627360679, 0.0 ], [ 138249.905670183390612, 454239.217335648892913, 0.0 ], [ 138247.361708924552659, 454243.801071947440505, 0.0 ], [ 138244.578872190293623, 454243.788802747963928, 0.0 ], [ 138242.946095320367021, 454247.194111696328036, 0.0 ], [ 138244.100508458679542, 454249.611282031866722, 0.0 ], [ 138239.532292492105626, 454258.328025562048424, 0.0 ], [ 138236.4258690555871, 454258.314330411958508, 0.0 ], [ 138234.664144085982116, 454261.607164614426438, 0.0 ], [ 138236.271653899893863, 454264.008805196208414, 0.0 ], [ 138233.008198747353163, 454270.336750136862975, 0.0 ], [ 138237.503259928023908, 454274.714223153539933, 0.0 ], [ 138275.864681999897584, 454202.911960034107324, 0.0 ], [ 138198.409026450186502, 454146.185171440243721, 0.0 ], [ 138196.900920763378963, 454153.24838062399067, 0.0 ], [ 138203.468834529834567, 454157.733270552940667, 0.0 ], [ 138202.883066830167081, 454160.902362092107069, 0.0 ] ] ] ] } },
{ "type": "Feature", "properties": { "fid": 1102, "FUNCTIE": "04_Talut1", "Info": null, "Verhaal": null }, "geometry": { "type": "MultiPolygon", "coordinates": [ [ [ [ 138183.787507310567889, 454159.323083273542579, 0.0 ], [ 138187.298756154748844, 454158.880337065784261, 0.0 ], [ 138188.4001721998211, 454155.266214772360399, 0.0 ], [ 138196.900920763378963, 454153.24838062399067, 0.0 ], [ 138198.409026450186502, 454146.185171440243721, 0.0 ], [ 138145.809414097224362, 454157.478979007108137, 0.0 ], [ 138146.580141419719439, 454158.650445656850934, 0.0 ], [ 138150.323772964475211, 454163.510131065617315, 0.0 ], [ 138167.604253117693588, 454160.157759036344942, 0.0 ], [ 138169.471007575542899, 454162.474592137441505, 0.0 ], [ 138169.488586237159325, 454162.529406820016447, 0.0 ], [ 138172.903608332766453, 454161.895420737506356, 0.0 ], [ 138173.565562928648433, 454158.501390499586705, 0.0 ], [ 138181.66225863865111, 454156.919157534022816, 0.0 ], [ 138183.787507310567889, 454159.323083273542579, 0.0 ] ] ] ] } },
{ "type": "Feature", "properties": { "fid": 1103, "FUNCTIE": "04_Talut1", "Info": null, "Verhaal": null }, "geometry": { "type": "MultiPolygon", "coordinates": [ [ [ [ 138053.097490022366401, 454030.023143889324274, 0.0 ], [ 138075.782376692484831, 453987.834297593683004, 0.0 ], [ 138069.825477317295736, 453987.234989659220446, 0.0 ], [ 138065.667322216031607, 453994.665910582698416, 0.0 ], [ 138062.456422020681202, 453995.110158247814979, 0.0 ], [ 138060.61029323405819, 453997.966892281663604, 0.0 ], [ 138062.429986593779176, 454001.184062932501547, 0.0 ], [ 138060.234558838710655, 454005.300125923939049, 0.0 ], [ 138057.140256813378073, 454005.286471940868068, 0.0 ], [ 138055.291907571052434, 454008.601837688067462, 0.0 ], [ 138057.113921540323645, 454011.337323134765029, 0.0 ], [ 138050.065365676797228, 454024.56915174331516, 0.0 ], [ 138051.233039916027337, 454027.320841501408722, 0.0 ], [ 138053.097490022366401, 454030.023143889324274, 0.0 ] ] ] ] } },
{ "type": "Feature", "properties": { "fid": 1104, "FUNCTIE": "04_Talut1", "Info": null, "Verhaal": null }, "geometry": { "type": "MultiPolygon", "coordinates": [ [ [ [ 138069.825477317295736, 453987.234989659220446, 0.0 ], [ 138075.782376692484831, 453987.834297593683004, 0.0 ], [ 138052.777829224069137, 453921.744888899149373, 0.0 ], [ 138050.157714696339099, 453916.953034362872131, 0.0 ], [ 138048.601782055222429, 453914.492634038906544, 0.0 ], [ 138046.824329129711259, 453911.856321000610478, 0.0 ], [ 138045.371593503397889, 453909.926582674961537, 0.0 ], [ 138043.936832152539864, 453908.197196452470962, 0.0 ], [ 138041.696634293650277, 453905.59852340456564, 0.0 ], [ 138039.954726002615644, 453903.641766370157711, 0.0 ], [ 138038.136520847649081, 453901.7786234995001, 0.0 ], [ 138036.728269680868834, 453900.444106876093429, 0.0 ], [ 138035.359335663088132, 453899.226112731150351, 0.0 ], [ 138033.18372311044368, 453897.446145668451209, 0.0 ], [ 138031.074645079585025, 453895.88769859605236, 0.0 ], [ 138028.906760127458256, 453894.419740709534381, 0.0 ], [ 138026.837158860696945, 453893.097209066501819, 0.0 ], [ 138024.235813680657884, 453891.559643741580658, 0.0 ], [ 138020.975773442856735, 453889.637194455193821, 0.0 ], [ 137958.03891533263959, 453866.063611023477279, 0.0 ], [ 137958.015710886364104, 453873.05688573315274, 0.0 ], [ 137964.644546414725482, 453875.604697421775199, 0.0 ], [ 137965.225814972043736, 453878.824795299849939, 0.0 ], [ 137968.750294373021461, 453880.206973716616631, 0.0 ], [ 137971.764327377051814, 453877.823429858603049, 0.0 ], [ 137979.519622084713774, 453881.056761808868032, 0.0 ], [ 137980.009575165109709, 453884.267841676191892, 0.0 ], [ 137983.167993684619432, 453885.427826302999165, 0.0 ], [ 137986.958404725999571, 453883.496288258756977, 0.0 ], [ 137990.692099003441399, 453884.994074684160296, 0.0 ], [ 137991.864575654995861, 453888.444882355688605, 0.0 ], [ 137995.351700436993269, 453889.720864836301189, 0.0 ], [ 137997.719508107431466, 453887.442134843266103, 0.0 ], [ 138003.779243573429994, 453889.529959585575853, 0.0 ], [ 138003.782165913667995, 453893.089278001745697, 0.0 ], [ 138006.967321134317899, 453894.242747009382583, 0.0 ], [ 138009.95760238339426, 453891.963920351292472, 0.0 ], [ 138012.18146190061816, 453892.325546492706053, 0.0 ], [ 138014.81789174862206, 453892.932903677574359, 0.0 ], [ 138017.723159899818711, 453893.838337308960035, 0.0 ], [ 138019.935936033667531, 453894.705643069872167, 0.0 ], [ 138022.055738965718774, 453895.69245773908915, 0.0 ], [ 138023.596449387143366, 453896.51331373595167, 0.0 ], [ 138025.328250739112264, 453897.549278810794931, 0.0 ], [ 138026.558294876827858, 453898.364156444265973, 0.0 ], [ 138027.804378184315283, 453899.262761879188474, 0.0 ], [ 138027.240698017645627, 453902.115542307903524, 0.0 ], [ 138030.187391761370236, 453904.659450542589184, 0.0 ], [ 138033.86019950924674, 453903.415241722599603, 0.0 ], [ 138034.684244445496006, 453903.926281200663652, 0.0 ], [ 138035.746167518547736, 453904.691505858849268, 0.0 ], [ 138036.873732586216647, 453905.659313043521252, 0.0 ], [ 138037.816343189828331, 453906.621088276384398, 0.0 ], [ 138038.795566224580398, 453907.813258367707022, 0.0 ], [ 138039.566223052155692, 453908.941426126810256, 0.0 ], [ 138037.601223348727217, 453912.829292045789771, 0.0 ], [ 138039.968918206839589, 453915.934054159326479, 0.0 ], [ 138043.551207737677032, 453915.494633750873618, 0.0 ], [ 138044.456722607719712, 453917.135076388309244, 0.0 ], [ 138045.356739943934372, 453918.915025440743193, 0.0 ], [ 138046.146895669808146, 453920.631078028760385, 0.0 ], [ 138046.891044921561843, 453922.660696910868865, 0.0 ], [ 138044.764399209292606, 453925.925778978096787, 0.0 ], [ 138045.780869418405928, 453929.368389006238431, 0.0 ], [ 138049.559302280889824, 453930.187295086449012, 0.0 ], [ 138050.460669902618974, 453933.744001032959204, 0.0 ], [ 138048.958849989983719, 453936.487871238845401, 0.0 ], [ 138049.972826258162968, 453940.503490897011943, 0.0 ], [ 138053.407447610341478, 453941.320878911355976, 0.0 ], [ 138057.142485560529167, 453952.110151201079134, 0.0 ], [ 138055.525339533109218, 453954.968117272364907, 0.0 ], [ 138056.769744763761992, 453958.755545745021664, 0.0 ], [ 138060.0882656716567, 453959.916232850635424, 0.0 ], [ 138065.070228279102594, 453973.862621859821957, 0.0 ], [ 138063.224847104982473, 453976.547675390611403, 0.0 ], [ 138064.354923552222317, 453980.21999521786347, 0.0 ], [ 138067.561334277677815, 453980.807165880687535, 0.0 ], [ 138069.825477317295736, 453987.234989659220446, 0.0 ] ] ] ] } },
{ "type": "Feature", "properties": { "fid": 1105, "FUNCTIE": "04_Talut1", "Info": null, "Verhaal": null }, "geometry": { "type": "MultiPolygon", "coordinates": [ [ [ [ 138046.55034984005033, 454018.877645210362971, 0.0 ], [ 138047.652249052509433, 454018.882507241156418, 0.0 ], [ 138052.770847858220804, 454008.590713337121997, 0.0 ], [ 138051.86051702540135, 454008.586696435522754, 0.0 ], [ 138046.55034984005033, 454018.877645210362971, 0.0 ] ] ] ] } },
{ "type": "Feature", "properties": { "fid": 1106, "FUNCTIE": "04_Talut1", "Info": null, "Verhaal": null }, "geometry": { "type": "MultiPolygon", "coordinates": [ [ [ [ 138053.145085319905775, 454001.601508361229207, 0.0 ], [ 138053.939068710635183, 454002.521845528564882, 0.0 ], [ 138056.450345402467065, 453997.031925866205711, 0.0 ], [ 138055.252183838572819, 453997.485055434808601, 0.0 ], [ 138053.145085319905775, 454001.601508361229207, 0.0 ] ] ] ] } },
{ "type": "Feature", "properties": { "fid": 1107, "FUNCTIE": "04_Talut1", "Info": null, "Verhaal": null }, "geometry": { "type": "MultiPolygon", "coordinates": [ [ [ [ 138059.144384876795812, 453992.459646881907247, 0.0 ], [ 138062.379226887365803, 453986.514505082101095, 0.0 ], [ 138061.233189333928749, 453986.509447712975089, 0.0 ], [ 138058.576353869400918, 453991.311098514939658, 0.0 ], [ 138059.144384876795812, 453992.459646881907247, 0.0 ] ] ] ] } },
{ "type": "Feature", "properties": { "fid": 1108, "FUNCTIE": "04_Talut1", "Info": null, "Verhaal": null }, "geometry": { "type": "MultiPolygon", "coordinates": [ [ [ [ 138060.215222643542802, 453983.410643101728056, 0.0 ], [ 138061.233189333928749, 453986.509447712975089, 0.0 ], [ 138062.379226887365803, 453986.514505082101095, 0.0 ], [ 138060.670606449915795, 453982.28644302545581, 0.0 ], [ 138060.215222643542802, 453983.410643101728056, 0.0 ] ] ] ] } },
{ "type": "Feature", "properties": { "fid": 1109, "FUNCTIE": "04_Talut1", "Info": null, "Verhaal": null }, "geometry": { "type": "MultiPolygon", "coordinates": [ [ [ [ 138052.682840499066515, 453961.889122782391496, 0.0 ], [ 138055.507379845657852, 453969.513386654842179, 0.0 ], [ 138056.122703303786693, 453971.386721289716661, 0.0 ], [ 138058.066680647054454, 453976.754120332130697, 0.0 ], [ 138059.210723116848385, 453977.21758569451049, 0.0 ], [ 138053.058449239673791, 453960.095393223396968, 0.0 ], [ 138052.682840499066515, 453961.889122782391496, 0.0 ] ] ] ] } },
{ "type": "Feature", "properties": { "fid": 1110, "FUNCTIE": "04_Talut1", "Info": null, "Verhaal": null }, "geometry": { "type": "MultiPolygon", "coordinates": [ [ [ [ 138050.366897487838287, 453955.289163370616734, 0.0 ], [ 138051.205704262305517, 453954.895606835372746, 0.0 ], [ 138046.883526153600542, 453942.32352193526458, 0.0 ], [ 138045.722011903417297, 453942.89141613303218, 0.0 ], [ 138047.721935200883308, 453948.22944719879888, 0.0 ], [ 138050.366897487838287, 453955.289163370616734, 0.0 ] ] ] ] } },
{ "type": "Feature", "properties": { "fid": 1111, "FUNCTIE": "04_Talut1", "Info": null, "Verhaal": null }, "geometry": { "type": "MultiPolygon", "coordinates": [ [ [ [ 138043.455270005302737, 453937.060635507106781, 0.0 ], [ 138044.257496522652218, 453937.064176288840827, 0.0 ], [ 138042.904302612005267, 453931.991587236931082, 0.0 ], [ 138042.099083314242307, 453932.675657950050663, 0.0 ], [ 138043.455270005302737, 453937.060635507106781, 0.0 ] ] ] ] } },
{ "type": "Feature", "properties": { "fid": 1112, "FUNCTIE": "04_Talut1", "Info": null, "Verhaal": null }, "geometry": { "type": "MultiPolygon", "coordinates": [ [ [ [ 138039.879866254486842, 453926.166206739493646, 0.0 ], [ 138041.332091728545493, 453926.135554540727753, 0.0 ], [ 138041.123951041372493, 453925.382930732739624, 0.0 ], [ 138040.726668412651634, 453924.074263610644266, 0.0 ], [ 138040.234530569112394, 453922.686204198689666, 0.0 ], [ 138039.437344575533643, 453920.789764232002199, 0.0 ], [ 138038.554689887241693, 453919.021675160038285, 0.0 ], [ 138037.570297882513842, 453919.934610708442051, 0.0 ], [ 138038.228295663109748, 453921.252152663946617, 0.0 ], [ 138038.702918687777128, 453922.339277191029396, 0.0 ], [ 138039.058230493072188, 453923.256429103843402, 0.0 ], [ 138039.531960359920049, 453924.67857579694828, 0.0 ], [ 138039.879866254486842, 453926.166206739493646, 0.0 ] ] ] ] } },
{ "type": "Feature", "properties": { "fid": 1113, "FUNCTIE": "04_Talut1", "Info": null, "Verhaal": null }, "geometry": { "type": "MultiPolygon", "coordinates": [ [ [ [ 138033.354672229499556, 453914.186020720691886, 0.0 ], [ 138034.386106514546555, 453914.19057352427626, 0.0 ], [ 138033.934683322237106, 453913.354138638009317, 0.0 ], [ 138033.220428964763414, 453912.274968553683721, 0.0 ], [ 138032.643445211520884, 453911.551878194208257, 0.0 ], [ 138031.809174662979785, 453910.67292142030783, 0.0 ], [ 138030.821060415066313, 453909.82276758516673, 0.0 ], [ 138029.876910863327794, 453909.160158731741831, 0.0 ], [ 138028.591516278014751, 453908.446336800639983, 0.0 ], [ 138028.104293915792368, 453909.349471943860408, 0.0 ], [ 138029.198834567476297, 453909.878005318751093, 0.0 ], [ 138030.008327925694175, 453910.379187785147224, 0.0 ], [ 138030.866894866892835, 453911.035800434765406, 0.0 ], [ 138031.662325097160647, 453911.790420478559099, 0.0 ], [ 138032.247927739081206, 453912.465603809512686, 0.0 ], [ 138032.651762697001686, 453913.010325337294489, 0.0 ], [ 138033.044277017441345, 453913.622880739334505, 0.0 ], [ 138033.354672229499556, 453914.186020720691886, 0.0 ] ] ] ] } },
{ "type": "Feature", "properties": { "fid": 1114, "FUNCTIE": "04_Talut1", "Info": null, "Verhaal": null }, "geometry": { "type": "MultiPolygon", "coordinates": [ [ [ [ 138006.946527912979946, 453899.055861359112896, 0.0 ], [ 138009.372477105527651, 453899.549847997666802, 0.0 ], [ 138011.860421583114658, 453900.199573172314558, 0.0 ], [ 138014.529963302920805, 453901.065840870025568, 0.0 ], [ 138016.726921528636012, 453901.917708735447377, 0.0 ], [ 138018.528707751975162, 453902.715486493019853, 0.0 ], [ 138020.718235475098481, 453903.81323964468902, 0.0 ], [ 138022.850998878799146, 453905.02862833958352, 0.0 ], [ 138024.113165066344664, 453904.632637679809704, 0.0 ], [ 138021.026940205832943, 453902.894234905543271, 0.0 ], [ 138018.477091600478161, 453901.638772506557871, 0.0 ], [ 138015.566988529608352, 453900.390103741257917, 0.0 ], [ 138013.111887490143999, 453899.479914118826855, 0.0 ], [ 138009.282786684547318, 453898.305755412206054, 0.0 ], [ 138006.723529772629263, 453897.679627203615382, 0.0 ], [ 138006.946527912979946, 453899.055861359112896, 0.0 ] ] ] ] } },
{ "type": "Feature", "properties": { "fid": 1115, "FUNCTIE": "04_Talut1", "Info": null, "Verhaal": null }, "geometry": { "type": "MultiPolygon", "coordinates": [ [ [ [ 137994.816817836166592, 453894.848140072252136, 0.0 ], [ 138000.883218926202971, 453896.622632679122034, 0.0 ], [ 138001.68672727336525, 453896.33188450144371, 0.0 ], [ 137994.052864800905809, 453893.59742727590492, 0.0 ], [ 137994.816817836166592, 453894.848140072252136, 0.0 ] ] ] ] } },
{ "type": "Feature", "properties": { "fid": 1116, "FUNCTIE": "04_Talut1", "Info": null, "Verhaal": null }, "geometry": { "type": "MultiPolygon", "coordinates": [ [ [ [ 137989.557881117711077, 453891.873867806105409, 0.0 ], [ 137982.692368011747021, 453889.379570778692141, 0.0 ], [ 137983.14604499968118, 453890.470313220110256, 0.0 ], [ 137988.86776323086815, 453892.443842218897771, 0.0 ], [ 137989.557881117711077, 453891.873867806105409, 0.0 ] ] ] ] } },
{ "type": "Feature", "properties": { "fid": 1117, "FUNCTIE": "04_Talut1", "Info": null, "Verhaal": null }, "geometry": { "type": "MultiPolygon", "coordinates": [ [ [ [ 137977.770681870984845, 453887.913843394140713, 0.0 ], [ 137968.730882765055867, 453884.676468456920702, 0.0 ], [ 137968.726767308136914, 453885.621934943483211, 0.0 ], [ 137976.852303552848753, 453888.265050367976073, 0.0 ], [ 137977.770681870984845, 453887.913843394140713, 0.0 ] ] ] ] } },
{ "type": "Feature", "properties": { "fid": 1118, "FUNCTIE": "04_Talut1", "Info": null, "Verhaal": null }, "geometry": { "type": "MultiPolygon", "coordinates": [ [ [ [ 137958.03891533263959, 453866.063611023477279, 0.0 ], [ 137915.423325690848287, 453888.315304068149999, 0.0 ], [ 137920.962571882439079, 453892.66644412727328, 0.0 ], [ 137922.788859731343109, 453892.643284555233549, 0.0 ], [ 137932.735228238947457, 453886.466769207501784, 0.0 ], [ 137935.570936517382506, 453887.716437998868059, 0.0 ], [ 137938.579059127368964, 453886.149938116664998, 0.0 ], [ 137938.596495016885456, 453883.053584551846143, 0.0 ], [ 137942.210766965756193, 453881.153885857842397, 0.0 ], [ 137944.804096566193039, 453882.727909407229163, 0.0 ], [ 137948.462426066893386, 453880.805053412041161, 0.0 ], [ 137948.47518437972758, 453877.874094186583534, 0.0 ], [ 137958.015710886364104, 453873.05688573315274, 0.0 ], [ 137958.03891533263959, 453866.063611023477279, 0.0 ] ] ] ] } },
{ "type": "Feature", "properties": { "fid": 1119, "FUNCTIE": "04_Talut1", "Info": null, "Verhaal": null }, "geometry": { "type": "MultiPolygon", "coordinates": [ [ [ [ 137927.454958463553339, 453896.29849634913262, 0.0 ], [ 137936.498201169859385, 453891.18122406466864, 0.0 ], [ 137936.502192086481955, 453890.26440755528165, 0.0 ], [ 137927.458949428284541, 453895.381679660989903, 0.0 ], [ 137927.454958463553339, 453896.29849634913262, 0.0 ] ] ] ] } },
{ "type": "Feature", "properties": { "fid": 1120, "FUNCTIE": "04_Talut1", "Info": null, "Verhaal": null }, "geometry": { "type": "MultiPolygon", "coordinates": [ [ [ [ 137941.149694943655049, 453888.89842172380304, 0.0 ], [ 137942.578206648817286, 453889.832812639011536, 0.0 ], [ 137946.138417139038211, 453888.129465250298381, 0.0 ], [ 137946.145401154120918, 453886.525036675448064, 0.0 ], [ 137941.149694943655049, 453888.89842172380304, 0.0 ] ] ] ] } },
{ "type": "Feature", "properties": { "fid": 1121, "FUNCTIE": "04_Talut1", "Info": null, "Verhaal": null }, "geometry": { "type": "MultiPolygon", "coordinates": [ [ [ [ 137951.084851083287504, 453883.910944450763054, 0.0 ], [ 137952.342502908053575, 453884.604121760348789, 0.0 ], [ 137957.563231108855689, 453881.762063290108927, 0.0 ], [ 137957.567221914185211, 453880.845247185672633, 0.0 ], [ 137951.084851083287504, 453883.910944450763054, 0.0 ] ] ] ] } },
{ "type": "Feature", "properties": { "fid": 1122, "FUNCTIE": "04_Talut1", "Info": null, "Verhaal": null }, "geometry": { "type": "MultiPolygon", "coordinates": [ [ [ [ 137957.563231108855689, 453881.762063290108927, 0.0 ], [ 137962.090333616361022, 453883.157298943609931, 0.0 ], [ 137962.779454440780682, 453882.816528463910799, 0.0 ], [ 137957.567221914185211, 453880.845247185672633, 0.0 ], [ 137957.563231108855689, 453881.762063290108927, 0.0 ] ] ] ] } },
{ "type": "Feature", "properties": { "fid": 1123, "FUNCTIE": "05_Talut2", "Info": null, "Verhaal": null }, "geometry": { "type": "MultiPolygon", "coordinates": [ [ [ [ 137954.040513311862014, 453896.397170004609507, 0.0 ], [ 137986.829207418602891, 453913.178201602888294, 0.0 ], [ 137991.241807822952978, 453910.278577625867911, 0.0 ], [ 137957.917196817405056, 453894.026277738274075, 0.0 ], [ 137954.040513311862014, 453896.397170004609507, 0.0 ] ] ] ] } },
{ "type": "Feature", "properties": { "fid": 1124, "FUNCTIE": "05_Talut2", "Info": null, "Verhaal": null }, "geometry": { "type": "MultiPolygon", "coordinates": [ [ [ [ 137996.706421535171103, 453942.712614030053373, 0.0 ], [ 137999.854095941787818, 453946.114824011689052, 0.0 ], [ 138023.993583038885845, 453922.46696814353345, 0.0 ], [ 138021.122693911602255, 453919.472663849417586, 0.0 ], [ 137996.706421535171103, 453942.712614030053373, 0.0 ] ] ] ] } },
{ "type": "Feature", "properties": { "fid": 1125, "FUNCTIE": "05_Talut2", "Info": null, "Verhaal": null }, "geometry": { "type": "MultiPolygon", "coordinates": [ [ [ [ 138032.246865649183746, 453952.731218517350499, 0.0 ], [ 138029.969172713404987, 453956.901252391864546, 0.0 ], [ 138046.673551494837739, 453990.570948161359411, 0.0 ], [ 138048.740921979333507, 453986.452977575245313, 0.0 ], [ 138032.246865649183746, 453952.731218517350499, 0.0 ] ] ] ] } },
{ "type": "Feature", "properties": { "fid": 1126, "FUNCTIE": "05_Talut2", "Info": null, "Verhaal": null }, "geometry": { "type": "MultiPolygon", "coordinates": [ [ [ [ 137919.242496428312734, 453853.400244642572943, 0.0 ], [ 137953.487810405087657, 453832.120457419834565, 0.0 ], [ 137914.107035621680552, 453795.731648728891741, 0.0 ], [ 137903.861239428370027, 453806.346519101643935, 0.0 ], [ 137890.340551171306288, 453826.433823096100241, 0.0 ], [ 137919.242496428312734, 453853.400244642572943, 0.0 ] ] ] ] } },
{ "type": "Feature", "properties": { "fid": 1127, "FUNCTIE": "04_Talut1", "Info": null, "Verhaal": null }, "geometry": { "type": "MultiPolygon", "coordinates": [ [ [ [ 137919.242496428312734, 453853.400244642572943, 0.0 ], [ 137953.932258706248831, 453835.331336295348592, 0.0 ], [ 137953.487810405087657, 453832.120457419834565, 0.0 ], [ 137919.242496428312734, 453853.400244642572943, 0.0 ] ] ] ] } },
{ "type": "Feature", "properties": { "fid": 1128, "FUNCTIE": "04_Talut1", "Info": null, "Verhaal": null }, "geometry": { "type": "MultiPolygon", "coordinates": [ [ [ [ 137953.932258706248831, 453835.331336295348592, 0.0 ], [ 138069.95600272496813, 453878.24708726152312, 0.0 ], [ 138071.73064430989325, 453876.077445572358556, 0.0 ], [ 137953.487810405087657, 453832.120457419834565, 0.0 ], [ 137953.932258706248831, 453835.331336295348592, 0.0 ] ] ] ] } },
{ "type": "Feature", "properties": { "fid": 1129, "FUNCTIE": "04_Talut1", "Info": null, "Verhaal": null }, "geometry": { "type": "MultiPolygon", "coordinates": [ [ [ [ 138069.95600272496813, 453878.24708726152312, 0.0 ], [ 138126.639260362455389, 454039.149088411068078, 0.0 ], [ 138127.162812725786353, 454031.839790623460431, 0.0 ], [ 138071.73064430989325, 453876.077445572358556, 0.0 ], [ 138069.95600272496813, 453878.24708726152312, 0.0 ] ] ] ] } },
{ "type": "Feature", "properties": { "fid": 1130, "FUNCTIE": "05_Talut2", "Info": null, "Verhaal": null }, "geometry": { "type": "MultiPolygon", "coordinates": [ [ [ [ 138032.513230272772489, 454094.397247407701798, 0.0 ], [ 138023.97539903561119, 454085.703713989816606, 0.0 ], [ 138023.35554461836, 454085.331757094361819, 0.0 ], [ 138022.405198570515495, 454086.444957300496753, 0.0 ], [ 138030.351532411848893, 454094.607536926981993, 0.0 ], [ 138031.56363271153532, 454095.338544474623632, 0.0 ], [ 138032.513230272772489, 454094.397247407701798, 0.0 ] ] ] ] } },
{ "type": "Feature", "properties": { "fid": 1131, "FUNCTIE": "04_Talut1", "Info": null, "Verhaal": null }, "geometry": { "type": "MultiPolygon", "coordinates": [ [ [ [ 138017.126992699835682, 454074.732028138474561, 0.0 ], [ 138058.018239125027321, 454099.79587946535321, 0.0 ], [ 138060.433336685731774, 454097.872585057048127, 0.0 ], [ 138019.713064149807906, 454073.024371395178605, 0.0 ], [ 138017.126992699835682, 454074.732028138474561, 0.0 ] ] ] ] } },
{ "type": "Feature", "properties": { "fid": 1132, "FUNCTIE": "04_Talut1", "Info": null, "Verhaal": null }, "geometry": { "type": "MultiPolygon", "coordinates": [ [ [ [ 138020.318101915443549, 454072.253461196902208, 0.0 ], [ 138061.466641593317036, 454097.447376988828182, 0.0 ], [ 138061.729363333986839, 454096.331143925024662, 0.0 ], [ 138021.419940318271983, 454071.794365215813741, 0.0 ], [ 138020.318101915443549, 454072.253461196902208, 0.0 ] ] ] ] } },
{ "type": "Feature", "properties": { "fid": 1133, "FUNCTIE": "05_Talut2", "Info": null, "Verhaal": null }, "geometry": { "type": "MultiPolygon", "coordinates": [ [ [ [ 137868.691515114333015, 453753.382355894544162, 0.0 ], [ 137853.647126144729555, 453792.274965560238343, 0.0 ], [ 137862.536502953385934, 453801.313887385476846, 0.0 ], [ 137874.728114141558763, 453788.538369420799427, 0.0 ], [ 137887.040949992253445, 453770.441155039996374, 0.0 ], [ 137868.691515114333015, 453753.382355894544162, 0.0 ] ] ] ] } },
{ "type": "Feature", "properties": { "fid": 1134, "FUNCTIE": "04_Talut1", "Info": null, "Verhaal": null }, "geometry": { "type": "MultiPolygon", "coordinates": [ [ [ [ 137853.647126144729555, 453792.274965560238343, 0.0 ], [ 137868.691515114333015, 453753.382355894544162, 0.0 ], [ 137866.384538517624605, 453753.695510433753952, 0.0 ], [ 137853.647126144729555, 453792.274965560238343, 0.0 ] ] ] ] } },
{ "type": "Feature", "properties": { "fid": 1135, "FUNCTIE": "04_Talut1", "Info": null, "Verhaal": null }, "geometry": { "type": "MultiPolygon", "coordinates": [ [ [ [ 137866.384538517624605, 453753.695510433753952, 0.0 ], [ 137868.691240020503756, 453753.382030769193079, 0.0 ], [ 137814.973047744540963, 453635.93401747092139, 0.0 ], [ 137812.791001566540217, 453638.619992847496178, 0.0 ], [ 137866.384538517624605, 453753.695510433753952, 0.0 ] ] ] ] } },
{ "type": "Feature", "properties": { "fid": 1136, "FUNCTIE": "04_Talut1", "Info": null, "Verhaal": null }, "geometry": { "type": "MultiPolygon", "coordinates": [ [ [ [ 137814.973047744540963, 453635.93401747092139, 0.0 ], [ 137684.535067375167273, 453640.734000831958838, 0.0 ], [ 137684.411273054196499, 453643.324789702426642, 0.0 ], [ 137812.791001566540217, 453638.619992847496178, 0.0 ], [ 137814.973047744540963, 453635.93401747092139, 0.0 ] ] ] ] } },
{ "type": "Feature", "properties": { "fid": 1137, "FUNCTIE": "04_Talut1", "Info": null, "Verhaal": null }, "geometry": { "type": "MultiPolygon", "coordinates": [ [ [ [ 137684.535067375167273, 453640.734000831958838, 0.0 ], [ 137676.35177784707048, 453651.769683896214701, 0.0 ], [ 137676.35328118968755, 453654.046892133541405, 0.0 ], [ 137684.411273054196499, 453643.324789702426642, 0.0 ], [ 137684.535067375167273, 453640.734000831958838, 0.0 ] ] ] ] } },
{ "type": "Feature", "properties": { "fid": 1138, "FUNCTIE": "05_Talut2", "Info": null, "Verhaal": null }, "geometry": { "type": "MultiPolygon", "coordinates": [ [ [ [ 137649.447671458125114, 453608.601807545230258, 0.0 ], [ 137664.604591202078154, 453640.006128895154689, 0.0 ], [ 137666.05045872653136, 453643.020681717200205, 0.0 ], [ 137668.375810019555502, 453646.75109069107566, 0.0 ], [ 137668.852774768485688, 453647.319777783588506, 0.0 ], [ 137670.104245391790755, 453648.530361098586582, 0.0 ], [ 137671.180560617620358, 453649.341476979956497, 0.0 ], [ 137672.378465438319836, 453650.051486052107066, 0.0 ], [ 137674.298839147697436, 453650.846654914959799, 0.0 ], [ 137676.35177784707048, 453651.769683896214701, 0.0 ], [ 137684.535067375167273, 453640.734000831958838, 0.0 ], [ 137663.305931763956323, 453596.026084384997375, 0.0 ], [ 137649.447671458125114, 453608.601807545230258, 0.0 ] ] ] ] } },
{ "type": "Feature", "properties": { "fid": 1139, "FUNCTIE": "05_Talut2", "Info": null, "Verhaal": null }, "geometry": { "type": "MultiPolygon", "coordinates": [ [ [ [ 138048.626529255969217, 454128.763677731680218, 0.0 ], [ 138050.994279460923281, 454133.707704890926834, 0.0 ], [ 138082.264178792422172, 454122.001537330681458, 0.0 ], [ 138075.352930457942421, 454118.137404805573169, 0.0 ], [ 138048.626529255969217, 454128.763677731680218, 0.0 ] ] ] ] } },
{ "type": "Feature", "properties": { "fid": 1140, "FUNCTIE": "04_Talut1", "Info": null, "Verhaal": null }, "geometry": { "type": "MultiPolygon", "coordinates": [ [ [ [ 138092.64933037609444, 454121.514165521308314, 0.0 ], [ 138093.732118943269597, 454119.593723922502249, 0.0 ], [ 138091.052399664302357, 454113.195513649843633, 0.0 ], [ 138079.141131470154505, 454104.831365006335545, 0.0 ], [ 138076.23619439167669, 454104.818551156262401, 0.0 ], [ 138089.757384049677057, 454114.504952650924679, 0.0 ], [ 138092.64933037609444, 454121.514165521308314, 0.0 ] ] ] ] } },
{ "type": "Feature", "properties": { "fid": 1141, "FUNCTIE": "05_Talut2", "Info": null, "Verhaal": null }, "geometry": { "type": "MultiPolygon", "coordinates": [ [ [ [ 138093.49042724102037, 454185.003072965308093, 0.0 ], [ 138095.015002498781541, 454184.649798528000247, 0.0 ], [ 138094.581276774319122, 454171.355471602641046, 0.0 ], [ 138093.332486548024463, 454171.631098766636569, 0.0 ], [ 138093.49042724102037, 454185.003072965308093, 0.0 ] ] ] ] } },
{ "type": "Feature", "properties": { "fid": 1142, "FUNCTIE": "04_Talut1", "Info": null, "Verhaal": null }, "geometry": { "type": "MultiPolygon", "coordinates": [ [ [ [ 138105.294017242413247, 454178.608630516042467, 0.0 ], [ 138106.501471017545555, 454177.668469555850606, 0.0 ], [ 138097.639147069887258, 454140.239728026441298, 0.0 ], [ 138096.095363369589904, 454139.459340154659003, 0.0 ], [ 138105.294017242413247, 454178.608630516042467, 0.0 ] ] ] ] } },
{ "type": "Feature", "properties": { "fid": 1143, "FUNCTIE": "04_Talut1", "Info": null, "Verhaal": null }, "geometry": { "type": "MultiPolygon", "coordinates": [ [ [ [ 138104.519693975104019, 454178.777122327417601, 0.0 ], [ 138094.976293662242824, 454139.841193994216155, 0.0 ], [ 138095.35724150200258, 454151.059770692023449, 0.0 ], [ 138102.2778139821894, 454180.400347690854687, 0.0 ], [ 138104.519693975104019, 454178.777122327417601, 0.0 ] ] ] ] } },
{ "type": "Feature", "properties": { "fid": 1144, "FUNCTIE": "05_Talut2", "Info": null, "Verhaal": null }, "geometry": { "type": "MultiPolygon", "coordinates": [ [ [ [ 138095.35724150200258, 454151.059770692023449, 0.0 ], [ 138094.976293662242824, 454139.841193994216155, 0.0 ], [ 138089.637680692656431, 454142.009455449820962, 0.0 ], [ 138091.052025027165655, 454152.781554786139168, 0.0 ], [ 138095.35724150200258, 454151.059770692023449, 0.0 ] ] ] ] } },
{ "type": "Feature", "properties": { "fid": 1145, "FUNCTIE": "04_Talut1", "Info": null, "Verhaal": null }, "geometry": { "type": "MultiPolygon", "coordinates": [ [ [ [ 137653.742804092238657, 453711.608174780732952, 0.0 ], [ 137658.365282936138101, 453713.413742923585232, 0.0 ], [ 137661.118748025037348, 453712.672041073150467, 0.0 ], [ 137690.32847749555367, 453688.547147371340543, 0.0 ], [ 137693.461013778811321, 453689.941777704923879, 0.0 ], [ 137695.968906511436217, 453687.757652952626813, 0.0 ], [ 137695.395494219701504, 453683.437948578619398, 0.0 ], [ 137700.332338904438075, 453679.167885289760306, 0.0 ], [ 137698.773080959741492, 453674.503337814530823, 0.0 ], [ 137653.742804092238657, 453711.608174780732952, 0.0 ] ] ] ] } },
{ "type": "Feature", "properties": { "fid": 1146, "FUNCTIE": "04_Talut1", "Info": null, "Verhaal": null }, "geometry": { "type": "MultiPolygon", "coordinates": [ [ [ [ 137698.773080959741492, 453674.503337814530823, 0.0 ], [ 137700.315843057731399, 453679.180256814346649, 0.0 ], [ 137707.936354102013865, 453679.207289775542449, 0.0 ], [ 137709.819179896614514, 453680.921438335150015, 0.0 ], [ 137713.259102193784202, 453680.839724554796703, 0.0 ], [ 137715.162187627080129, 453678.831954036082607, 0.0 ], [ 137736.460240583168343, 453678.007626768841874, 0.0 ], [ 137739.107675129023846, 453680.337234292237554, 0.0 ], [ 137742.695379304583184, 453680.227067400526721, 0.0 ], [ 137745.009461247129366, 453677.354570335010067, 0.0 ], [ 137748.783212915092008, 453677.266610406106338, 0.0 ], [ 137750.493195796792861, 453679.872297170280945, 0.0 ], [ 137754.264113668905338, 453679.756708784785587, 0.0 ], [ 137756.525938797800336, 453676.852713265572675, 0.0 ], [ 137760.249808005755767, 453676.864664618682582, 0.0 ], [ 137762.409686222003074, 453679.184577310923487, 0.0 ], [ 137766.090064913616516, 453679.019269877753686, 0.0 ], [ 137768.130886296392418, 453676.368694022705313, 0.0 ], [ 137772.351202146121068, 453676.330881570058409, 0.0 ], [ 137774.245185050589498, 453679.190743762417696, 0.0 ], [ 137777.719901859032689, 453680.055524185532704, 0.0 ], [ 137779.727093473018613, 453678.127198130183388, 0.0 ], [ 137780.961874508066103, 453678.436320981185418, 0.0 ], [ 137782.415158852061722, 453678.866738154843915, 0.0 ], [ 137784.843943552084966, 453679.754750563355628, 0.0 ], [ 137786.594765969522996, 453680.5350143116666, 0.0 ], [ 137788.423476216645213, 453681.487213947111741, 0.0 ], [ 137790.671631699631689, 453682.871905880805571, 0.0 ], [ 137792.257084438635502, 453684.009472979232669, 0.0 ], [ 137793.996813075151294, 453685.435545780055691, 0.0 ], [ 137795.741792435088428, 453687.08638198702829, 0.0 ], [ 137797.20012145259534, 453688.718795137305278, 0.0 ], [ 137795.942450319300406, 453690.949543478665873, 0.0 ], [ 137798.679948279808741, 453694.568585724511649, 0.0 ], [ 137800.931573785463115, 453695.05945036635967, 0.0 ], [ 137805.529419092985336, 453704.380803930282127, 0.0 ], [ 137802.96566348572378, 453706.155013364506885, 0.0 ], [ 137805.230128983472241, 453709.7562838474405, 0.0 ], [ 137809.167869588243775, 453710.280760621477384, 0.0 ], [ 137809.98972426954424, 453713.7031849019113, 0.0 ], [ 137808.95263276307378, 453715.771612691227347, 0.0 ], [ 137810.111527266650228, 453719.593569944496267, 0.0 ], [ 137812.850527608970879, 453720.380208454676904, 0.0 ], [ 137816.628472286916804, 453727.597146587388124, 0.0 ], [ 137815.258427161257714, 453730.027982630592305, 0.0 ], [ 137816.755299004551489, 453733.563133495859802, 0.0 ], [ 137819.890263151755789, 453734.534936010197271, 0.0 ], [ 137823.603805388294859, 453741.049136706336867, 0.0 ], [ 137821.213792090216884, 453744.150612963247113, 0.0 ], [ 137823.117073697329033, 453747.769054137228522, 0.0 ], [ 137826.070186203549383, 453747.782097021583468, 0.0 ], [ 137829.460415405308595, 453754.207235391368158, 0.0 ], [ 137835.265982992015779, 453754.35515496856533, 0.0 ], [ 137805.443287022935692, 453690.892860182386357, 0.0 ], [ 137803.723389487713575, 453688.997350015270058, 0.0 ], [ 137802.453147890657419, 453687.510800396150444, 0.0 ], [ 137801.002808777120663, 453685.950769600749481, 0.0 ], [ 137799.365745027200319, 453684.344171222357545, 0.0 ], [ 137796.031644157279516, 453681.501521860773209, 0.0 ], [ 137794.412674849154428, 453680.300562558171805, 0.0 ], [ 137792.675625766831217, 453679.126395141647663, 0.0 ], [ 137790.509306997148087, 453677.813008929602802, 0.0 ], [ 137787.87148666754365, 453676.419359884981532, 0.0 ], [ 137786.072803257644409, 453675.461377581523266, 0.0 ], [ 137783.529888907331042, 453674.365293811075389, 0.0 ], [ 137780.986974557163194, 453673.532270144030917, 0.0 ], [ 137777.74860872674617, 453672.824656113632955, 0.0 ], [ 137775.412450990319485, 453672.334486696403474, 0.0 ], [ 137772.125197727611521, 453671.8353583823191, 0.0 ], [ 137769.150801081850659, 453671.56770107045304, 0.0 ], [ 137765.773642615298741, 453671.470012923527975, 0.0 ], [ 137765.049055507493904, 453671.477463405870367, 0.0 ], [ 137698.773080959741492, 453674.503337814530823, 0.0 ] ] ] ] } },
{ "type": "Feature", "properties": { "fid": 1147, "FUNCTIE": "04_Talut1", "Info": null, "Verhaal": null }, "geometry": { "type": "MultiPolygon", "coordinates": [ [ [ [ 137699.38844324531965, 453689.528874150535557, 0.0 ], [ 137700.224033869773848, 453689.946703437482938, 0.0 ], [ 137703.399237011792138, 453687.022388737241272, 0.0 ], [ 137702.953135433897842, 453686.353910300997086, 0.0 ], [ 137699.38844324531965, 453689.528874150535557, 0.0 ] ] ] ] } },
{ "type": "Feature", "properties": { "fid": 1148, "FUNCTIE": "04_Talut1", "Info": null, "Verhaal": null }, "geometry": { "type": "MultiPolygon", "coordinates": [ [ [ [ 137703.399237011792138, 453687.022388737241272, 0.0 ], [ 137708.830544143100269, 453686.354229803022463, 0.0 ], [ 137709.310669237282127, 453685.769358551013283, 0.0 ], [ 137702.953135433897842, 453686.353910300997086, 0.0 ], [ 137703.399237011792138, 453687.022388737241272, 0.0 ] ] ] ] } },
{ "type": "Feature", "properties": { "fid": 1149, "FUNCTIE": "04_Talut1", "Info": null, "Verhaal": null }, "geometry": { "type": "MultiPolygon", "coordinates": [ [ [ [ 137694.040704405604629, 453691.450389862351585, 0.0 ], [ 137686.771161398966797, 453698.626166769419797, 0.0 ], [ 137666.633644410903798, 453714.510589219513349, 0.0 ], [ 137666.633655558776809, 453715.763941944635008, 0.0 ], [ 137687.105401640816126, 453699.220796085195616, 0.0 ], [ 137694.0407157469308, 453692.703741729201283, 0.0 ], [ 137694.040704405604629, 453691.450389862351585, 0.0 ] ] ] ] } },
{ "type": "Feature", "properties": { "fid": 1150, "FUNCTIE": "05_Talut2", "Info": null, "Verhaal": null }, "geometry": { "type": "MultiPolygon", "coordinates": [ [ [ [ 137709.310819572187029, 453702.226857623842079, 0.0 ], [ 137745.568262159562437, 453705.825151032069698, 0.0 ], [ 137748.335990304709412, 453701.883526372199412, 0.0 ], [ 137711.733240094588837, 453698.627518917550333, 0.0 ], [ 137709.310819572187029, 453702.226857623842079, 0.0 ] ] ] ] } },
{ "type": "Feature", "properties": { "fid": 1151, "FUNCTIE": "04_Talut1", "Info": null, "Verhaal": null }, "geometry": { "type": "MultiPolygon", "coordinates": [ [ [ [ 137744.504065623332281, 453685.112862849142402, 0.0 ], [ 137749.532655482064001, 453685.113136313157156, 0.0 ], [ 137750.275590959994588, 453684.184008351585362, 0.0 ], [ 137744.051199665263994, 453684.183669772930443, 0.0 ], [ 137744.504065623332281, 453685.112862849142402, 0.0 ] ] ] ] } },
{ "type": "Feature", "properties": { "fid": 1152, "FUNCTIE": "04_Talut1", "Info": null, "Verhaal": null }, "geometry": { "type": "MultiPolygon", "coordinates": [ [ [ [ 137738.41027498600306, 453684.18336293194443, 0.0 ], [ 137714.76319756382145, 453685.18475771008525, 0.0 ], [ 137715.515230691991746, 453685.769695892988238, 0.0 ], [ 137738.076049990719184, 453685.186025455477647, 0.0 ], [ 137738.41027498600306, 453684.18336293194443, 0.0 ] ] ] ] } },
{ "type": "Feature", "properties": { "fid": 1153, "FUNCTIE": "04_Talut1", "Info": null, "Verhaal": null }, "geometry": { "type": "MultiPolygon", "coordinates": [ [ [ [ 137756.291810527618509, 453684.685675817541778, 0.0 ], [ 137760.971085610653972, 453684.435260225669481, 0.0 ], [ 137761.305311809788691, 453683.599711459770333, 0.0 ], [ 137755.874005302059231, 453683.348745866271202, 0.0 ], [ 137756.291810527618509, 453684.685675817541778, 0.0 ] ] ] ] } },
{ "type": "Feature", "properties": { "fid": 1154, "FUNCTIE": "04_Talut1", "Info": null, "Verhaal": null }, "geometry": { "type": "MultiPolygon", "coordinates": [ [ [ [ 137768.407791837293189, 453684.315095899393782, 0.0 ], [ 137772.919949276489206, 453684.185240104794502, 0.0 ], [ 137773.755523828614969, 453683.099048746575136, 0.0 ], [ 137767.906431694107596, 453683.349400537379552, 0.0 ], [ 137768.407791837293189, 453684.315095899393782, 0.0 ] ] ] ] } },
{ "type": "Feature", "properties": { "fid": 1155, "FUNCTIE": "04_Talut1", "Info": null, "Verhaal": null }, "geometry": { "type": "MultiPolygon", "coordinates": [ [ [ [ 137779.714614143362269, 453685.728256833099294, 0.0 ], [ 137781.211579256312689, 453686.243377810169477, 0.0 ], [ 137782.323491238290444, 453686.830149450688623, 0.0 ], [ 137783.953247400466353, 453687.781539089977741, 0.0 ], [ 137785.402981922641629, 453688.726580184069462, 0.0 ], [ 137786.812963217234937, 453689.744091189466417, 0.0 ], [ 137788.074575884791557, 453690.745097214647103, 0.0 ], [ 137789.979382830118993, 453692.440721160324756, 0.0 ], [ 137791.356134235014906, 453692.102990178449545, 0.0 ], [ 137790.401774022582686, 453691.113419360714033, 0.0 ], [ 137789.145927653473336, 453689.939838878111914, 0.0 ], [ 137787.906886397395283, 453688.905521334789228, 0.0 ], [ 137786.791623822384281, 453688.108992694993503, 0.0 ], [ 137785.384123123280006, 453687.117793647747021, 0.0 ], [ 137784.537887924001552, 453686.601454037241638, 0.0 ], [ 137782.64065399277024, 453685.577205825771671, 0.0 ], [ 137781.28107560632634, 453684.862393482762855, 0.0 ], [ 137779.700505648157559, 453684.233846185379662, 0.0 ], [ 137779.714614143362269, 453685.728256833099294, 0.0 ] ] ] ] } },
{ "type": "Feature", "properties": { "fid": 1156, "FUNCTIE": "04_Talut1", "Info": null, "Verhaal": null }, "geometry": { "type": "MultiPolygon", "coordinates": [ [ [ [ 137793.976811965898378, 453697.785231636371464, 0.0 ], [ 137798.301049653120572, 453706.997588051715866, 0.0 ], [ 137799.429088463628432, 453706.997649008175358, 0.0 ], [ 137794.540825033967849, 453697.120666071074083, 0.0 ], [ 137793.976811965898378, 453697.785231636371464, 0.0 ] ] ] ] } },
{ "type": "Feature", "properties": { "fid": 1157, "FUNCTIE": "04_Talut1", "Info": null, "Verhaal": null }, "geometry": { "type": "MultiPolygon", "coordinates": [ [ [ [ 137800.970366373949219, 453713.249308241996914, 0.0 ], [ 137802.917646908259485, 453717.149972470360808, 0.0 ], [ 137804.317356771469349, 453717.400717898155563, 0.0 ], [ 137801.712263503053691, 453712.324509815953206, 0.0 ], [ 137800.970366373949219, 453713.249308241996914, 0.0 ] ] ] ] } },
{ "type": "Feature", "properties": { "fid": 1158, "FUNCTIE": "04_Talut1", "Info": null, "Verhaal": null }, "geometry": { "type": "MultiPolygon", "coordinates": [ [ [ [ 137806.0094693423016, 453723.040884271846153, 0.0 ], [ 137810.000592093681917, 453731.568188034580089, 0.0 ], [ 137811.085726465971675, 453731.649280703510158, 0.0 ], [ 137806.824155422480544, 453722.163583039713558, 0.0 ], [ 137806.0094693423016, 453723.040884271846153, 0.0 ] ] ] ] } },
{ "type": "Feature", "properties": { "fid": 1159, "FUNCTIE": "04_Talut1", "Info": null, "Verhaal": null }, "geometry": { "type": "MultiPolygon", "coordinates": [ [ [ [ 137812.893805676721968, 453736.980476789991371, 0.0 ], [ 137816.644329598551849, 453745.175628200580832, 0.0 ], [ 137817.540744769736193, 453745.175676098209806, 0.0 ], [ 137813.341847459465498, 453736.17673092125915, 0.0 ], [ 137812.893805676721968, 453736.980476789991371, 0.0 ] ] ] ] } },
{ "type": "Feature", "properties": { "fid": 1160, "FUNCTIE": "04_Talut1", "Info": null, "Verhaal": null }, "geometry": { "type": "MultiPolygon", "coordinates": [ [ [ [ 137819.232861476717517, 453751.241971059178468, 0.0 ], [ 137820.862286488030804, 453754.960201096546371, 0.0 ], [ 137821.864987213135464, 453754.960254517849535, 0.0 ], [ 137819.880602924124105, 453750.239325448404998, 0.0 ], [ 137819.232861476717517, 453751.241971059178468, 0.0 ] ] ] ] } },
{ "type": "Feature", "properties": { "fid": 1161, "FUNCTIE": "04_Talut1", "Info": null, "Verhaal": null }, "geometry": { "type": "MultiPolygon", "coordinates": [ [ [ [ 137820.862286488030804, 453754.960201096546371, 0.0 ], [ 137818.989388744259486, 453760.2503042841563, 0.0 ], [ 137816.099588588956976, 453768.412704532500356, 0.0 ], [ 137816.790218064794317, 453769.290086546970997, 0.0 ], [ 137821.864987213135464, 453754.960254517849535, 0.0 ], [ 137820.862286488030804, 453754.960201096546371, 0.0 ] ] ] ] } },
{ "type": "Feature", "properties": { "fid": 1162, "FUNCTIE": "04_Talut1", "Info": null, "Verhaal": null }, "geometry": { "type": "MultiPolygon", "coordinates": [ [ [ [ 137812.694606719916919, 453778.217677813139744, 0.0 ], [ 137813.172546860674629, 453779.191364897589665, 0.0 ], [ 137815.083498492429499, 453774.178063321101945, 0.0 ], [ 137813.952133229526225, 453774.178003380890004, 0.0 ], [ 137812.694606719916919, 453778.217677813139744, 0.0 ] ] ] ] } },
{ "type": "Feature", "properties": { "fid": 1163, "FUNCTIE": "04_Talut1", "Info": null, "Verhaal": null }, "geometry": { "type": "MultiPolygon", "coordinates": [ [ [ [ 137810.874715040845331, 453784.956657144648489, 0.0 ], [ 137808.953060573781841, 453789.656621676287614, 0.0 ], [ 137807.451537977613043, 453793.848333496192936, 0.0 ], [ 137808.600461428257404, 453793.312210171367042, 0.0 ], [ 137811.692042613023659, 453784.956700303999241, 0.0 ], [ 137810.874715040845331, 453784.956657144648489, 0.0 ] ] ] ] } },
{ "type": "Feature", "properties": { "fid": 1164, "FUNCTIE": "04_Talut1", "Info": null, "Verhaal": null }, "geometry": { "type": "MultiPolygon", "coordinates": [ [ [ [ 137829.460415405308595, 453754.207235391368158, 0.0 ], [ 137823.279414224904031, 453770.160492417693604, 0.0 ], [ 137820.407916280964855, 453771.308273582719266, 0.0 ], [ 137819.38668054813752, 453774.824436898576096, 0.0 ], [ 137820.380973465798888, 453777.496788149757776, 0.0 ], [ 137818.990002866834402, 453781.100681881885976, 0.0 ], [ 137816.164337295282166, 453781.088203372375574, 0.0 ], [ 137814.764107005757978, 453784.339130852546077, 0.0 ], [ 137816.874870143336011, 453786.876415979466401, 0.0 ], [ 137812.557375364005566, 453797.627885367663112, 0.0 ], [ 137814.56006134476047, 453801.050447219866328, 0.0 ], [ 137817.280143669166137, 453803.663298341736663, 0.0 ], [ 137835.265982992015779, 453754.35515496856533, 0.0 ], [ 137829.460415405308595, 453754.207235391368158, 0.0 ] ] ] ] } },
{ "type": "Feature", "properties": { "fid": 1165, "FUNCTIE": "05_Talut2", "Info": null, "Verhaal": null }, "geometry": { "type": "MultiPolygon", "coordinates": [ [ [ [ 137789.282539394160267, 453734.03900460654404, 0.0 ], [ 137804.981996596878162, 453757.633962207473814, 0.0 ], [ 137808.945688486564904, 453756.819101862725802, 0.0 ], [ 137792.8855131425953, 453731.659892720286734, 0.0 ], [ 137789.282539394160267, 453734.03900460654404, 0.0 ] ] ] ] } },
{ "type": "Feature", "properties": { "fid": 1166, "FUNCTIE": "05_Talut2", "Info": null, "Verhaal": null }, "geometry": { "type": "MultiPolygon", "coordinates": [ [ [ [ 137763.651691630569985, 453737.764819336822256, 0.0 ], [ 137767.253005489474162, 453739.786526053503621, 0.0 ], [ 137783.217385668831412, 453705.647645956836641, 0.0 ], [ 137778.996395602211123, 453703.888272315845825, 0.0 ], [ 137763.651691630569985, 453737.764819336822256, 0.0 ] ] ] ] } },
{ "type": "Feature", "properties": { "fid": 1167, "FUNCTIE": "04_Talut1", "Info": null, "Verhaal": null }, "geometry": { "type": "MultiPolygon", "coordinates": [ [ [ [ 137692.347554043342825, 453697.633500811643898, 0.0 ], [ 137690.838873660890386, 453695.712484890013002, 0.0 ], [ 137690.280605940322857, 453696.23708421306219, 0.0 ], [ 137691.427917612949386, 453697.633450984954834, 0.0 ], [ 137692.347554043342825, 453697.633500811643898, 0.0 ] ] ] ] } },
{ "type": "Feature", "properties": { "fid": 1168, "FUNCTIE": "05_Talut2", "Info": null, "Verhaal": null }, "geometry": { "type": "MultiPolygon", "coordinates": [ [ [ [ 137670.895166599802906, 453717.268194833828602, 0.0 ], [ 137671.912844116188353, 453718.180348661262542, 0.0 ], [ 137689.779319056135137, 453703.482337962370366, 0.0 ], [ 137688.275241793133318, 453701.226222785946447, 0.0 ], [ 137688.693031616799999, 453700.808461370121222, 0.0 ], [ 137690.86626831808826, 453703.663642289058771, 0.0 ], [ 137691.427967714262195, 453703.179302757780533, 0.0 ], [ 137694.040792302490445, 453701.164106450858526, 0.0 ], [ 137692.347554043342825, 453697.633500811643898, 0.0 ], [ 137691.427917612949386, 453697.633450984954834, 0.0 ], [ 137686.938304522249382, 453701.476820846961346, 0.0 ], [ 137688.024585973558715, 453703.482243044942152, 0.0 ], [ 137670.895166599802906, 453717.268194833828602, 0.0 ] ] ] ] } },
{ "type": "Feature", "properties": { "fid": 1169, "FUNCTIE": "05_Talut2", "Info": null, "Verhaal": null }, "geometry": { "type": "MultiPolygon", "coordinates": [ [ [ [ 137645.153802904824261, 453599.22985715244431, 0.0 ], [ 137652.389204361505108, 453594.081125559750944, 0.0 ], [ 137659.249480386177311, 453588.551100615703035, 0.0 ], [ 137649.304551762674237, 453567.710287462861743, 0.0 ], [ 137644.057692190806847, 453571.294780100113712, 0.0 ], [ 137641.859792281349655, 453573.09179759665858, 0.0 ], [ 137641.078652905242052, 453574.014772035181522, 0.0 ], [ 137640.594638481445145, 453574.784342120401561, 0.0 ], [ 137640.133136067248415, 453575.748504602874164, 0.0 ], [ 137639.810164965922013, 453576.677228576969355, 0.0 ], [ 137639.620785182720283, 453577.462380186014343, 0.0 ], [ 137639.470357084006537, 453578.628690918965731, 0.0 ], [ 137639.657265949033899, 453580.930962275364436, 0.0 ], [ 137645.153802904824261, 453599.22985715244431, 0.0 ] ] ] ] } },
{ "type": "Feature", "properties": { "fid": 1170, "FUNCTIE": "04_Talut1", "Info": null, "Verhaal": null }, "geometry": { "type": "MultiPolygon", "coordinates": [ [ [ [ 137537.018882418255089, 453356.867616306524724, 0.0 ], [ 137546.678644120285753, 453352.89119577629026, 0.0 ], [ 137549.369989732396789, 453354.359316597343422, 0.0 ], [ 137552.90609813289484, 453352.870507868705317, 0.0 ], [ 137553.310896304406924, 453350.527450397668872, 0.0 ], [ 137560.535433336888673, 453347.617299787874799, 0.0 ], [ 137560.176502316229744, 453343.763267153408378, 0.0 ], [ 137534.272748736606445, 453353.95418322016485, 0.0 ], [ 137537.018882418255089, 453356.867616306524724, 0.0 ] ] ] ] } },
{ "type": "Feature", "properties": { "fid": 1171, "FUNCTIE": "04_Talut1", "Info": null, "Verhaal": null }, "geometry": { "type": "MultiPolygon", "coordinates": [ [ [ [ 137541.912844548525754, 453362.18642191257095, 0.0 ], [ 137549.648209388105897, 453359.38773350440897, 0.0 ], [ 137550.191339756682282, 453358.149517628538888, 0.0 ], [ 137541.892950108303921, 453361.124753962445538, 0.0 ], [ 137541.912844548525754, 453362.18642191257095, 0.0 ] ] ] ] } },
{ "type": "Feature", "properties": { "fid": 1172, "FUNCTIE": "04_Talut1", "Info": null, "Verhaal": null }, "geometry": { "type": "MultiPolygon", "coordinates": [ [ [ [ 137556.667140156816458, 453357.215678118227515, 0.0 ], [ 137561.346423834707821, 453355.461267106351443, 0.0 ], [ 137560.928621059341822, 453354.458562431042083, 0.0 ], [ 137555.664426391071174, 453356.380123239359818, 0.0 ], [ 137556.667140156816458, 453357.215678118227515, 0.0 ] ] ] ] } },
{ "type": "Feature", "properties": { "fid": 1173, "FUNCTIE": "04_Talut1", "Info": null, "Verhaal": null }, "geometry": { "type": "MultiPolygon", "coordinates": [ [ [ [ 137561.346423834707821, 453355.461267106351443, 0.0 ], [ 137564.438108184054727, 453356.129904452187475, 0.0 ], [ 137565.273689346620813, 453355.21083113970235, 0.0 ], [ 137560.928621059341822, 453354.458562431042083, 0.0 ], [ 137561.346423834707821, 453355.461267106351443, 0.0 ] ] ] ] } },
{ "type": "Feature", "properties": { "fid": 1174, "FUNCTIE": "04_Talut1", "Info": null, "Verhaal": null }, "geometry": { "type": "MultiPolygon", "coordinates": [ [ [ [ 137570.872147761227097, 453356.882297418313101, 0.0 ], [ 137588.670202389796032, 453359.390055767027661, 0.0 ], [ 137589.380445991526358, 453358.638088498904835, 0.0 ], [ 137570.537903222517343, 453355.796041223686188, 0.0 ], [ 137570.872147761227097, 453356.882297418313101, 0.0 ] ] ] ] } },
{ "type": "Feature", "properties": { "fid": 1175, "FUNCTIE": "05_Talut2", "Info": null, "Verhaal": null }, "geometry": { "type": "MultiPolygon", "coordinates": [ [ [ [ 137575.63535202681669, 453372.591137329407502, 0.0 ], [ 137588.336213622271316, 453388.551299951854162, 0.0 ], [ 137591.28977099590702, 453385.433884387137368, 0.0 ], [ 137580.554543008853216, 453371.990220598818269, 0.0 ], [ 137579.813687337882584, 453370.753230843518395, 0.0 ], [ 137579.408503975573694, 453369.870453330047894, 0.0 ], [ 137579.393969762022607, 453369.165694402356166, 0.0 ], [ 137575.63535202681669, 453372.591137329407502, 0.0 ] ] ] ] } },
{ "type": "Feature", "properties": { "fid": 1176, "FUNCTIE": "05_Talut2", "Info": null, "Verhaal": null }, "geometry": { "type": "MultiPolygon", "coordinates": [ [ [ [ 137620.127175630972488, 453380.467286599043291, 0.0 ], [ 137596.692224559548777, 453403.675545310252346, 0.0 ], [ 137599.36613087556907, 453406.51662851520814, 0.0 ], [ 137623.181030476349406, 453383.722049823496491, 0.0 ], [ 137620.127175630972488, 453380.467286599043291, 0.0 ] ] ] ] } },
{ "type": "Feature", "properties": { "fid": 1177, "FUNCTIE": "04_Talut1", "Info": null, "Verhaal": null }, "geometry": { "type": "MultiPolygon", "coordinates": [ [ [ [ 137594.853565829980653, 453360.727329488145187, 0.0 ], [ 137610.103061268746387, 453362.742878157936502, 0.0 ], [ 137621.174620203644736, 453365.575176825455856, 0.0 ], [ 137622.511554918746697, 453364.990360213734675, 0.0 ], [ 137610.479069179855287, 453361.981607901980169, 0.0 ], [ 137602.540973488561576, 453360.560673621133901, 0.0 ], [ 137594.561159864708316, 453359.390406346530654, 0.0 ], [ 137594.853565829980653, 453360.727329488145187, 0.0 ] ] ] ] } },
{ "type": "Feature", "properties": { "fid": 1178, "FUNCTIE": "04_Talut1", "Info": null, "Verhaal": null }, "geometry": { "type": "MultiPolygon", "coordinates": [ [ [ [ 137633.972148784028832, 453375.889541591343004, 0.0 ], [ 137635.647026892896974, 453376.599366520007607, 0.0 ], [ 137635.259981811017497, 453375.897225787513889, 0.0 ], [ 137634.452947505720658, 453374.56123675062554, 0.0 ], [ 137633.371834792051231, 453373.081719757930841, 0.0 ], [ 137633.007744677190203, 453372.643436406448018, 0.0 ], [ 137632.41257146737189, 453371.979789973411243, 0.0 ], [ 137631.981916091317544, 453371.53583596018143, 0.0 ], [ 137631.077323134057224, 453370.688803901779465, 0.0 ], [ 137630.403222691005794, 453370.123618642624933, 0.0 ], [ 137629.740376304718666, 453369.616139776015189, 0.0 ], [ 137628.271586614020634, 453368.640462843468413, 0.0 ], [ 137626.617085370147834, 453367.73442061356036, 0.0 ], [ 137627.021957236895105, 453368.920450546720531, 0.0 ], [ 137627.39584919938352, 453369.144641876104288, 0.0 ], [ 137627.985872237040894, 453369.526198513049167, 0.0 ], [ 137628.768009203195106, 453370.076644279470202, 0.0 ], [ 137629.421628790936666, 453370.579024752427358, 0.0 ], [ 137629.755548545683268, 453370.851798897841945, 0.0 ], [ 137630.263072402740363, 453371.288869985612109, 0.0 ], [ 137630.776176554209087, 453371.760424862091895, 0.0 ], [ 137631.439525052526733, 453372.418865233135875, 0.0 ], [ 137631.895498409343418, 453372.907139847753569, 0.0 ], [ 137632.318956849834649, 453373.389783614955377, 0.0 ], [ 137632.834736884193262, 453374.020203508494888, 0.0 ], [ 137633.29690671566641, 453374.630182546796277, 0.0 ], [ 137633.972148784028832, 453375.889541591343004, 0.0 ] ] ] ] } },
{ "type": "Feature", "properties": { "fid": 1179, "FUNCTIE": "04_Talut1", "Info": null, "Verhaal": null }, "geometry": { "type": "MultiPolygon", "coordinates": [ [ [ [ 137637.636214665340958, 453382.371163971722126, 0.0 ], [ 137638.431602642580401, 453384.454564965795726, 0.0 ], [ 137638.749088616285007, 453385.412932055420242, 0.0 ], [ 137639.12608242049464, 453386.687938099727035, 0.0 ], [ 137639.537223678198643, 453388.328355562058277, 0.0 ], [ 137639.711813608126249, 453389.14511056500487, 0.0 ], [ 137639.979580936982529, 453390.633357728773262, 0.0 ], [ 137640.247841308271745, 453392.72383383999113, 0.0 ], [ 137640.36231024004519, 453394.996461677830666, 0.0 ], [ 137641.197044543689117, 453395.471250802860595, 0.0 ], [ 137641.242357966519194, 453394.441570746304933, 0.0 ], [ 137641.15101154637523, 453392.319486341846641, 0.0 ], [ 137640.905331264832057, 453390.223696772067342, 0.0 ], [ 137640.676849749434041, 453388.939295666408725, 0.0 ], [ 137640.20944291370688, 453386.97609043342527, 0.0 ], [ 137639.554178480437258, 453384.906812303932384, 0.0 ], [ 137638.838950759964064, 453383.106675109418575, 0.0 ], [ 137638.137505903490819, 453381.618943072739057, 0.0 ], [ 137637.636214665340958, 453382.371163971722126, 0.0 ] ] ] ] } },
{ "type": "Feature", "properties": { "fid": 1180, "FUNCTIE": "05_Talut2", "Info": null, "Verhaal": null }, "geometry": { "type": "MultiPolygon", "coordinates": [ [ [ [ 137637.635995091928635, 453400.837029241374694, 0.0 ], [ 137645.991851866187062, 453399.333502626686823, 0.0 ], [ 137645.406907317286823, 453395.489865623239893, 0.0 ], [ 137637.051051293994533, 453397.076948267640546, 0.0 ], [ 137637.635995091928635, 453400.837029241374694, 0.0 ] ] ] ] } },
{ "type": "Feature", "properties": { "fid": 1181, "FUNCTIE": "04_Talut1", "Info": null, "Verhaal": null }, "geometry": { "type": "MultiPolygon", "coordinates": [ [ [ [ 137641.813977171957958, 453406.184896778489929, 0.0 ], [ 137642.894902802043362, 453406.585433124215342, 0.0 ], [ 137642.273503200616688, 453400.837302200379781, 0.0 ], [ 137641.388354760187212, 453401.966592419077642, 0.0 ], [ 137641.813977171957958, 453406.184896778489929, 0.0 ] ] ] ] } },
{ "type": "Feature", "properties": { "fid": 1182, "FUNCTIE": "04_Talut1", "Info": null, "Verhaal": null }, "geometry": { "type": "MultiPolygon", "coordinates": [ [ [ [ 137644.320953181682853, 453418.300750090798829, 0.0 ], [ 137645.741347447881708, 453418.890430631814525, 0.0 ], [ 137644.23723659227835, 453412.702453254372813, 0.0 ], [ 137643.234536581905559, 453413.203733993868809, 0.0 ], [ 137644.320953181682853, 453418.300750090798829, 0.0 ] ] ] ] } },
{ "type": "Feature", "properties": { "fid": 1183, "FUNCTIE": "04_Talut1", "Info": null, "Verhaal": null }, "geometry": { "type": "MultiPolygon", "coordinates": [ [ [ [ 137646.623599705868401, 453431.75349789642496, 0.0 ], [ 137647.705094232049305, 453432.254900664556772, 0.0 ], [ 137646.350467553769704, 453425.004588169744238, 0.0 ], [ 137645.407173102226807, 453425.779129490372725, 0.0 ], [ 137646.623599705868401, 453431.75349789642496, 0.0 ] ] ] ] } },
{ "type": "Feature", "properties": { "fid": 1184, "FUNCTIE": "04_Talut1", "Info": null, "Verhaal": null }, "geometry": { "type": "MultiPolygon", "coordinates": [ [ [ [ 137643.844678168999963, 453448.381103004561737, 0.0 ], [ 137644.237558958411682, 453449.467361994669773, 0.0 ], [ 137649.501706923183519, 453443.702261132246349, 0.0 ], [ 137648.415440870681778, 453443.368059867119882, 0.0 ], [ 137643.844678168999963, 453448.381103004561737, 0.0 ] ] ] ] } },
{ "type": "Feature", "properties": { "fid": 1185, "FUNCTIE": "04_Talut1", "Info": null, "Verhaal": null }, "geometry": { "type": "MultiPolygon", "coordinates": [ [ [ [ 137648.415440870681778, 453443.368059867119882, 0.0 ], [ 137649.501706923183519, 453443.702261132246349, 0.0 ], [ 137648.331829277856741, 453437.351890385849401, 0.0 ], [ 137647.329130003286991, 453437.936728237546049, 0.0 ], [ 137648.415440870681778, 453443.368059867119882, 0.0 ] ] ] ] } },
{ "type": "Feature", "properties": { "fid": 1186, "FUNCTIE": "04_Talut1", "Info": null, "Verhaal": null }, "geometry": { "type": "MultiPolygon", "coordinates": [ [ [ [ 137656.351121040061116, 453446.109316904097795, 0.0 ], [ 137662.866172764159273, 453448.352008098037913, 0.0 ], [ 137647.251012114982586, 453356.800227616506163, 0.0 ], [ 137560.176502316229744, 453343.763267153408378, 0.0 ], [ 137560.42881809847313, 453347.607042240095325, 0.0 ], [ 137564.700504718930461, 453348.018024976889137, 0.0 ], [ 137566.21468703597202, 453351.630871491623111, 0.0 ], [ 137569.932838915381581, 453352.242337762669194, 0.0 ], [ 137572.656572967418469, 453349.319411313917954, 0.0 ], [ 137589.093814443447627, 453351.712285030051135, 0.0 ], [ 137591.213680224464042, 453355.054144123278093, 0.0 ], [ 137593.788253059174167, 453355.676449718768708, 0.0 ], [ 137595.856206158758141, 453353.040181515330914, 0.0 ], [ 137603.380791768169729, 453353.959316726366524, 0.0 ], [ 137624.433350762730697, 453358.640174971602391, 0.0 ], [ 137625.370235180278542, 453361.99026816879632, 0.0 ], [ 137628.758080031606369, 453363.47777216200484, 0.0 ], [ 137630.951207458449062, 453362.317106051545125, 0.0 ], [ 137631.844211586372694, 453362.854011212126352, 0.0 ], [ 137633.407573782344116, 453363.908077476371545, 0.0 ], [ 137633.96159012260614, 453364.319608871999662, 0.0 ], [ 137634.815234731067903, 453364.996558713377453, 0.0 ], [ 137635.395924127777107, 453365.489000723115169, 0.0 ], [ 137635.983098257565871, 453366.015455301152542, 0.0 ], [ 137637.167336170416093, 453367.174169758218341, 0.0 ], [ 137638.514164355496177, 453368.676387981337029, 0.0 ], [ 137639.215543884143699, 453369.552611171850003, 0.0 ], [ 137639.85010600622627, 453370.411977431271225, 0.0 ], [ 137640.767628487228649, 453371.789260569901671, 0.0 ], [ 137641.383822825911921, 453372.824377210054081, 0.0 ], [ 137642.063841931754723, 453374.099254643078893, 0.0 ], [ 137640.828519112343201, 453376.389232447079848, 0.0 ], [ 137642.429032676911447, 453379.461216801777482, 0.0 ], [ 137645.574277903884649, 453380.951110742869787, 0.0 ], [ 137646.978335071937181, 453385.854202341055498, 0.0 ], [ 137646.978335071937181, 453385.854202341055498, 0.0 ], [ 137647.918355287431041, 453391.460607557906769, 0.0 ], [ 137648.080874919600319, 453393.317688382754568, 0.0 ], [ 137645.406907317286823, 453395.489865623239893, 0.0 ], [ 137645.988087647390785, 453399.308768164133653, 0.0 ], [ 137649.250654498493532, 453400.921269440150354, 0.0 ], [ 137649.752041867701337, 453404.932014647230972, 0.0 ], [ 137647.27134142461, 453406.91639319236856, 0.0 ], [ 137647.997361666202778, 453410.864428944594692, 0.0 ], [ 137651.089046961074928, 453412.45218551234575, 0.0 ], [ 137652.088856337039033, 453417.201020900625736, 0.0 ], [ 137649.417935130622936, 453419.480243290716317, 0.0 ], [ 137650.019770282116951, 453423.070922323735431, 0.0 ], [ 137653.182079388003331, 453424.424299082485959, 0.0 ], [ 137654.057917790865758, 453429.872882799769286, 0.0 ], [ 137651.675218250282342, 453432.347587784286588, 0.0 ], [ 137652.087959556403803, 453435.731761596223805, 0.0 ], [ 137655.016521606594324, 453437.018053584557492, 0.0 ], [ 137656.351121040061116, 453446.109316904097795, 0.0 ] ] ] ] } },
{ "type": "Feature", "properties": { "fid": 1187, "FUNCTIE": "04_Talut1", "Info": null, "Verhaal": null }, "geometry": { "type": "MultiPolygon", "coordinates": [ [ [ [ 137656.351121040061116, 453446.109316904097795, 0.0 ], [ 137649.501791462738765, 453453.31127246300457, 0.0 ], [ 137645.991849854821339, 453452.476048318203539, 0.0 ], [ 137643.573114402766805, 453455.319996146776248, 0.0 ], [ 137644.23764174777898, 453458.909261465247255, 0.0 ], [ 137638.496395782189211, 453464.99265307240421, 0.0 ], [ 137635.155384192679776, 453464.096108712663408, 0.0 ], [ 137632.873719153605634, 453466.428701979340985, 0.0 ], [ 137634.279785910912324, 453469.755573802161962, 0.0 ], [ 137622.196130801283289, 453482.786079594632611, 0.0 ], [ 137623.717532775684958, 453489.285108411393594, 0.0 ], [ 137662.866172764159273, 453448.352008098037913, 0.0 ], [ 137656.351121040061116, 453446.109316904097795, 0.0 ] ] ] ] } },
{ "type": "Feature", "properties": { "fid": 1188, "FUNCTIE": "04_Talut1", "Info": null, "Verhaal": null }, "geometry": { "type": "MultiPolygon", "coordinates": [ [ [ [ 137640.059657211793819, 453453.394281144428533, 0.0 ], [ 137638.889834982575849, 453453.39421326329466, 0.0 ], [ 137633.04077418212546, 453459.251501740131062, 0.0 ], [ 137633.291464179405011, 453460.830430198053364, 0.0 ], [ 137640.059657211793819, 453453.394281144428533, 0.0 ] ] ] ] } },
{ "type": "Feature", "properties": { "fid": 1189, "FUNCTIE": "04_Talut1", "Info": null, "Verhaal": null }, "geometry": { "type": "MultiPolygon", "coordinates": [ [ [ [ 137633.792763553414261, 453454.730823811725713, 0.0 ], [ 137633.792771558277309, 453455.649946931633167, 0.0 ], [ 137635.177002441108925, 453457.112268525757827, 0.0 ], [ 137635.633485868835123, 453456.655142972827889, 0.0 ], [ 137633.792763553414261, 453454.730823811725713, 0.0 ] ] ] ] } },
{ "type": "Feature", "properties": { "fid": 1190, "FUNCTIE": "04_Talut1", "Info": null, "Verhaal": null }, "geometry": { "type": "MultiPolygon", "coordinates": [ [ [ [ 137628.653988732112339, 453464.924438023241237, 0.0 ], [ 137618.835915257310262, 453474.532888313930016, 0.0 ], [ 137620.005743413697928, 453475.117852599127218, 0.0 ], [ 137629.782032033894211, 453464.924503279908095, 0.0 ], [ 137628.653988732112339, 453464.924438023241237, 0.0 ] ] ] ] } },
{ "type": "Feature", "properties": { "fid": 1191, "FUNCTIE": "05_Talut2", "Info": null, "Verhaal": null }, "geometry": { "type": "MultiPolygon", "coordinates": [ [ [ [ 137623.514688162773382, 453414.513602595543489, 0.0 ], [ 137633.861430908727925, 453442.183359142218251, 0.0 ], [ 137636.562017368938541, 453438.353883925883565, 0.0 ], [ 137627.19126177293947, 453413.202792833151761, 0.0 ], [ 137623.514688162773382, 453414.513602595543489, 0.0 ] ] ] ] } },
{ "type": "Feature", "properties": { "fid": 1192, "FUNCTIE": "05_Talut2", "Info": null, "Verhaal": null }, "geometry": { "type": "MultiPolygon", "coordinates": [ [ [ [ 137531.838210921472637, 453571.366597571526654, 0.0 ], [ 137543.525959366786992, 453579.020683423615992, 0.0 ], [ 137546.603836510126712, 453575.672221669286955, 0.0 ], [ 137534.806330550229177, 453568.157100344600622, 0.0 ], [ 137531.838210921472637, 453571.366597571526654, 0.0 ] ] ] ] } },
{ "type": "Feature", "properties": { "fid": 1193, "FUNCTIE": "05_Talut2", "Info": null, "Verhaal": null }, "geometry": { "type": "MultiPolygon", "coordinates": [ [ [ [ 137590.206497708975803, 453669.038411992136389, 0.0 ], [ 137589.804493560222909, 453682.398185764497612, 0.0 ], [ 137595.408965421287576, 453684.991436124197207, 0.0 ], [ 137595.471351604530355, 453670.666135831852444, 0.0 ], [ 137590.206497708975803, 453669.038411992136389, 0.0 ] ] ] ] } },
{ "type": "Feature", "properties": { "fid": 1194, "FUNCTIE": "04_Talut1", "Info": null, "Verhaal": null }, "geometry": { "type": "MultiPolygon", "coordinates": [ [ [ [ 137615.006455996364821, 453685.07801052602008, 0.0 ], [ 137613.869387639919296, 453683.010104904067703, 0.0 ], [ 137603.457782906276407, 453678.952949095284566, 0.0 ], [ 137602.3077381021576, 453679.86470529466169, 0.0 ], [ 137615.006455996364821, 453685.07801052602008, 0.0 ] ] ] ] } },
{ "type": "Feature", "properties": { "fid": 1195, "FUNCTIE": "04_Talut1", "Info": null, "Verhaal": null }, "geometry": { "type": "MultiPolygon", "coordinates": [ [ [ [ 137603.457782906276407, 453678.952949095284566, 0.0 ], [ 137597.146880465443246, 453628.04063901968766, 0.0 ], [ 137597.112443378136959, 453635.948200459475629, 0.0 ], [ 137602.3077381021576, 453679.86470529466169, 0.0 ], [ 137603.457782906276407, 453678.952949095284566, 0.0 ] ] ] ] } },
{ "type": "Feature", "properties": { "fid": 1196, "FUNCTIE": "05_Talut2", "Info": null, "Verhaal": null }, "geometry": { "type": "MultiPolygon", "coordinates": [ [ [ [ 137597.112443378136959, 453635.948200459475629, 0.0 ], [ 137597.146880465443246, 453628.04063901968766, 0.0 ], [ 137590.379183814220596, 453629.385990430193488, 0.0 ], [ 137591.374197110912064, 453637.756519589864183, 0.0 ], [ 137597.112443378136959, 453635.948200459475629, 0.0 ] ] ] ] } },
{ "type": "Feature", "properties": { "fid": 1197, "FUNCTIE": "04_Talut1", "Info": null, "Verhaal": null }, "geometry": { "type": "MultiPolygon", "coordinates": [ [ [ [ 137596.87443450075807, 453611.650987457484007, 0.0 ], [ 137597.910372989630559, 453610.624124390480574, 0.0 ], [ 137547.006049735151464, 453562.26526634208858, 0.0 ], [ 137544.599337529740296, 453562.254629749455489, 0.0 ], [ 137586.558402180264238, 453601.903049106476828, 0.0 ], [ 137596.87443450075807, 453611.650987457484007, 0.0 ] ] ] ] } },
{ "type": "Feature", "properties": { "fid": 1198, "FUNCTIE": "05_Talut2", "Info": null, "Verhaal": null }, "geometry": { "type": "MultiPolygon", "coordinates": [ [ [ [ 137585.542937029647874, 453602.976719387632329, 0.0 ], [ 137578.247685790760443, 453599.191389112500474, 0.0 ], [ 137574.104427909129299, 453603.184239293797873, 0.0 ], [ 137579.579027983680135, 453609.282471873622853, 0.0 ], [ 137585.542937029647874, 453602.976719387632329, 0.0 ] ] ] ] } },
{ "type": "Feature", "properties": { "fid": 1199, "FUNCTIE": "04_Talut1", "Info": null, "Verhaal": null }, "geometry": { "type": "MultiPolygon", "coordinates": [ [ [ [ 137578.247685790760443, 453599.191389112500474, 0.0 ], [ 137585.542937029647874, 453602.976719387632329, 0.0 ], [ 137543.446795428724727, 453563.739395216165576, 0.0 ], [ 137541.840323953918414, 453564.190713590593077, 0.0 ], [ 137578.247685790760443, 453599.191389112500474, 0.0 ] ] ] ] } },
{ "type": "Feature", "properties": { "fid": 1200, "FUNCTIE": "04_Talut1", "Info": null, "Verhaal": null }, "geometry": { "type": "MultiPolygon", "coordinates": [ [ [ [ 137605.183848178945482, 453677.356110114138573, 0.0 ], [ 137613.193235367856687, 453680.371212553640362, 0.0 ], [ 137612.511593241331866, 453678.992946316546295, 0.0 ], [ 137606.333393765962683, 453676.558956411317922, 0.0 ], [ 137605.183848178945482, 453677.356110114138573, 0.0 ] ] ] ] } },
{ "type": "Feature", "properties": { "fid": 1201, "FUNCTIE": "04_Talut1", "Info": null, "Verhaal": null }, "geometry": { "type": "MultiPolygon", "coordinates": [ [ [ [ 137606.333393765962683, 453676.558956411317922, 0.0 ], [ 137597.910372989630559, 453610.624124390480574, 0.0 ], [ 137596.87443450075807, 453611.650987457484007, 0.0 ], [ 137605.183848178945482, 453677.356110114138573, 0.0 ], [ 137606.333393765962683, 453676.558956411317922, 0.0 ] ] ] ] } },
{ "type": "Feature", "properties": { "fid": 1202, "FUNCTIE": "05_Talut2", "Info": null, "Verhaal": null }, "geometry": { "type": "MultiPolygon", "coordinates": [ [ [ [ 137767.156588066805853, 453833.662491507828236, 0.0 ], [ 137764.581951040803688, 453837.187992738210596, 0.0 ], [ 137771.04440507554682, 453842.310037767514586, 0.0 ], [ 137774.15796681199572, 453837.745158525707666, 0.0 ], [ 137767.156588066805853, 453833.662491507828236, 0.0 ] ] ] ] } },
{ "type": "Feature", "properties": { "fid": 1203, "FUNCTIE": "04_Talut1", "Info": null, "Verhaal": null }, "geometry": { "type": "MultiPolygon", "coordinates": [ [ [ [ 137774.15796681199572, 453837.745158525707666, 0.0 ], [ 137798.475757269188762, 453856.426539349777158, 0.0 ], [ 137799.392233137536095, 453854.036026311747264, 0.0 ], [ 137776.817953343997942, 453836.252293890574947, 0.0 ], [ 137774.15796681199572, 453837.745158525707666, 0.0 ] ] ] ] } },
{ "type": "Feature", "properties": { "fid": 1204, "FUNCTIE": "04_Talut1", "Info": null, "Verhaal": null }, "geometry": { "type": "MultiPolygon", "coordinates": [ [ [ [ 137798.475757269188762, 453856.426539349777158, 0.0 ], [ 137808.481954187271185, 453862.230601299728733, 0.0 ], [ 137809.591738032584544, 453860.035095267463475, 0.0 ], [ 137799.392233137536095, 453854.036026311747264, 0.0 ], [ 137798.475757269188762, 453856.426539349777158, 0.0 ] ] ] ] } },
{ "type": "Feature", "properties": { "fid": 1205, "FUNCTIE": "04_Talut1", "Info": null, "Verhaal": null }, "geometry": { "type": "MultiPolygon", "coordinates": [ [ [ [ 137799.653922369005159, 453853.39000351150753, 0.0 ], [ 137809.982862914854195, 453859.389643944101408, 0.0 ], [ 137809.082729506335454, 453858.026595951290801, 0.0 ], [ 137800.240609905478777, 453852.421826518082526, 0.0 ], [ 137799.653922369005159, 453853.39000351150753, 0.0 ] ] ] ] } },
{ "type": "Feature", "properties": { "fid": 1206, "FUNCTIE": "04_Talut1", "Info": null, "Verhaal": null }, "geometry": { "type": "MultiPolygon", "coordinates": [ [ [ [ 137800.240609905478777, 453852.421826518082526, 0.0 ], [ 137778.569646785326768, 453835.270304312056396, 0.0 ], [ 137777.273444772174116, 453835.687943662749603, 0.0 ], [ 137799.653922369005159, 453853.39000351150753, 0.0 ], [ 137800.240609905478777, 453852.421826518082526, 0.0 ] ] ] ] } },
{ "type": "Feature", "properties": { "fid": 1207, "FUNCTIE": "04_Talut1", "Info": null, "Verhaal": null }, "geometry": { "type": "MultiPolygon", "coordinates": [ [ [ [ 137824.234232345159398, 453871.231201699643862, 0.0 ], [ 137832.874304420809494, 453878.647174010635354, 0.0 ], [ 137833.465780999249546, 453876.578815591463353, 0.0 ], [ 137825.920841118902899, 453870.332598381792195, 0.0 ], [ 137824.234232345159398, 453871.231201699643862, 0.0 ] ] ] ] } },
{ "type": "Feature", "properties": { "fid": 1208, "FUNCTIE": "04_Talut1", "Info": null, "Verhaal": null }, "geometry": { "type": "MultiPolygon", "coordinates": [ [ [ [ 137826.441683219891274, 453869.623001955565996, 0.0 ], [ 137833.986622964614071, 453875.869219152955338, 0.0 ], [ 137833.479023259133101, 453873.53713761921972, 0.0 ], [ 137828.385190975764999, 453869.178557452105451, 0.0 ], [ 137826.441683219891274, 453869.623001955565996, 0.0 ] ] ] ] } },
{ "type": "Feature", "properties": { "fid": 1209, "FUNCTIE": "05_Talut2", "Info": null, "Verhaal": null }, "geometry": { "type": "MultiPolygon", "coordinates": [ [ [ [ 137884.418327037332347, 453935.550573742599227, 0.0 ], [ 137890.998252591583878, 453941.602869245689362, 0.0 ], [ 137893.917431298090378, 453938.35557715955656, 0.0 ], [ 137887.60624689841643, 453932.261569541995414, 0.0 ], [ 137884.418327037332347, 453935.550573742599227, 0.0 ] ] ] ] } },
{ "type": "Feature", "properties": { "fid": 1210, "FUNCTIE": "04_Talut1", "Info": null, "Verhaal": null }, "geometry": { "type": "MultiPolygon", "coordinates": [ [ [ [ 137887.60624689841643, 453932.261569541995414, 0.0 ], [ 137888.197882278240286, 453930.256429676781408, 0.0 ], [ 137868.524842480779625, 453911.646470023086295, 0.0 ], [ 137866.933760899933986, 453912.794292564096395, 0.0 ], [ 137887.60624689841643, 453932.261569541995414, 0.0 ] ] ] ] } },
{ "type": "Feature", "properties": { "fid": 1073, "FUNCTIE": "01_Water", "Info": null, "Verhaal": null }, "geometry": { "type": "MultiPolygon", "coordinates": [ [ [ [ 138636.996832696371712, 455319.872766205866355, 0.0 ], [ 138638.111241782229627, 455321.834758537879679, 0.0 ], [ 138640.131637809012318, 455322.916565576219, 0.0 ], [ 138642.208420025184751, 455323.595350774179678, 0.0 ], [ 138666.008998107892694, 455324.508422565180808, 0.0 ], [ 138867.853464828105643, 455159.850034951872658, 0.0 ], [ 138868.273502406605985, 455159.490678218775429, 0.0 ], [ 138894.88625421456527, 455114.222810234408826, 0.0 ], [ 138895.047380795323988, 455114.085791879100725, 0.0 ], [ 138898.698349087528186, 455113.542169408930931, 0.0 ], [ 138901.652495121670654, 455112.803901879757177, 0.0 ], [ 138904.904559877439169, 455111.653867882967461, 0.0 ], [ 138907.831814405246405, 455110.279018685105257, 0.0 ], [ 138910.539698024804238, 455108.667678343714215, 0.0 ], [ 138912.829497935570544, 455106.999271141772624, 0.0 ], [ 138915.454490407253616, 455104.704049496795051, 0.0 ], [ 138918.385773638408864, 455101.74922398047056, 0.0 ], [ 138920.229446175944759, 455099.61681950383354, 0.0 ], [ 138922.270923562842654, 455096.912809427594766, 0.0 ], [ 138923.860382555314573, 455094.483476207649801, 0.0 ], [ 138925.45501839282224, 455091.63031670107739, 0.0 ], [ 138926.690478622098453, 455088.888337003591005, 0.0 ], [ 138930.83445808061515, 455077.909821841109078, 0.0 ], [ 138932.88915090955561, 455073.46452234784374, 0.0 ], [ 138935.155269753595348, 455070.479203192167915, 0.0 ], [ 138938.184860147739528, 455067.816167197888717, 0.0 ], [ 138941.424488542426843, 455065.85762126656482, 0.0 ], [ 138944.199369957117597, 455064.715740314160939, 0.0 ], [ 139014.716990835237084, 455029.532213970029261, 0.0 ], [ 139060.206757527979789, 455015.509809039882384, 0.0 ], [ 139062.252253712853417, 455014.634182189241983, 0.0 ], [ 139064.456310600187862, 455013.354382304532919, 0.0 ], [ 139066.232709399220766, 455012.002175430301577, 0.0 ], [ 139067.966388750239275, 455010.274807276204228, 0.0 ], [ 139069.523709206143394, 455008.137322526657954, 0.0 ], [ 139070.771009846037487, 455005.554767651949078, 0.0 ], [ 139071.447008849267149, 455003.145496277837083, 0.0 ], [ 139071.704425262432778, 455000.874086673604324, 0.0 ], [ 139071.557488057063892, 454998.133064209483564, 0.0 ], [ 139071.052742383239092, 454995.812519467435777, 0.0 ], [ 139070.410946442105342, 454994.012720301223453, 0.0 ], [ 139068.76027534485911, 454990.327705242088996, 0.0 ], [ 139024.107007696467917, 454931.360578002408147, 0.0 ], [ 139035.014737844147021, 454916.395893057342619, 0.0 ], [ 139036.372542611614335, 454914.917250040336512, 0.0 ], [ 139037.545743686001515, 454913.255331465043128, 0.0 ], [ 139038.448882966709789, 454911.545347721723374, 0.0 ], [ 139039.022782014799304, 454910.047850977513008, 0.0 ], [ 139039.448865012614988, 454908.371000540209934, 0.0 ], [ 139039.688768786145374, 454906.148223000578582, 0.0 ], [ 139039.607364759023767, 454904.215466331574135, 0.0 ], [ 139039.308209767041262, 454902.504076397046447, 0.0 ], [ 139038.638139457878424, 454900.411670532252174, 0.0 ], [ 139037.799999139591819, 454898.685648212383967, 0.0 ], [ 139036.440054381440859, 454896.518929683137685, 0.0 ], [ 139026.237376092380146, 454884.191773127065971, 0.0 ], [ 139016.659513100719778, 454897.151708227465861, 0.0 ], [ 139023.001823396189138, 454905.375439577386715, 0.0 ], [ 139004.30985111935297, 454931.934062557062134, 0.0 ], [ 139053.866540050657932, 455000.441762944916263, 0.0 ], [ 139053.806585066893604, 455000.570150519488379, 0.0 ], [ 138957.390032548079034, 455032.91420284420019, 0.0 ], [ 138957.243799441843294, 455032.820302737003658, 0.0 ], [ 138959.928393568028696, 455024.025028556119651, 0.0 ], [ 138962.981268547067884, 455015.219861383549869, 0.0 ], [ 138965.782887714041863, 455008.096037620096467, 0.0 ], [ 138972.12911987217376, 454993.307784961012658, 0.0 ], [ 138973.625841039029183, 454989.240800754516385, 0.0 ], [ 138975.130845469742781, 454984.488862483703997, 0.0 ], [ 138982.552905832504621, 454958.130822026578244, 0.0 ], [ 138986.307836035528453, 454943.905515841732267, 0.0 ], [ 138988.1401008637622, 454935.546112988085952, 0.0 ], [ 138989.4052705912909, 454926.457266882876866, 0.0 ], [ 138990.040977805212606, 454918.675050207646564, 0.0 ], [ 138990.208681574004004, 454911.367417900881264, 0.0 ], [ 138969.844230600021547, 454912.42067726427922, 0.0 ], [ 138969.295408721227432, 454919.670947246486321, 0.0 ], [ 138968.522658144880552, 454926.953253814775962, 0.0 ], [ 138967.602431000355864, 454933.62936258740956, 0.0 ], [ 138966.38351202243939, 454940.797781272151042, 0.0 ], [ 138964.599663834698731, 454949.581174057151657, 0.0 ], [ 138963.078219901944976, 454956.14215513394447, 0.0 ], [ 138961.538825215946417, 454961.668611558561679, 0.0 ], [ 138959.595531041151844, 454967.440847233054228, 0.0 ], [ 138957.695961331861326, 454972.250417372386437, 0.0 ], [ 138955.195224174123723, 454977.803104363614693, 0.0 ], [ 138952.356825758441119, 454983.391130719101056, 0.0 ], [ 138948.925345945783192, 454989.497214252536651, 0.0 ], [ 138940.275524185970426, 455003.465247604413889, 0.0 ], [ 138937.758038796193432, 455006.381281212321483, 0.0 ], [ 138935.62036734004505, 455009.178075489297044, 0.0 ], [ 138933.516310080100084, 455012.303986948856618, 0.0 ], [ 138931.868754628318129, 455015.094273975875694, 0.0 ], [ 138929.129310910560889, 455020.74734272697242, 0.0 ], [ 138926.955954340024618, 455026.855441176274326, 0.0 ], [ 138924.932921910251025, 455034.618773784895893, 0.0 ], [ 138923.68919167961576, 455041.95517632534029, 0.0 ], [ 138920.727723331510788, 455078.054180588456802, 0.0 ], [ 138920.39690805124701, 455080.552835364767816, 0.0 ], [ 138919.55742729557096, 455084.03870520653436, 0.0 ], [ 138918.321883754833834, 455087.373459038732108, 0.0 ], [ 138916.428622353763785, 455090.981438566930592, 0.0 ], [ 138914.490229344868567, 455093.748904829379171, 0.0 ], [ 138911.981432769011008, 455096.534503392642364, 0.0 ], [ 138909.65862290764926, 455098.579927510756534, 0.0 ], [ 138907.27100538185914, 455100.285365278716199, 0.0 ], [ 138903.662278193834936, 455102.273361375438981, 0.0 ], [ 138900.149942291638581, 455103.669513729168102, 0.0 ], [ 138896.879226728342474, 455104.577763570472598, 0.0 ], [ 138893.145016354596009, 455105.209558088798076, 0.0 ], [ 138889.327950833539944, 455105.416896376060322, 0.0 ], [ 138869.982170093659079, 455126.326323885237798, 0.0 ], [ 138859.06233740283642, 455137.555679464829154, 0.0 ], [ 138662.650629208801547, 455298.021014746045694, 0.0 ], [ 138654.213607146812137, 455303.586475169111509, 0.0 ], [ 138648.106728985323571, 455306.907953312096652, 0.0 ], [ 138642.915042390144663, 455309.124029513797723, 0.0 ], [ 138638.395350508420961, 455311.991902605106588, 0.0 ], [ 138637.24969743686961, 455315.278518665407319, 0.0 ], [ 138636.996832696371712, 455319.872766205866355, 0.0 ] ] ] ] } },
{ "type": "Feature", "properties": { "fid": 1074, "FUNCTIE": "01_Water", "Info": null, "Verhaal": null }, "geometry": { "type": "MultiPolygon", "coordinates": [ [ [ [ 138989.450083538424224, 454779.791479382489342, 0.0 ], [ 138990.243770572706126, 454762.655904119310435, 0.0 ], [ 138990.177837953844573, 454760.782385969592724, 0.0 ], [ 138989.832114464865299, 454758.425539365853183, 0.0 ], [ 138988.776798511040397, 454755.031511813402176, 0.0 ], [ 138987.250314780161716, 454752.143230172980111, 0.0 ], [ 138985.616496700560674, 454749.98494500585366, 0.0 ], [ 138983.107900872331811, 454747.604061009420548, 0.0 ], [ 138979.889386263384949, 454745.540528348647058, 0.0 ], [ 138976.931441719381837, 454744.297135302331299, 0.0 ], [ 138973.282759329798864, 454743.41305524262134, 0.0 ], [ 138923.383834599109832, 454727.808785561705008, 0.0 ], [ 138923.421458738652291, 454715.960167658398859, 0.0 ], [ 138923.172553845535731, 454713.087107368279248, 0.0 ], [ 138922.697223765659146, 454710.768203620798886, 0.0 ], [ 138921.850782942085061, 454708.194572407752275, 0.0 ], [ 138921.029173368238844, 454706.414694004692137, 0.0 ], [ 138919.965923303214367, 454704.637682152388152, 0.0 ], [ 138918.630368797050323, 454702.909958251693752, 0.0 ], [ 138916.991857711691409, 454701.277937444334384, 0.0 ], [ 138915.221976637141779, 454699.922008318535518, 0.0 ], [ 138912.678323452972108, 454698.494465185620356, 0.0 ], [ 138910.190319804474711, 454697.55283758090809, 0.0 ], [ 138907.868358009844087, 454697.000031360832509, 0.0 ], [ 138905.367537125886884, 454696.707900413195603, 0.0 ], [ 138903.0918231739779, 454696.697791955491994, 0.0 ], [ 138903.095478176663164, 454695.173377452068962, 0.0 ], [ 138904.072987264342373, 454693.028086920443457, 0.0 ], [ 138905.565740033285692, 454690.673161521670409, 0.0 ], [ 138907.452096973225707, 454688.49621393106645, 0.0 ], [ 138909.452733349316986, 454686.76775370107498, 0.0 ], [ 138911.874336842796765, 454685.213993835728616, 0.0 ], [ 138914.451223712967476, 454684.043405298143625, 0.0 ], [ 138916.92319714059704, 454683.30070849362528, 0.0 ], [ 138918.303213162493194, 454673.462750921258703, 0.0 ], [ 138916.161039882455952, 454673.821608945319895, 0.0 ], [ 138913.414160001993878, 454675.084592436731327, 0.0 ], [ 138911.09392256924184, 454676.414155986101832, 0.0 ], [ 138907.237390488648089, 454679.274814512871671, 0.0 ], [ 138903.985722301615169, 454682.56886331550777, 0.0 ], [ 138901.314323893631808, 454686.272568294894882, 0.0 ], [ 138899.524121056165313, 454689.696474095515441, 0.0 ], [ 138898.161362278449815, 454693.454304993909318, 0.0 ], [ 138897.214417203358607, 454698.185438391228672, 0.0 ], [ 138896.961118385923328, 454698.343920377723407, 0.0 ], [ 138819.673273638181854, 454725.673857800196856, 0.0 ], [ 138787.065067373361671, 454681.597676333039999, 0.0 ], [ 138784.109780786122428, 454678.829183092573658, 0.0 ], [ 138780.615631130407564, 454676.246239534171764, 0.0 ], [ 138777.447544975031633, 454674.448022295662668, 0.0 ], [ 138773.627137220144505, 454672.846055430534761, 0.0 ], [ 138770.343342918757116, 454671.906028185156174, 0.0 ], [ 138766.528350534732454, 454671.274295014853124, 0.0 ], [ 138763.296222094038967, 454671.104556226870045, 0.0 ], [ 138760.237878144427668, 454671.248987075174227, 0.0 ], [ 138756.007923005177872, 454671.940262135933153, 0.0 ], [ 138751.111574678652687, 454673.473224521905649, 0.0 ], [ 138746.349465429288102, 454675.783003995835315, 0.0 ], [ 138742.425869180558948, 454678.434137431322597, 0.0 ], [ 138666.961068950768095, 454724.887724654865451, 0.0 ], [ 138664.382867117004935, 454727.42070834140759, 0.0 ], [ 138662.01814551249845, 454730.630117246764712, 0.0 ], [ 138660.194383636116982, 454734.289377551351208, 0.0 ], [ 138659.457068568386603, 454736.497484487481415, 0.0 ], [ 138658.944321786490036, 454738.798573458276223, 0.0 ], [ 138658.632166395080276, 454742.976545654761139, 0.0 ], [ 138659.031624007067876, 454746.887642155517824, 0.0 ], [ 138682.864474062982481, 454847.701836763997562, 0.0 ], [ 138656.090480449551251, 454850.814531370648183, 0.0 ], [ 138656.975433129933663, 454853.221406813827343, 0.0 ], [ 138692.282278099213727, 454850.970022444787901, 0.0 ], [ 138694.092129630153067, 454853.151668328908272, 0.0 ], [ 138706.912764937151223, 454852.030869345762767, 0.0 ], [ 138682.891154329612618, 454747.614370219642296, 0.0 ], [ 138762.921218618750572, 454700.726816200243775, 0.0 ], [ 138814.525895908562234, 454771.634658572031185, 0.0 ], [ 138801.56302131692064, 454804.042223418015055, 0.0 ], [ 138851.596999456698541, 454835.288350283110049, 0.0 ], [ 138876.531552576925606, 454815.485968404915184, 0.0 ], [ 138966.380464656540425, 454842.39314386685146, 0.0 ], [ 138910.871105582860764, 454915.505204572109506, 0.0 ], [ 138877.133685340406373, 454915.321971485740505, 0.0 ], [ 138856.126397605024977, 454968.944629967329092, 0.0 ], [ 138885.436656143137952, 454988.842124034184963, 0.0 ], [ 138884.151356654445408, 455074.468705256178509, 0.0 ], [ 138800.901403694209876, 455080.27902037196327, 0.0 ], [ 138753.01164338743547, 454987.498420466959942, 0.0 ], [ 138749.632555026590126, 454986.203817494388204, 0.0 ], [ 138739.010522286873311, 454991.50016888952814, 0.0 ], [ 138738.548887688550167, 454993.907854934688658, 0.0 ], [ 138732.222159741533687, 454996.779184252140112, 0.0 ], [ 138761.711049654870294, 455061.347885618859436, 0.0 ], [ 138778.536877273669234, 455086.38999116839841, 0.0 ], [ 138780.160859064519173, 455088.580920591193717, 0.0 ], [ 138782.234670264529996, 455090.988731367629953, 0.0 ], [ 138784.842657525645336, 455093.539311328786425, 0.0 ], [ 138787.521937433455605, 455095.725563023064751, 0.0 ], [ 138789.995523695950396, 455097.423070844088215, 0.0 ], [ 138795.846702464798, 455100.580542356183287, 0.0 ], [ 138801.815800105105154, 455103.20761689421488, 0.0 ], [ 138806.620047768461518, 455104.512926388822962, 0.0 ], [ 138809.47273396953824, 455104.941592482267879, 0.0 ], [ 138811.926801088528009, 455105.121895794291049, 0.0 ], [ 138815.2925728088303, 455105.099805862468202, 0.0 ], [ 138887.536248223361326, 455100.6290463754558, 0.0 ], [ 138889.801802920788759, 455100.608475595887285, 0.0 ], [ 138890.950063273630803, 455101.033327674784232, 0.0 ], [ 138893.937696204317035, 455100.550863012380432, 0.0 ], [ 138897.349830137507524, 455099.623968011990655, 0.0 ], [ 138900.355001896561589, 455098.463137328915764, 0.0 ], [ 138903.544890270015458, 455096.805716400267556, 0.0 ], [ 138906.741551301587606, 455094.564054039306939, 0.0 ], [ 138908.788513868232258, 455092.7017704314203, 0.0 ], [ 138910.706605586106889, 455090.514937933068722, 0.0 ], [ 138912.123901585728163, 455088.496594634489156, 0.0 ], [ 138913.798855402419576, 455085.363998329965398, 0.0 ], [ 138914.914138295047451, 455082.35185980173992, 0.0 ], [ 138915.579201371350791, 455079.569223170226905, 0.0 ], [ 138915.972121891536517, 455076.064111614483409, 0.0 ], [ 138917.977432634797879, 454956.991188038315158, 0.0 ], [ 138957.382322877208935, 454905.376084605290089, 0.0 ], [ 138959.578256042586872, 454903.97522303747246, 0.0 ], [ 138962.445974445698084, 454902.439794784004334, 0.0 ], [ 138963.975471278623445, 454901.835484375362284, 0.0 ], [ 138965.117545911489287, 454901.683159755077213, 0.0 ], [ 138966.209553673048504, 454901.88822246476775, 0.0 ], [ 138967.111457372317091, 454902.343290591728874, 0.0 ], [ 138967.986025034741033, 454903.096939349314198, 0.0 ], [ 138968.736614339635707, 454904.048179276695009, 0.0 ], [ 138969.558166229136987, 454906.030414063076023, 0.0 ], [ 138969.700778213678859, 454907.325501175713725, 0.0 ], [ 138969.622358529653866, 454908.494695868750568, 0.0 ], [ 138990.05147459343425, 454906.78443633246934, 0.0 ], [ 138990.321214131952729, 454904.489509048289619, 0.0 ], [ 138994.529651399963768, 454892.506916820304468, 0.0 ], [ 138998.879660021921154, 454881.537163456901908, 0.0 ], [ 139003.566620109340874, 454870.905498142237775, 0.0 ], [ 139007.143589565181173, 454863.576205822930206, 0.0 ], [ 139013.279245896555949, 454851.677604355150834, 0.0 ], [ 139035.323526899475837, 454810.186725834966637, 0.0 ], [ 139050.939184877759544, 454815.036035521829035, 0.0 ], [ 139021.77596153927152, 454853.68049371795496, 0.0 ], [ 139033.778727088443702, 454863.173619488137774, 0.0 ], [ 139064.570860913954675, 454824.71971129643498, 0.0 ], [ 139066.175375063699903, 454822.940275392087642, 0.0 ], [ 139067.639657647145214, 454820.645800465485081, 0.0 ], [ 139068.835114139859797, 454817.528773655125406, 0.0 ], [ 139069.261817556631286, 454814.912930541962851, 0.0 ], [ 139069.198413085134234, 454812.256799375696573, 0.0 ], [ 139068.818527680443367, 454810.276206071139313, 0.0 ], [ 139067.856266124814283, 454807.715306890604552, 0.0 ], [ 139066.423957289749524, 454805.42432327370625, 0.0 ], [ 139064.734660364279989, 454803.585614750219975, 0.0 ], [ 139062.943402705655899, 454802.157629337278195, 0.0 ], [ 139060.664321902906522, 454800.820796379703097, 0.0 ], [ 139058.007364463672275, 454799.764964116853662, 0.0 ], [ 138989.450192565069301, 454779.789465319365263, 0.0 ], [ 138990.158845673839096, 454766.691185463045258, 0.0 ], [ 138989.450083538424224, 454779.791479382489342, 0.0 ] ] ] ] } },
{ "type": "Feature", "properties": { "fid": 1075, "FUNCTIE": "01_Water", "Info": null, "Verhaal": null }, "geometry": { "type": "MultiPolygon", "coordinates": [ [ [ [ 139017.585574301687302, 454787.964070914662443, 0.0 ], [ 139045.181065079552354, 454795.89959350740537, 0.0 ], [ 139049.28469976875931, 454789.972886661067605, 0.0 ], [ 139027.150105567328865, 454776.10114380804589, 0.0 ], [ 139017.585574301687302, 454787.964070914662443, 0.0 ] ] ] ] } },
{ "type": "Feature", "properties": { "fid": 1076, "FUNCTIE": "01_Water", "Info": null, "Verhaal": null }, "geometry": { "type": "MultiPolygon", "coordinates": [ [ [ [ 138699.796021322312299, 454927.767562124878168, 0.0 ], [ 138686.934029309952166, 454934.36974665109301, 0.0 ], [ 138687.088604711665539, 454937.15905232221121, 0.0 ], [ 138717.262045953772031, 454993.010216425696854, 0.0 ], [ 138727.917005780356703, 454989.851684011926409, 0.0 ], [ 138734.519221937574912, 454987.364624972338788, 0.0 ], [ 138737.388137972215191, 454988.663984616985545, 0.0 ], [ 138748.744579947844613, 454983.200295605813153, 0.0 ], [ 138748.247874238615623, 454980.90684695832897, 0.0 ], [ 138752.82274525729008, 454978.263130001083482, 0.0 ], [ 138784.543467951822095, 454965.472965628141537, 0.0 ], [ 138797.446125203830888, 454959.558394101506565, 0.0 ], [ 138799.823635139735416, 454957.955921423446853, 0.0 ], [ 138801.816756039828761, 454956.060181836306583, 0.0 ], [ 138802.971896654169541, 454954.589617804100271, 0.0 ], [ 138804.009191975172143, 454952.851249100174755, 0.0 ], [ 138805.180807418335462, 454949.725152525759768, 0.0 ], [ 138805.622708246170077, 454946.388197420339566, 0.0 ], [ 138805.537905128498096, 454944.475918940093834, 0.0 ], [ 138805.209480748249916, 454942.555828881158959, 0.0 ], [ 138778.976282425923273, 454851.613196941616479, 0.0 ], [ 138778.307284462236566, 454849.935794707504101, 0.0 ], [ 138777.409282235923456, 454848.324517116707284, 0.0 ], [ 138776.446391429228242, 454846.998823241097853, 0.0 ], [ 138774.871061652520439, 454845.428178487636615, 0.0 ], [ 138772.751431856013369, 454843.883378183294553, 0.0 ], [ 138769.550646046322072, 454842.495967227267101, 0.0 ], [ 138766.755139564571436, 454842.014822809374891, 0.0 ], [ 138763.65834636517684, 454842.126454337965697, 0.0 ], [ 138761.003865981241688, 454842.640997692942619, 0.0 ], [ 138758.405744076735573, 454843.340793252806179, 0.0 ], [ 138708.038108517095679, 454856.184732218331192, 0.0 ], [ 138707.027703515224857, 454855.530776588304434, 0.0 ], [ 138694.702632777771214, 454856.052317225839943, 0.0 ], [ 138693.178753089800011, 454856.876113272737712, 0.0 ], [ 138666.434972737857606, 454858.974093682190869, 0.0 ], [ 138664.356590385723393, 454859.435970643593464, 0.0 ], [ 138662.036072011658689, 454860.341903305845335, 0.0 ], [ 138660.041639830364147, 454861.543503253662493, 0.0 ], [ 138658.114915180689422, 454863.273632397933397, 0.0 ], [ 138656.978798769763671, 454864.73270316462731, 0.0 ], [ 138656.242586582986405, 454865.992586322885472, 0.0 ], [ 138655.553693692403613, 454867.627415762166493, 0.0 ], [ 138655.069511544308625, 454869.499386850162409, 0.0 ], [ 138654.868273959116777, 454872.274567402317189, 0.0 ], [ 138655.979312879790086, 454875.119148141413461, 0.0 ], [ 138682.513302275299793, 454927.812101401854306, 0.0 ], [ 138684.760959080129396, 454928.904824099852704, 0.0 ], [ 138697.10168691619765, 454923.022180678381119, 0.0 ], [ 138677.001088638673536, 454885.047142835683189, 0.0 ], [ 138675.995914733503014, 454882.374291694897693, 0.0 ], [ 138675.663588050432736, 454880.091103437764104, 0.0 ], [ 138675.73222949547926, 454877.894022486871108, 0.0 ], [ 138675.984909845225047, 454876.67431712715188, 0.0 ], [ 138676.635096300044097, 454874.899189097457565, 0.0 ], [ 138677.928727029531728, 454872.702181479195133, 0.0 ], [ 138680.106219952343963, 454870.623934723844286, 0.0 ], [ 138681.986561978497775, 454869.436905540991575, 0.0 ], [ 138684.080887169431662, 454868.586909356003162, 0.0 ], [ 138741.671312066784594, 454857.608775112370495, 0.0 ], [ 138743.970228724560002, 454857.394781035894994, 0.0 ], [ 138746.012948275689268, 454857.440597719862126, 0.0 ], [ 138748.344130648009013, 454857.774709702003747, 0.0 ], [ 138750.220134218165185, 454858.285390203644056, 0.0 ], [ 138752.157448464684421, 454859.074260250024963, 0.0 ], [ 138754.367118616442895, 454860.364712209207937, 0.0 ], [ 138756.205712258641142, 454861.849562334828079, 0.0 ], [ 138757.967497454199474, 454863.777123309846502, 0.0 ], [ 138776.674359674187144, 454890.530676833353937, 0.0 ], [ 138778.689290455076844, 454893.197306077403482, 0.0 ], [ 138780.433771198760951, 454896.186070355179254, 0.0 ], [ 138781.817362494271947, 454899.439095673791599, 0.0 ], [ 138782.638434010761557, 454902.249155031575356, 0.0 ], [ 138783.124093647027621, 454904.893031243525911, 0.0 ], [ 138783.360844597074902, 454907.894073030271102, 0.0 ], [ 138783.273363595479168, 454910.9310545186745, 0.0 ], [ 138779.85304094789899, 454945.490376600471791, 0.0 ], [ 138779.093810200749431, 454948.481779049150646, 0.0 ], [ 138777.763037816010183, 454951.125316109333653, 0.0 ], [ 138776.394925570348278, 454952.910727968788706, 0.0 ], [ 138775.070938976539765, 454954.198334218584932, 0.0 ], [ 138773.414628628670471, 454955.420239667699207, 0.0 ], [ 138771.887919614004204, 454956.268989824748132, 0.0 ], [ 138733.894267172465334, 454972.338281308941077, 0.0 ], [ 138732.092502664076164, 454972.788440951728262, 0.0 ], [ 138730.397235251351958, 454972.952527172164991, 0.0 ], [ 138728.807323116459884, 454972.884557188255712, 0.0 ], [ 138727.065098667721031, 454972.548196030547842, 0.0 ], [ 138725.640487936674617, 454972.048046101233922, 0.0 ], [ 138723.895662352646468, 454971.102881396538578, 0.0 ], [ 138722.512128415139159, 454970.011459868401289, 0.0 ], [ 138721.248012998141348, 454968.630988716846332, 0.0 ], [ 138720.171620909677586, 454966.957433979725465, 0.0 ], [ 138699.796021322312299, 454927.767562124878168, 0.0 ] ] ] ] } },
{ "type": "Feature", "properties": { "fid": 1077, "FUNCTIE": "02_Maaiveld", "Info": null, "Verhaal": null }, "geometry": { "type": "MultiPolygon", "coordinates": [ [ [ [ 138831.777818544767797, 454742.477922768623102, 0.0 ], [ 138858.328706674627028, 454777.993845512391999, 0.0 ], [ 138899.906901404639939, 454790.882056409784127, 0.0 ], [ 138902.816698964656098, 454716.58388963440666, 0.0 ], [ 138831.777818544767797, 454742.477922768623102, 0.0 ] ] ] ] } },
{ "type": "Feature", "properties": { "fid": 1078, "FUNCTIE": "02_Maaiveld", "Info": null, "Verhaal": null }, "geometry": { "type": "MultiPolygon", "coordinates": [ [ [ [ 138920.493704635358881, 454796.435216473299079, 0.0 ], [ 138976.665824874711689, 454813.830199978780001, 0.0 ], [ 138986.186791145824827, 454818.010111382813193, 0.0 ], [ 138991.282561052707024, 454822.878478147438727, 0.0 ], [ 139006.993739922501845, 454802.781276400201023, 0.0 ], [ 138971.273381237668218, 454791.716537493921351, 0.0 ], [ 138973.159813109436072, 454759.831407762889285, 0.0 ], [ 138922.435875089402543, 454745.312980082817376, 0.0 ], [ 138920.493704635358881, 454796.435216473299079, 0.0 ] ] ] ] } },
{ "type": "Feature", "properties": { "fid": 1079, "FUNCTIE": "02_Maaiveld", "Info": null, "Verhaal": null }, "geometry": { "type": "MultiPolygon", "coordinates": [ [ [ [ 138699.796021322312299, 454927.767562124878168, 0.0 ], [ 138720.530162332608597, 454967.592920410796069, 0.0 ], [ 138721.83827834186377, 454969.332149974885397, 0.0 ], [ 138723.34367841394851, 454970.709890270547476, 0.0 ], [ 138724.931290458305739, 454971.71308508241782, 0.0 ], [ 138726.807572454476031, 454972.473567780049052, 0.0 ], [ 138728.547997690940974, 454972.852398481161799, 0.0 ], [ 138730.519213604100514, 454972.948790977883618, 0.0 ], [ 138732.457578898756765, 454972.721225698944181, 0.0 ], [ 138734.043387173325755, 454972.286515130312182, 0.0 ], [ 138771.557409351196839, 454956.423552850726992, 0.0 ], [ 138774.302303170232335, 454954.810381198767573, 0.0 ], [ 138776.595374424097827, 454952.683662201685365, 0.0 ], [ 138777.886121647810796, 454950.931143654859625, 0.0 ], [ 138778.768348608602537, 454949.272610127285589, 0.0 ], [ 138779.508215290494263, 454947.193924158695154, 0.0 ], [ 138779.875891431467608, 454945.309752454923, 0.0 ], [ 138783.306914995569969, 454910.481353378796484, 0.0 ], [ 138783.267606779467314, 454906.203678760619368, 0.0 ], [ 138782.666371450322913, 454902.369321308564395, 0.0 ], [ 138782.105132870929083, 454900.304054513399024, 0.0 ], [ 138781.099704226100584, 454897.608418217976578, 0.0 ], [ 138780.077425555122318, 454895.501914681866765, 0.0 ], [ 138778.775985170272179, 454893.327588964719325, 0.0 ], [ 138776.703148778848117, 454890.571842585224658, 0.0 ], [ 138758.269731707114261, 454864.177195819676854, 0.0 ], [ 138756.935142517933855, 454862.574938800127711, 0.0 ], [ 138755.636846365145175, 454861.342197515594307, 0.0 ], [ 138752.851533260283759, 454859.430476559675299, 0.0 ], [ 138750.924888624838786, 454858.539416243846063, 0.0 ], [ 138749.042674946162151, 454857.938043480971828, 0.0 ], [ 138745.578769051411655, 454857.412181216815952, 0.0 ], [ 138741.761189821758308, 454857.594932590902317, 0.0 ], [ 138684.999656222265912, 454868.341573131154291, 0.0 ], [ 138683.375088074390078, 454868.825826532032806, 0.0 ], [ 138681.986561978497775, 454869.436905540991575, 0.0 ], [ 138680.106219952343963, 454870.623934723844286, 0.0 ], [ 138679.58376691074227, 454871.046974058321211, 0.0 ], [ 138677.928727029531728, 454872.702181479195133, 0.0 ], [ 138676.635096300044097, 454874.899189097457565, 0.0 ], [ 138675.984909845225047, 454876.67431712715188, 0.0 ], [ 138675.726981148764025, 454877.930320329964161, 0.0 ], [ 138675.663588050432736, 454880.091103437764104, 0.0 ], [ 138675.991878168075345, 454882.358460392220877, 0.0 ], [ 138676.548416571895359, 454884.051319671503734, 0.0 ], [ 138697.10168691619765, 454923.022180678381119, 0.0 ], [ 138699.796021322312299, 454927.767562124878168, 0.0 ] ] ] ] } },
{ "type": "Feature", "properties": { "fid": 1080, "FUNCTIE": "02_Maaiveld", "Info": null, "Verhaal": null }, "geometry": { "type": "MultiPolygon", "coordinates": [ [ [ [ 138748.0792124151194, 454980.742728429788258, 0.0 ], [ 138749.634157961088931, 454986.200896971451584, 0.0 ], [ 138753.068874334916472, 454987.607322215219028, 0.0 ], [ 138800.955894885730231, 455080.342690305784345, 0.0 ], [ 138884.239629548595985, 455074.462399979238398, 0.0 ], [ 138885.467408393655205, 454988.901286274020094, 0.0 ], [ 138856.132545588101493, 454968.92892934428528, 0.0 ], [ 138877.125601027248194, 454915.321920891990885, 0.0 ], [ 138910.859023875353159, 454915.519873132812791, 0.0 ], [ 138966.355022863281192, 454842.435886600869708, 0.0 ], [ 138876.5107649853162, 454815.50247547251638, 0.0 ], [ 138851.590928461228032, 454835.285262640332803, 0.0 ], [ 138801.560507251415402, 454804.040649762435351, 0.0 ], [ 138814.520584982063156, 454771.647930287872441, 0.0 ], [ 138762.838516666903161, 454700.721848726971075, 0.0 ], [ 138682.82476926210802, 454747.660751979739871, 0.0 ], [ 138706.926848603121471, 454852.017773321131244, 0.0 ], [ 138708.037277175521012, 454856.181318020331673, 0.0 ], [ 138758.405744076735573, 454843.340793252806179, 0.0 ], [ 138761.003865981241688, 454842.640997692942619, 0.0 ], [ 138763.65834636517684, 454842.126454337965697, 0.0 ], [ 138766.677910713391611, 454842.007395718770567, 0.0 ], [ 138769.753773000964429, 454842.567863047239371, 0.0 ], [ 138772.751431856013369, 454843.883378183294553, 0.0 ], [ 138774.871061652520439, 454845.428178487636615, 0.0 ], [ 138776.237748598912731, 454846.992737890046556, 0.0 ], [ 138777.638892673363443, 454848.80579557659803, 0.0 ], [ 138778.556589548039483, 454850.633621381770354, 0.0 ], [ 138779.401915414346149, 454853.374429642397445, 0.0 ], [ 138805.133215968846343, 454941.804828563181218, 0.0 ], [ 138805.529798529023537, 454944.153666118509136, 0.0 ], [ 138805.573291685810545, 454946.520609677478205, 0.0 ], [ 138805.291125596762868, 454948.766498673590831, 0.0 ], [ 138804.588706689915853, 454951.226667003007606, 0.0 ], [ 138803.709193046524888, 454953.157503438123967, 0.0 ], [ 138802.170637901726877, 454955.499124051944818, 0.0 ], [ 138800.458729905250948, 454957.351920097426046, 0.0 ], [ 138798.306565014761873, 454959.052445712964982, 0.0 ], [ 138796.09763331108843, 454960.312173507467378, 0.0 ], [ 138785.166374900582014, 454965.250612968404312, 0.0 ], [ 138753.50367636748706, 454977.875752357358579, 0.0 ], [ 138748.0792124151194, 454980.742728429788258, 0.0 ] ] ] ] } },
{ "type": "Feature", "properties": { "fid": 1081, "FUNCTIE": "03_Gebouw", "Info": null, "Verhaal": null }, "geometry": { "type": "MultiPolygon", "coordinates": [ [ [ [ 138744.522618941526162, 454926.595383529842366, 0.0 ], [ 138745.229494384926511, 454926.157689095183741, 0.0 ], [ 138745.614687002904247, 454925.41677604772849, 0.0 ], [ 138745.606859601131873, 454924.72713816689793, 0.0 ], [ 138737.70013770807418, 454896.070689800893888, 0.0 ], [ 138737.638209621101851, 454895.386522828717716, 0.0 ], [ 138737.177438659680774, 454894.60847985080909, 0.0 ], [ 138736.361210733186454, 454894.165066729183309, 0.0 ], [ 138735.428760428185342, 454894.17411936679855, 0.0 ], [ 138719.187047994637396, 454898.816415173758287, 0.0 ], [ 138718.437445044546621, 454899.267265157715883, 0.0 ], [ 138718.02395836164942, 454900.021159512689337, 0.0 ], [ 138718.040988955006469, 454900.811360826832242, 0.0 ], [ 138726.150502167962259, 454930.105483486608136, 0.0 ], [ 138726.516509503155248, 454930.710849621042144, 0.0 ], [ 138727.121727149758954, 454931.113926198857371, 0.0 ], [ 138727.85452406728291, 454931.228143201093189, 0.0 ], [ 138744.522618941526162, 454926.595383529842366, 0.0 ] ] ] ] } },
{ "type": "Feature", "properties": { "fid": 1082, "FUNCTIE": "04_Talut1", "Info": null, "Verhaal": null }, "geometry": { "type": "MultiPolygon", "coordinates": [ [ [ [ 138755.046429247013293, 454986.833251144096721, 0.0 ], [ 138801.615098023816245, 455078.139414594159462, 0.0 ], [ 138881.928565490990877, 455072.73881099926075, 0.0 ], [ 138883.390369806525996, 454990.604032013972756, 0.0 ], [ 138852.948281857185066, 454970.291370573162567, 0.0 ], [ 138875.318277535872767, 454913.149516381672584, 0.0 ], [ 138909.733695592411095, 454913.126315614616033, 0.0 ], [ 138962.281434851844097, 454843.978162353974767, 0.0 ], [ 138877.960901891958201, 454818.561816832516342, 0.0 ], [ 138851.545094930828782, 454838.760095475648995, 0.0 ], [ 138798.338493735267548, 454805.034044592815917, 0.0 ], [ 138798.172153390041785, 454804.919418529723771, 0.0 ], [ 138811.59442759497324, 454771.855185447144322, 0.0 ], [ 138771.631259801768465, 454717.523360550985672, 0.0 ], [ 138769.382008181564743, 454715.116687862260733, 0.0 ], [ 138767.763668935309397, 454712.624600887473207, 0.0 ], [ 138765.762877722707344, 454710.728238967712969, 0.0 ], [ 138763.773920559615362, 454709.544859749788884, 0.0 ], [ 138761.694143967964919, 454708.820706876576878, 0.0 ], [ 138758.841450188250747, 454708.508004435454495, 0.0 ], [ 138755.669928729883395, 454708.943277640792076, 0.0 ], [ 138754.082888827513671, 454709.444513198337518, 0.0 ], [ 138752.154865161021007, 454710.31790823728079, 0.0 ], [ 138685.068744682212127, 454748.974123697029427, 0.0 ], [ 138708.286419568990823, 454850.492737028980628, 0.0 ], [ 138709.87046749520232, 454848.521086289081722, 0.0 ], [ 138688.450713246857049, 454751.015738347137813, 0.0 ], [ 138750.444913507439196, 454715.140836368140299, 0.0 ], [ 138752.264883724885294, 454713.967372081649955, 0.0 ], [ 138754.920830181596102, 454712.732890074606985, 0.0 ], [ 138756.360088948189514, 454712.28518262936268, 0.0 ], [ 138759.18203975589131, 454712.019962262071203, 0.0 ], [ 138761.086785486259032, 454712.298423289787024, 0.0 ], [ 138763.451735135633498, 454713.209800895361695, 0.0 ], [ 138764.724914000194985, 454714.150525660021231, 0.0 ], [ 138766.125981035176665, 454715.549662532866932, 0.0 ], [ 138767.285563861601986, 454717.240073448920157, 0.0 ], [ 138769.230359097768087, 454719.898416629235726, 0.0 ], [ 138807.736596515896963, 454772.499952059530187, 0.0 ], [ 138794.180006256006891, 454806.303278148232494, 0.0 ], [ 138852.038614844001131, 454843.142504959891085, 0.0 ], [ 138879.227498636872042, 454822.900361136300489, 0.0 ], [ 138908.961928071657894, 454831.182096377830021, 0.0 ], [ 138911.336447963025421, 454832.149249308626167, 0.0 ], [ 138915.411346575652715, 454834.651453928439878, 0.0 ], [ 138919.910693950630957, 454838.26990568038309, 0.0 ], [ 138923.764456730976235, 454842.347604253445752, 0.0 ], [ 138926.509511216223473, 454846.1394647260895, 0.0 ], [ 138928.920218235929497, 454850.591311080090236, 0.0 ], [ 138930.248308227222878, 454853.93977080314653, 0.0 ], [ 138930.874502855614992, 454855.970263906288892, 0.0 ], [ 138931.784357477532467, 454860.26574209908722, 0.0 ], [ 138932.030555167701095, 454862.351734907308128, 0.0 ], [ 138932.15815439025755, 454866.379498952301219, 0.0 ], [ 138931.869603857630864, 454870.187301234167535, 0.0 ], [ 138930.840947762219002, 454875.413887861068361, 0.0 ], [ 138929.350312805327121, 454879.958567715657409, 0.0 ], [ 138927.136182923510205, 454884.763296606368385, 0.0 ], [ 138924.752492291998351, 454888.249556198599748, 0.0 ], [ 138908.033539926225785, 454910.13610038976185, 0.0 ], [ 138873.573847758554621, 454909.558548537723254, 0.0 ], [ 138849.089675471157534, 454971.647797857644036, 0.0 ], [ 138880.065157393168192, 454992.06263077800395, 0.0 ], [ 138878.933981527632568, 455070.111511958006304, 0.0 ], [ 138878.821387029194739, 455070.203230508021079, 0.0 ], [ 138803.019025090557989, 455075.138181239308324, 0.0 ], [ 138758.198013985936996, 454988.40313952852739, 0.0 ], [ 138755.046429247013293, 454986.833251144096721, 0.0 ] ] ] ] } },
{ "type": "Feature", "properties": { "fid": 1083, "FUNCTIE": "04_Talut1", "Info": null, "Verhaal": null }, "geometry": { "type": "MultiPolygon", "coordinates": [ [ [ [ 138923.434990186273353, 454839.329211903095711, 0.0 ], [ 138925.582913810329046, 454840.733919721795246, 0.0 ], [ 138950.495469747373136, 454847.975517329468857, 0.0 ], [ 138934.22615576669341, 454869.602570838178508, 0.0 ], [ 138932.402507528429851, 454873.218667327659205, 0.0 ], [ 138951.856897187040886, 454847.637669393618125, 0.0 ], [ 138923.434990186273353, 454839.329211903095711, 0.0 ] ] ] ] } },
{ "type": "Feature", "properties": { "fid": 1084, "FUNCTIE": "04_Talut1", "Info": null, "Verhaal": null }, "geometry": { "type": "MultiPolygon", "coordinates": [ [ [ [ 138929.76338150864467, 454844.634979214402847, 0.0 ], [ 138945.730141458305297, 454849.43062265845947, 0.0 ], [ 138935.267645967047429, 454862.171372199023608, 0.0 ], [ 138934.120899935776833, 454866.765070030989591, 0.0 ], [ 138948.452399219037034, 454848.864273763378151, 0.0 ], [ 138926.372567866259487, 454841.929414743441157, 0.0 ], [ 138929.76338150864467, 454844.634979214402847, 0.0 ] ] ] ] } },
{ "type": "Feature", "properties": { "fid": 1085, "FUNCTIE": "04_Talut1", "Info": null, "Verhaal": null }, "geometry": { "type": "MultiPolygon", "coordinates": [ [ [ [ 138763.470958114747191, 454982.309804492571857, 0.0 ], [ 138755.046429247013293, 454986.833251144096721, 0.0 ], [ 138758.19853250234155, 454988.403397775429767, 0.0 ], [ 138762.267391751141986, 454986.743516088812612, 0.0 ], [ 138762.104415556037566, 454985.268385587376542, 0.0 ], [ 138763.632574534189189, 454984.112915361241903, 0.0 ], [ 138763.470958114747191, 454982.309804492571857, 0.0 ] ] ] ] } },
{ "type": "Feature", "properties": { "fid": 1086, "FUNCTIE": "04_Talut1", "Info": null, "Verhaal": null }, "geometry": { "type": "MultiPolygon", "coordinates": [ [ [ [ 138708.286732539068907, 454850.494104642188177, 0.0 ], [ 138717.861942743213149, 454849.266030241909903, 0.0 ], [ 138715.501274570939131, 454848.287453767494299, 0.0 ], [ 138714.150118837569607, 454848.290930690942332, 0.0 ], [ 138712.973897987045348, 454846.816746091877576, 0.0 ], [ 138709.870897639397299, 454848.520550418645144, 0.0 ], [ 138708.286732539068907, 454850.494104642188177, 0.0 ] ] ] ] } },
{ "type": "Feature", "properties": { "fid": 1087, "FUNCTIE": "04_Talut1", "Info": null, "Verhaal": null }, "geometry": { "type": "MultiPolygon", "coordinates": [ [ [ [ 138800.452931234089192, 454829.791287028056104, 0.0 ], [ 138801.97092875718954, 454830.767539734952152, 0.0 ], [ 138799.841544895723928, 454829.512707373243757, 0.0 ], [ 138797.595103116123937, 454828.844285908271559, 0.0 ], [ 138795.523207638616441, 454828.735607057693414, 0.0 ], [ 138792.654562861396698, 454829.122247971652541, 0.0 ], [ 138789.415087101777317, 454830.074982769845519, 0.0 ], [ 138781.163274912192719, 454833.632626241364051, 0.0 ], [ 138788.913970642490312, 454831.055883736640681, 0.0 ], [ 138792.938703575753607, 454830.087638542056084, 0.0 ], [ 138794.07874639891088, 454830.104243093112018, 0.0 ], [ 138795.4893596812326, 454830.40075708477525, 0.0 ], [ 138799.308561056124745, 454831.852653022040613, 0.0 ], [ 138800.44828851276543, 454832.418074119254015, 0.0 ], [ 138839.124091433273861, 454856.317762860970106, 0.0 ], [ 138853.695536772400374, 454867.401072043052409, 0.0 ], [ 138839.342953415849479, 454854.544641235668678, 0.0 ], [ 138800.452931234089192, 454829.791287028056104, 0.0 ] ] ] ] } },
{ "type": "Feature", "properties": { "fid": 1088, "FUNCTIE": "04_Talut1", "Info": null, "Verhaal": null }, "geometry": { "type": "MultiPolygon", "coordinates": [ [ [ [ 138776.258421375358012, 454828.573095889063552, 0.0 ], [ 138780.226303501083748, 454826.803172591142356, 0.0 ], [ 138783.122932257654611, 454825.291706601332407, 0.0 ], [ 138784.313133385236142, 454824.181544448947534, 0.0 ], [ 138784.976845349738142, 454822.72332929255208, 0.0 ], [ 138785.078075564408209, 454821.741750801622402, 0.0 ], [ 138784.884936919930624, 454820.702998592227232, 0.0 ], [ 138784.408147803042084, 454819.749939731496852, 0.0 ], [ 138783.718165460275486, 454818.95849095430458, 0.0 ], [ 138774.115158791071735, 454813.160720877582207, 0.0 ], [ 138788.945582503540209, 454775.263367573032156, 0.0 ], [ 138772.251118457643315, 454814.151373973407317, 0.0 ], [ 138782.038071637565736, 454820.572822189365979, 0.0 ], [ 138782.790746736398432, 454821.35106757725589, 0.0 ], [ 138783.261029427085305, 454822.345563776558265, 0.0 ], [ 138783.252884986606659, 454823.510051791206934, 0.0 ], [ 138782.62802802483202, 454824.461762233288027, 0.0 ], [ 138776.258421375358012, 454828.573095889063552, 0.0 ] ] ] ] } },
{ "type": "Feature", "properties": { "fid": 1089, "FUNCTIE": "04_Talut1", "Info": null, "Verhaal": null }, "geometry": { "type": "MultiPolygon", "coordinates": [ [ [ [ 138752.579029298067326, 454736.432814431318548, 0.0 ], [ 138755.10923061426729, 454736.754875299113337, 0.0 ], [ 138758.148299860215047, 454738.389212797803339, 0.0 ], [ 138783.357778374193003, 454773.059624997258652, 0.0 ], [ 138780.144288739800686, 454782.135536916262936, 0.0 ], [ 138785.556928524834802, 454772.557328062830493, 0.0 ], [ 138759.172371876746183, 454735.432970193796791, 0.0 ], [ 138756.935957401554333, 454734.540928472299129, 0.0 ], [ 138754.607259080657968, 454733.963167936075479, 0.0 ], [ 138751.743935813050484, 454733.644773329608142, 0.0 ], [ 138739.888917537027737, 454740.240389003418386, 0.0 ], [ 138734.137251026724698, 454744.841938918223605, 0.0 ], [ 138703.044719348807121, 454763.259268848632928, 0.0 ], [ 138706.524506962916348, 454770.007505481946282, 0.0 ], [ 138704.920226676244056, 454763.573983529000543, 0.0 ], [ 138752.579029298067326, 454736.432814431318548, 0.0 ] ] ] ] } },
{ "type": "Feature", "properties": { "fid": 1090, "FUNCTIE": "04_Talut1", "Info": null, "Verhaal": null }, "geometry": { "type": "MultiPolygon", "coordinates": [ [ [ [ 138730.432803273200989, 454741.894512671802659, 0.0 ], [ 138737.713822681835154, 454736.464037945086602, 0.0 ], [ 138735.192903198243584, 454733.021997040545102, 0.0 ], [ 138696.285496736323694, 454755.90332818828756, 0.0 ], [ 138713.356085907493252, 454835.818862374755554, 0.0 ], [ 138713.720813717111014, 454829.08840357279405, 0.0 ], [ 138702.801407120743534, 454772.640378115349449, 0.0 ], [ 138699.457606749783736, 454764.6007783068344, 0.0 ], [ 138697.800798307318473, 454756.722224763827398, 0.0 ], [ 138734.848713439860148, 454734.828172064269893, 0.0 ], [ 138735.856690777785843, 454736.303497641172726, 0.0 ], [ 138730.432803273200989, 454741.894512671802659, 0.0 ] ] ] ] } },
{ "type": "Feature", "properties": { "fid": 1091, "FUNCTIE": "04_Talut1", "Info": null, "Verhaal": null }, "geometry": { "type": "MultiPolygon", "coordinates": [ [ [ [ 138715.501274570939131, 454848.287453767494299, 0.0 ], [ 138717.861942743213149, 454849.266030241909903, 0.0 ], [ 138714.348878323973622, 454840.904559128102846, 0.0 ], [ 138715.501274570939131, 454848.287453767494299, 0.0 ] ] ] ] } },
{ "type": "Feature", "properties": { "fid": 1092, "FUNCTIE": "04_Talut1", "Info": null, "Verhaal": null }, "geometry": { "type": "MultiPolygon", "coordinates": [ [ [ [ 138718.880706969794119, 454847.950354606087785, 0.0 ], [ 138715.068525246810168, 454829.905870687274728, 0.0 ], [ 138714.873359848803375, 454836.471692427468952, 0.0 ], [ 138715.535054401087109, 454839.916808302048594, 0.0 ], [ 138718.880706969794119, 454847.950354606087785, 0.0 ] ] ] ] } },
{ "type": "Feature", "properties": { "fid": 1093, "FUNCTIE": "04_Talut1", "Info": null, "Verhaal": null }, "geometry": { "type": "MultiPolygon", "coordinates": [ [ [ [ 138773.997355054976651, 454749.998293852200732, 0.0 ], [ 138772.324438045034185, 454744.752553601691034, 0.0 ], [ 138774.696329724887619, 454743.269391977926716, 0.0 ], [ 138796.919715198862832, 454774.041079490853008, 0.0 ], [ 138783.429522318649106, 454810.175316922541242, 0.0 ], [ 138852.890744757722132, 454854.458355276845396, 0.0 ], [ 138881.284660099481698, 454833.483719787327573, 0.0 ], [ 138900.787687288771849, 454839.261818959959783, 0.0 ], [ 138900.274443831760436, 454840.575673259387258, 0.0 ], [ 138892.123263127024984, 454841.282510493125301, 0.0 ], [ 138901.118617412867025, 454842.208446528587956, 0.0 ], [ 138903.004684553714469, 454835.971214706660248, 0.0 ], [ 138901.471202847606037, 454837.783057902823202, 0.0 ], [ 138881.291107786004432, 454831.353528865147382, 0.0 ], [ 138852.89825004467275, 454852.163745763711631, 0.0 ], [ 138785.632413797342451, 454809.183181883592624, 0.0 ], [ 138799.289277279167436, 454773.868688508169726, 0.0 ], [ 138775.377568501338828, 454741.7908630335005, 0.0 ], [ 138776.564930447202642, 454740.639086007373407, 0.0 ], [ 138776.56766866176622, 454739.818723262054846, 0.0 ], [ 138769.789733545563649, 454744.431223453953862, 0.0 ], [ 138773.997355054976651, 454749.998293852200732, 0.0 ] ] ] ] } },
{ "type": "Feature", "properties": { "fid": 1094, "FUNCTIE": "04_Talut1", "Info": null, "Verhaal": null }, "geometry": { "type": "MultiPolygon", "coordinates": [ [ [ [ 138845.756497960683191, 454858.430947063374333, 0.0 ], [ 138853.531806389451958, 454865.763473785540555, 0.0 ], [ 138873.769713495508768, 454849.422625542676542, 0.0 ], [ 138880.921311152662383, 454841.350968880986329, 0.0 ], [ 138853.708437493914971, 454863.631890198332258, 0.0 ], [ 138845.756497960683191, 454858.430947063374333, 0.0 ] ] ] ] } },
{ "type": "Feature", "properties": { "fid": 1095, "FUNCTIE": "04_Talut1", "Info": null, "Verhaal": null }, "geometry": { "type": "MultiPolygon", "coordinates": [ [ [ [ 138910.011760334891733, 454878.512622188020032, 0.0 ], [ 138911.74750938086072, 454875.506063514098059, 0.0 ], [ 138912.894638864614535, 454872.646505661425181, 0.0 ], [ 138913.752711210661801, 454869.072625504340976, 0.0 ], [ 138913.99216101662023, 454866.009077512833755, 0.0 ], [ 138913.718186210695421, 454862.683819248981308, 0.0 ], [ 138913.176076277130051, 454860.351205518702045, 0.0 ], [ 138911.944168113346677, 454857.19971499289386, 0.0 ], [ 138910.387230390129844, 454854.562499997904524, 0.0 ], [ 138908.615874669951154, 454852.357587419741321, 0.0 ], [ 138906.140160373528488, 454850.044481498305686, 0.0 ], [ 138903.810286265303148, 454848.390322428836953, 0.0 ], [ 138901.247391661541769, 454847.00785424769856, 0.0 ], [ 138884.478519674390554, 454842.806685128132813, 0.0 ], [ 138877.501373037608573, 454851.034480388567317, 0.0 ], [ 138885.493005486699985, 454844.928104471182451, 0.0 ], [ 138899.89294481446268, 454848.764288291800767, 0.0 ], [ 138902.354806221701438, 454849.917896263301373, 0.0 ], [ 138904.506604263093323, 454851.29481824307004, 0.0 ], [ 138906.263255740224849, 454852.730412295262795, 0.0 ], [ 138907.997780564357527, 454854.543323284829967, 0.0 ], [ 138909.580066293099662, 454856.762353637488559, 0.0 ], [ 138910.486077633075183, 454858.481565601774491, 0.0 ], [ 138911.228015408065403, 454860.402638314757496, 0.0 ], [ 138911.763246721820906, 454862.535977823135909, 0.0 ], [ 138912.039360125054372, 454865.58238547318615, 0.0 ], [ 138911.809098412253661, 454868.387725224078167, 0.0 ], [ 138911.217849693930475, 454870.90041786886286, 0.0 ], [ 138910.119306267035427, 454873.706246369809378, 0.0 ], [ 138908.311376706988085, 454876.775740594661329, 0.0 ], [ 138900.134321390214609, 454887.586920373723842, 0.0 ], [ 138891.982061971531948, 454887.482166611414868, 0.0 ], [ 138900.289035216643242, 454889.389138220692985, 0.0 ], [ 138910.011760334891733, 454878.512622188020032, 0.0 ] ] ] ] } },
{ "type": "Feature", "properties": { "fid": 1096, "FUNCTIE": "04_Talut1", "Info": null, "Verhaal": null }, "geometry": { "type": "MultiPolygon", "coordinates": [ [ [ [ 138851.704224514542148, 454904.614590532961302, 0.0 ], [ 138855.457869929668959, 454898.200864485115744, 0.0 ], [ 138858.021831471502082, 454892.449885758163873, 0.0 ], [ 138897.226116398291197, 454893.50701291160658, 0.0 ], [ 138888.062609838671051, 454891.603588055702858, 0.0 ], [ 138857.007928613573313, 454891.308873661735561, 0.0 ], [ 138851.704224514542148, 454904.614590532961302, 0.0 ] ] ] ] } },
{ "type": "Feature", "properties": { "fid": 1097, "FUNCTIE": "04_Talut1", "Info": null, "Verhaal": null }, "geometry": { "type": "MultiPolygon", "coordinates": [ [ [ [ 138858.842209135997109, 454900.638321463367902, 0.0 ], [ 138855.089899818587583, 454906.560533692128956, 0.0 ], [ 138846.875466949597467, 454927.258774791145697, 0.0 ], [ 138836.02915505922283, 454925.357476988225244, 0.0 ], [ 138847.716513622726779, 454929.220062122214586, 0.0 ], [ 138858.842209135997109, 454900.638321463367902, 0.0 ] ] ] ] } },
{ "type": "Feature", "properties": { "fid": 1098, "FUNCTIE": "04_Talut1", "Info": null, "Verhaal": null }, "geometry": { "type": "MultiPolygon", "coordinates": [ [ [ [ 138834.146150443790248, 454930.285419635358267, 0.0 ], [ 138843.794215249363333, 454935.14376040303614, 0.0 ], [ 138833.351558448281139, 454961.592922316922341, 0.0 ], [ 138833.334194357186789, 454966.181688414420933, 0.0 ], [ 138845.663466581288958, 454934.148956201679539, 0.0 ], [ 138834.146150443790248, 454930.285419635358267, 0.0 ] ] ] ] } },
{ "type": "Feature", "properties": { "fid": 1099, "FUNCTIE": "04_Talut1", "Info": null, "Verhaal": null }, "geometry": { "type": "MultiPolygon", "coordinates": [ [ [ [ 138830.477540614781901, 454959.31627909099916, 0.0 ], [ 138823.460543009568937, 454976.403931545035448, 0.0 ], [ 138851.375777953973738, 454995.064852333860472, 0.0 ], [ 138861.202673235209659, 454999.581994391453918, 0.0 ], [ 138825.157922045822488, 454975.901782914763317, 0.0 ], [ 138828.412896340305451, 454967.195585926936474, 0.0 ], [ 138830.477540614781901, 454959.31627909099916, 0.0 ] ] ] ] } },
{ "type": "Feature", "properties": { "fid": 1100, "FUNCTIE": "04_Talut1", "Info": null, "Verhaal": null }, "geometry": { "type": "MultiPolygon", "coordinates": [ [ [ [ 138849.664426848350558, 454998.844987475022208, 0.0 ], [ 138859.307056117715547, 455005.160618317197077, 0.0 ], [ 138859.121251590986503, 455052.342696413397789, 0.0 ], [ 138819.416387929522898, 455055.418322385346983, 0.0 ], [ 138817.717517063341802, 455055.430421400815248, 0.0 ], [ 138814.621998135058675, 455054.484510011097882, 0.0 ], [ 138811.647170774667757, 455053.174457229906693, 0.0 ], [ 138809.050614268984646, 455051.62897605280159, 0.0 ], [ 138806.718708437052555, 455049.769722088589333, 0.0 ], [ 138809.363892678433331, 455052.616950380266644, 0.0 ], [ 138810.738374965294497, 455053.789088249090128, 0.0 ], [ 138812.004152776557021, 455054.573033055581618, 0.0 ], [ 138813.51638662579353, 455055.247416357742622, 0.0 ], [ 138815.627294526464539, 455055.962076960597187, 0.0 ], [ 138817.588437377940863, 455056.411107528896537, 0.0 ], [ 138835.872746699227719, 455054.974916602019221, 0.0 ], [ 138845.931294808047824, 455056.101153288793284, 0.0 ], [ 138861.87950248963898, 455054.669330180331599, 0.0 ], [ 138861.959110736905131, 455038.396543068345636, 0.0 ], [ 138860.748044245992787, 455029.782530176045839, 0.0 ], [ 138860.837208624609048, 455004.221901310200337, 0.0 ], [ 138849.664426848350558, 454998.844987475022208, 0.0 ] ] ] ] } },
{ "type": "Feature", "properties": { "fid": 1101, "FUNCTIE": "04_Talut1", "Info": null, "Verhaal": null }, "geometry": { "type": "MultiPolygon", "coordinates": [ [ [ [ 138763.632574534189189, 454984.112915361241903, 0.0 ], [ 138766.315107287693536, 454990.167046358867083, 0.0 ], [ 138765.656553190696286, 454985.797416534507647, 0.0 ], [ 138763.470958114747191, 454982.309804492571857, 0.0 ], [ 138763.632574534189189, 454984.112915361241903, 0.0 ] ] ] ] } },
{ "type": "Feature", "properties": { "fid": 1102, "FUNCTIE": "04_Talut1", "Info": null, "Verhaal": null }, "geometry": { "type": "MultiPolygon", "coordinates": [ [ [ [ 138767.440387284470489, 454990.926591650990304, 0.0 ], [ 138768.562003549566725, 454992.56066363415448, 0.0 ], [ 138774.066706589946989, 454998.653580931189936, 0.0 ], [ 138766.457103465596447, 454983.278957876143977, 0.0 ], [ 138767.440387284470489, 454990.926591650990304, 0.0 ] ] ] ] } },
{ "type": "Feature", "properties": { "fid": 1103, "FUNCTIE": "04_Talut1", "Info": null, "Verhaal": null }, "geometry": { "type": "MultiPolygon", "coordinates": [ [ [ [ 138864.928794696228579, 455031.604842839762568, 0.0 ], [ 138866.033366584073519, 455038.693779161199927, 0.0 ], [ 138873.39335152725107, 455038.526634816837031, 0.0 ], [ 138872.943767742370255, 455037.656754326017108, 0.0 ], [ 138871.018837623269064, 455037.671993283263873, 0.0 ], [ 138871.627880598884076, 454996.283842331846245, 0.0 ], [ 138839.575936369918054, 454974.990937226801179, 0.0 ], [ 138868.453027467709035, 454901.725307571934536, 0.0 ], [ 138903.879735506692668, 454902.141267585742753, 0.0 ], [ 138916.958822721382603, 454884.79570633469848, 0.0 ], [ 138913.116270314494614, 454881.875443663157057, 0.0 ], [ 138907.211679218598874, 454886.830871302227024, 0.0 ], [ 138913.108998186333338, 454884.27757413557265, 0.0 ], [ 138914.352698934322689, 454885.032923508726526, 0.0 ], [ 138902.752405632025329, 454900.511441822454799, 0.0 ], [ 138867.4403718264075, 454900.093226831057109, 0.0 ], [ 138837.198395869054366, 454975.771045083296485, 0.0 ], [ 138869.587850228213938, 454996.954200160223991, 0.0 ], [ 138869.212722185096936, 455036.266784017439932, 0.0 ], [ 138867.62682328018127, 455036.497562560020015, 0.0 ], [ 138864.928794696228579, 455031.604842839762568, 0.0 ] ] ] ] } },
{ "type": "Feature", "properties": { "fid": 1104, "FUNCTIE": "04_Talut1", "Info": null, "Verhaal": null }, "geometry": { "type": "MultiPolygon", "coordinates": [ [ [ [ 138853.695959583506919, 454867.401450546632987, 0.0 ], [ 138853.531806389451958, 454865.763473785540555, 0.0 ], [ 138845.756497960683191, 454858.430947063374333, 0.0 ], [ 138839.327899697993416, 454854.531148499750998, 0.0 ], [ 138853.695959583506919, 454867.401450546632987, 0.0 ] ] ] ] } },
{ "type": "Feature", "properties": { "fid": 1105, "FUNCTIE": "04_Talut1", "Info": null, "Verhaal": null }, "geometry": { "type": "MultiPolygon", "coordinates": [ [ [ [ 138773.159963374142535, 454999.532882555620745, 0.0 ], [ 138768.21832275018096, 454993.764938041800633, 0.0 ], [ 138806.076736444374546, 455067.526848378591239, 0.0 ], [ 138845.667735112743685, 455065.276552568364423, 0.0 ], [ 138845.804086185060441, 455059.596782814711332, 0.0 ], [ 138837.887236926908372, 455058.891376920742914, 0.0 ], [ 138844.21280047626351, 455061.356122188677546, 0.0 ], [ 138844.204756693681702, 455063.32193260389613, 0.0 ], [ 138806.648939053586219, 455065.884214727964718, 0.0 ], [ 138803.398548242665129, 455059.569114675570745, 0.0 ], [ 138806.691067443811335, 455056.051131952903233, 0.0 ], [ 138803.770331956358859, 455051.918566441629082, 0.0 ], [ 138805.109711172903189, 455055.843079934362322, 0.0 ], [ 138802.839582753134891, 455058.152437835291494, 0.0 ], [ 138773.159963374142535, 454999.532882555620745, 0.0 ] ] ] ] } },
{ "type": "Feature", "properties": { "fid": 1106, "FUNCTIE": "04_Talut1", "Info": null, "Verhaal": null }, "geometry": { "type": "MultiPolygon", "coordinates": [ [ [ [ 138703.764963537774747, 454928.08312117686728, 0.0 ], [ 138700.480582782300189, 454926.941959263815079, 0.0 ], [ 138721.058683971292339, 454966.687978302012198, 0.0 ], [ 138722.622523084224667, 454968.780779171618633, 0.0 ], [ 138724.801763061608654, 454970.503487861540634, 0.0 ], [ 138726.965064391726628, 454971.450334053428378, 0.0 ], [ 138729.029390258860076, 454971.853340491827112, 0.0 ], [ 138731.513219601009041, 454971.785699369211216, 0.0 ], [ 138733.795209117524792, 454971.205386900750455, 0.0 ], [ 138771.382745760231046, 454955.28735387447523, 0.0 ], [ 138774.023157988907769, 454953.421601021371316, 0.0 ], [ 138776.20313563736272, 454951.018717915867455, 0.0 ], [ 138777.211453569732839, 454949.404851263097953, 0.0 ], [ 138777.919697236531647, 454947.868482374818996, 0.0 ], [ 138778.450248627428664, 454946.221409172518179, 0.0 ], [ 138778.772999745502602, 454944.545309622422792, 0.0 ], [ 138781.74922758442699, 454909.425982336397283, 0.0 ], [ 138781.741333280224353, 454906.28942729125265, 0.0 ], [ 138781.303265825117705, 454903.003841534547973, 0.0 ], [ 138780.397897138056578, 454899.722429056011606, 0.0 ], [ 138779.225011899950914, 454896.944722407439258, 0.0 ], [ 138777.345727628213353, 454893.766571201267652, 0.0 ], [ 138756.510748329019407, 454864.123716350586619, 0.0 ], [ 138754.61175702419132, 454862.193509476957843, 0.0 ], [ 138752.662905254866928, 454860.783229703491088, 0.0 ], [ 138750.084963291388704, 454859.530010080779903, 0.0 ], [ 138747.797393572400324, 454858.870415708224755, 0.0 ], [ 138744.689147866825806, 454858.534882000996731, 0.0 ], [ 138741.568474681407679, 454858.776671961299144, 0.0 ], [ 138684.598975329776295, 454869.718487517442554, 0.0 ], [ 138682.582234134315513, 454870.396227170713246, 0.0 ], [ 138680.56853983210749, 454871.558162721747067, 0.0 ], [ 138679.201405877625803, 454872.760452830290888, 0.0 ], [ 138677.975281767896377, 454874.370952883386053, 0.0 ], [ 138677.003346385667101, 454876.576932737079915, 0.0 ], [ 138676.646124777209479, 454878.706209296942689, 0.0 ], [ 138676.793094004475279, 454881.050661007349845, 0.0 ], [ 138677.440704954089597, 454883.331898751494009, 0.0 ], [ 138694.593953652161872, 454915.434638458362315, 0.0 ], [ 138699.184701793798013, 454913.411228823999409, 0.0 ], [ 138701.194341559021268, 454917.095219227252528, 0.0 ], [ 138702.71633694783668, 454916.268064854724798, 0.0 ], [ 138684.087637413322227, 454882.075118252367247, 0.0 ], [ 138683.672647863655584, 454880.924539961386472, 0.0 ], [ 138683.411627888097428, 454880.029466580715962, 0.0 ], [ 138683.414035990601406, 454879.101286861172412, 0.0 ], [ 138683.695251108612865, 454878.186236077919602, 0.0 ], [ 138684.282735711225541, 454877.340659909939859, 0.0 ], [ 138685.09748014237266, 454876.712303708307445, 0.0 ], [ 138686.074875775317196, 454876.341811700491235, 0.0 ], [ 138722.732791715272469, 454869.280533621495124, 0.0 ], [ 138725.795163545000833, 454870.658150824834593, 0.0 ], [ 138743.568718744034413, 454867.324050526891369, 0.0 ], [ 138745.726074968406465, 454867.414610269770492, 0.0 ], [ 138747.760686780937249, 454868.180077236087527, 0.0 ], [ 138748.816856466903118, 454868.944847492675763, 0.0 ], [ 138749.714218516281107, 454869.918435068277176, 0.0 ], [ 138753.669782282464439, 454875.818233103491366, 0.0 ], [ 138752.899145230156137, 454878.28185487393057, 0.0 ], [ 138755.338026793004246, 454881.635944792651571, 0.0 ], [ 138757.974905625073006, 454881.812644952442497, 0.0 ], [ 138770.162366297474364, 454898.804913861153182, 0.0 ], [ 138771.292208187805954, 454900.707363283610903, 0.0 ], [ 138772.081500258762389, 454902.46989079361083, 0.0 ], [ 138772.978001524083083, 454905.673326860240195, 0.0 ], [ 138773.254749799962156, 454909.328034234582447, 0.0 ], [ 138771.137389985640766, 454928.974380989558995, 0.0 ], [ 138768.845665092783747, 454930.788618801045232, 0.0 ], [ 138768.322078147786669, 454934.725875341275241, 0.0 ], [ 138770.344156091392506, 454936.614843988441862, 0.0 ], [ 138769.581072115222923, 454944.164915447880048, 0.0 ], [ 138768.760203766374616, 454946.038576663588174, 0.0 ], [ 138767.439937087678118, 454947.569124738569371, 0.0 ], [ 138765.542142329941271, 454948.778295113705099, 0.0 ], [ 138755.641182820021641, 454952.907584161905106, 0.0 ], [ 138753.599039539491059, 454955.786859788524453, 0.0 ], [ 138731.159608490706887, 454965.210922846687026, 0.0 ], [ 138729.800813192763599, 454965.465074386331253, 0.0 ], [ 138728.450534895964665, 454965.093182385084219, 0.0 ], [ 138727.347046584036434, 454964.061940581945237, 0.0 ], [ 138722.05162235366879, 454954.252577355364338, 0.0 ], [ 138703.764963537774747, 454928.08312117686728, 0.0 ] ] ] ] } },
{ "type": "Feature", "properties": { "fid": 1107, "FUNCTIE": "04_Talut1", "Info": null, "Verhaal": null }, "geometry": { "type": "MultiPolygon", "coordinates": [ [ [ [ 138707.578815817774739, 454924.871377748204395, 0.0 ], [ 138726.641410252050264, 454952.043249833863229, 0.0 ], [ 138707.840761583152926, 454922.901238224992994, 0.0 ], [ 138707.578815817774739, 454924.871377748204395, 0.0 ] ] ] ] } },
{ "type": "Feature", "properties": { "fid": 1108, "FUNCTIE": "04_Talut1", "Info": null, "Verhaal": null }, "geometry": { "type": "MultiPolygon", "coordinates": [ [ [ [ 138724.762623396120034, 454953.388754839834291, 0.0 ], [ 138725.821018194837961, 454952.753052303451113, 0.0 ], [ 138706.477184656861937, 454925.695412249013316, 0.0 ], [ 138706.133606921852333, 454927.009381635754835, 0.0 ], [ 138724.762623396120034, 454953.388754839834291, 0.0 ] ] ] ] } },
{ "type": "Feature", "properties": { "fid": 1109, "FUNCTIE": "04_Talut1", "Info": null, "Verhaal": null }, "geometry": { "type": "MultiPolygon", "coordinates": [ [ [ [ 138731.976408593123779, 454949.8077266352484, 0.0 ], [ 138726.366181280900491, 454937.442052545666229, 0.0 ], [ 138723.832855755317723, 454936.959077011386398, 0.0 ], [ 138731.976408593123779, 454949.8077266352484, 0.0 ] ] ] ] } },
{ "type": "Feature", "properties": { "fid": null, "FUNCTIE": "04_Talut1", "Info": null, "Verhaal": null }, "geometry": { "type": "MultiPolygon", "coordinates": [ [ [ [ 138742.506914949626662, 454958.62231120740762, 0.0 ], [ 138742.189422700379509, 454953.867639161122497, 0.0 ], [ 138738.250457584334072, 454945.599463508755434, 0.0 ], [ 138733.967747816350311, 454939.95504811371211, 0.0 ], [ 138740.749436855781823, 454954.447776351938955, 0.0 ], [ 138741.168745182541898, 454955.266242385550868, 0.0 ], [ 138742.506914949626662, 454958.62231120740762, 0.0 ] ] ] ] } },
{ "type": "Feature", "properties": { "fid": 1111, "FUNCTIE": "04_Talut1", "Info": null, "Verhaal": null }, "geometry": { "type": "MultiPolygon", "coordinates": [ [ [ [ 138763.556527139939135, 454942.634352212422527, 0.0 ], [ 138762.456877091433853, 454942.185515457938891, 0.0 ], [ 138762.453354654629948, 454942.216109585133381, 0.0 ], [ 138753.639773840288399, 454946.027382792613935, 0.0 ], [ 138752.110064224369125, 454947.756271652528085, 0.0 ], [ 138763.551233509468148, 454942.70320543658454, 0.0 ], [ 138763.556527139939135, 454942.634352212422527, 0.0 ] ] ] ] } },
{ "type": "Feature", "properties": { "fid": 1112, "FUNCTIE": "04_Talut1", "Info": null, "Verhaal": null }, "geometry": { "type": "MultiPolygon", "coordinates": [ [ [ [ 138770.345137067284668, 454936.604088456486352, 0.0 ], [ 138768.323264686274342, 454934.728554773086216, 0.0 ], [ 138758.849978821846889, 454933.865758929634467, 0.0 ], [ 138759.288835170504171, 454929.928931322239805, 0.0 ], [ 138768.834765795822022, 454930.787820124824066, 0.0 ], [ 138771.051984384830575, 454928.97477816499304, 0.0 ], [ 138764.792497812391957, 454929.084693447512109, 0.0 ], [ 138763.863358473288827, 454927.612432246096432, 0.0 ], [ 138759.413233822764596, 454927.200490331451874, 0.0 ], [ 138757.881090216396842, 454927.510503040102776, 0.0 ], [ 138756.752448227169225, 454928.423947708040942, 0.0 ], [ 138756.272291389555903, 454930.302580343151931, 0.0 ], [ 138756.049737246183213, 454933.197524407121819, 0.0 ], [ 138756.418721518100938, 454934.872403778659645, 0.0 ], [ 138756.789826715306845, 454935.756618924846407, 0.0 ], [ 138757.130021640652558, 454936.120522180804983, 0.0 ], [ 138759.515032781462651, 454936.734600640076678, 0.0 ], [ 138763.066148763988167, 454936.882916345959529, 0.0 ], [ 138764.091574165271595, 454935.730939775181469, 0.0 ], [ 138770.345137067284668, 454936.604088456486352, 0.0 ] ] ] ] } },
{ "type": "Feature", "properties": { "fid": 1113, "FUNCTIE": "04_Talut1", "Info": null, "Verhaal": null }, "geometry": { "type": "MultiPolygon", "coordinates": [ [ [ [ 138764.226979451981606, 454922.116514105407987, 0.0 ], [ 138763.866428544832161, 454927.612636662786826, 0.0 ], [ 138764.791103943018243, 454929.084717834368348, 0.0 ], [ 138765.503242737264372, 454920.306815262360033, 0.0 ], [ 138764.226979451981606, 454922.116514105407987, 0.0 ] ] ] ] } },
{ "type": "Feature", "properties": { "fid": 1114, "FUNCTIE": "04_Talut1", "Info": null, "Verhaal": null }, "geometry": { "type": "MultiPolygon", "coordinates": [ [ [ [ 138757.235715100017842, 454914.764790079032537, 0.0 ], [ 138753.146458533388795, 454901.165878223080654, 0.0 ], [ 138750.212551929143956, 454894.779163459374104, 0.0 ], [ 138757.716344129235949, 454921.406038298388012, 0.0 ], [ 138757.235715100017842, 454914.764790079032537, 0.0 ] ] ] ] } },
{ "type": "Feature", "properties": { "fid": 1115, "FUNCTIE": "04_Talut1", "Info": null, "Verhaal": null }, "geometry": { "type": "MultiPolygon", "coordinates": [ [ [ [ 138770.915497463254724, 454921.177531530789565, 0.0 ], [ 138772.24990225804504, 454908.721125466399826, 0.0 ], [ 138772.084571144368965, 454906.17502564570168, 0.0 ], [ 138771.602010925445938, 454903.915166193328332, 0.0 ], [ 138770.745398172963178, 454901.593426423263736, 0.0 ], [ 138769.329771278222324, 454899.075917158043012, 0.0 ], [ 138762.24437851543189, 454889.074761058087461, 0.0 ], [ 138757.661301746265963, 454892.370788319502026, 0.0 ], [ 138755.469828274450265, 454891.068227677606046, 0.0 ], [ 138750.215471143543255, 454894.777102844789624, 0.0 ], [ 138753.149438780033961, 454901.163807625474874, 0.0 ], [ 138760.863209132890915, 454895.804622782336082, 0.0 ], [ 138765.400810236227699, 454902.198348373814952, 0.0 ], [ 138766.203245072480058, 454903.746318789664656, 0.0 ], [ 138766.754995678958949, 454905.321685606555548, 0.0 ], [ 138767.11195794044761, 454907.216517117922194, 0.0 ], [ 138767.167379664402688, 454909.014601765433326, 0.0 ], [ 138766.37013820692664, 454915.452861099678557, 0.0 ], [ 138757.235857032617787, 454914.764800970675424, 0.0 ], [ 138757.715871167572914, 454921.399502368352842, 0.0 ], [ 138764.227157439861912, 454922.116261723451316, 0.0 ], [ 138765.502926794870291, 454920.307263256108854, 0.0 ], [ 138770.915497463254724, 454921.177531530789565, 0.0 ] ] ] ] } },
{ "type": "Feature", "properties": { "fid": 1116, "FUNCTIE": "04_Talut1", "Info": null, "Verhaal": null }, "geometry": { "type": "MultiPolygon", "coordinates": [ [ [ [ 138752.358772051025881, 454886.650570276426151, 0.0 ], [ 138755.469909993029432, 454891.068169996258803, 0.0 ], [ 138757.663460621552076, 454892.372071481426246, 0.0 ], [ 138752.448853496171068, 454885.255790786468424, 0.0 ], [ 138752.358772051025881, 454886.650570276426151, 0.0 ] ] ] ] } },
{ "type": "Feature", "properties": { "fid": 1117, "FUNCTIE": "04_Talut1", "Info": null, "Verhaal": null }, "geometry": { "type": "MultiPolygon", "coordinates": [ [ [ [ 138742.655513346020598, 454882.010272766696289, 0.0 ], [ 138746.286758358444786, 454882.817249389481731, 0.0 ], [ 138752.899145230156137, 454878.28185487393057, 0.0 ], [ 138753.669782282464439, 454875.818233103491366, 0.0 ], [ 138748.835366983141284, 454879.690995057171676, 0.0 ], [ 138746.893542130099377, 454879.041631708794739, 0.0 ], [ 138742.655083565827226, 454882.00965186819667, 0.0 ], [ 138742.655513346020598, 454882.010272766696289, 0.0 ] ] ] ] } },
{ "type": "Feature", "properties": { "fid": 1118, "FUNCTIE": "04_Talut1", "Info": null, "Verhaal": null }, "geometry": { "type": "MultiPolygon", "coordinates": [ [ [ [ 138728.137078325118637, 454877.627270008437335, 0.0 ], [ 138743.783416977646993, 454874.622594114858657, 0.0 ], [ 138746.893542130099377, 454879.041631708794739, 0.0 ], [ 138748.835366983141284, 454879.690995057171676, 0.0 ], [ 138744.293847587628989, 454873.800495373725425, 0.0 ], [ 138725.942006995290285, 454877.223836756602395, 0.0 ], [ 138728.137078325118637, 454877.627270008437335, 0.0 ] ] ] ] } },
{ "type": "Feature", "properties": { "fid": 1119, "FUNCTIE": "04_Talut1", "Info": null, "Verhaal": null }, "geometry": { "type": "MultiPolygon", "coordinates": [ [ [ [ 138725.119235588266747, 454871.811018589301966, 0.0 ], [ 138723.160750959301367, 454875.591281892906409, 0.0 ], [ 138724.48522576506366, 454882.23335664824117, 0.0 ], [ 138729.962862801883603, 454885.744014851923566, 0.0 ], [ 138728.137078325118637, 454877.627270008437335, 0.0 ], [ 138725.942006995290285, 454877.223836756602395, 0.0 ], [ 138725.119235588266747, 454871.811018589301966, 0.0 ] ] ] ] } },
{ "type": "Feature", "properties": { "fid": 1120, "FUNCTIE": "04_Talut1", "Info": null, "Verhaal": null }, "geometry": { "type": "MultiPolygon", "coordinates": [ [ [ [ 138715.323121439345414, 454891.533217515971046, 0.0 ], [ 138715.351242350821849, 454884.804561828961596, 0.0 ], [ 138713.777859083696967, 454877.259783112443984, 0.0 ], [ 138711.347400924918475, 454872.75322214019252, 0.0 ], [ 138712.375105725019239, 454877.440042804053519, 0.0 ], [ 138712.581838271871675, 454878.221032425877638, 0.0 ], [ 138715.323121439345414, 454891.533217515971046, 0.0 ] ] ] ] } },
{ "type": "Feature", "properties": { "fid": 1121, "FUNCTIE": "04_Talut1", "Info": null, "Verhaal": null }, "geometry": { "type": "MultiPolygon", "coordinates": [ [ [ [ 138725.119235588266747, 454871.811018589301966, 0.0 ], [ 138722.167483746772632, 454870.58900516963331, 0.0 ], [ 138711.347400924918475, 454872.75322214019252, 0.0 ], [ 138713.777859083696967, 454877.259783112443984, 0.0 ], [ 138723.160750959301367, 454875.591281892906409, 0.0 ], [ 138725.119235588266747, 454871.811018589301966, 0.0 ] ] ] ] } },
{ "type": "Feature", "properties": { "fid": 1122, "FUNCTIE": "04_Talut1", "Info": null, "Verhaal": null }, "geometry": { "type": "MultiPolygon", "coordinates": [ [ [ [ 138731.132145914511057, 454889.103980328538455, 0.0 ], [ 138707.371903067600215, 454895.821906091703568, 0.0 ], [ 138706.5526741881622, 454896.226067940879147, 0.0 ], [ 138705.873943297774531, 454896.822229002253152, 0.0 ], [ 138705.399743327841861, 454897.557874554535374, 0.0 ], [ 138705.165729600616032, 454898.390536972030532, 0.0 ], [ 138705.269614874356193, 454899.511000139813405, 0.0 ], [ 138705.845604276633821, 454900.581952324893791, 0.0 ], [ 138706.793326958024409, 454901.639235935930628, 0.0 ], [ 138714.989668423251715, 454910.323693303158507, 0.0 ], [ 138709.722345208108891, 454900.73651362140663, 0.0 ], [ 138715.788601022941293, 454898.919736528187059, 0.0 ], [ 138716.323719282256206, 454897.832746139436495, 0.0 ], [ 138717.411880318220938, 454897.123646387772169, 0.0 ], [ 138733.224212732107844, 454892.872294505359605, 0.0 ], [ 138734.913967400410911, 454892.424247945600655, 0.0 ], [ 138736.185638783790637, 454892.35359903407516, 0.0 ], [ 138737.229598728212295, 454892.618499054340646, 0.0 ], [ 138738.19471332867397, 454893.221467213646974, 0.0 ], [ 138738.937354811729165, 454894.146576137864031, 0.0 ], [ 138739.319247674517101, 454895.081220141786616, 0.0 ], [ 138747.446241666591959, 454924.75950977957109, 0.0 ], [ 138747.449457807873841, 454926.101683117740322, 0.0 ], [ 138746.817784661485348, 454927.257984450669028, 0.0 ], [ 138746.20519248439814, 454927.74750134034548, 0.0 ], [ 138745.474754400638631, 454928.059875163657125, 0.0 ], [ 138727.80092684389092, 454932.766037171997596, 0.0 ], [ 138726.55167724576313, 454932.915491031249985, 0.0 ], [ 138725.455169653258054, 454932.79692417132901, 0.0 ], [ 138724.17629483473138, 454932.312879365053959, 0.0 ], [ 138723.065333553764503, 454931.463620925031137, 0.0 ], [ 138713.187125454569468, 454920.026500861975364, 0.0 ], [ 138723.83371200558031, 454936.959240287309512, 0.0 ], [ 138726.36628874624148, 454937.442025119555183, 0.0 ], [ 138746.872414903307799, 454932.156268946884666, 0.0 ], [ 138748.71835263853427, 454931.001895654248074, 0.0 ], [ 138750.077856317802798, 454929.579094377288129, 0.0 ], [ 138751.095462634752039, 454927.709770863817539, 0.0 ], [ 138751.517321414779872, 454925.965781439095736, 0.0 ], [ 138751.550004143558908, 454924.431070328573696, 0.0 ], [ 138751.281718114711111, 454922.86119216127554, 0.0 ], [ 138743.069261244614609, 454893.27290538843954, 0.0 ], [ 138742.520123356283875, 454891.957658858213108, 0.0 ], [ 138741.721812770876568, 454890.836793622293044, 0.0 ], [ 138740.750410292530432, 454889.950675333326217, 0.0 ], [ 138739.02027092379285, 454888.816215624159668, 0.0 ], [ 138737.583833182376111, 454888.241966901579872, 0.0 ], [ 138736.559998834505677, 454888.081682456249837, 0.0 ], [ 138735.526108039543033, 454888.137369532953016, 0.0 ], [ 138731.132145914511057, 454889.103980328538455, 0.0 ] ] ] ] } },
{ "type": "Feature", "properties": { "fid": 1123, "FUNCTIE": "04_Talut1", "Info": null, "Verhaal": null }, "geometry": { "type": "MultiPolygon", "coordinates": [ [ [ [ 138742.945084868406411, 454935.081542688945774, 0.0 ], [ 138745.788916949881241, 454934.351418770384043, 0.0 ], [ 138749.555515059415484, 454933.071400828950573, 0.0 ], [ 138750.766824671736686, 454932.485922339488752, 0.0 ], [ 138751.788759401941206, 454931.564498201885726, 0.0 ], [ 138753.022610404033912, 454929.941559357626829, 0.0 ], [ 138753.811361163796391, 454928.566995917062741, 0.0 ], [ 138754.38986838189885, 454927.094298504642211, 0.0 ], [ 138754.762001964176307, 454925.041081003611907, 0.0 ], [ 138754.500489332043799, 454922.543820978491567, 0.0 ], [ 138746.205052274919581, 454891.828935506229755, 0.0 ], [ 138745.575622307806043, 454890.243687178299297, 0.0 ], [ 138744.57454263130785, 454888.800819524680264, 0.0 ], [ 138742.836640893685399, 454887.073234047158621, 0.0 ], [ 138741.540867759409593, 454886.110790137434378, 0.0 ], [ 138739.978924641909543, 454885.33164416992804, 0.0 ], [ 138737.730276440648595, 454884.760650291456841, 0.0 ], [ 138735.067956425104057, 454884.672698130307253, 0.0 ], [ 138732.788136310380651, 454884.957383648841642, 0.0 ], [ 138729.963478460733313, 454885.743835949106142, 0.0 ], [ 138724.492104299628409, 454882.237766201316845, 0.0 ], [ 138715.351234791451134, 454884.806375401676632, 0.0 ], [ 138715.323121651570546, 454891.533166871755384, 0.0 ], [ 138731.079865917592542, 454887.157745412841905, 0.0 ], [ 138734.627631045936141, 454886.468224560143426, 0.0 ], [ 138736.688609351636842, 454886.25992643967038, 0.0 ], [ 138738.5961767945264, 454886.557960521546192, 0.0 ], [ 138740.363917518028757, 454887.431270837725606, 0.0 ], [ 138742.601524544938002, 454889.24282243475318, 0.0 ], [ 138744.013456763990689, 454891.116897456580773, 0.0 ], [ 138744.790983230108395, 454892.994031840527896, 0.0 ], [ 138753.041515461605741, 454923.241979592887219, 0.0 ], [ 138753.319593849679222, 454925.59926021163119, 0.0 ], [ 138753.110949366673594, 454927.277732727816328, 0.0 ], [ 138752.546244865836343, 454928.948916034772992, 0.0 ], [ 138751.650523256364977, 454930.46545942791272, 0.0 ], [ 138750.578392754192464, 454931.663098169665318, 0.0 ], [ 138749.125441513839178, 454932.760736656375229, 0.0 ], [ 138742.945084868406411, 454935.081542688945774, 0.0 ] ] ] ] } },
{ "type": "Feature", "properties": { "fid": 1124, "FUNCTIE": "04_Talut1", "Info": null, "Verhaal": null }, "geometry": { "type": "MultiPolygon", "coordinates": [ [ [ [ 138707.794227061356651, 454914.121431194362231, 0.0 ], [ 138711.857455028453842, 454912.057449845597148, 0.0 ], [ 138699.333712325140368, 454898.144029393326491, 0.0 ], [ 138707.794227061356651, 454914.121431194362231, 0.0 ] ] ] ] } },
{ "type": "Feature", "properties": { "fid": 1125, "FUNCTIE": "04_Talut1", "Info": null, "Verhaal": null }, "geometry": { "type": "MultiPolygon", "coordinates": [ [ [ [ 138706.862315847480204, 454914.780741775408387, 0.0 ], [ 138707.794227061356651, 454914.121431194362231, 0.0 ], [ 138690.966801976581337, 454882.355683364381548, 0.0 ], [ 138689.610491736209951, 454882.000839873042423, 0.0 ], [ 138706.862315847480204, 454914.780741775408387, 0.0 ] ] ] ] } },
{ "type": "Feature", "properties": { "fid": 1126, "FUNCTIE": "05_Talut2", "Info": null, "Verhaal": null }, "geometry": { "type": "MultiPolygon", "coordinates": [ [ [ [ 138932.402507528429851, 454873.218667327659205, 0.0 ], [ 138930.634973683103453, 454879.382067208003718, 0.0 ], [ 138927.831385023135226, 454886.460649681976065, 0.0 ], [ 138959.45493108293158, 454845.402701563609298, 0.0 ], [ 138912.92528169270372, 454831.101693279400934, 0.0 ], [ 138913.71515246751369, 454831.751134005375206, 0.0 ], [ 138916.818590465496527, 454833.591541334986687, 0.0 ], [ 138919.061020863387967, 454835.21571566601051, 0.0 ], [ 138921.324398538592504, 454837.163023672881536, 0.0 ], [ 138923.445357137912652, 454839.332248262886424, 0.0 ], [ 138951.838494877360063, 454847.632300325203687, 0.0 ], [ 138932.402507528429851, 454873.218667327659205, 0.0 ] ] ] ] } },
{ "type": "Feature", "properties": { "fid": 1127, "FUNCTIE": "02_Maaiveld", "Info": null, "Verhaal": null }, "geometry": { "type": "MultiPolygon", "coordinates": [ [ [ [ 138945.730141458305297, 454849.43062265845947, 0.0 ], [ 138929.803217164735543, 454844.646956662589218, 0.0 ], [ 138931.958603600098286, 454848.940799178206362, 0.0 ], [ 138933.52798861116753, 454853.13302174519049, 0.0 ], [ 138934.659449923463399, 454857.630014442373067, 0.0 ], [ 138935.293754657439422, 454862.139576556044631, 0.0 ], [ 138945.730141458305297, 454849.43062265845947, 0.0 ] ] ] ] } },
{ "type": "Feature", "properties": { "fid": 1128, "FUNCTIE": "05_Talut2", "Info": null, "Verhaal": null }, "geometry": { "type": "MultiPolygon", "coordinates": [ [ [ [ 138934.120899935776833, 454866.765070030989591, 0.0 ], [ 138934.22615576669341, 454869.602570838178508, 0.0 ], [ 138950.495469747373136, 454847.975517329468857, 0.0 ], [ 138925.582913810329046, 454840.733919721795246, 0.0 ], [ 138926.372567866259487, 454841.929414743441157, 0.0 ], [ 138948.452399219037034, 454848.864273763378151, 0.0 ], [ 138934.120899935776833, 454866.765070030989591, 0.0 ] ] ] ] } },
{ "type": "Feature", "properties": { "fid": 1129, "FUNCTIE": "05_Talut2", "Info": null, "Verhaal": null }, "geometry": { "type": "MultiPolygon", "coordinates": [ [ [ [ 138762.267391751141986, 454986.743516088812612, 0.0 ], [ 138758.199169027298922, 454988.403138111752924, 0.0 ], [ 138803.020458755287109, 455075.140950942004565, 0.0 ], [ 138878.826805816730484, 455070.202869429835118, 0.0 ], [ 138878.934055422025267, 455070.106523455819115, 0.0 ], [ 138880.063509982574033, 454992.061546847049613, 0.0 ], [ 138849.090314847097034, 454971.646176819282118, 0.0 ], [ 138873.574275729391957, 454909.557463011820801, 0.0 ], [ 138908.036185979784932, 454910.136143799580168, 0.0 ], [ 138924.752492291998351, 454888.249556198599748, 0.0 ], [ 138927.136182923510205, 454884.763296606368385, 0.0 ], [ 138929.350312805327121, 454879.958567715657409, 0.0 ], [ 138930.840947762219002, 454875.413887861068361, 0.0 ], [ 138931.869603857630864, 454870.187301234167535, 0.0 ], [ 138932.15815439025755, 454866.379498952301219, 0.0 ], [ 138932.069577607093379, 454863.773166149912868, 0.0 ], [ 138931.750379355507903, 454859.610926272813231, 0.0 ], [ 138931.379870434320765, 454857.492786865041126, 0.0 ], [ 138930.196539067925187, 454853.322183585318271, 0.0 ], [ 138928.699890145449899, 454849.752675366296899, 0.0 ], [ 138925.974768808257068, 454845.067211183020845, 0.0 ], [ 138922.875529781304067, 454841.145197439705953, 0.0 ], [ 138920.713737961254083, 454838.932975314499345, 0.0 ], [ 138918.553954628878273, 454837.027563844749238, 0.0 ], [ 138914.509487227973295, 454834.085312297334895, 0.0 ], [ 138911.981620740582002, 454832.587640016921796, 0.0 ], [ 138909.461434784723679, 454831.339970262604766, 0.0 ], [ 138879.279346987284953, 454823.008858627115842, 0.0 ], [ 138852.024206414294895, 454843.152916502847802, 0.0 ], [ 138794.125321279396303, 454806.268134211597499, 0.0 ], [ 138807.741630966222147, 454772.560416215274017, 0.0 ], [ 138769.230359097768087, 454719.898416629235726, 0.0 ], [ 138768.250857279257616, 454718.674039356294088, 0.0 ], [ 138767.285563861601986, 454717.240073448920157, 0.0 ], [ 138766.125981035176665, 454715.549662532866932, 0.0 ], [ 138764.724914000194985, 454714.150525660021231, 0.0 ], [ 138762.846679495618446, 454712.940681458159816, 0.0 ], [ 138760.640455961460248, 454712.175465689098928, 0.0 ], [ 138758.327343029290205, 454711.941537602979224, 0.0 ], [ 138756.038298378232867, 454712.22735583235044, 0.0 ], [ 138753.449468459060881, 454713.219253095448948, 0.0 ], [ 138752.264883724885294, 454713.967372081649955, 0.0 ], [ 138750.444913507439196, 454715.140836368140299, 0.0 ], [ 138688.466337692021625, 454750.913438174757175, 0.0 ], [ 138709.874824691534741, 454848.518394135695416, 0.0 ], [ 138712.963300926377997, 454846.767031592375133, 0.0 ], [ 138693.261479408072773, 454754.261619679629803, 0.0 ], [ 138748.031141169019975, 454722.347171175468247, 0.0 ], [ 138750.462404611345846, 454721.839929162350018, 0.0 ], [ 138752.691067031060811, 454721.821316242276225, 0.0 ], [ 138755.320567853952525, 454721.835581925872248, 0.0 ], [ 138758.368289812380681, 454722.267726502788719, 0.0 ], [ 138761.671524052479072, 454723.280942898825742, 0.0 ], [ 138764.636415697779739, 454724.752845042385161, 0.0 ], [ 138767.012804711004719, 454726.437376370769925, 0.0 ], [ 138801.823574892623583, 454773.544911788252648, 0.0 ], [ 138788.346322724188212, 454808.191238419793081, 0.0 ], [ 138852.90547550143674, 454849.376230923924595, 0.0 ], [ 138880.781077828753041, 454828.741298360866494, 0.0 ], [ 138909.427884554868797, 454837.232022897806019, 0.0 ], [ 138912.708862574159866, 454839.366087494126987, 0.0 ], [ 138916.316994541091844, 454842.407460903923493, 0.0 ], [ 138919.396840864792466, 454845.789676985586993, 0.0 ], [ 138921.589530016965, 454848.908418198116124, 0.0 ], [ 138923.517421850410756, 454852.546452140493784, 0.0 ], [ 138925.084284473821754, 454856.907421683485154, 0.0 ], [ 138925.873038053890923, 454860.698166912654415, 0.0 ], [ 138926.162218182435026, 454864.337657079973724, 0.0 ], [ 138926.030055573413847, 454867.796871921280399, 0.0 ], [ 138925.212990255706245, 454872.584126432484481, 0.0 ], [ 138923.888182158465497, 454876.802267995255534, 0.0 ], [ 138921.788638781872578, 454881.37144668365363, 0.0 ], [ 138919.197595691308379, 454885.49152642703848, 0.0 ], [ 138905.005632158688968, 454904.098587612505071, 0.0 ], [ 138869.862307416362455, 454904.010190135915764, 0.0 ], [ 138842.476523345947498, 454973.793069027655292, 0.0 ], [ 138874.086662901827367, 454995.039776944846381, 0.0 ], [ 138873.302560188749339, 455065.332908294454683, 0.0 ], [ 138804.420159145258367, 455070.092366047902033, 0.0 ], [ 138762.267391751141986, 454986.743516088812612, 0.0 ] ] ] ] } },
{ "type": "Feature", "properties": { "fid": 1130, "FUNCTIE": "05_Talut2", "Info": null, "Verhaal": null }, "geometry": { "type": "MultiPolygon", "coordinates": [ [ [ [ 138803.770331956358859, 455051.918566441629082, 0.0 ], [ 138806.691067443811335, 455056.051131952903233, 0.0 ], [ 138810.657285627676174, 455053.730169515591115, 0.0 ], [ 138806.717796012962935, 455049.768736391328275, 0.0 ], [ 138803.770331956358859, 455051.918566441629082, 0.0 ] ] ] ] } },
{ "type": "Feature", "properties": { "fid": 1131, "FUNCTIE": "05_Talut2", "Info": null, "Verhaal": null }, "geometry": { "type": "MultiPolygon", "coordinates": [ [ [ [ 138837.887236926908372, 455058.891376920742914, 0.0 ], [ 138845.804086185060441, 455059.596782814711332, 0.0 ], [ 138845.931451260723406, 455056.101170783513226, 0.0 ], [ 138835.867158972483594, 455054.974290138226934, 0.0 ], [ 138837.887236926908372, 455058.891376920742914, 0.0 ] ] ] ] } },
{ "type": "Feature", "properties": { "fid": 1132, "FUNCTIE": "05_Talut2", "Info": null, "Verhaal": null }, "geometry": { "type": "MultiPolygon", "coordinates": [ [ [ [ 138861.959279690112453, 455038.397744814574253, 0.0 ], [ 138866.033366584073519, 455038.693779161199927, 0.0 ], [ 138864.928794696228579, 455031.604842839762568, 0.0 ], [ 138860.747744313383009, 455029.780396874761209, 0.0 ], [ 138861.959279690112453, 455038.397744814574253, 0.0 ] ] ] ] } },
{ "type": "Feature", "properties": { "fid": 1133, "FUNCTIE": "05_Talut2", "Info": null, "Verhaal": null }, "geometry": { "type": "MultiPolygon", "coordinates": [ [ [ [ 138849.664426848350558, 454998.844987475022208, 0.0 ], [ 138860.845648185291793, 455004.225960461422801, 0.0 ], [ 138861.202673235209659, 454999.581994391453918, 0.0 ], [ 138851.375777953973738, 454995.064852333860472, 0.0 ], [ 138849.664426848350558, 454998.844987475022208, 0.0 ] ] ] ] } },
{ "type": "Feature", "properties": { "fid": 1134, "FUNCTIE": "05_Talut2", "Info": null, "Verhaal": null }, "geometry": { "type": "MultiPolygon", "coordinates": [ [ [ [ 138830.477540614781901, 454959.31627909099916, 0.0 ], [ 138828.412896340305451, 454967.195585926936474, 0.0 ], [ 138833.334194357186789, 454966.181688414420933, 0.0 ], [ 138833.351558448281139, 454961.592922316922341, 0.0 ], [ 138830.477540614781901, 454959.31627909099916, 0.0 ] ] ] ] } },
{ "type": "Feature", "properties": { "fid": 1135, "FUNCTIE": "05_Talut2", "Info": null, "Verhaal": null }, "geometry": { "type": "MultiPolygon", "coordinates": [ [ [ [ 138834.146150443790248, 454930.285419635358267, 0.0 ], [ 138845.663466581288958, 454934.148956201679539, 0.0 ], [ 138847.716513622726779, 454929.220062122214586, 0.0 ], [ 138836.02915505922283, 454925.357476988225244, 0.0 ], [ 138834.146150443790248, 454930.285419635358267, 0.0 ] ] ] ] } },
{ "type": "Feature", "properties": { "fid": 1136, "FUNCTIE": "05_Talut2", "Info": null, "Verhaal": null }, "geometry": { "type": "MultiPolygon", "coordinates": [ [ [ [ 138851.704224514542148, 454904.614590532961302, 0.0 ], [ 138855.089899818587583, 454906.560533692128956, 0.0 ], [ 138858.842209135997109, 454900.638321463367902, 0.0 ], [ 138855.457869929668959, 454898.200864485115744, 0.0 ], [ 138851.704224514542148, 454904.614590532961302, 0.0 ] ] ] ] } },
{ "type": "Feature", "properties": { "fid": 1137, "FUNCTIE": "05_Talut2", "Info": null, "Verhaal": null }, "geometry": { "type": "MultiPolygon", "coordinates": [ [ [ [ 138897.226116398291197, 454893.50701291160658, 0.0 ], [ 138900.296121428691549, 454889.390763905539643, 0.0 ], [ 138891.980920715112006, 454887.48190445342334, 0.0 ], [ 138888.062609838671051, 454891.603588055702858, 0.0 ], [ 138897.226116398291197, 454893.50701291160658, 0.0 ] ] ] ] } },
{ "type": "Feature", "properties": { "fid": 1138, "FUNCTIE": "05_Talut2", "Info": null, "Verhaal": null }, "geometry": { "type": "MultiPolygon", "coordinates": [ [ [ [ 138907.211679218598874, 454886.830871302227024, 0.0 ], [ 138913.116270314494614, 454881.875443663157057, 0.0 ], [ 138910.011760334891733, 454878.512622188020032, 0.0 ], [ 138904.386880739999469, 454884.776032786641736, 0.0 ], [ 138907.211679218598874, 454886.830871302227024, 0.0 ] ] ] ] } },
{ "type": "Feature", "properties": { "fid": 1139, "FUNCTIE": "05_Talut2", "Info": null, "Verhaal": null }, "geometry": { "type": "MultiPolygon", "coordinates": [ [ [ [ 138901.118617412867025, 454842.208446528587956, 0.0 ], [ 138892.123263127024984, 454841.282510493125301, 0.0 ], [ 138891.604158289293991, 454844.562445960415062, 0.0 ], [ 138900.765458817273611, 454846.797631737135816, 0.0 ], [ 138901.118617412867025, 454842.208446528587956, 0.0 ] ] ] ] } },
{ "type": "Feature", "properties": { "fid": 1140, "FUNCTIE": "05_Talut2", "Info": null, "Verhaal": null }, "geometry": { "type": "MultiPolygon", "coordinates": [ [ [ [ 138880.921311152662383, 454841.350968880986329, 0.0 ], [ 138873.769713495508768, 454849.422625542676542, 0.0 ], [ 138877.497556351183448, 454851.038981370162219, 0.0 ], [ 138884.480671617639018, 454842.804147538845427, 0.0 ], [ 138880.921311152662383, 454841.350968880986329, 0.0 ] ] ] ] } },
{ "type": "Feature", "properties": { "fid": 1141, "FUNCTIE": "05_Talut2", "Info": null, "Verhaal": null }, "geometry": { "type": "MultiPolygon", "coordinates": [ [ [ [ 138780.144288739800686, 454782.135536916262936, 0.0 ], [ 138784.133140956633724, 454786.278159668610897, 0.0 ], [ 138788.963879958115285, 454775.216604198038112, 0.0 ], [ 138785.589503976720152, 454772.603116926446091, 0.0 ], [ 138780.144288739800686, 454782.135536916262936, 0.0 ] ] ] ] } },
{ "type": "Feature", "properties": { "fid": 1142, "FUNCTIE": "05_Talut2", "Info": null, "Verhaal": null }, "geometry": { "type": "MultiPolygon", "coordinates": [ [ [ [ 138776.258421375358012, 454828.573095889063552, 0.0 ], [ 138781.146202023141086, 454833.639992830809206, 0.0 ], [ 138790.411138666589977, 454829.558462505985517, 0.0 ], [ 138784.565544671786483, 454823.78555614623474, 0.0 ], [ 138782.980495871626772, 454825.431749760988168, 0.0 ], [ 138776.258421375358012, 454828.573095889063552, 0.0 ] ] ] ] } },
{ "type": "Feature", "properties": { "fid": 1143, "FUNCTIE": "05_Talut2", "Info": null, "Verhaal": null }, "geometry": { "type": "MultiPolygon", "coordinates": [ [ [ [ 138773.997355054976651, 454749.998293852200732, 0.0 ], [ 138769.789733545563649, 454744.431223453953862, 0.0 ], [ 138766.68579860671889, 454745.861472628137562, 0.0 ], [ 138771.059778638969874, 454752.084739898564294, 0.0 ], [ 138773.997355054976651, 454749.998293852200732, 0.0 ] ] ] ] } },
{ "type": "Feature", "properties": { "fid": 1144, "FUNCTIE": "05_Talut2", "Info": null, "Verhaal": null }, "geometry": { "type": "MultiPolygon", "coordinates": [ [ [ [ 138730.432803273200989, 454741.894512671802659, 0.0 ], [ 138734.137251026724698, 454744.841938918223605, 0.0 ], [ 138739.896015422680648, 454740.234710569435265, 0.0 ], [ 138737.713822681835154, 454736.464037945086602, 0.0 ], [ 138730.432803273200989, 454741.894512671802659, 0.0 ] ] ] ] } },
{ "type": "Feature", "properties": { "fid": 1145, "FUNCTIE": "05_Talut2", "Info": null, "Verhaal": null }, "geometry": { "type": "MultiPolygon", "coordinates": [ [ [ [ 138706.524506962916348, 454770.007505481946282, 0.0 ], [ 138703.006362592772348, 454763.281990450806916, 0.0 ], [ 138699.457606749783736, 454764.6007783068344, 0.0 ], [ 138702.801407120743534, 454772.640378115349449, 0.0 ], [ 138706.524506962916348, 454770.007505481946282, 0.0 ] ] ] ] } },
{ "type": "Feature", "properties": { "fid": 1146, "FUNCTIE": "05_Talut2", "Info": null, "Verhaal": null }, "geometry": { "type": "MultiPolygon", "coordinates": [ [ [ [ 138715.068525246810168, 454829.905870687274728, 0.0 ], [ 138713.720813717111014, 454829.08840357279405, 0.0 ], [ 138713.356085907493252, 454835.818862374755554, 0.0 ], [ 138714.873359848803375, 454836.471692427468952, 0.0 ], [ 138715.068525246810168, 454829.905870687274728, 0.0 ] ] ] ] } },
{ "type": "Feature", "properties": { "fid": 1147, "FUNCTIE": "05_Talut2", "Info": null, "Verhaal": null }, "geometry": { "type": "MultiPolygon", "coordinates": [ [ [ [ 138717.861942743213149, 454849.266030241909903, 0.0 ], [ 138718.880706969794119, 454847.950354606087785, 0.0 ], [ 138715.535054401087109, 454839.916808302048594, 0.0 ], [ 138714.348878323973622, 454840.904559128102846, 0.0 ], [ 138717.861942743213149, 454849.266030241909903, 0.0 ] ] ] ] } },
{ "type": "Feature", "properties": { "fid": 1148, "FUNCTIE": "05_Talut2", "Info": null, "Verhaal": null }, "geometry": { "type": "MultiPolygon", "coordinates": [ [ [ [ 138766.457103465596447, 454983.278957876143977, 0.0 ], [ 138765.656553190696286, 454985.797416534507647, 0.0 ], [ 138766.315107287693536, 454990.167046358867083, 0.0 ], [ 138767.440387284470489, 454990.926591650990304, 0.0 ], [ 138766.457103465596447, 454983.278957876143977, 0.0 ] ] ] ] } },
{ "type": "Feature", "properties": { "fid": 1149, "FUNCTIE": "05_Talut2", "Info": null, "Verhaal": null }, "geometry": { "type": "MultiPolygon", "coordinates": [ [ [ [ 138707.840761583152926, 454922.901238224992994, 0.0 ], [ 138726.641410252050264, 454952.043249833863229, 0.0 ], [ 138731.976408593123779, 454949.8077266352484, 0.0 ], [ 138713.174939257907681, 454920.012332012411207, 0.0 ], [ 138707.840761583152926, 454922.901238224992994, 0.0 ] ] ] ] } },
{ "type": "Feature", "properties": { "fid": 1150, "FUNCTIE": "02_Maaiveld", "Info": null, "Verhaal": null }, "geometry": { "type": "MultiPolygon", "coordinates": [ [ [ [ 138742.189422700379509, 454953.867639161122497, 0.0 ], [ 138750.746794360049535, 454950.140551384480204, 0.0 ], [ 138747.64666431810474, 454943.182368007372133, 0.0 ], [ 138738.250457584334072, 454945.599463508755434, 0.0 ], [ 138742.189422700379509, 454953.867639161122497, 0.0 ] ] ] ] } },
{ "type": "Feature", "properties": { "fid": 1151, "FUNCTIE": "04_Talut1", "Info": null, "Verhaal": null }, "geometry": { "type": "MultiPolygon", "coordinates": [ [ [ [ 138753.599005884752842, 454955.78690723964246, 0.0 ], [ 138755.641242620127741, 454952.907499848632142, 0.0 ], [ 138754.376115866587497, 454952.010995056713, 0.0 ], [ 138752.67471141522401, 454954.314794277830515, 0.0 ], [ 138753.599005884752842, 454955.78690723964246, 0.0 ] ] ] ] } },
{ "type": "Feature", "properties": { "fid": 1152, "FUNCTIE": "05_Talut2", "Info": null, "Verhaal": null }, "geometry": { "type": "MultiPolygon", "coordinates": [ [ [ [ 138751.795993454084964, 454941.934622630942613, 0.0 ], [ 138754.390286304289475, 454927.103613279818092, 0.0 ], [ 138754.38986838189885, 454927.094298504642211, 0.0 ], [ 138753.811361163796391, 454928.566995917062741, 0.0 ], [ 138753.022610404033912, 454929.941559357626829, 0.0 ], [ 138751.788759401941206, 454931.564498201885726, 0.0 ], [ 138750.766824671736686, 454932.485922339488752, 0.0 ], [ 138749.555515059415484, 454933.071400828950573, 0.0 ], [ 138742.945140184980119, 454935.081528361712117, 0.0 ], [ 138743.393139251333196, 454937.327977648878004, 0.0 ], [ 138744.807880661566742, 454937.154106935486197, 0.0 ], [ 138746.122693358920515, 454937.221956501016393, 0.0 ], [ 138747.061856754764449, 454937.387518448347691, 0.0 ], [ 138748.303105750354007, 454937.896648416121025, 0.0 ], [ 138749.329840113117825, 454938.551336262898985, 0.0 ], [ 138750.366888188698795, 454939.52503424952738, 0.0 ], [ 138751.105269382474944, 454940.53853289259132, 0.0 ], [ 138751.795993454084964, 454941.934622630942613, 0.0 ] ] ] ] } },
{ "type": "Feature", "properties": { "fid": 1153, "FUNCTIE": "05_Talut2", "Info": null, "Verhaal": null }, "geometry": { "type": "MultiPolygon", "coordinates": [ [ [ [ 138715.074845257622655, 454910.324187814258039, 0.0 ], [ 138706.793326958024409, 454901.639235935930628, 0.0 ], [ 138706.015700922172982, 454900.68879997410113, 0.0 ], [ 138705.438961866224417, 454899.857164211571217, 0.0 ], [ 138705.146658646204742, 454898.544116832723375, 0.0 ], [ 138705.592740456806496, 454897.173535789421294, 0.0 ], [ 138706.681257110612933, 454896.137820805481169, 0.0 ], [ 138708.042076845711563, 454895.657570372917689, 0.0 ], [ 138699.333712325140368, 454898.144029393326491, 0.0 ], [ 138711.857455028453842, 454912.057449845597148, 0.0 ], [ 138715.074845257622655, 454910.324187814258039, 0.0 ] ] ] ] } },
{ "type": "Feature", "properties": { "fid": 1154, "FUNCTIE": "05_Talut2", "Info": null, "Verhaal": null }, "geometry": { "type": "MultiPolygon", "coordinates": [ [ [ [ 138722.167483746772632, 454870.58900516963331, 0.0 ], [ 138725.119235588266747, 454871.811018589301966, 0.0 ], [ 138725.80010827674414, 454870.5782038558973, 0.0 ], [ 138722.764170210575685, 454869.274393756466452, 0.0 ], [ 138722.167483746772632, 454870.58900516963331, 0.0 ] ] ] ] } },
{ "type": "Feature", "properties": { "fid": 1155, "FUNCTIE": "05_Talut2", "Info": null, "Verhaal": null }, "geometry": { "type": "MultiPolygon", "coordinates": [ [ [ [ 138764.792497812391957, 454929.084693447512109, 0.0 ], [ 138771.137389985640766, 454928.974380989558995, 0.0 ], [ 138773.254749799962156, 454909.328034234582447, 0.0 ], [ 138772.978001524083083, 454905.673326860240195, 0.0 ], [ 138772.081500258762389, 454902.46989079361083, 0.0 ], [ 138770.162366297474364, 454898.804913861153182, 0.0 ], [ 138757.974905625073006, 454881.812644952442497, 0.0 ], [ 138752.448853496171068, 454885.255790786468424, 0.0 ], [ 138757.661301746265963, 454892.370788319502026, 0.0 ], [ 138762.24437851543189, 454889.074761058087461, 0.0 ], [ 138769.329771278222324, 454899.075917158043012, 0.0 ], [ 138770.745398172963178, 454901.593426423263736, 0.0 ], [ 138771.602010925445938, 454903.915166193328332, 0.0 ], [ 138772.084571144368965, 454906.17502564570168, 0.0 ], [ 138772.24990225804504, 454908.721125466399826, 0.0 ], [ 138770.915497463254724, 454921.177531530789565, 0.0 ], [ 138765.502926794870291, 454920.307263256108854, 0.0 ], [ 138764.792497812391957, 454929.084693447512109, 0.0 ] ] ] ] } },
{ "type": "Feature", "properties": { "fid": 1156, "FUNCTIE": "05_Talut2", "Info": null, "Verhaal": null }, "geometry": { "type": "MultiPolygon", "coordinates": [ [ [ [ 138764.091574165271595, 454935.730939775181469, 0.0 ], [ 138763.551233509468148, 454942.70320543658454, 0.0 ], [ 138752.112225241435226, 454947.760329504380934, 0.0 ], [ 138754.376115866587497, 454952.010995056713, 0.0 ], [ 138755.641242620127741, 454952.907499848632142, 0.0 ], [ 138765.542142329941271, 454948.778295113705099, 0.0 ], [ 138767.439937087678118, 454947.569124738569371, 0.0 ], [ 138768.760203766374616, 454946.038576663588174, 0.0 ], [ 138769.581072115222923, 454944.164915447880048, 0.0 ], [ 138770.344156091392506, 454936.614843988441862, 0.0 ], [ 138764.091574165271595, 454935.730939775181469, 0.0 ] ] ] ] } },
{ "type": "Feature", "properties": { "fid": 1157, "FUNCTIE": "05_Talut2", "Info": null, "Verhaal": null }, "geometry": { "type": "MultiPolygon", "coordinates": [ [ [ [ 138703.764963537774747, 454928.08312117686728, 0.0 ], [ 138722.05162235366879, 454954.252577355364338, 0.0 ], [ 138727.347046584036434, 454964.061940581945237, 0.0 ], [ 138728.450534895964665, 454965.093182385084219, 0.0 ], [ 138729.800813192763599, 454965.465074386331253, 0.0 ], [ 138731.159608490706887, 454965.210922846687026, 0.0 ], [ 138753.599005884752842, 454955.78690723964246, 0.0 ], [ 138752.67471141522401, 454954.314794277830515, 0.0 ], [ 138742.506914949626662, 454958.62231120740762, 0.0 ], [ 138741.168745182541898, 454955.266242385550868, 0.0 ], [ 138728.802186608372722, 454960.566110034007579, 0.0 ], [ 138724.860015323327389, 454953.526665394485462, 0.0 ], [ 138706.133606921852333, 454927.009381635754835, 0.0 ], [ 138703.764963537774747, 454928.08312117686728, 0.0 ] ] ] ] } },
{ "type": "Feature", "properties": { "fid": 1158, "FUNCTIE": "05_Talut2", "Info": null, "Verhaal": null }, "geometry": { "type": "MultiPolygon", "coordinates": [ [ [ [ 138748.835366983141284, 454879.690995057171676, 0.0 ], [ 138753.669782282464439, 454875.818233103491366, 0.0 ], [ 138749.714218516281107, 454869.918435068277176, 0.0 ], [ 138748.816856466903118, 454868.944847492675763, 0.0 ], [ 138747.760686780937249, 454868.180077236087527, 0.0 ], [ 138745.726074968406465, 454867.414610269770492, 0.0 ], [ 138743.568718744034413, 454867.324050526891369, 0.0 ], [ 138725.795163545000833, 454870.658150824834593, 0.0 ], [ 138725.119235588266747, 454871.811018589301966, 0.0 ], [ 138725.942006995290285, 454877.223836756602395, 0.0 ], [ 138744.293847587628989, 454873.800495373725425, 0.0 ], [ 138748.835366983141284, 454879.690995057171676, 0.0 ] ] ] ] } },
{ "type": "Feature", "properties": { "fid": 1159, "FUNCTIE": "05_Talut2", "Info": null, "Verhaal": null }, "geometry": { "type": "MultiPolygon", "coordinates": [ [ [ [ 138768.21832275018096, 454993.764938041800633, 0.0 ], [ 138773.159963374142535, 454999.532882555620745, 0.0 ], [ 138774.066706589946989, 454998.653580931189936, 0.0 ], [ 138768.562003549566725, 454992.56066363415448, 0.0 ], [ 138768.21832275018096, 454993.764938041800633, 0.0 ] ] ] ] } },
{ "type": "Feature", "properties": { "fid": 1211, "FUNCTIE": "04_Talut1", "Info": null, "Verhaal": null }, "geometry": { "type": "MultiPolygon", "coordinates": [ [ [ [ 137868.524842480779625, 453911.646470023086295, 0.0 ], [ 137857.767859889281681, 453895.213145015994087, 0.0 ], [ 137856.543464149406645, 453896.632595973380376, 0.0 ], [ 137866.933760899933986, 453912.794292564096395, 0.0 ], [ 137868.524842480779625, 453911.646470023086295, 0.0 ] ] ] ] } },
{ "type": "Feature", "properties": { "fid": 1212, "FUNCTIE": "04_Talut1", "Info": null, "Verhaal": null }, "geometry": { "type": "MultiPolygon", "coordinates": [ [ [ [ 137857.767859889281681, 453895.213145015994087, 0.0 ], [ 137844.939966192032443, 453884.081501673848834, 0.0 ], [ 137843.15401750872843, 453885.100207418494392, 0.0 ], [ 137856.543464149406645, 453896.632595973380376, 0.0 ], [ 137857.767859889281681, 453895.213145015994087, 0.0 ] ] ] ] } },
{ "type": "Feature", "properties": { "fid": 1213, "FUNCTIE": "04_Talut1", "Info": null, "Verhaal": null }, "geometry": { "type": "MultiPolygon", "coordinates": [ [ [ [ 137870.322662302671233, 453909.745861041126773, 0.0 ], [ 137869.305419850221369, 453910.872721471707337, 0.0 ], [ 137888.914538849639939, 453929.288100348087028, 0.0 ], [ 137888.924406766280299, 453927.021328152448405, 0.0 ], [ 137870.322662302671233, 453909.745861041126773, 0.0 ] ] ] ] } },
{ "type": "Feature", "properties": { "fid": 1214, "FUNCTIE": "04_Talut1", "Info": null, "Verhaal": null }, "geometry": { "type": "MultiPolygon", "coordinates": [ [ [ [ 137870.322662302671233, 453909.745861041126773, 0.0 ], [ 137859.225728554272791, 453893.433200856146868, 0.0 ], [ 137858.365657814312726, 453894.632888342428487, 0.0 ], [ 137869.305419850221369, 453910.872721471707337, 0.0 ], [ 137870.322662302671233, 453909.745861041126773, 0.0 ] ] ] ] } },
{ "type": "Feature", "properties": { "fid": 1164, "FUNCTIE": "01_Water", "Info": null, "Verhaal": null }, "geometry": { "type": "MultiPolygon", "coordinates": [ [ [ [ 138376.000000381958671, 456455.894095072406344, 0.0 ], [ 138376.109817285498139, 456455.673810004023835, 0.0 ], [ 138380.946104156668298, 456454.216385213192552, 0.0 ], [ 138384.70347571989987, 456452.570608423498925, 0.0 ], [ 138388.446298902999843, 456450.346317231364083, 0.0 ], [ 138391.4535828535154, 456447.999128590512555, 0.0 ], [ 138394.175900857604574, 456445.178522923903074, 0.0 ], [ 138400.345706827240065, 456436.670976310328115, 0.0 ], [ 138407.472011028323323, 456428.183832073875237, 0.0 ], [ 138411.683196867030347, 456423.964364586572628, 0.0 ], [ 138413.704478980391286, 456422.316618265933357, 0.0 ], [ 138416.498128762876149, 456420.367317969503347, 0.0 ], [ 138419.355938043241622, 456418.6747898972244, 0.0 ], [ 138423.051573443226516, 456416.863343116128817, 0.0 ], [ 138426.515590553783113, 456415.494290144182742, 0.0 ], [ 138429.638413477776339, 456414.495116430334747, 0.0 ], [ 138433.443211553385481, 456413.531253956200089, 0.0 ], [ 138437.586429207469337, 456412.725755225575995, 0.0 ], [ 138441.352775323088281, 456412.2509696741472, 0.0 ], [ 138445.236326381651452, 456412.014769693021663, 0.0 ], [ 138485.249468841502676, 456278.411128262348939, 0.0 ], [ 138486.776828444795683, 456275.027705032785889, 0.0 ], [ 138488.612383351748576, 456271.677919667272363, 0.0 ], [ 138490.258832073566737, 456269.081691604922526, 0.0 ], [ 138492.268290800653631, 456266.293989968427923, 0.0 ], [ 138494.662028351798654, 456263.399634760862682, 0.0 ], [ 138499.019682969519636, 456259.043670224316884, 0.0 ], [ 138502.467168540752027, 456256.253768494643737, 0.0 ], [ 138504.36160185773042, 456254.924847493995912, 0.0 ], [ 138508.505142513953615, 456252.452077661349904, 0.0 ], [ 138510.75956703297561, 456251.329433798207901, 0.0 ], [ 138515.41207293322077, 456249.445634343079291, 0.0 ], [ 138521.746046036481857, 456247.716959066630807, 0.0 ], [ 138525.788241212576395, 456247.07664069760358, 0.0 ], [ 138529.648703508602921, 456246.781265411817003, 0.0 ], [ 138535.028579008358065, 456246.863541388360318, 0.0 ], [ 138539.819378641725052, 456247.409692414395977, 0.0 ], [ 138545.103921161673497, 456248.535665832401719, 0.0 ], [ 138550.472578166314634, 456250.309027634386439, 0.0 ], [ 138610.439125916338526, 456279.963599512120709, 0.0 ], [ 138614.536621609673603, 456281.414566831139382, 0.0 ], [ 138618.455817904090509, 456283.162532328336965, 0.0 ], [ 138621.729496583837317, 456284.955159540171735, 0.0 ], [ 138625.155548462906154, 456287.217075812048279, 0.0 ], [ 138627.464610954542877, 456289.01082216668874, 0.0 ], [ 138629.751959074841579, 456291.050770485890098, 0.0 ], [ 138631.981818523578113, 456293.351972398115322, 0.0 ], [ 138634.118415008939337, 456295.929479540034663, 0.0 ], [ 138635.906158308935119, 456298.458373553643469, 0.0 ], [ 138637.928377971053123, 456301.900014862127136, 0.0 ], [ 138639.04021267654025, 456304.172509654890746, 0.0 ], [ 138640.394131519045914, 456307.506891577620991, 0.0 ], [ 138641.420211751974421, 456310.702287790772971, 0.0 ], [ 138642.373161075636744, 456314.649873345682863, 0.0 ], [ 138643.52458901918726, 456322.651654226938263, 0.0 ], [ 138643.742531029303791, 456325.927721229090821, 0.0 ], [ 138643.772316863323795, 456329.723529891227372, 0.0 ], [ 138643.540961380582303, 456333.786867159476969, 0.0 ], [ 138643.049658403149806, 456337.762380986008793, 0.0 ], [ 138643.246577072743094, 456338.050691388954874, 0.0 ], [ 138746.16770307830302, 456394.044789405132178, 0.0 ], [ 138749.564671655592974, 456396.329577479278669, 0.0 ], [ 138752.192090187687427, 456398.340085958770942, 0.0 ], [ 138755.004664826963563, 456400.757000697718468, 0.0 ], [ 138757.912342336523579, 456403.594510091992561, 0.0 ], [ 138762.255185095884372, 456408.67042631842196, 0.0 ], [ 138765.00663705196348, 456412.62149670382496, 0.0 ], [ 138766.305460132978624, 456414.772490444476716, 0.0 ], [ 138768.693017291428987, 456419.434262841474265, 0.0 ], [ 138769.759238086611731, 456421.948588634782936, 0.0 ], [ 138771.607895911845844, 456427.451636157056782, 0.0 ], [ 138772.961934936785838, 456433.658776240015868, 0.0 ], [ 138773.571503864310216, 456439.613177144376095, 0.0 ], [ 138773.548772471869597, 456445.270719531574287, 0.0 ], [ 138773.335347204614663, 456447.974381469772197, 0.0 ], [ 138772.574483623058768, 456453.103912176913582, 0.0 ], [ 138770.80847393834847, 456460.021001229935791, 0.0 ], [ 138769.378238876728574, 456464.049914894450922, 0.0 ], [ 138767.876552385074319, 456467.561372444615699, 0.0 ], [ 138765.735422779573128, 456471.761816808837466, 0.0 ], [ 138763.415300201886566, 456475.52583509410033, 0.0 ], [ 138703.226361468754476, 456555.559031871613115, 0.0 ], [ 138749.836095089733135, 456570.441233256249689, 0.0 ], [ 138757.125378118595108, 456564.172035582130775, 0.0 ], [ 138718.457937849336304, 456551.565706487977877, 0.0 ], [ 138762.756653145566816, 456489.413816785963718, 0.0 ], [ 138770.693638876749901, 456478.500209966674447, 0.0 ], [ 138772.5850914575567, 456475.352696876914706, 0.0 ], [ 138774.827250139846001, 456470.968585227499716, 0.0 ], [ 138777.283841865399154, 456465.073473378317431, 0.0 ], [ 138778.828265335934702, 456460.394034996745177, 0.0 ], [ 138780.149341716693016, 456455.178162022319157, 0.0 ], [ 138781.119610811118037, 456449.479902785795275, 0.0 ], [ 138781.433361322822748, 456446.466768403712194, 0.0 ], [ 138781.638431678671623, 456440.146270239783917, 0.0 ], [ 138781.497886484838091, 456436.852418493945152, 0.0 ], [ 138780.650972751376685, 456430.031289723759983, 0.0 ], [ 138779.912739164195955, 456426.517524703172967, 0.0 ], [ 138778.94341105906642, 456422.943967252213042, 0.0 ], [ 138776.811221945652505, 456416.980736988480203, 0.0 ], [ 138774.332571588922292, 456411.702830117545091, 0.0 ], [ 138771.546947193652159, 456406.930523812072352, 0.0 ], [ 138770.067087434319546, 456404.729527378221974, 0.0 ], [ 138766.989408205787186, 456400.688960987492464, 0.0 ], [ 138762.246396370697767, 456395.505016780516598, 0.0 ], [ 138757.6210430910578, 456391.330701827537268, 0.0 ], [ 138753.416479921259452, 456388.118026874028146, 0.0 ], [ 138748.167284476163331, 456384.77020537579665, 0.0 ], [ 138652.826336517231539, 456330.772822454338893, 0.0 ], [ 138652.629724787257146, 456330.43070661771344, 0.0 ], [ 138652.748155352979666, 456327.189907101681456, 0.0 ], [ 138652.630666748649674, 456323.0025982055231, 0.0 ], [ 138651.878706538642291, 456316.682035560021177, 0.0 ], [ 138650.970244245225331, 456312.430690012930427, 0.0 ], [ 138650.127342343796045, 456309.447018640232272, 0.0 ], [ 138647.771188766404521, 456303.211332003236748, 0.0 ], [ 138646.192547873681178, 456299.960384042409714, 0.0 ], [ 138644.118077010818524, 456296.343552594538778, 0.0 ], [ 138640.750331767980242, 456291.523003975162283, 0.0 ], [ 138638.396844490693184, 456288.695618018042296, 0.0 ], [ 138636.006593278958462, 456286.163827180571388, 0.0 ], [ 138631.286867992428597, 456281.940898197004572, 0.0 ], [ 138626.933293902286096, 456278.761951762950048, 0.0 ], [ 138622.527452536101919, 456276.115808930015191, 0.0 ], [ 138561.030720485490747, 456243.805175980029162, 0.0 ], [ 138557.946331025566906, 456242.307796849578153, 0.0 ], [ 138553.224422821571352, 456240.402442907216027, 0.0 ], [ 138549.272574358037673, 456239.109622306772508, 0.0 ], [ 138542.297671556618297, 456237.442616581276525, 0.0 ], [ 138537.042244654614478, 456236.691322529688478, 0.0 ], [ 138534.256693844188703, 456236.469603790843394, 0.0 ], [ 138528.409601091989316, 456236.410548521729652, 0.0 ], [ 138522.247431622061413, 456236.966037093836349, 0.0 ], [ 138515.833679197938181, 456238.258510652463883, 0.0 ], [ 138512.552301184972748, 456239.219379682734143, 0.0 ], [ 138509.231837605067994, 456240.410410428361502, 0.0 ], [ 138506.178873595490586, 456241.709191841015127, 0.0 ], [ 138500.912247639760608, 456244.453840394620784, 0.0 ], [ 138496.210819929459831, 456247.526271548529621, 0.0 ], [ 138494.063995396660175, 456249.156001146358903, 0.0 ], [ 138490.162004919286119, 456252.543679449416231, 0.0 ], [ 138485.239805451215943, 456257.769317798316479, 0.0 ], [ 138481.35717303014826, 456262.885618112166412, 0.0 ], [ 138477.646979660901707, 456268.988386456097942, 0.0 ], [ 138475.851481031568255, 456272.614575560495723, 0.0 ], [ 138474.646159013471333, 456275.498667484614998, 0.0 ], [ 138437.098373278946383, 456400.992951141030062, 0.0 ], [ 138436.761626183841145, 456401.480671417375561, 0.0 ], [ 138433.18887845412246, 456402.427895923727192, 0.0 ], [ 138428.801679363532458, 456403.827681115421001, 0.0 ], [ 138422.142737465735991, 456406.506341442698613, 0.0 ], [ 138416.753069407161092, 456409.235602577682585, 0.0 ], [ 138411.144504682015395, 456412.695592843170743, 0.0 ], [ 138406.94078740401892, 456415.71857099031331, 0.0 ], [ 138403.222546353004873, 456418.687567388114985, 0.0 ], [ 138378.440468701388454, 456440.296234372188337, 0.0 ], [ 138375.427949607954361, 456442.458407367113978, 0.0 ], [ 138372.584902215428883, 456443.681861156423111, 0.0 ], [ 138369.850884580228012, 456444.097362550848629, 0.0 ], [ 138368.505287495412631, 456444.032719350070693, 0.0 ], [ 138366.900397480640095, 456443.725257433427032, 0.0 ], [ 138365.290945090353489, 456443.161348146444652, 0.0 ], [ 138363.874187445355346, 456442.446174473850988, 0.0 ], [ 138376.000000381958671, 456455.894095072406344, 0.0 ] ] ] ] } },
{ "type": "Feature", "properties": { "fid": 1165, "FUNCTIE": "03_Gebouw", "Info": null, "Verhaal": null }, "geometry": { "type": "MultiPolygon", "coordinates": [ [ [ [ 135494.79679744222085, 460161.854856705234852, 0.0 ], [ 135483.312704609532375, 460169.449469811050221, 0.0 ], [ 135482.717895642388612, 460170.114104174252134, 0.0 ], [ 135482.402200994052691, 460171.064532140502706, 0.0 ], [ 135482.470397542638239, 460171.922672645363491, 0.0 ], [ 135482.775858373439405, 460172.597290406760294, 0.0 ], [ 135489.656142605439527, 460182.56391757162055, 0.0 ], [ 135490.320760545611847, 460183.158679814892821, 0.0 ], [ 135491.27119233389385, 460183.474318943684921, 0.0 ], [ 135492.129354318516562, 460183.406079746200703, 0.0 ], [ 135492.804001827986212, 460183.10059073305456, 0.0 ], [ 135504.227070829772856, 460174.933935280772857, 0.0 ], [ 135494.79679744222085, 460161.854856705234852, 0.0 ] ] ] ] } },
{ "type": "Feature", "properties": { "fid": 1166, "FUNCTIE": "01_Water", "Info": null, "Verhaal": null }, "geometry": { "type": "MultiPolygon", "coordinates": [ [ [ [ 135520.026965734228725, 460157.948769110429566, 0.0 ], [ 135526.160388864431297, 460155.836798530886881, 0.0 ], [ 135524.658213791553862, 460153.582011059683282, 0.0 ], [ 135523.464528633252485, 460154.251280138385482, 0.0 ], [ 135522.316621047648368, 460154.496794423903339, 0.0 ], [ 135518.773853470134782, 460153.854846125701442, 0.0 ], [ 135515.630281741119688, 460153.998248633404728, 0.0 ], [ 135514.628785250388319, 460154.331662800628692, 0.0 ], [ 135511.791224312240956, 460156.167423874430824, 0.0 ], [ 135513.989766669692472, 460156.244148198049515, 0.0 ], [ 135520.026965734228725, 460157.948769110429566, 0.0 ] ] ] ] } },
{ "type": "Feature", "properties": { "fid": 1167, "FUNCTIE": "01_Water", "Info": null, "Verhaal": null }, "geometry": { "type": "MultiPolygon", "coordinates": [ [ [ [ 135446.485201722593047, 460043.157157035602722, 0.0 ], [ 135437.251040662580635, 460047.0221534021548, 0.0 ], [ 135470.419816936017014, 460092.908651736099273, 0.0 ], [ 135484.704785319627263, 460115.211725404835306, 0.0 ], [ 135507.276817252626643, 460151.322884110850282, 0.0 ], [ 135508.529734609037405, 460150.698040017974563, 0.0 ], [ 135510.659757782093948, 460153.5795697348658, 0.0 ], [ 135512.41437985538505, 460152.32629917311715, 0.0 ], [ 135510.9108485521283, 460149.820348904002458, 0.0 ], [ 135512.412984190130373, 460148.692557391477749, 0.0 ], [ 135511.788926715933485, 460147.065194516733754, 0.0 ], [ 135509.404991659161169, 460143.049475889478344, 0.0 ], [ 135503.51524387623067, 460134.653656616224907, 0.0 ], [ 135503.515488651813939, 460133.776851223199628, 0.0 ], [ 135503.037959269626299, 460131.893562020384707, 0.0 ], [ 135502.357391767582158, 460129.828332989709452, 0.0 ], [ 135501.531587728648447, 460127.833895989519078, 0.0 ], [ 135499.719947421661345, 460124.368730798887555, 0.0 ], [ 135496.678055312368087, 460119.60083223663969, 0.0 ], [ 135495.280458131164778, 460116.689000370737631, 0.0 ], [ 135492.867847954417812, 460109.614479488867801, 0.0 ], [ 135490.527589232136961, 460100.307233317347709, 0.0 ], [ 135488.253205966670066, 460092.777425701788161, 0.0 ], [ 135485.831681482464774, 460086.14632476301631, 0.0 ], [ 135482.924887684115674, 460079.472914598765783, 0.0 ], [ 135479.703306516050361, 460072.833085159014445, 0.0 ], [ 135476.550130814692238, 460066.817722934589256, 0.0 ], [ 135456.946988182142377, 460033.855228020169307, 0.0 ], [ 135456.887893778271973, 460033.757504009467084, 0.0 ], [ 135454.632385743170744, 460036.01299019146245, 0.0 ], [ 135459.576871649973327, 460044.547021368925925, 0.0 ], [ 135467.596340227202745, 460057.473099909664597, 0.0 ], [ 135471.839678056101548, 460065.295381627511233, 0.0 ], [ 135476.435119799571112, 460072.888242254848592, 0.0 ], [ 135477.818433777487371, 460075.801255878992379, 0.0 ], [ 135478.306042091047857, 460077.163753203582019, 0.0 ], [ 135480.65833651740104, 460085.500101563986391, 0.0 ], [ 135481.002063213614747, 460087.076199378760066, 0.0 ], [ 135481.068632146576419, 460088.088678789266851, 0.0 ], [ 135480.998460585600697, 460088.902432393748313, 0.0 ], [ 135480.202065530378604, 460092.16400911170058, 0.0 ], [ 135478.64694887486985, 460091.762303377327044, 0.0 ], [ 135477.517538242682349, 460090.687762616260443, 0.0 ], [ 135476.425391717464663, 460088.816187568765599, 0.0 ], [ 135473.95045164343901, 460085.348676496185362, 0.0 ], [ 135468.997956395905931, 460076.728600964357611, 0.0 ], [ 135467.793217272759648, 460075.025496904854663, 0.0 ], [ 135464.203652958123712, 460070.702960386115592, 0.0 ], [ 135461.143267596547958, 460066.425832956447266, 0.0 ], [ 135457.195126125821844, 460060.083600921323523, 0.0 ], [ 135452.039687442273134, 460051.013390579435509, 0.0 ], [ 135449.330239458795404, 460046.946503182465676, 0.0 ], [ 135446.485201722593047, 460043.157157035602722, 0.0 ] ] ] ] } },
{ "type": "Feature", "properties": { "fid": 1168, "FUNCTIE": "01_Water", "Info": null, "Verhaal": null }, "geometry": { "type": "MultiPolygon", "coordinates": [ [ [ [ 135613.230129781994037, 460094.670965115947183, 0.0 ], [ 135612.0464457993221, 460091.609679896733724, 0.0 ], [ 135553.073721524648136, 460128.925366438925266, 0.0 ], [ 135536.007730019133305, 460141.644418435927946, 0.0 ], [ 135526.495640577049926, 460151.993297364679165, 0.0 ], [ 135528.167120050173253, 460153.661951749410946, 0.0 ], [ 135532.511636924406048, 460150.15291442751186, 0.0 ], [ 135540.85821401985595, 460142.651292891590856, 0.0 ], [ 135548.386821410997072, 460137.118908416072372, 0.0 ], [ 135550.893357524299063, 460135.782054236507975, 0.0 ], [ 135574.443264336907305, 460170.854167150100693, 0.0 ], [ 135490.826078126701759, 460227.631071745650843, 0.0 ], [ 135437.616418969904771, 460147.611534774943721, 0.0 ], [ 135474.180133070971351, 460121.234722745837644, 0.0 ], [ 135460.811121727863792, 460101.860323681321461, 0.0 ], [ 135423.882113501313142, 460127.92721683596028, 0.0 ], [ 135420.527982624771539, 460130.849862714880146, 0.0 ], [ 135418.806499625643482, 460132.808095819083974, 0.0 ], [ 135417.02844459406333, 460135.344392466940917, 0.0 ], [ 135415.70244262914639, 460137.797707102959976, 0.0 ], [ 135414.832785986131057, 460139.889223987236619, 0.0 ], [ 135413.971116347122006, 460142.810209723946173, 0.0 ], [ 135413.573676747473655, 460144.995626948890276, 0.0 ], [ 135413.349208052182803, 460148.108416316274088, 0.0 ], [ 135413.480659798049601, 460150.976519533491228, 0.0 ], [ 135413.866660031722859, 460153.547868911293335, 0.0 ], [ 135414.405836799036479, 460155.770396771840751, 0.0 ], [ 135415.18780297919875, 460158.101162493578158, 0.0 ], [ 135415.97932065607165, 460159.857295067398809, 0.0 ], [ 135468.781242952158209, 460238.975166355259717, 0.0 ], [ 135470.571710789081408, 460241.926190964877605, 0.0 ], [ 135471.876929113961523, 460243.627011296572164, 0.0 ], [ 135473.564300739439204, 460245.457320351328235, 0.0 ], [ 135476.44522512803087, 460247.881417262309697, 0.0 ], [ 135479.106716234382475, 460249.52394703583559, 0.0 ], [ 135482.221013595291879, 460250.876034413464367, 0.0 ], [ 135484.856077307020314, 460251.619315158342943, 0.0 ], [ 135487.55589919682825, 460252.03632876748452, 0.0 ], [ 135490.134467908123042, 460252.124978281266522, 0.0 ], [ 135493.727852037845878, 460251.763962164986879, 0.0 ], [ 135496.927252788736951, 460250.977049829671159, 0.0 ], [ 135499.659971924033016, 460249.951995079172775, 0.0 ], [ 135501.853311207116349, 460248.876551695691887, 0.0 ], [ 135503.813076986174565, 460247.688757598341908, 0.0 ], [ 135549.056275928509422, 460216.667522367613856, 0.0 ], [ 135552.715646867553005, 460224.818095579801593, 0.0 ], [ 135554.288588002644246, 460229.526366586564109, 0.0 ], [ 135556.11684454837814, 460234.023941079096403, 0.0 ], [ 135558.263254268618766, 460238.471723010530695, 0.0 ], [ 135560.75162712141173, 460242.982156091427896, 0.0 ], [ 135563.18186924001202, 460246.60206521814689, 0.0 ], [ 135567.920524606626714, 460252.495586543052923, 0.0 ], [ 135571.225584944535512, 460257.620138160418719, 0.0 ], [ 135572.860543441900518, 460259.87724676518701, 0.0 ], [ 135575.718991545814788, 460263.196182391955517, 0.0 ], [ 135579.139086461742409, 460266.465841474942863, 0.0 ], [ 135582.302213401475456, 460265.30101573310094, 0.0 ], [ 135579.405352618312463, 460261.423258785624057, 0.0 ], [ 135575.172824598237639, 460256.289693591708783, 0.0 ], [ 135572.287677732820157, 460252.011170317593496, 0.0 ], [ 135568.718332635820843, 460247.914218455029186, 0.0 ], [ 135565.083822618646082, 460242.921440812118817, 0.0 ], [ 135564.736386517965002, 460242.263358308642637, 0.0 ], [ 135564.778546439978527, 460241.880315205082297, 0.0 ], [ 135565.666269402106991, 460241.64513280877145, 0.0 ], [ 135567.737397759454325, 460242.006642124732025, 0.0 ], [ 135570.404920473112725, 460243.131573551334441, 0.0 ], [ 135571.852656913688406, 460244.201042546017561, 0.0 ], [ 135574.13098718834226, 460247.116665084671695, 0.0 ], [ 135576.636030904890504, 460250.95052830997156, 0.0 ], [ 135581.788484695396619, 460257.511086752580013, 0.0 ], [ 135586.159144659264712, 460263.621495788160246, 0.0 ], [ 135587.658240052958718, 460260.789511723502073, 0.0 ], [ 135582.656359675864223, 460253.214645450701937, 0.0 ], [ 135574.733751460356871, 460241.962746134784538, 0.0 ], [ 135571.867865094507579, 460237.384890167042613, 0.0 ], [ 135569.841608437185641, 460233.71064990607556, 0.0 ], [ 135567.875138807168696, 460229.475550294155255, 0.0 ], [ 135566.580364695371827, 460226.071180204569828, 0.0 ], [ 135565.696485251595732, 460223.078295664861798, 0.0 ], [ 135564.533764495368814, 460217.756139998498838, 0.0 ], [ 135563.452063234348316, 460213.715720949403476, 0.0 ], [ 135562.422931611770764, 460210.477744908770546, 0.0 ], [ 135561.423405789217213, 460208.646019531937782, 0.0 ], [ 135588.695503348717466, 460190.066680656920653, 0.0 ], [ 135590.626301003154367, 460188.549454261141364, 0.0 ], [ 135592.384514647477772, 460186.868299417779781, 0.0 ], [ 135594.17849506722996, 460184.747234667651355, 0.0 ], [ 135595.461894520267379, 460182.854159233043902, 0.0 ], [ 135596.6254090978764, 460180.691402841534, 0.0 ], [ 135597.370421055820771, 460178.921082818182185, 0.0 ], [ 135598.155949835985666, 460176.359876433678437, 0.0 ], [ 135598.61572828979115, 460173.868384634843096, 0.0 ], [ 135598.796104003704386, 460171.470919356215745, 0.0 ], [ 135598.743424564512679, 460169.191792548634112, 0.0 ], [ 135598.328812340070726, 460166.048169356014114, 0.0 ], [ 135597.650531196588418, 460163.307562425907236, 0.0 ], [ 135596.606365609623026, 460160.422153728606645, 0.0 ], [ 135595.507675757107791, 460158.163464912446216, 0.0 ], [ 135570.951812603336293, 460121.240477366605774, 0.0 ], [ 135613.230129781994037, 460094.670965115947183, 0.0 ] ] ] ] } },
{ "type": "Feature", "properties": { "fid": 1169, "FUNCTIE": "02_Maaiveld", "Info": null, "Verhaal": null }, "geometry": { "type": "MultiPolygon", "coordinates": [ [ [ [ 135465.422691419254988, 460137.727127396967262, 0.0 ], [ 135466.262747079192195, 460138.623186767508741, 0.0 ], [ 135481.779577784385765, 460127.080608419608325, 0.0 ], [ 135480.958086545404512, 460126.146767932514194, 0.0 ], [ 135465.422691419254988, 460137.727127396967262, 0.0 ] ] ] ] } },
{ "type": "Feature", "properties": { "fid": 1170, "FUNCTIE": "02_Maaiveld", "Info": null, "Verhaal": null }, "geometry": { "type": "MultiPolygon", "coordinates": [ [ [ [ 135478.126290144922677, 460118.062201719381846, 0.0 ], [ 135437.586143223830732, 460147.633885714865755, 0.0 ], [ 135490.655805151589448, 460227.583709384198301, 0.0 ], [ 135574.443367908475921, 460170.854612485214602, 0.0 ], [ 135550.893357524299063, 460135.782054236507975, 0.0 ], [ 135548.431385812786175, 460137.096074498142116, 0.0 ], [ 135571.283088831405621, 460170.209094838006422, 0.0 ], [ 135491.064838612714084, 460225.022514676733408, 0.0 ], [ 135440.092957070330158, 460148.315903318696655, 0.0 ], [ 135479.502659071964445, 460119.790795808192343, 0.0 ], [ 135478.126290144922677, 460118.062201719381846, 0.0 ] ] ] ] } },
{ "type": "Feature", "properties": { "fid": 1171, "FUNCTIE": "05_Talut2", "Info": null, "Verhaal": null }, "geometry": { "type": "MultiPolygon", "coordinates": [ [ [ [ 135463.664278993732296, 460138.902726574218832, 0.0 ], [ 135461.546290205267724, 460135.982469305337872, 0.0 ], [ 135443.101340588851599, 460148.81814436026616, 0.0 ], [ 135455.271974466508254, 460166.896400523663033, 0.0 ], [ 135458.704654785629828, 460164.559870222350582, 0.0 ], [ 135449.416887129744282, 460149.378192982170731, 0.0 ], [ 135463.664278993732296, 460138.902726574218832, 0.0 ] ] ] ] } },
{ "type": "Feature", "properties": { "fid": 1172, "FUNCTIE": "03_Gebouw", "Info": null, "Verhaal": null }, "geometry": { "type": "MultiPolygon", "coordinates": [ [ [ [ 135508.529838120244676, 460150.698485340340994, 0.0 ], [ 135507.276920762640657, 460151.323329435370397, 0.0 ], [ 135507.60026123013813, 460151.927348047262058, 0.0 ], [ 135508.377755732304649, 460151.554702746216208, 0.0 ], [ 135510.020155323290965, 460153.965395707637072, 0.0 ], [ 135510.659861295309383, 460153.58001506223809, 0.0 ], [ 135508.529838120244676, 460150.698485340340994, 0.0 ] ] ] ] } },
{ "type": "Feature", "properties": { "fid": 1173, "FUNCTIE": "03_Gebouw", "Info": null, "Verhaal": null }, "geometry": { "type": "MultiPolygon", "coordinates": [ [ [ [ 135512.4144833702303, 460152.326744498044718, 0.0 ], [ 135513.028920960583491, 460151.913546358351596, 0.0 ], [ 135511.809772804757813, 460150.041118813911453, 0.0 ], [ 135512.766689092852175, 460149.360236067615915, 0.0 ], [ 135512.413087704917416, 460148.693002716754563, 0.0 ], [ 135510.910952065460151, 460149.820794228173327, 0.0 ], [ 135512.4144833702303, 460152.326744498044718, 0.0 ] ] ] ] } },
{ "type": "Feature", "properties": { "fid": 1174, "FUNCTIE": "04_Talut1", "Info": null, "Verhaal": null }, "geometry": { "type": "MultiPolygon", "coordinates": [ [ [ [ 135479.502452110435115, 460119.789905196288601, 0.0 ], [ 135478.531824606645387, 460122.535313601489179, 0.0 ], [ 135480.342045728175435, 460125.792077765101567, 0.0 ], [ 135480.958086545404512, 460126.146767932514194, 0.0 ], [ 135481.779474301758455, 460127.080163109989371, 0.0 ], [ 135484.374416379956529, 460127.640645533159841, 0.0 ], [ 135479.502452110435115, 460119.789905196288601, 0.0 ] ] ] ] } },
{ "type": "Feature", "properties": { "fid": 1175, "FUNCTIE": "04_Talut1", "Info": null, "Verhaal": null }, "geometry": { "type": "MultiPolygon", "coordinates": [ [ [ [ 135474.140602378465701, 460137.111086579563562, 0.0 ], [ 135468.227570143266348, 460139.83854830666678, 0.0 ], [ 135467.283039125992218, 460141.763768782839179, 0.0 ], [ 135474.140602378465701, 460137.111086579563562, 0.0 ] ] ] ] } },
{ "type": "Feature", "properties": { "fid": 1176, "FUNCTIE": "04_Talut1", "Info": null, "Verhaal": null }, "geometry": { "type": "MultiPolygon", "coordinates": [ [ [ [ 135479.502555591141572, 460119.790350503462832, 0.0 ], [ 135440.092957070330158, 460148.315903318696655, 0.0 ], [ 135443.10123713730718, 460148.817699033592362, 0.0 ], [ 135461.546290205267724, 460135.982469305337872, 0.0 ], [ 135461.931793454918079, 460134.833602346421685, 0.0 ], [ 135478.531824606645387, 460122.535313601489179, 0.0 ], [ 135479.502555591141572, 460119.790350503462832, 0.0 ] ] ] ] } },
{ "type": "Feature", "properties": { "fid": 1177, "FUNCTIE": "04_Talut1", "Info": null, "Verhaal": null }, "geometry": { "type": "MultiPolygon", "coordinates": [ [ [ [ 135440.093060518964194, 460148.316348642169032, 0.0 ], [ 135491.064838612714084, 460225.022514676733408, 0.0 ], [ 135491.60798161290586, 460222.265087466628756, 0.0 ], [ 135479.878218213649234, 460204.504318078164943, 0.0 ], [ 135479.026699195877882, 460201.728009644371923, 0.0 ], [ 135456.627738962357398, 460167.502167638915125, 0.0 ], [ 135455.271974466508254, 460166.896400523663033, 0.0 ], [ 135443.10123713730718, 460148.817699033592362, 0.0 ], [ 135440.093060518964194, 460148.316348642169032, 0.0 ] ] ] ] } },
{ "type": "Feature", "properties": { "fid": 1178, "FUNCTIE": "04_Talut1", "Info": null, "Verhaal": null }, "geometry": { "type": "MultiPolygon", "coordinates": [ [ [ [ 135491.064838612714084, 460225.022514676733408, 0.0 ], [ 135571.282881694321986, 460170.208204160968307, 0.0 ], [ 135566.588686255301582, 460169.491654627490789, 0.0 ], [ 135491.60798161290586, 460222.265087466628756, 0.0 ], [ 135491.064838612714084, 460225.022514676733408, 0.0 ] ] ] ] } },
{ "type": "Feature", "properties": { "fid": 1179, "FUNCTIE": "04_Talut1", "Info": null, "Verhaal": null }, "geometry": { "type": "MultiPolygon", "coordinates": [ [ [ [ 135566.588789821136743, 460169.492099964409135, 0.0 ], [ 135571.282985262951115, 460170.208649500738829, 0.0 ], [ 135548.431282265257323, 460137.095629186020233, 0.0 ], [ 135548.011293154151645, 460140.043621700780932, 0.0 ], [ 135554.675473455834435, 460149.906075246573891, 0.0 ], [ 135555.338932677201228, 460152.848372662963811, 0.0 ], [ 135566.588789821136743, 460169.492099964409135, 0.0 ] ] ] ] } },
{ "type": "Feature", "properties": { "fid": 1180, "FUNCTIE": "04_Talut1", "Info": null, "Verhaal": null }, "geometry": { "type": "MultiPolygon", "coordinates": [ [ [ [ 135460.695032449671999, 460165.569482080871239, 0.0 ], [ 135483.38245321426075, 460198.353021431423258, 0.0 ], [ 135485.012151725590229, 460195.323740502120927, 0.0 ], [ 135463.608380343939643, 460163.492120925220661, 0.0 ], [ 135460.839159247669159, 460163.520966976182535, 0.0 ], [ 135460.695032449671999, 460165.569482080871239, 0.0 ] ] ] ] } },
{ "type": "Feature", "properties": { "fid": 1181, "FUNCTIE": "04_Talut1", "Info": null, "Verhaal": null }, "geometry": { "type": "MultiPolygon", "coordinates": [ [ [ [ 135466.262747079192195, 460138.623186767508741, 0.0 ], [ 135467.849518881179392, 460139.42590662027942, 0.0 ], [ 135484.374416379956529, 460127.640645533159841, 0.0 ], [ 135481.779474301758455, 460127.080163109989371, 0.0 ], [ 135466.262747079192195, 460138.623186767508741, 0.0 ] ] ] ] } },
{ "type": "Feature", "properties": { "fid": 1182, "FUNCTIE": "04_Talut1", "Info": null, "Verhaal": null }, "geometry": { "type": "MultiPolygon", "coordinates": [ [ [ [ 135467.283142600936117, 460141.764214104914572, 0.0 ], [ 135468.227673619025154, 460139.83899362484226, 0.0 ], [ 135467.849518881179392, 460139.42590662027942, 0.0 ], [ 135466.262747079192195, 460138.623186767508741, 0.0 ], [ 135465.422691419254988, 460137.727127396967262, 0.0 ], [ 135464.507964145159349, 460137.540448361425661, 0.0 ], [ 135461.931793454918079, 460134.833602346421685, 0.0 ], [ 135461.546290205267724, 460135.982469305337872, 0.0 ], [ 135463.664499653910752, 460138.902812416490633, 0.0 ], [ 135464.360977863572771, 460139.173542818403803, 0.0 ], [ 135467.283142600936117, 460141.764214104914572, 0.0 ] ] ] ] } },
{ "type": "Feature", "properties": { "fid": 1183, "FUNCTIE": "04_Talut1", "Info": null, "Verhaal": null }, "geometry": { "type": "MultiPolygon", "coordinates": [ [ [ [ 135459.781647019350203, 460151.556383287301287, 0.0 ], [ 135476.175610832200618, 460139.650812100153416, 0.0 ], [ 135468.655065810191445, 460143.911845186434221, 0.0 ], [ 135457.429905067256186, 460151.315481847792398, 0.0 ], [ 135459.781647019350203, 460151.556383287301287, 0.0 ] ] ] ] } },
{ "type": "Feature", "properties": { "fid": 1184, "FUNCTIE": "04_Talut1", "Info": null, "Verhaal": null }, "geometry": { "type": "MultiPolygon", "coordinates": [ [ [ [ 135464.302617206150899, 460160.931331513333134, 0.0 ], [ 135460.839159247669159, 460163.520966976182535, 0.0 ], [ 135463.608483812946361, 460163.492566257540602, 0.0 ], [ 135466.225411272112979, 460161.32335748791229, 0.0 ], [ 135464.302617206150899, 460160.931331513333134, 0.0 ] ] ] ] } },
{ "type": "Feature", "properties": { "fid": 1185, "FUNCTIE": "04_Talut1", "Info": null, "Verhaal": null }, "geometry": { "type": "MultiPolygon", "coordinates": [ [ [ [ 135493.089150083280401, 460190.752086439111736, 0.0 ], [ 135485.01225521453307, 460195.324185855744872, 0.0 ], [ 135483.38245321426075, 460198.353021431423258, 0.0 ], [ 135482.22871457884321, 460198.988079952716362, 0.0 ], [ 135481.452499974519014, 460200.382859774632379, 0.0 ], [ 135479.026699195877882, 460201.728009644371923, 0.0 ], [ 135479.878218213649234, 460204.504318078164943, 0.0 ], [ 135484.476052723824978, 460202.180681282654405, 0.0 ], [ 135484.810332842927892, 460201.396280033688527, 0.0 ], [ 135491.819923746603308, 460196.117452315869741, 0.0 ], [ 135493.089150083280401, 460190.752086439111736, 0.0 ] ] ] ] } },
{ "type": "Feature", "properties": { "fid": 1186, "FUNCTIE": "04_Talut1", "Info": null, "Verhaal": null }, "geometry": { "type": "MultiPolygon", "coordinates": [ [ [ [ 135548.431385812786175, 460137.096074498142116, 0.0 ], [ 135540.85821401985595, 460142.651292891590856, 0.0 ], [ 135543.31012853354332, 460143.314752112957649, 0.0 ], [ 135544.175510126602603, 460142.651292891590856, 0.0 ], [ 135545.588966728595551, 460142.939753422630019, 0.0 ], [ 135548.011500248365337, 460140.044512334628962, 0.0 ], [ 135548.431385812786175, 460137.096074498142116, 0.0 ] ] ] ] } },
{ "type": "Feature", "properties": { "fid": 1187, "FUNCTIE": "04_Talut1", "Info": null, "Verhaal": null }, "geometry": { "type": "MultiPolygon", "coordinates": [ [ [ [ 135543.540808461548295, 460165.194700151565485, 0.0 ], [ 135547.133908308285754, 460166.113842553750146, 0.0 ], [ 135543.425409203686286, 460160.37674719421193, 0.0 ], [ 135539.704371895844815, 460159.656041195034049, 0.0 ], [ 135543.540808461548295, 460165.194700151565485, 0.0 ] ] ] ] } },
{ "type": "Feature", "properties": { "fid": 1188, "FUNCTIE": "05_Talut2", "Info": null, "Verhaal": null }, "geometry": { "type": "MultiPolygon", "coordinates": [ [ [ [ 135468.655065810191445, 460143.911845186434221, 0.0 ], [ 135476.175507348933024, 460139.650366775982548, 0.0 ], [ 135474.140705859550508, 460137.111531898088288, 0.0 ], [ 135467.283246075938223, 460141.764659425534774, 0.0 ], [ 135468.655065810191445, 460143.911845186434221, 0.0 ] ] ] ] } },
{ "type": "Feature", "properties": { "fid": 1189, "FUNCTIE": "04_Talut1", "Info": "Fort de Gagel", "Verhaal": "testverhaal" }, "geometry": { "type": "MultiPolygon", "coordinates": [ [ [ [ 135559.554271369299386, 460167.771228160127066, 0.0 ], [ 135492.75885766276042, 460213.367814484925475, 0.0 ], [ 135492.485366458829958, 460214.243481056182645, 0.0 ], [ 135560.294784550496843, 460167.869014286960009, 0.0 ], [ 135559.554271369299386, 460167.771228160127066, 0.0 ] ] ] ] } },
{ "type": "Feature", "properties": { "fid": 1190, "FUNCTIE": "04_Talut1", "Info": null, "Verhaal": null }, "geometry": { "type": "MultiPolygon", "coordinates": [ [ [ [ 135458.704654785629828, 460164.559870222350582, 0.0 ], [ 135459.483498219400644, 460164.444486009946559, 0.0 ], [ 135450.291558920056559, 460149.609680870955344, 0.0 ], [ 135449.416887129744282, 460149.378192982170731, 0.0 ], [ 135458.704654785629828, 460164.559870222350582, 0.0 ] ] ] ] } },
{ "type": "Feature", "properties": { "fid": 1191, "FUNCTIE": "04_Talut1", "Info": null, "Verhaal": null }, "geometry": { "type": "MultiPolygon", "coordinates": [ [ [ [ 135559.554271369299386, 460167.771228160127066, 0.0 ], [ 135560.294784550496843, 460167.869014286960009, 0.0 ], [ 135551.921863302122802, 460155.147392331738956, 0.0 ], [ 135550.925486552529037, 460154.636827955255285, 0.0 ], [ 135559.554271369299386, 460167.771228160127066, 0.0 ] ] ] ] } },
{ "type": "Feature", "properties": { "fid": 1192, "FUNCTIE": "04_Talut1", "Info": null, "Verhaal": null }, "geometry": { "type": "MultiPolygon", "coordinates": [ [ [ [ 135464.507964145159349, 460137.540448361425661, 0.0 ], [ 135465.422691419254988, 460137.727127396967262, 0.0 ], [ 135480.958086545404512, 460126.146767932514194, 0.0 ], [ 135480.342045728175435, 460125.792077765101567, 0.0 ], [ 135464.507964145159349, 460137.540448361425661, 0.0 ] ] ] ] } },
{ "type": "Feature", "properties": { "fid": 1193, "FUNCTIE": "05_Talut2", "Info": null, "Verhaal": null }, "geometry": { "type": "MultiPolygon", "coordinates": [ [ [ [ 135551.704329986328958, 460151.636838432692457, 0.0 ], [ 135554.675473455834435, 460149.906075246573891, 0.0 ], [ 135548.011396701302147, 460140.04406701750122, 0.0 ], [ 135545.588966728595551, 460142.939753422630019, 0.0 ], [ 135551.704329986328958, 460151.636838432692457, 0.0 ] ] ] ] } },
{ "type": "Feature", "properties": { "fid": 1194, "FUNCTIE": "05_Talut2", "Info": null, "Verhaal": null }, "geometry": { "type": "MultiPolygon", "coordinates": [ [ [ [ 135456.627738962357398, 460167.502167638915125, 0.0 ], [ 135458.589270573284011, 460166.0021728775464, 0.0 ], [ 135458.704654785629828, 460164.559870222350582, 0.0 ], [ 135455.271974466508254, 460166.896400523663033, 0.0 ], [ 135456.627738962357398, 460167.502167638915125, 0.0 ] ] ] ] } },
{ "type": "Feature", "properties": { "fid": 1195, "FUNCTIE": "04_Talut1", "Info": null, "Verhaal": null }, "geometry": { "type": "MultiPolygon", "coordinates": [ [ [ [ 135457.429905067256186, 460151.315481847792398, 0.0 ], [ 135464.302410261938348, 460160.930440852884203, 0.0 ], [ 135466.225411272112979, 460161.32335748791229, 0.0 ], [ 135459.78185396711342, 460151.557273940648884, 0.0 ], [ 135457.429905067256186, 460151.315481847792398, 0.0 ] ] ] ] } },
{ "type": "Feature", "properties": { "fid": 1196, "FUNCTIE": "05_Talut2", "Info": null, "Verhaal": null }, "geometry": { "type": "MultiPolygon", "coordinates": [ [ [ [ 135461.931793454918079, 460134.833602346421685, 0.0 ], [ 135464.507964145159349, 460137.540448361425661, 0.0 ], [ 135480.342045728175435, 460125.792077765101567, 0.0 ], [ 135478.531928087555571, 460122.535758911864832, 0.0 ], [ 135461.931793454918079, 460134.833602346421685, 0.0 ] ] ] ] } },
{ "type": "Feature", "properties": { "fid": 1197, "FUNCTIE": "04_Talut1", "Info": null, "Verhaal": null }, "geometry": { "type": "MultiPolygon", "coordinates": [ [ [ [ 135458.589270573284011, 460166.0021728775464, 0.0 ], [ 135459.541190325573552, 460165.886788664967753, 0.0 ], [ 135459.483498219400644, 460164.444486009946559, 0.0 ], [ 135458.704654785629828, 460164.559870222350582, 0.0 ], [ 135458.589270573284011, 460166.0021728775464, 0.0 ] ] ] ] } },
{ "type": "Feature", "properties": { "fid": 1198, "FUNCTIE": "04_Talut1", "Info": null, "Verhaal": null }, "geometry": { "type": "MultiPolygon", "coordinates": [ [ [ [ 135484.810332842927892, 460201.396280033688527, 0.0 ], [ 135484.476052723824978, 460202.180681282654405, 0.0 ], [ 135492.485366458829958, 460214.243481056182645, 0.0 ], [ 135492.75885766276042, 460213.367814484925475, 0.0 ], [ 135484.810332842927892, 460201.396280033688527, 0.0 ] ] ] ] } },
{ "type": "Feature", "properties": { "fid": 1199, "FUNCTIE": "02_Maaiveld", "Info": null, "Verhaal": null }, "geometry": { "type": "MultiPolygon", "coordinates": [ [ [ [ 135520.026965734228725, 460157.948769110429566, 0.0 ], [ 135513.989766669692472, 460156.244148198049515, 0.0 ], [ 135511.791224312240956, 460156.167423874430824, 0.0 ], [ 135510.020051810715813, 460153.964950380264781, 0.0 ], [ 135508.377652221301105, 460151.554257421637885, 0.0 ], [ 135507.600157719833078, 460151.926902719540522, 0.0 ], [ 135507.276817252626643, 460151.322884110850282, 0.0 ], [ 135504.483341058250517, 460152.906064769253135, 0.0 ], [ 135484.374312895553885, 460127.640200216730591, 0.0 ], [ 135467.849518881179392, 460139.42590662027942, 0.0 ], [ 135468.227570143266348, 460139.83854830666678, 0.0 ], [ 135474.140602378465701, 460137.111086579563562, 0.0 ], [ 135476.175403865752742, 460139.649921462754719, 0.0 ], [ 135459.78185396711342, 460151.557273940648884, 0.0 ], [ 135466.225411272112979, 460161.32335748791229, 0.0 ], [ 135463.608483812946361, 460163.492566257540602, 0.0 ], [ 135485.012151725590229, 460195.323740502120927, 0.0 ], [ 135493.089150083280401, 460190.752086439111736, 0.0 ], [ 135494.24299220732064, 460192.367465412884485, 0.0 ], [ 135515.098688599857269, 460176.617520418949425, 0.0 ], [ 135519.194828140316531, 460181.46365734009305, 0.0 ], [ 135543.540912004827987, 460165.195145488134585, 0.0 ], [ 135539.704371895844815, 460159.656041195034049, 0.0 ], [ 135547.75242071118555, 460153.252217406523414, 0.0 ], [ 135540.85821401985595, 460142.651292891590856, 0.0 ], [ 135532.929935075051617, 460149.774435483384877, 0.0 ], [ 135528.167120050173253, 460153.661951749410946, 0.0 ], [ 135526.160388864431297, 460155.836798530886881, 0.0 ], [ 135520.026965734228725, 460157.948769110429566, 0.0 ] ] ] ] } },
{ "type": "Feature", "properties": { "fid": 1200, "FUNCTIE": "04_Talut1", "Info": null, "Verhaal": null }, "geometry": { "type": "MultiPolygon", "coordinates": [ [ [ [ 135464.360564704984426, 460139.173598862427752, 0.0 ], [ 135463.664499653910752, 460138.902812416490633, 0.0 ], [ 135449.41699058690574, 460149.378638305992354, 0.0 ], [ 135450.291662378003821, 460149.610126192274038, 0.0 ], [ 135464.360564704984426, 460139.173598862427752, 0.0 ] ] ] ] } },
{ "type": "Feature", "properties": { "fid": 1201, "FUNCTIE": "02_Maaiveld", "Info": null, "Verhaal": null }, "geometry": { "type": "MultiPolygon", "coordinates": [ [ [ [ 135459.483498219400644, 460164.444486009946559, 0.0 ], [ 135460.83926271519158, 460163.52141231065616, 0.0 ], [ 135464.302410261938348, 460160.930440852884203, 0.0 ], [ 135457.429905067256186, 460151.315481847792398, 0.0 ], [ 135468.655169286561431, 460143.912290506705176, 0.0 ], [ 135467.283349550882122, 460141.765104746911675, 0.0 ], [ 135464.360977863572771, 460139.173542818403803, 0.0 ], [ 135450.29176583600929, 460149.610571518947836, 0.0 ], [ 135459.483498219400644, 460164.444486009946559, 0.0 ] ] ] ] } },
{ "type": "Feature", "properties": { "fid": 1202, "FUNCTIE": "04_Talut1", "Info": null, "Verhaal": null }, "geometry": { "type": "MultiPolygon", "coordinates": [ [ [ [ 135491.819923746603308, 460196.117452315869741, 0.0 ], [ 135493.348764560971176, 460197.96359971439233, 0.0 ], [ 135494.24299220732064, 460192.367465412884485, 0.0 ], [ 135493.089150083280401, 460190.752086439111736, 0.0 ], [ 135491.819923746603308, 460196.117452315869741, 0.0 ] ] ] ] } },
{ "type": "Feature", "properties": { "fid": 1203, "FUNCTIE": "05_Talut2", "Info": null, "Verhaal": null }, "geometry": { "type": "MultiPolygon", "coordinates": [ [ [ [ 135479.026699195877882, 460201.728009644371923, 0.0 ], [ 135481.452499974519014, 460200.382859774632379, 0.0 ], [ 135458.589270573284011, 460166.0021728775464, 0.0 ], [ 135456.627738962357398, 460167.502167638915125, 0.0 ], [ 135479.026699195877882, 460201.728009644371923, 0.0 ] ] ] ] } },
{ "type": "Feature", "properties": { "fid": 1204, "FUNCTIE": "04_Talut1", "Info": null, "Verhaal": null }, "geometry": { "type": "MultiPolygon", "coordinates": [ [ [ [ 135459.541190325573552, 460165.886788664967753, 0.0 ], [ 135458.589270573284011, 460166.0021728775464, 0.0 ], [ 135481.452499974519014, 460200.382859774632379, 0.0 ], [ 135482.22871457884321, 460198.988079952716362, 0.0 ], [ 135459.541190325573552, 460165.886788664967753, 0.0 ] ] ] ] } },
{ "type": "Feature", "properties": { "fid": 1205, "FUNCTIE": "02_Maaiveld", "Info": null, "Verhaal": null }, "geometry": { "type": "MultiPolygon", "coordinates": [ [ [ [ 135482.22871457884321, 460198.988079952716362, 0.0 ], [ 135483.38245321426075, 460198.353021431423258, 0.0 ], [ 135460.695032449671999, 460165.569482080871239, 0.0 ], [ 135459.541190325573552, 460165.886788664967753, 0.0 ], [ 135482.22871457884321, 460198.988079952716362, 0.0 ] ] ] ] } },
{ "type": "Feature", "properties": { "fid": 1206, "FUNCTIE": "02_Maaiveld", "Info": null, "Verhaal": null }, "geometry": { "type": "MultiPolygon", "coordinates": [ [ [ [ 135460.83926271519158, 460163.52141231065616, 0.0 ], [ 135459.483498219400644, 460164.444486009946559, 0.0 ], [ 135459.541190325573552, 460165.886788664967753, 0.0 ], [ 135460.695032449671999, 460165.569482080871239, 0.0 ], [ 135460.83926271519158, 460163.52141231065616, 0.0 ] ] ] ] } },
{ "type": "Feature", "properties": { "fid": 1207, "FUNCTIE": "02_Maaiveld", "Info": null, "Verhaal": null }, "geometry": { "type": "MultiPolygon", "coordinates": [ [ [ [ 135493.348764560971176, 460197.96359971439233, 0.0 ], [ 135491.819923746603308, 460196.117452315869741, 0.0 ], [ 135484.810332842927892, 460201.396280033688527, 0.0 ], [ 135492.758961159881437, 460213.368259849143215, 0.0 ], [ 135559.554374927247409, 460167.771673497452866, 0.0 ], [ 135550.925486552529037, 460154.636827955255285, 0.0 ], [ 135543.425512746005552, 460160.377192522631958, 0.0 ], [ 135547.13401185485418, 460166.114287888223771, 0.0 ], [ 135539.989592386205913, 460171.002454300527461, 0.0 ], [ 135496.637214614573168, 460201.828970830130856, 0.0 ], [ 135493.348764560971176, 460197.96359971439233, 0.0 ] ] ] ] } },
{ "type": "Feature", "properties": { "fid": 1208, "FUNCTIE": "04_Talut1", "Info": null, "Verhaal": null }, "geometry": { "type": "MultiPolygon", "coordinates": [ [ [ [ 135493.348764560971176, 460197.96359971439233, 0.0 ], [ 135515.098688599857269, 460176.617520418949425, 0.0 ], [ 135494.24299220732064, 460192.367465412884485, 0.0 ], [ 135493.348764560971176, 460197.96359971439233, 0.0 ] ] ] ] } },
{ "type": "Feature", "properties": { "fid": 1209, "FUNCTIE": "05_Talut2", "Info": null, "Verhaal": null }, "geometry": { "type": "MultiPolygon", "coordinates": [ [ [ [ 135493.348764560971176, 460197.96359971439233, 0.0 ], [ 135496.637214614573168, 460201.828970830130856, 0.0 ], [ 135519.194828140316531, 460181.46365734009305, 0.0 ], [ 135515.098688599857269, 460176.617520418949425, 0.0 ], [ 135493.348764560971176, 460197.96359971439233, 0.0 ] ] ] ] } },
{ "type": "Feature", "properties": { "fid": 1210, "FUNCTIE": "04_Talut1", "Info": null, "Verhaal": null }, "geometry": { "type": "MultiPolygon", "coordinates": [ [ [ [ 135496.637214614573168, 460201.828970830130856, 0.0 ], [ 135547.133908308285754, 460166.113842553750146, 0.0 ], [ 135543.540808461548295, 460165.194700151565485, 0.0 ], [ 135519.194828140316531, 460181.46365734009305, 0.0 ], [ 135496.637214614573168, 460201.828970830130856, 0.0 ] ] ] ] } },
{ "type": "Feature", "properties": { "fid": 1211, "FUNCTIE": "05_Talut2", "Info": null, "Verhaal": null }, "geometry": { "type": "MultiPolygon", "coordinates": [ [ [ [ 135555.338932677201228, 460152.848372662963811, 0.0 ], [ 135551.921863302122802, 460155.147392331738956, 0.0 ], [ 135560.294681001512799, 460167.868568958132528, 0.0 ], [ 135492.485366458829958, 460214.243481056182645, 0.0 ], [ 135484.476052723824978, 460202.180681282654405, 0.0 ], [ 135479.878218213649234, 460204.504318078164943, 0.0 ], [ 135491.60798161290586, 460222.265087466628756, 0.0 ], [ 135566.588893386971904, 460169.492545302782673, 0.0 ], [ 135555.338932677201228, 460152.848372662963811, 0.0 ] ] ] ] } },
{ "type": "Feature", "properties": { "fid": 1212, "FUNCTIE": "05_Talut2", "Info": null, "Verhaal": null }, "geometry": { "type": "MultiPolygon", "coordinates": [ [ [ [ 135551.921863302122802, 460155.147392331738956, 0.0 ], [ 135555.338932677201228, 460152.848372662963811, 0.0 ], [ 135554.675473455834435, 460149.906075246573891, 0.0 ], [ 135551.704329986328958, 460151.636838432692457, 0.0 ], [ 135551.921863302122802, 460155.147392331738956, 0.0 ] ] ] ] } },
{ "type": "Feature", "properties": { "fid": 1213, "FUNCTIE": "04_Talut1", "Info": null, "Verhaal": null }, "geometry": { "type": "MultiPolygon", "coordinates": [ [ [ [ 135539.704371895844815, 460159.656041195034049, 0.0 ], [ 135543.425409203686286, 460160.37674719421193, 0.0 ], [ 135550.925486552529037, 460154.636827955255285, 0.0 ], [ 135551.921863302122802, 460155.147392331738956, 0.0 ], [ 135551.704329986328958, 460151.636838432692457, 0.0 ], [ 135550.377411543449853, 460152.444527919637039, 0.0 ], [ 135549.656260215910152, 460153.079141087888274, 0.0 ], [ 135547.75242071118555, 460153.252217406523414, 0.0 ], [ 135539.704371895844815, 460159.656041195034049, 0.0 ] ] ] ] } },
{ "type": "Feature", "properties": { "fid": 1214, "FUNCTIE": "04_Talut1", "Info": null, "Verhaal": null }, "geometry": { "type": "MultiPolygon", "coordinates": [ [ [ [ 135544.175510126602603, 460142.651292891590856, 0.0 ], [ 135550.377411543449853, 460152.444527919637039, 0.0 ], [ 135551.704329986328958, 460151.636838432692457, 0.0 ], [ 135545.588966728595551, 460142.939753422630019, 0.0 ], [ 135544.175510126602603, 460142.651292891590856, 0.0 ] ] ] ] } },
{ "type": "Feature", "properties": { "fid": 1215, "FUNCTIE": "02_Maaiveld", "Info": null, "Verhaal": null }, "geometry": { "type": "MultiPolygon", "coordinates": [ [ [ [ 135543.31012853354332, 460143.314752112957649, 0.0 ], [ 135549.656260215910152, 460153.079141087888274, 0.0 ], [ 135550.377411543449853, 460152.444527919637039, 0.0 ], [ 135544.175510126602603, 460142.651292891590856, 0.0 ], [ 135543.31012853354332, 460143.314752112957649, 0.0 ] ] ] ] } },
{ "type": "Feature", "properties": { "fid": 1216, "FUNCTIE": "04_Talut1", "Info": null, "Verhaal": null }, "geometry": { "type": "MultiPolygon", "coordinates": [ [ [ [ 135543.31012853354332, 460143.314752112957649, 0.0 ], [ 135540.85821401985595, 460142.651292891590856, 0.0 ], [ 135547.75242071118555, 460153.252217406523414, 0.0 ], [ 135549.656260215910152, 460153.079141087888274, 0.0 ], [ 135543.31012853354332, 460143.314752112957649, 0.0 ] ] ] ] } },
{ "type": "Feature", "properties": { "fid": 1217, "FUNCTIE": "03_Gebouw", "Info": null, "Verhaal": null }, "geometry": { "type": "MultiPolygon", "coordinates": [ [ [ [ 135527.242876955715474, 460174.208874985168222, 0.0 ], [ 135536.3582297359535, 460168.55504857719643, 0.0 ], [ 135533.70439285057364, 460164.747369567747228, 0.0 ], [ 135525.050576919980813, 460170.574272294295952, 0.0 ], [ 135527.242876955715474, 460174.208874985168222, 0.0 ] ] ] ] } },
{ "type": "Feature", "properties": { "fid": 1218, "FUNCTIE": "06_Info", "Info": "Fort de Gagel", "Verhaal": "In 1849 werd de inrichting van het aarden redoute gewijzigd. Het vierkante bomvrij wachthuis werd in 1852 gebouwd. \n\nHet redoute had als functie de bescherming van het damsluisje uit 1815 in de Klopvaart en de afsluiting van de Gagel- en Kerkeindsche dijk. " }, "geometry": { "type": "MultiPolygon", "coordinates": [ [ [ [ 135503.813076986174565, 460247.688757598341908, 0.0 ], [ 135549.056275928509422, 460216.667522367613856, 0.0 ], [ 135560.458857108576922, 460242.187446723051835, 0.0 ], [ 135579.139086461742409, 460266.465841474942863, 0.0 ], [ 135588.533254099922488, 460262.240587427979335, 0.0 ], [ 135571.867865094507579, 460237.384890167042613, 0.0 ], [ 135561.423405789217213, 460208.646019531937782, 0.0 ], [ 135588.695503348717466, 460190.066680656920653, 0.0 ], [ 135597.370421055820771, 460178.921082818182185, 0.0 ], [ 135598.796104003704386, 460171.470919356215745, 0.0 ], [ 135595.507675757107791, 460158.163464912446216, 0.0 ], [ 135568.90228477443452, 460115.536031764058862, 0.0 ], [ 135521.619089842017274, 460146.143457046884578, 0.0 ], [ 135485.831681482464774, 460086.14632476301631, 0.0 ], [ 135456.887893778271973, 460033.757504009467084, 0.0 ], [ 135437.251040662580635, 460047.0221534021548, 0.0 ], [ 135470.419816936017014, 460092.908651736099273, 0.0 ], [ 135460.811121727863792, 460101.860323681321461, 0.0 ], [ 135423.882113501313142, 460127.92721683596028, 0.0 ], [ 135420.527982624771539, 460130.849862714880146, 0.0 ], [ 135415.70244262914639, 460137.797707102959976, 0.0 ], [ 135413.573676747473655, 460144.995626948890276, 0.0 ], [ 135413.349208052182803, 460148.108416316274088, 0.0 ], [ 135413.866660031722859, 460153.547868911293335, 0.0 ], [ 135415.97932065607165, 460159.857295067398809, 0.0 ], [ 135468.781242952158209, 460238.975166355259717, 0.0 ], [ 135476.44522512803087, 460247.881417262309697, 0.0 ], [ 135484.856077307020314, 460251.619315158342943, 0.0 ], [ 135493.727852037845878, 460251.763962164986879, 0.0 ], [ 135503.813076986174565, 460247.688757598341908, 0.0 ] ] ] ] } },
{ "type": "Feature", "properties": { "fid": 1219, "FUNCTIE": "06_Info", "Info": "Fort Blauwkapel", "Verhaal": "In 1848 worden de twee ravelijnen aan de noord- en oostkant van het fort afgegraven. De weg naar Maartensdijk kwam op een dam met een brug te liggen. In 1850 werd in het reduit een bomvrij wachthuis gebouwd. In 1862 werd de spoorlijn Utrecht-Amersfoort aangelegd. Deze kwam langs het fort te lopen waardoor het fort ook dit acces moest gaan verdedigen." }, "geometry": { "type": "MultiPolygon", "coordinates": [ [ [ [ 138060.629877290164586, 458895.323149694828317, 0.0 ], [ 138065.239181786018889, 458892.639795774593949, 0.0 ], [ 138067.436178175383247, 458890.941368758794852, 0.0 ], [ 138069.12349286393146, 458889.360883320914581, 0.0 ], [ 138070.782068100030301, 458887.495769933739211, 0.0 ], [ 138072.355514971219236, 458885.326433722511865, 0.0 ], [ 138073.703178810421377, 458882.997067854274064, 0.0 ], [ 138074.907263201050228, 458880.272732566576451, 0.0 ], [ 138075.94162113108905, 458876.834219460200984, 0.0 ], [ 138076.509660340991104, 458873.500266146089416, 0.0 ], [ 138095.657855398341781, 458799.754840206529479, 0.0 ], [ 138166.830211716936901, 458793.803248593816534, 0.0 ], [ 138171.500596180616412, 458792.49600737990113, 0.0 ], [ 138176.436067959584761, 458790.431902010226622, 0.0 ], [ 138180.673439945618156, 458788.053052198141813, 0.0 ], [ 138185.039942473871633, 458784.836551250191405, 0.0 ], [ 138187.875972626934526, 458782.171050283883233, 0.0 ], [ 138189.238486345740966, 458780.669393518415745, 0.0 ], [ 138191.797494592203293, 458777.307340430445038, 0.0 ], [ 138194.061788640567102, 458773.439065297541674, 0.0 ], [ 138195.67464563640533, 458769.761988594720606, 0.0 ], [ 138197.165393151517492, 458764.705239658418577, 0.0 ], [ 138197.722311841556802, 458761.466794991691131, 0.0 ], [ 138197.987316458777059, 458758.371618536300957, 0.0 ], [ 138198.009792399941944, 458755.451502740033902, 0.0 ], [ 138197.696795572759584, 458751.469113810919225, 0.0 ], [ 138197.115901986690005, 458748.059444012818858, 0.0 ], [ 138196.433787270565517, 458745.3297929938999, 0.0 ], [ 138195.541580358549254, 458742.627970136643853, 0.0 ], [ 138168.644086883956334, 458671.858416486473288, 0.0 ], [ 138163.573776956793154, 458657.309290938079357, 0.0 ], [ 138231.712887135363417, 458582.323917468835134, 0.0 ], [ 138235.677139155886834, 458577.697466570942197, 0.0 ], [ 138237.440205411519855, 458573.068798780848738, 0.0 ], [ 138236.558225501270499, 458567.115646976162679, 0.0 ], [ 138235.716048182395753, 458564.211915852327365, 0.0 ], [ 138233.984049479215173, 458560.475839403807186, 0.0 ], [ 138232.722720900084823, 458558.51295603212202, 0.0 ], [ 138231.632076166773913, 458557.150440123805311, 0.0 ], [ 138154.751526850130176, 458513.743143840809353, 0.0 ], [ 138160.12723397242371, 458464.264629500219598, 0.0 ], [ 138160.11769920316874, 458461.146640354010742, 0.0 ], [ 138159.7334593362757, 458457.318862363696098, 0.0 ], [ 138159.170466096780729, 458454.486668125900906, 0.0 ], [ 138158.292941508814692, 458451.509989492187742, 0.0 ], [ 138157.041687259596074, 458448.457217347167898, 0.0 ], [ 138155.35750501754228, 458445.396742558805272, 0.0 ], [ 138153.181196424702648, 458442.396955995063763, 0.0 ], [ 138150.453563085582573, 458439.526248488167766, 0.0 ], [ 138148.925262580392882, 458438.210487700242084, 0.0 ], [ 138147.373787975986488, 458437.044888218748383, 0.0 ], [ 138144.220829655969283, 458435.123132635839283, 0.0 ], [ 138141.050593602587469, 458433.694565785641316, 0.0 ], [ 138137.922361134667881, 458432.695904736232478, 0.0 ], [ 138134.895413598860614, 458432.063866563141346, 0.0 ], [ 138132.029032367776381, 458431.735168342827819, 0.0 ], [ 138128.160200404527131, 458431.672451961552724, 0.0 ], [ 138124.11703305869014, 458432.059879049484152, 0.0 ], [ 138121.221233273914549, 458432.644570849370211, 0.0 ], [ 137969.052141819876852, 458456.191410106257536, 0.0 ], [ 137964.758786586869974, 458430.483843838854227, 0.0 ], [ 137963.864642269327305, 458426.807288044481538, 0.0 ], [ 137962.508235066197813, 458423.674637548276223, 0.0 ], [ 137961.525724653212819, 458422.055197896203026, 0.0 ], [ 137960.306470347917639, 458420.467624008539133, 0.0 ], [ 137957.978121688676765, 458418.256385119399056, 0.0 ], [ 137955.161231582605978, 458416.492092644213699, 0.0 ], [ 137952.724604610644747, 458415.510813360800967, 0.0 ], [ 137949.333729771722574, 458414.803938033117447, 0.0 ], [ 137945.876048285514116, 458414.775014844257385, 0.0 ], [ 137942.455767644278239, 458415.41370957379695, 0.0 ], [ 137939.977788813877851, 458416.324638213671278, 0.0 ], [ 137937.623427271988476, 458417.600929188542068, 0.0 ], [ 137904.260206721373834, 458440.787110555509571, 0.0 ], [ 137894.555551234108862, 458438.57033354928717, 0.0 ], [ 137891.469512772076996, 458439.227474583487492, 0.0 ], [ 137890.112505504192086, 458445.188013501639944, 0.0 ], [ 137851.331600866513327, 458452.799988534592558, 0.0 ], [ 137848.771387708722614, 458453.56635720981285, 0.0 ], [ 137846.413332153024385, 458454.65068731456995, 0.0 ], [ 137844.019316641206387, 458456.271004834445193, 0.0 ], [ 137842.333194248290965, 458457.903015508083627, 0.0 ], [ 137840.807405454164837, 458460.005008655716665, 0.0 ], [ 137839.62509223507368, 458462.504366241046228, 0.0 ], [ 137838.907918898126809, 458465.202715802297462, 0.0 ], [ 137838.657096091192216, 458468.037043596501462, 0.0 ], [ 137838.873834444326349, 458470.944335851178039, 0.0 ], [ 137839.559344568580855, 458473.861578781332355, 0.0 ], [ 137840.714837053325027, 458476.72575860057259, 0.0 ], [ 137842.341522465576418, 458479.47386152355466, 0.0 ], [ 137861.256813086278271, 458504.940432786534075, 0.0 ], [ 137741.481267137045506, 458615.484287262428552, 0.0 ], [ 137739.320495489635505, 458618.142563703237101, 0.0 ], [ 137737.230385764269158, 458621.459621255809907, 0.0 ], [ 137735.748670591856353, 458624.589887175359763, 0.0 ], [ 137734.552511370944558, 458628.233737930771895, 0.0 ], [ 137733.832668155431747, 458632.35777798644267, 0.0 ], [ 137733.71159518926288, 458635.357418192434125, 0.0 ], [ 137733.950711224548286, 458638.597458363743499, 0.0 ], [ 137734.997531731292838, 458643.263962257886305, 0.0 ], [ 137736.053367077780422, 458646.032234182057437, 0.0 ], [ 137738.008014647028176, 458649.673712248739321, 0.0 ], [ 137740.208490122226067, 458652.705874089617282, 0.0 ], [ 137743.137434534350177, 458655.808319378003944, 0.0 ], [ 137745.03980935405707, 458657.435366630670615, 0.0 ], [ 137747.249990790296579, 458659.046470207162201, 0.0 ], [ 137833.404540182993514, 458734.649248961359262, 0.0 ], [ 137859.611355460074265, 458860.998043221130501, 0.0 ], [ 137860.634627506631659, 458864.180921895778738, 0.0 ], [ 137861.68803422851488, 458866.802726902184077, 0.0 ], [ 137863.086213059170404, 458869.697651534806937, 0.0 ], [ 137864.87012840170064, 458872.757019386684988, 0.0 ], [ 137868.358866952999961, 458877.416672598919831, 0.0 ], [ 137871.286342680570669, 458880.411689241416752, 0.0 ], [ 137872.945937166485237, 458881.835018254991155, 0.0 ], [ 137876.682442042947514, 458884.465394922648557, 0.0 ], [ 137881.0095049617521, 458886.71683276805561, 0.0 ], [ 137885.834619016153738, 458888.436550403130241, 0.0 ], [ 137890.560860661964398, 458889.413000998960342, 0.0 ], [ 137895.083849311544327, 458889.732943879265804, 0.0 ], [ 137899.359528106346261, 458889.508963412779849, 0.0 ], [ 137903.343840223387815, 458888.853643957001623, 0.0 ], [ 137908.677621647657361, 458887.308182334760204, 0.0 ], [ 137913.108008684270317, 458885.425494577561039, 0.0 ], [ 137918.08059051076998, 458882.570312075316906, 0.0 ], [ 137977.262698616774287, 458842.326592155499384, 0.0 ], [ 138054.432476827467326, 458894.375958549324423, 0.0 ], [ 138060.629877290164586, 458895.323149694828317, 0.0 ] ] ] ] } },
{ "type": "Feature", "properties": { "fid": 1220, "FUNCTIE": "06_Info", "Info": "Fort aan de Klop", "Verhaal": "In 1849 is het fort in omvang bijna verdubbeld. In 1852 werd het kenmerkende torenvormige bomvrij wachthuis A gebouwd. De toren had twee bouwlagen en een open dakverdieping, voorzien van een borstwering met schietgaten. Het hoogste punt van het trappenhuis diende als uitkijk- en seinpost. \n\nDe primaire taak van het fort bestond uit het flankeren van Fort de Gagel, het beschermen van de Klopvaart en Klopdijk met de inundatiesluis en het afsluiten van de Vechtdijk en de Eerste Polderweg.  " }, "geometry": { "type": "MultiPolygon", "coordinates": [ [ [ [ 134493.049208145297598, 459155.769909480237402, 0.0 ], [ 134564.272940457158256, 459190.165410792222247, 0.0 ], [ 134571.554839429270942, 459193.916294198716059, 0.0 ], [ 134573.886753351398511, 459194.75569674075814, 0.0 ], [ 134577.361566765612224, 459195.499730493640527, 0.0 ], [ 134580.260808990395162, 459195.700577716284897, 0.0 ], [ 134583.526990350801498, 459195.469134419690818, 0.0 ], [ 134587.10527495117276, 459194.627409602166153, 0.0 ], [ 134589.780377386574401, 459193.552583995973691, 0.0 ], [ 134592.792729249369586, 459191.790010401513427, 0.0 ], [ 134595.197811663616449, 459189.853238527430221, 0.0 ], [ 134597.72977941101999, 459187.104320509941317, 0.0 ], [ 134599.170627621759195, 459185.018009919673204, 0.0 ], [ 134649.024764560279436, 459101.13862445083214, 0.0 ], [ 134650.215782188111916, 459098.808532804658171, 0.0 ], [ 134651.035667213523993, 459096.681415417115204, 0.0 ], [ 134651.812756051192991, 459093.651252632378601, 0.0 ], [ 134652.166156638006214, 459090.630619444476906, 0.0 ], [ 134652.100946080376161, 459087.401156736537814, 0.0 ], [ 134651.58171950749238, 459084.190222390170675, 0.0 ], [ 134613.739427305903519, 458972.506567149888724, 0.0 ], [ 134546.26411852487945, 458988.555406102153938, 0.0 ], [ 134428.159667215717491, 459007.091525198658928, 0.0 ], [ 134428.324462409858825, 459009.563685022993013, 0.0 ], [ 134433.773748278326821, 459008.740253665891942, 0.0 ], [ 134433.858484584430698, 459008.853368875861634, 0.0 ], [ 134514.817008802492637, 459131.300826295278966, 0.0 ], [ 134491.174904341838555, 459154.116228768834844, 0.0 ], [ 134493.049208145297598, 459155.769909480237402, 0.0 ] ] ] ] } },
{ "type": "Feature", "properties": { "fid": 1222, "FUNCTIE": "06_Info", "Info": "Fort op de Biltstraat", "Verhaal": "In 1849 werden de aarden wallen opnieuw onder profiel gebracht en werd het terreplein verhoogd. De weg naar De Bilt werd zuidelijk om het fort op de couvre-face gelegd. In het reduit werd in 1850 een bomvrij wachthuis gebouwd." }, "geometry": { "type": "MultiPolygon", "coordinates": [ [ [ [ 138442.34155593405012, 456492.05711332266219, 0.0 ], [ 138426.250078036973719, 456521.595014275459107, 0.0 ], [ 138425.160299716284499, 456523.333799314976204, 0.0 ], [ 138424.325100432703039, 456525.178564118803479, 0.0 ], [ 138423.482615004206309, 456528.445830424199812, 0.0 ], [ 138423.396190471248701, 456531.409374869836029, 0.0 ], [ 138424.107185463653877, 456534.885573625389952, 0.0 ], [ 138424.69093372579664, 456536.263839856663253, 0.0 ], [ 138425.436758462426951, 456537.442832391243428, 0.0 ], [ 138422.726201484299963, 456546.302739189355634, 0.0 ], [ 138381.531113843724597, 456681.098909776075743, 0.0 ], [ 138380.046364404290216, 456687.327872711524833, 0.0 ], [ 138379.352093966474058, 456693.159743216703646, 0.0 ], [ 138379.309593601414235, 456698.685300396522507, 0.0 ], [ 138379.989060907362727, 456705.617880245670676, 0.0 ], [ 138380.975518603634555, 456710.483983376645483, 0.0 ], [ 138382.548517217859626, 456714.664941649709363, 0.0 ], [ 138384.601956555154175, 456718.111791045637801, 0.0 ], [ 138385.954058928589802, 456719.816206177521963, 0.0 ], [ 138387.412652363447705, 456721.316052795795258, 0.0 ], [ 138390.768504130246583, 456723.900592918391339, 0.0 ], [ 138396.503014141286258, 456727.068989016057458, 0.0 ], [ 138405.526627481420292, 456731.213021457893774, 0.0 ], [ 138413.198381441034144, 456733.938705484615639, 0.0 ], [ 138420.300936470215674, 456735.834347981959581, 0.0 ], [ 138474.089829108532285, 456744.936796387424693, 0.0 ], [ 138481.245613066683291, 456745.621068778447807, 0.0 ], [ 138487.364267991884844, 456745.647102405200712, 0.0 ], [ 138492.781352118967334, 456745.04966274794424, 0.0 ], [ 138495.648304125294089, 456744.444224340491928, 0.0 ], [ 138498.184207539423369, 456743.711074088700116, 0.0 ], [ 138502.390187738463283, 456741.885568962490652, 0.0 ], [ 138507.583234259509481, 456738.688868012861349, 0.0 ], [ 138516.535915342479711, 456732.423992121883202, 0.0 ], [ 138522.187839138525305, 456727.726354411861394, 0.0 ], [ 138524.836494036397198, 456725.124621227267198, 0.0 ], [ 138527.652906599862035, 456721.994818968465552, 0.0 ], [ 138530.186830186255975, 456718.794320075248834, 0.0 ], [ 138532.549941870936891, 456715.428096016519703, 0.0 ], [ 138634.29631287266966, 456725.071739286591765, 0.0 ], [ 138640.037076830805745, 456725.358896110148635, 0.0 ], [ 138646.794970292627113, 456725.195796745247208, 0.0 ], [ 138652.380051436310168, 456724.624174483586103, 0.0 ], [ 138658.033053861407097, 456723.490233459218871, 0.0 ], [ 138664.825735265359981, 456721.435493143333588, 0.0 ], [ 138669.910214948438806, 456719.263077958894428, 0.0 ], [ 138674.344070442777593, 456716.613438501139171, 0.0 ], [ 138677.8803874097066, 456713.78903514042031, 0.0 ], [ 138680.830367164016934, 456710.768575983005576, 0.0 ], [ 138683.927038190013263, 456706.649022200377658, 0.0 ], [ 138686.355551808665041, 456702.285389206721447, 0.0 ], [ 138688.22547728853533, 456697.464462160714902, 0.0 ], [ 138689.370148203888675, 456692.56424317904748, 0.0 ], [ 138689.842816946707899, 456687.191083739860915, 0.0 ], [ 138689.304520625941223, 456671.338692533841822, 0.0 ], [ 138685.078125949163223, 456570.989340325759258, 0.0 ], [ 138688.059098229772644, 456555.995422606181819, 0.0 ], [ 138754.4339970505971, 456465.232806935324334, 0.0 ], [ 138755.440423844644101, 456463.664775821729563, 0.0 ], [ 138756.445031982118962, 456462.05393863550853, 0.0 ], [ 138757.202738677588059, 456459.510667515278328, 0.0 ], [ 138758.589611378818518, 456455.473147613753099, 0.0 ], [ 138759.758671357005369, 456450.594096059096046, 0.0 ], [ 138760.440979949577013, 456445.00121402478544, 0.0 ], [ 138760.367598546203226, 456438.822202543495223, 0.0 ], [ 138759.766040649265051, 456434.440296249464154, 0.0 ], [ 138758.629406738618854, 456429.892481174261775, 0.0 ], [ 138756.999071478989208, 456425.495686078327708, 0.0 ], [ 138756.080273171945009, 456423.519973382062744, 0.0 ], [ 138754.041305612918222, 456419.877788262907416, 0.0 ], [ 138750.612270676385378, 456415.15597393119242, 0.0 ], [ 138748.182514594489476, 456412.477799830783624, 0.0 ], [ 138745.720430651417701, 456410.155702033487614, 0.0 ], [ 138743.296868899895344, 456408.172807363793254, 0.0 ], [ 138739.88873992007575, 456405.797561178274918, 0.0 ], [ 138736.965817610034719, 456404.090610507817473, 0.0 ], [ 138733.444879142654827, 456402.383208858722355, 0.0 ], [ 138625.302668734366307, 456343.88175633555511, 0.0 ], [ 138626.539100463531213, 456341.227313721203245, 0.0 ], [ 138627.839404603117146, 456337.565452758164611, 0.0 ], [ 138628.71335511104553, 456334.059231956198346, 0.0 ], [ 138629.146766067278804, 456331.409044428844936, 0.0 ], [ 138629.397957348497584, 456328.53925140487263, 0.0 ], [ 138629.413064814521931, 456325.476047236414161, 0.0 ], [ 138629.138224325812189, 456322.245626259013079, 0.0 ], [ 138628.519571739365347, 456318.874182790343184, 0.0 ], [ 138627.49675534965354, 456315.369354221911635, 0.0 ], [ 138626.764536618749844, 456313.456492370052729, 0.0 ], [ 138625.056946010154206, 456309.940939998545218, 0.0 ], [ 138623.086920578469289, 456306.82311504741665, 0.0 ], [ 138620.92858357320074, 456304.08401631587185, 0.0 ], [ 138618.656058253283845, 456301.704642628435977, 0.0 ], [ 138616.343467892264016, 456299.665992829599418, 0.0 ], [ 138614.064935781469103, 456297.949065778404474, 0.0 ], [ 138611.89458523169742, 456296.534860344254412, 0.0 ], [ 138609.004044622270158, 456294.939590265450533, 0.0 ], [ 138605.226753632043255, 456293.303582825872581, 0.0 ], [ 138547.41507153440034, 456264.891755851975176, 0.0 ], [ 138544.516618626541458, 456263.65650833316613, 0.0 ], [ 138541.408216592855752, 456262.6374079992529, 0.0 ], [ 138537.463438576378394, 456261.719254886324052, 0.0 ], [ 138534.445952108100755, 456261.288249211153015, 0.0 ], [ 138531.172271280462155, 456261.089630909147672, 0.0 ], [ 138527.688607417891035, 456261.198408793017734, 0.0 ], [ 138524.041171852411935, 456261.689591700560413, 0.0 ], [ 138520.276175926352153, 456262.638188497454394, 0.0 ], [ 138518.364033876016038, 456263.307457383081783, 0.0 ], [ 138514.57271085420507, 456265.048701655352488, 0.0 ], [ 138511.806137684208807, 456266.710169193858746, 0.0 ], [ 138509.342170697666006, 456268.524524779058993, 0.0 ], [ 138506.179589790437603, 456271.433103894582018, 0.0 ], [ 138503.610400419915095, 456274.429517033277079, 0.0 ], [ 138501.582119101803983, 456277.360065686283633, 0.0 ], [ 138500.042262312257662, 456280.071051315404475, 0.0 ], [ 138498.418674218963133, 456283.683990002667997, 0.0 ], [ 138456.237321147054899, 456425.357369036821183, 0.0 ], [ 138452.725262390944408, 456434.533302734373137, 0.0 ], [ 138450.62787929121987, 456435.852975078276359, 0.0 ], [ 138448.809637086640578, 456437.642391401401255, 0.0 ], [ 138447.483399457443738, 456439.654151017894037, 0.0 ], [ 138446.534852010809118, 456442.019071965652984, 0.0 ], [ 138446.089002169814194, 456444.649787729373202, 0.0 ], [ 138445.683687789161922, 456486.33507473312784, 0.0 ], [ 138442.34155593405012, 456492.05711332266219, 0.0 ] ] ] ] } },
{ "type": "Feature", "properties": { "fid": 1223, "FUNCTIE": "06_Info", "Info": null, "Verhaal": null }, "geometry": { "type": "MultiPolygon", "coordinates": [ [ [ [ 138120.089464523509378, 454156.239645900262985, 0.0 ], [ 138119.442559796327259, 454162.644042553496547, 0.0 ], [ 138156.567387437738944, 454218.942357454099692, 0.0 ], [ 138160.700732405559393, 454224.399377951573115, 0.0 ], [ 138165.052271256776294, 454226.948587474937085, 0.0 ], [ 138169.174573827011045, 454227.42464070947608, 0.0 ], [ 138172.508326790790306, 454238.03679837245727, 0.0 ], [ 138170.266894126747502, 454238.709456519165542, 0.0 ], [ 138168.268771200819174, 454239.704044258513022, 0.0 ], [ 138166.484839379583718, 454241.008432229806203, 0.0 ], [ 138165.077886410348583, 454242.445991643879097, 0.0 ], [ 138163.855918801680673, 454244.183579222415574, 0.0 ], [ 138162.859911342908163, 454246.308144353854004, 0.0 ], [ 138162.256991134403506, 454248.555213117797393, 0.0 ], [ 138162.058827331551583, 454250.680249493278097, 0.0 ], [ 138169.848251838848228, 454336.102426224970259, 0.0 ], [ 138172.561204584373627, 454344.656890379905235, 0.0 ], [ 138176.67208771899459, 454347.831889127672184, 0.0 ], [ 138177.966585081216181, 454343.22810947522521, 0.0 ], [ 138182.288704030710505, 454334.952486563939601, 0.0 ], [ 138189.958455096086254, 454327.209122990490869, 0.0 ], [ 138206.652635877224384, 454313.168040594726335, 0.0 ], [ 138218.248430375155294, 454303.638059661141597, 0.0 ], [ 138225.041945100238081, 454300.214576488826424, 0.0 ], [ 138229.764245736878365, 454298.996912333648652, 0.0 ], [ 138233.205178058531601, 454299.61967725813156, 0.0 ], [ 138233.500539842993021, 454301.700132727215532, 0.0 ], [ 138242.033358700893587, 454301.313480568584055, 0.0 ], [ 138242.812205432332121, 454299.589088690467179, 0.0 ], [ 138291.384049747313838, 454208.092062979645561, 0.0 ], [ 138293.04437588196015, 454204.756859165034257, 0.0 ], [ 138293.059958539844956, 454201.805201929470059, 0.0 ], [ 138292.086719967919635, 454197.181110728823114, 0.0 ], [ 138290.913843491347507, 454194.678168835118413, 0.0 ], [ 138201.633630277967313, 454128.474473009409849, 0.0 ], [ 138159.477203066722723, 454137.189413665561005, 0.0 ], [ 138155.121238912077388, 454137.971128625620622, 0.0 ], [ 138149.282641213358147, 454137.028798189014196, 0.0 ], [ 138144.024216069519753, 454134.599130435439292, 0.0 ], [ 138139.000840127613628, 454129.500142759061418, 0.0 ], [ 138136.838530887529487, 454126.086648816650268, 0.0 ], [ 138135.819567036494846, 454123.21704927564133, 0.0 ], [ 138134.468090815847972, 454123.047544527042191, 0.0 ], [ 138134.475076224625809, 454122.269988075597212, 0.0 ], [ 138114.558793948526727, 454127.626818569027819, 0.0 ], [ 138114.536603204673156, 454128.62417881609872, 0.0 ], [ 138113.977811945514986, 454128.813699709717184, 0.0 ], [ 138120.089464523509378, 454156.239645900262985, 0.0 ] ] ] ] } },
{ "type": "Feature", "properties": { "fid": 1224, "FUNCTIE": "06_Info", "Info": "Fort aan het Vossegat", "Verhaal": "Vanaf 1849 werd de aandacht vooral op het gebastioneerde fort gelegd. De weg werd noordelijk omgelegd en kwam buiten de hoofdgracht te liggen. De dam tussen de noordelijke ravelijn en het forteiland werd afgegraven. De aardwerken op de ravelijnen en de enveloppe werden tot maaiveld afgegraven. De aarden wallen op het forteiland werden gewijzigd, evenals het reduit. In het reduit werd een bomvrij wachthuis gebouwd. In de jaren zestig van de 19e eeuw werd meer en meer duidelijk dat de waterlinie niet meer was ingericht voor het moderne geschut dat preciezer en op grotere afstand kon schieten. Naast plannen voor nieuwe forten werd er ook gewerkt aan het sneller onder water kunnen zetten van de Linie van Utrecht. Vanaf 1862 (7?) werd de Kromme Rijn verbreed, waardoor er sneller water kon worden aangevoerd. De bouw van de zogenaamde “Brug met de 12 gaten” in de Vossegatsedijk in 1862 maakte onderdeel uit van dat werk. De noordelijke ravelijn, de daarbij behorende gracht en een deel van de enveloppe werden hiervoor vergraven." }, "geometry": { "type": "MultiPolygon", "coordinates": [ [ [ [ 138990.243770572706126, 454762.655904119310435, 0.0 ], [ 138990.177837953844573, 454760.782385969592724, 0.0 ], [ 138989.832114464865299, 454758.425539365853183, 0.0 ], [ 138988.776798511040397, 454755.031511813402176, 0.0 ], [ 138987.250314780161716, 454752.143230172980111, 0.0 ], [ 138985.616496700560674, 454749.98494500585366, 0.0 ], [ 138983.107900872331811, 454747.604061009420548, 0.0 ], [ 138979.889386263384949, 454745.540528348647058, 0.0 ], [ 138976.931441719381837, 454744.297135302331299, 0.0 ], [ 138973.282759329798864, 454743.41305524262134, 0.0 ], [ 138923.383834599109832, 454727.808785561705008, 0.0 ], [ 138923.421458738652291, 454715.960167658398859, 0.0 ], [ 138923.172553845535731, 454713.087107368279248, 0.0 ], [ 138922.697223765659146, 454710.768203620798886, 0.0 ], [ 138921.850782942085061, 454708.194572407752275, 0.0 ], [ 138921.029173368238844, 454706.414694004692137, 0.0 ], [ 138919.965923303214367, 454704.637682152388152, 0.0 ], [ 138918.630368797050323, 454702.909958251693752, 0.0 ], [ 138916.991857711691409, 454701.277937444334384, 0.0 ], [ 138915.221976637141779, 454699.922008318535518, 0.0 ], [ 138912.678323452972108, 454698.494465185620356, 0.0 ], [ 138910.190319804474711, 454697.55283758090809, 0.0 ], [ 138907.868358009844087, 454697.000031360832509, 0.0 ], [ 138905.367537125886884, 454696.707900413195603, 0.0 ], [ 138903.0918231739779, 454696.697791955491994, 0.0 ], [ 138903.095478176663164, 454695.173377452068962, 0.0 ], [ 138904.072987264342373, 454693.028086920443457, 0.0 ], [ 138905.565740033285692, 454690.673161521670409, 0.0 ], [ 138907.452096973225707, 454688.49621393106645, 0.0 ], [ 138909.452733349316986, 454686.76775370107498, 0.0 ], [ 138911.874336842796765, 454685.213993835728616, 0.0 ], [ 138914.451223712967476, 454684.043405298143625, 0.0 ], [ 138916.92319714059704, 454683.30070849362528, 0.0 ], [ 138918.303213162493194, 454673.462750921258703, 0.0 ], [ 138916.161039882455952, 454673.821608945319895, 0.0 ], [ 138913.414160001993878, 454675.084592436731327, 0.0 ], [ 138911.09392256924184, 454676.414155986101832, 0.0 ], [ 138907.237390488648089, 454679.274814512871671, 0.0 ], [ 138903.985722301615169, 454682.56886331550777, 0.0 ], [ 138901.314323893631808, 454686.272568294894882, 0.0 ], [ 138899.524121056165313, 454689.696474095515441, 0.0 ], [ 138898.161362278449815, 454693.454304993909318, 0.0 ], [ 138897.214417203358607, 454698.185438391228672, 0.0 ], [ 138896.961118385923328, 454698.343920377723407, 0.0 ], [ 138819.673273638181854, 454725.673857800196856, 0.0 ], [ 138787.065067373361671, 454681.597676333039999, 0.0 ], [ 138784.109780786122428, 454678.829183092573658, 0.0 ], [ 138780.615631130407564, 454676.246239534171764, 0.0 ], [ 138777.447544975031633, 454674.448022295662668, 0.0 ], [ 138773.627137220144505, 454672.846055430534761, 0.0 ], [ 138770.343342918757116, 454671.906028185156174, 0.0 ], [ 138766.528350534732454, 454671.274295014853124, 0.0 ], [ 138763.296222094038967, 454671.104556226870045, 0.0 ], [ 138760.237878144427668, 454671.248987075174227, 0.0 ], [ 138756.007923005177872, 454671.940262135933153, 0.0 ], [ 138751.111574678652687, 454673.473224521905649, 0.0 ], [ 138746.349465429288102, 454675.783003995835315, 0.0 ], [ 138742.425869180558948, 454678.434137431322597, 0.0 ], [ 138666.961068950768095, 454724.887724654865451, 0.0 ], [ 138664.382867117004935, 454727.42070834140759, 0.0 ], [ 138662.01814551249845, 454730.630117246764712, 0.0 ], [ 138660.194383636116982, 454734.289377551351208, 0.0 ], [ 138659.457068568386603, 454736.497484487481415, 0.0 ], [ 138658.944321786490036, 454738.798573458276223, 0.0 ], [ 138658.632166395080276, 454742.976545654761139, 0.0 ], [ 138659.031624007067876, 454746.887642155517824, 0.0 ], [ 138682.864474062982481, 454847.701836763997562, 0.0 ], [ 138656.090480449551251, 454850.814531370648183, 0.0 ], [ 138656.975433129933663, 454853.221406813827343, 0.0 ], [ 138692.282278099213727, 454850.970022444787901, 0.0 ], [ 138694.702632777771214, 454856.052317225839943, 0.0 ], [ 138693.178753089800011, 454856.876113272737712, 0.0 ], [ 138666.434972737857606, 454858.974093682190869, 0.0 ], [ 138664.356590385723393, 454859.435970643593464, 0.0 ], [ 138662.036072011658689, 454860.341903305845335, 0.0 ], [ 138660.041639830364147, 454861.543503253662493, 0.0 ], [ 138658.114915180689422, 454863.273632397933397, 0.0 ], [ 138656.978798769763671, 454864.73270316462731, 0.0 ], [ 138656.242586582986405, 454865.992586322885472, 0.0 ], [ 138655.553693692403613, 454867.627415762166493, 0.0 ], [ 138655.069511544308625, 454869.499386850162409, 0.0 ], [ 138654.868273959116777, 454872.274567402317189, 0.0 ], [ 138655.979312879790086, 454875.119148141413461, 0.0 ], [ 138717.262045953772031, 454993.010216425696854, 0.0 ], [ 138727.917005780356703, 454989.851684011926409, 0.0 ], [ 138734.519221937574912, 454987.364624972338788, 0.0 ], [ 138737.388137972215191, 454988.663984616985545, 0.0 ], [ 138738.548887688550167, 454993.907854934688658, 0.0 ], [ 138732.222159741533687, 454996.779184252140112, 0.0 ], [ 138761.711049654870294, 455061.347885618859436, 0.0 ], [ 138778.536877273669234, 455086.38999116839841, 0.0 ], [ 138780.160859064519173, 455088.580920591193717, 0.0 ], [ 138782.234670264529996, 455090.988731367629953, 0.0 ], [ 138784.842657525645336, 455093.539311328786425, 0.0 ], [ 138787.521937433455605, 455095.725563023064751, 0.0 ], [ 138789.995523695950396, 455097.423070844088215, 0.0 ], [ 138795.846702464798, 455100.580542356183287, 0.0 ], [ 138801.815800105105154, 455103.20761689421488, 0.0 ], [ 138806.620047768461518, 455104.512926388822962, 0.0 ], [ 138809.47273396953824, 455104.941592482267879, 0.0 ], [ 138811.926801088528009, 455105.121895794291049, 0.0 ], [ 138815.2925728088303, 455105.099805862468202, 0.0 ], [ 138887.536248223361326, 455100.6290463754558, 0.0 ], [ 138889.801802920788759, 455100.608475595887285, 0.0 ], [ 138890.950063273630803, 455101.033327674784232, 0.0 ], [ 138893.937696204317035, 455100.550863012380432, 0.0 ], [ 138897.349830137507524, 455099.623968011990655, 0.0 ], [ 138900.355001896561589, 455098.463137328915764, 0.0 ], [ 138903.544890270015458, 455096.805716400267556, 0.0 ], [ 138906.741551301587606, 455094.564054039306939, 0.0 ], [ 138908.788513868232258, 455092.7017704314203, 0.0 ], [ 138910.706605586106889, 455090.514937933068722, 0.0 ], [ 138912.123901585728163, 455088.496594634489156, 0.0 ], [ 138913.798855402419576, 455085.363998329965398, 0.0 ], [ 138914.914138295047451, 455082.35185980173992, 0.0 ], [ 138915.579201371350791, 455079.569223170226905, 0.0 ], [ 138915.972121891536517, 455076.064111614483409, 0.0 ], [ 138917.977432634797879, 454956.991188038315158, 0.0 ], [ 138957.382322877208935, 454905.376084605290089, 0.0 ], [ 138959.578256042586872, 454903.97522303747246, 0.0 ], [ 138962.445974445698084, 454902.439794784004334, 0.0 ], [ 138963.975471278623445, 454901.835484375362284, 0.0 ], [ 138965.117545911489287, 454901.683159755077213, 0.0 ], [ 138966.209553673048504, 454901.88822246476775, 0.0 ], [ 138967.111457372317091, 454902.343290591728874, 0.0 ], [ 138967.986025034741033, 454903.096939349314198, 0.0 ], [ 138968.736614339635707, 454904.048179276695009, 0.0 ], [ 138969.558166229136987, 454906.030414063076023, 0.0 ], [ 138969.700778213678859, 454907.325501175713725, 0.0 ], [ 138969.622358529653866, 454908.494695868750568, 0.0 ], [ 138990.05147459343425, 454906.78443633246934, 0.0 ], [ 138990.321214131952729, 454904.489509048289619, 0.0 ], [ 138994.529651399963768, 454892.506916820304468, 0.0 ], [ 138998.879660021921154, 454881.537163456901908, 0.0 ], [ 139003.566620109340874, 454870.905498142237775, 0.0 ], [ 139007.143589565181173, 454863.576205822930206, 0.0 ], [ 139013.279245896555949, 454851.677604355150834, 0.0 ], [ 139035.323526899475837, 454810.186725834966637, 0.0 ], [ 139050.939184877759544, 454815.036035521829035, 0.0 ], [ 139021.77596153927152, 454853.68049371795496, 0.0 ], [ 139033.778727088443702, 454863.173619488137774, 0.0 ], [ 139064.570860913954675, 454824.71971129643498, 0.0 ], [ 139066.175375063699903, 454822.940275392087642, 0.0 ], [ 139067.639657647145214, 454820.645800465485081, 0.0 ], [ 139068.835114139859797, 454817.528773655125406, 0.0 ], [ 139069.261817556631286, 454814.912930541962851, 0.0 ], [ 139069.198413085134234, 454812.256799375696573, 0.0 ], [ 139068.818527680443367, 454810.276206071139313, 0.0 ], [ 139067.856266124814283, 454807.715306890604552, 0.0 ], [ 139066.423957289749524, 454805.42432327370625, 0.0 ], [ 139064.734660364279989, 454803.585614750219975, 0.0 ], [ 139062.943402705655899, 454802.157629337278195, 0.0 ], [ 139060.664321902906522, 454800.820796379703097, 0.0 ], [ 139058.007364463672275, 454799.764964116853662, 0.0 ], [ 138989.450192565069301, 454779.789465319365263, 0.0 ], [ 138990.158845673839096, 454766.691185463045258, 0.0 ], [ 138989.450083538424224, 454779.791479382489342, 0.0 ], [ 138990.243770572706126, 454762.655904119310435, 0.0 ] ] ] ] } },
{ "type": "Feature", "properties": { "fid": 1225, "FUNCTIE": "06_Info", "Info": null, "Verhaal": null }, "geometry": { "type": "MultiPolygon", "coordinates": [ [ [ [ 137574.206771456985734, 453421.765434748725966, 0.0 ], [ 137577.62171759273042, 453427.109635359491222, 0.0 ], [ 137578.817585054202937, 453428.833987824327778, 0.0 ], [ 137575.880180855077924, 453432.259129336685874, 0.0 ], [ 137575.779694278666284, 453435.358106792788021, 0.0 ], [ 137576.712768010504078, 453438.451444416190498, 0.0 ], [ 137578.194902140530758, 453441.129807367920876, 0.0 ], [ 137605.794554178370163, 453510.780755108746234, 0.0 ], [ 137607.686181528377347, 453517.698478684294969, 0.0 ], [ 137608.439673332031816, 453522.873836070357356, 0.0 ], [ 137607.451777935464634, 453530.353108717419673, 0.0 ], [ 137606.032813614845509, 453535.020636360917706, 0.0 ], [ 137604.057390574365854, 453539.085759662266355, 0.0 ], [ 137601.541528620960889, 453545.443074267648626, 0.0 ], [ 137600.440034043131163, 453551.29317327926401, 0.0 ], [ 137601.17507453871076, 453558.155195335799363, 0.0 ], [ 137624.258969035203336, 453613.146806515345816, 0.0 ], [ 137627.31222185769002, 453616.341065092594363, 0.0 ], [ 137639.813847544748569, 453606.75560985354241, 0.0 ], [ 137633.606358062039362, 453585.75959768507164, 0.0 ], [ 137632.529190221044701, 453581.776405779644847, 0.0 ], [ 137632.321507920103613, 453579.799185306939762, 0.0 ], [ 137632.32180822340888, 453577.904199047246948, 0.0 ], [ 137632.548028063989477, 453575.831808910996187, 0.0 ], [ 137632.94094992466853, 453574.1131773503148, 0.0 ], [ 137633.441849284135969, 453572.61849102715496, 0.0 ], [ 137634.039595802023541, 453571.298554006789345, 0.0 ], [ 137634.767015430959873, 453570.077209771669004, 0.0 ], [ 137636.211917202075711, 453568.167526256700512, 0.0 ], [ 137694.31234640191542, 453506.641364754701499, 0.0 ], [ 137688.134256865218049, 453472.572579462314025, 0.0 ], [ 137675.928502670140006, 453485.705712158640381, 0.0 ], [ 137678.398131044959882, 453497.635916032886598, 0.0 ], [ 137641.648932618612889, 453535.86568515736144, 0.0 ], [ 137625.492997851368273, 453519.291248656983953, 0.0 ], [ 137681.730812177032931, 453460.448031762382016, 0.0 ], [ 137683.167116368771531, 453458.727809838834219, 0.0 ], [ 137683.922815549070947, 453457.19346012477763, 0.0 ], [ 137684.379476377391256, 453455.277633926249109, 0.0 ], [ 137684.43084190931404, 453454.078332745702937, 0.0 ], [ 137683.772815498174168, 453450.08476720523322, 0.0 ], [ 137667.164652952837059, 453358.851168632390909, 0.0 ], [ 137665.76157017465448, 453354.08838763856329, 0.0 ], [ 137662.447109135566279, 453347.818446895340458, 0.0 ], [ 137658.938132540730294, 453343.706070120970253, 0.0 ], [ 137654.004725189734017, 453339.912539752724115, 0.0 ], [ 137649.192212752939668, 453337.602709723403677, 0.0 ], [ 137646.622659485350596, 453336.693378260591999, 0.0 ], [ 137559.622853398817824, 453323.164324440760538, 0.0 ], [ 137510.258126606466249, 453342.29104286810616, 0.0 ], [ 137493.212687234277837, 453324.566581213148311, 0.0 ], [ 137557.662755179277156, 453299.501078339933883, 0.0 ], [ 137687.148887582676252, 453319.877315565012395, 0.0 ], [ 137708.300735368888127, 453452.544681911182124, 0.0 ], [ 137716.512280637572985, 453482.791035672009457, 0.0 ], [ 137717.709004179283511, 453481.99405390501488, 0.0 ], [ 137722.529754046263406, 453476.636375085508917, 0.0 ], [ 137724.825658641639166, 453473.578023876121733, 0.0 ], [ 137726.656123269116506, 453469.3698968643439, 0.0 ], [ 137727.374439647450345, 453462.324920721701346, 0.0 ], [ 137726.183652840118157, 453455.302881784795318, 0.0 ], [ 137705.83243695780402, 453316.625253769278061, 0.0 ], [ 137704.644059047685005, 453313.181878829083871, 0.0 ], [ 137703.279332019214053, 453310.466650977381505, 0.0 ], [ 137700.869970637635561, 453307.083278083708137, 0.0 ], [ 137696.267874269658932, 453303.543574024864938, 0.0 ], [ 137692.442046636046143, 453301.709714656521101, 0.0 ], [ 137688.022230434697121, 453300.903030614834279, 0.0 ], [ 137558.827268610941246, 453282.109450507967267, 0.0 ], [ 137552.905405725236051, 453281.745442160987295, 0.0 ], [ 137548.33640676306095, 453283.094476987491362, 0.0 ], [ 137497.706395000073826, 453303.327357902657241, 0.0 ], [ 137495.960556244332111, 453304.453770660678856, 0.0 ], [ 137492.703092281299178, 453307.430980415607337, 0.0 ], [ 137489.614738848642446, 453310.909144260454923, 0.0 ], [ 137487.327581846679095, 453314.78137749194866, 0.0 ], [ 137485.507081602700055, 453320.535902662435547, 0.0 ], [ 137484.915642252744874, 453327.077953494852409, 0.0 ], [ 137485.989849114528624, 453333.720375357021112, 0.0 ], [ 137488.019911032490199, 453338.719586806546431, 0.0 ], [ 137492.882935570232803, 453345.07930124172708, 0.0 ], [ 137563.224889122502645, 453417.075400005851407, 0.0 ], [ 137565.622613995103166, 453419.148880221764557, 0.0 ], [ 137568.367897556046955, 453420.364364723616745, 0.0 ], [ 137570.601949635369238, 453420.546149705536664, 0.0 ], [ 137572.668585764535237, 453419.695755556982476, 0.0 ], [ 137574.206771456985734, 453421.765434748725966, 0.0 ] ] ] ] } },
{ "type": "Feature", "properties": { "fid": 1226, "FUNCTIE": "06_Info", "Info": null, "Verhaal": null }, "geometry": { "type": "MultiPolygon", "coordinates": [ [ [ [ 137977.340629967569839, 453960.632543156389147, 0.0 ], [ 137981.639064530463656, 453964.936975630873349, 0.0 ], [ 137983.928549015516182, 453967.229654796596151, 0.0 ], [ 137982.749403911147965, 453968.809305584989488, 0.0 ], [ 137982.168587161839241, 453970.39888434036402, 0.0 ], [ 137981.796753928560065, 453971.81278357206611, 0.0 ], [ 137981.947862454748247, 453974.066311604285147, 0.0 ], [ 137983.005423695751233, 453976.185860548634082, 0.0 ], [ 138040.555776645720471, 454058.127307598886546, 0.0 ], [ 138047.488684693438699, 454066.354505596624222, 0.0 ], [ 138052.716204007563647, 454071.398210081097204, 0.0 ], [ 138060.076492110849358, 454077.722653379372787, 0.0 ], [ 138071.652649044292048, 454085.983677018084563, 0.0 ], [ 138077.042390515882289, 454089.08430162188597, 0.0 ], [ 138082.51896246051183, 454090.970920736261178, 0.0 ], [ 138084.839036037155893, 454091.714118831907399, 0.0 ], [ 138090.806027092854492, 454095.303985471080523, 0.0 ], [ 138095.262870654521976, 454098.683225005981512, 0.0 ], [ 138101.616163507307647, 454104.457584879477508, 0.0 ], [ 138104.897925728582777, 454108.57286181015661, 0.0 ], [ 138107.612725569721079, 454114.033277018461376, 0.0 ], [ 138108.860349801194388, 454118.944991768104956, 0.0 ], [ 138111.165910253912443, 454118.346438176755328, 0.0 ], [ 138111.798041903733974, 454120.336178321682382, 0.0 ], [ 138132.230606701312354, 454114.93924794945633, 0.0 ], [ 138132.309251136466628, 454113.45998908043839, 0.0 ], [ 138131.276037221396109, 454108.561208783416077, 0.0 ], [ 138128.980791442008922, 454103.220770954038016, 0.0 ], [ 138123.458129215548979, 454094.12734905583784, 0.0 ], [ 138119.019907250331016, 454088.499618435336743, 0.0 ], [ 138114.008297946973471, 454083.943242971494328, 0.0 ], [ 138110.509307506872574, 454078.467715871171094, 0.0 ], [ 138108.617142919363687, 454074.823846433311701, 0.0 ], [ 138107.845830266305711, 454072.036995126574766, 0.0 ], [ 138108.087464898533653, 454069.146180747891776, 0.0 ], [ 138109.674713434476871, 454065.120394145837054, 0.0 ], [ 138119.667960164020769, 454045.693343069287948, 0.0 ], [ 138108.172381088952534, 454011.764982223510742, 0.0 ], [ 138098.14963809971232, 454029.745453171955887, 0.0 ], [ 138102.371340054174652, 454040.382562526909169, 0.0 ], [ 138087.640720861352747, 454067.582193759910297, 0.0 ], [ 138072.614724838436814, 454059.930070767586585, 0.0 ], [ 138069.990002723032376, 454056.136291155242361, 0.0 ], [ 138069.741223203280242, 454054.705059591389727, 0.0 ], [ 138070.212492333375849, 454052.654256226902362, 0.0 ], [ 138070.908362891292199, 454051.452539244433865, 0.0 ], [ 138072.14081886963686, 454048.98619040613994, 0.0 ], [ 138099.891103749279864, 453996.456699229136575, 0.0 ], [ 138100.280421079107327, 453995.194195836491417, 0.0 ], [ 138100.453880536369979, 453993.850741001020651, 0.0 ], [ 138100.292194286390441, 453992.048356596904341, 0.0 ], [ 138099.744894607836613, 453989.987158909905702, 0.0 ], [ 138065.892458991031162, 453891.307017606159206, 0.0 ], [ 138064.527480375370942, 453888.151319544762373, 0.0 ], [ 138063.395811690628761, 453886.561098068894353, 0.0 ], [ 138061.896240828733426, 453884.907564251683652, 0.0 ], [ 138060.948596935952082, 453884.101789511507377, 0.0 ], [ 138058.206015606760047, 453882.580760989862029, 0.0 ], [ 137955.055290027230512, 453844.62515392259229, 0.0 ], [ 137904.960471642232733, 453870.850866609020159, 0.0 ], [ 137902.111386061733356, 453871.810876879957505, 0.0 ], [ 137899.518181128165452, 453872.203645351808518, 0.0 ], [ 137897.098488935182104, 453871.652173645794392, 0.0 ], [ 137895.874851477972697, 453870.954482862667646, 0.0 ], [ 137873.516285627119942, 453852.968889892857987, 0.0 ], [ 137866.275431322399527, 453862.35587457777001, 0.0 ], [ 137863.192016224755207, 453859.863445538154338, 0.0 ], [ 137862.336662901128875, 453860.267517257423606, 0.0 ], [ 137861.13410709836171, 453859.253476539335679, 0.0 ], [ 137858.717528893379495, 453862.002143289253581, 0.0 ], [ 137859.817213786882348, 453862.915009501797613, 0.0 ], [ 137858.666707135271281, 453864.08983471558895, 0.0 ], [ 137886.495634653954767, 453893.176751201157458, 0.0 ], [ 137889.146925771841779, 453897.726559468021151, 0.0 ], [ 137891.725215682323324, 453901.24400373006938, 0.0 ], [ 137893.656810360960662, 453903.099781915952917, 0.0 ], [ 137965.729905047890497, 453958.936463831458241, 0.0 ], [ 137968.453114532603649, 453960.884464690054301, 0.0 ], [ 137971.593006077309838, 453961.214247279451229, 0.0 ], [ 137973.694108212017454, 453960.838338138652034, 0.0 ], [ 137975.988072711246787, 453959.695988033490721, 0.0 ], [ 137977.340629967569839, 453960.632543156389147, 0.0 ] ] ] ] } },
{ "type": "Feature", "properties": { "fid": 1227, "FUNCTIE": "06_Info", "Info": null, "Verhaal": null }, "geometry": { "type": "MultiPolygon", "coordinates": [ [ [ [ 137629.9008, 453621.332500000018626, 0.0 ], [ 137628.834299999987707, 453622.8053, 0.0 ], [ 137630.082499999989523, 453635.977000000013504, 0.0 ], [ 137632.7358, 453700.569499999983236, 0.0 ], [ 137633.175428768998245, 453717.897442924848292, 0.0 ], [ 137633.54513155305176, 453719.092535247735213, 0.0 ], [ 137634.102438472531503, 453720.487280801404268, 0.0 ], [ 137634.962520121363923, 453722.040989872126374, 0.0 ], [ 137636.190312700666254, 453723.619330939021893, 0.0 ], [ 137638.774819186888635, 453725.737581448222045, 0.0 ], [ 137643.030115754692815, 453728.019534191582352, 0.0 ], [ 137715.750108072970761, 453755.67520399345085, 0.0 ], [ 137720.664136621024227, 453757.547060438431799, 0.0 ], [ 137722.392177116475068, 453758.12460528552765, 0.0 ], [ 137723.719099952199031, 453758.368843296193518, 0.0 ], [ 137725.308863087615464, 453758.438134852796793, 0.0 ], [ 137730.819565174489981, 453756.557753505650908, 0.0 ], [ 137734.314118807640625, 453752.453000036941376, 0.0 ], [ 137736.166296505718492, 453753.693363477592357, 0.0 ], [ 137742.015928102773614, 453757.628745329217054, 0.0 ], [ 137743.443860366242006, 453758.70439835585421, 0.0 ], [ 137741.601035697705811, 453761.798895823885687, 0.0 ], [ 137741.031949540221831, 453764.304581312113442, 0.0 ], [ 137741.015446358156623, 453765.732743260217831, 0.0 ], [ 137741.225497815205017, 453767.185838342644274, 0.0 ], [ 137741.615950887062354, 453768.479742446856108, 0.0 ], [ 137742.687183553731302, 453770.553527112235315, 0.0 ], [ 137747.799365602550097, 453775.687686671153642, 0.0 ], [ 137806.107004059274914, 453829.329340251919348, 0.0 ], [ 137812.578121251572156, 453832.227502294175792, 0.0 ], [ 137818.327505326509709, 453834.271389531437308, 0.0 ], [ 137825.961373366502812, 453838.498812483798247, 0.0 ], [ 137830.125266263668891, 453842.129557200532872, 0.0 ], [ 137832.821755385171855, 453840.968594441423193, 0.0 ], [ 137834.672236375685316, 453842.24528079648735, 0.0 ], [ 137839.037779661477543, 453837.797032490663696, 0.0 ], [ 137837.714453401684295, 453836.277055207872763, 0.0 ], [ 137838.235061529499944, 453835.534719443123322, 0.0 ], [ 137839.916029953572433, 453836.675488074077293, 0.0 ], [ 137843.108844518108526, 453832.597663432068657, 0.0 ], [ 137842.152725418447517, 453827.478448869660497, 0.0 ], [ 137834.622050578705966, 453821.804795879812445, 0.0 ], [ 137863.747348443430383, 453754.007089577673469, 0.0 ], [ 137811.634821469138842, 453641.021131073939614, 0.0 ], [ 137688.413046084111556, 453651.516291829117108, 0.0 ], [ 137676.341689720051363, 453654.061734716116916, 0.0 ], [ 137670.806117179337889, 453658.155882447317708, 0.0 ], [ 137662.156695380719611, 453651.023934893833939, 0.0 ], [ 137642.950833474344108, 453610.822603184031323, 0.0 ], [ 137629.9008, 453621.332500000018626, 0.0 ] ] ] ] } },
{ "type": "Feature", "properties": { "fid": null, "FUNCTIE": "04_Talut1", "Info": null, "Verhaal": null }, "geometry": { "type": "MultiPolygon", "coordinates": [ [ [ [ 138738.250457584334072, 454945.599463508755434, 0.0 ], [ 138733.967747816350311, 454939.95504811371211, 0.0 ], [ 138743.393139251333196, 454937.327977648878004, 0.0 ], [ 138744.807880661566742, 454937.154106935486197, 0.0 ], [ 138746.122693358920515, 454937.221956501016393, 0.0 ], [ 138747.061856754764449, 454937.387518448347691, 0.0 ], [ 138748.24270347377751, 454937.863592167966999, 0.0 ], [ 138749.329840113117825, 454938.551336262898985, 0.0 ], [ 138750.366888188698795, 454939.52503424952738, 0.0 ], [ 138751.105269382474944, 454940.53853289259132, 0.0 ], [ 138751.795993454084964, 454941.934622630942613, 0.0 ], [ 138753.639406913222047, 454946.027797493035905, 0.0 ], [ 138752.112225241435226, 454947.760329504380934, 0.0 ], [ 138754.372487063665176, 454952.015908631088678, 0.0 ], [ 138750.746794360049535, 454950.140551384480204, 0.0 ], [ 138747.64666431810474, 454943.182368007372133, 0.0 ], [ 138738.250457584334072, 454945.599463508755434, 0.0 ] ] ] ] } },
{ "type": "Feature", "properties": { "fid": null, "FUNCTIE": "04_Talut1", "Info": null, "Verhaal": null }, "geometry": { "type": "MultiPolygon", "coordinates": [ [ [ [ 138742.506914949626662, 454958.62231120740762, 0.0 ], [ 138742.189422700379509, 454953.867639161122497, 0.0 ], [ 138750.746794360049535, 454950.140551384480204, 0.0 ], [ 138754.372487063665176, 454952.015908631088678, 0.0 ], [ 138752.67471141522401, 454954.314794277830515, 0.0 ], [ 138742.506914949626662, 454958.62231120740762, 0.0 ] ] ] ] } },
{ "type": "Feature", "properties": { "fid": 1108, "FUNCTIE": "04_Talut1", "Info": null, "Verhaal": null }, "geometry": { "type": "MultiPolygon", "coordinates": [ [ [ [ 138729.399627866834635, 454959.251269660715479, 0.0 ], [ 138728.802186608372722, 454960.566110034007579, 0.0 ], [ 138741.168745182541898, 454955.266242385550868, 0.0 ], [ 138740.749436855781823, 454954.447776351938955, 0.0 ], [ 138729.399627866834635, 454959.251269660715479, 0.0 ] ] ] ] } },
{ "type": "Feature", "properties": { "fid": 1106, "FUNCTIE": "04_Talut1", "Info": null, "Verhaal": null }, "geometry": { "type": "MultiPolygon", "coordinates": [ [ [ [ 138700.480582782300189, 454926.941959263815079, 0.0 ], [ 138703.764963537774747, 454928.08312117686728, 0.0 ], [ 138706.133647080132505, 454927.009228057228029, 0.0 ], [ 138706.477186676085694, 454925.695410738524515, 0.0 ], [ 138707.57874331358471, 454924.871431982086506, 0.0 ], [ 138707.840680950379465, 454922.901844697538763, 0.0 ], [ 138700.480582782300189, 454926.941959263815079, 0.0 ] ] ] ] } },
{ "type": "Feature", "properties": { "fid": 1108, "FUNCTIE": "04_Talut1", "Info": null, "Verhaal": null }, "geometry": { "type": "MultiPolygon", "coordinates": [ [ [ [ 138725.821018194837961, 454952.753052303451113, 0.0 ], [ 138724.762623396120034, 454953.388754839834291, 0.0 ], [ 138728.802186608372722, 454960.566110034007579, 0.0 ], [ 138729.399627866834635, 454959.251269660715479, 0.0 ], [ 138725.821018194837961, 454952.753052303451113, 0.0 ] ] ] ] } },
{ "type": "Feature", "properties": { "fid": 1111, "FUNCTIE": "04_Talut1", "Info": null, "Verhaal": null }, "geometry": { "type": "MultiPolygon", "coordinates": [ [ [ [ 138762.456877091433853, 454942.185515457938891, 0.0 ], [ 138763.556527139939135, 454942.634352212422527, 0.0 ], [ 138764.087326625682181, 454935.730346338299569, 0.0 ], [ 138763.067382787907263, 454936.882967834942974, 0.0 ], [ 138762.456877091433853, 454942.185515457938891, 0.0 ] ] ] ] } },
{ "type": "Feature", "properties": { "fid": 1117, "FUNCTIE": "04_Talut1", "Info": null, "Verhaal": null }, "geometry": { "type": "MultiPolygon", "coordinates": [ [ [ [ 138755.338026793004246, 454881.635944792651571, 0.0 ], [ 138748.555978969699936, 454886.172360568540171, 0.0 ], [ 138747.866184644401073, 454889.538069258676842, 0.0 ], [ 138752.358772051025881, 454886.650570276426151, 0.0 ], [ 138752.448853496171068, 454885.255790786468424, 0.0 ], [ 138757.974905625073006, 454881.812644952442497, 0.0 ], [ 138755.338026793004246, 454881.635944792651571, 0.0 ] ] ] ] } },
{ "type": "Feature", "properties": { "fid": 1117, "FUNCTIE": "04_Talut1", "Info": null, "Verhaal": null }, "geometry": { "type": "MultiPolygon", "coordinates": [ [ [ [ 138747.866184644401073, 454889.538069258676842, 0.0 ], [ 138748.555978969699936, 454886.172360568540171, 0.0 ], [ 138746.286758358444786, 454882.817249389481731, 0.0 ], [ 138742.655513346020598, 454882.010272766696289, 0.0 ], [ 138747.866184644401073, 454889.538069258676842, 0.0 ] ] ] ] } },
{ "type": "Feature", "properties": { "fid": null, "FUNCTIE": "05_Talut2", "Info": null, "Verhaal": null }, "geometry": { "type": "MultiPolygon", "coordinates": [ [ [ [ 138702.71633694783668, 454916.268064854724798, 0.0 ], [ 138706.862315847480204, 454914.780741775408387, 0.0 ], [ 138689.610491736209951, 454882.000839873042423, 0.0 ], [ 138712.375105725019239, 454877.440042804053519, 0.0 ], [ 138711.347400924918475, 454872.75322214019252, 0.0 ], [ 138722.167483746772632, 454870.58900516963331, 0.0 ], [ 138722.732791715272469, 454869.280533621495124, 0.0 ], [ 138686.074875775317196, 454876.341811700491235, 0.0 ], [ 138685.09748014237266, 454876.712303708307445, 0.0 ], [ 138684.282735711225541, 454877.340659909939859, 0.0 ], [ 138683.695251108612865, 454878.186236077919602, 0.0 ], [ 138683.414035990601406, 454879.101286861172412, 0.0 ], [ 138683.411627888097428, 454880.029466580715962, 0.0 ], [ 138683.672647863655584, 454880.924539961386472, 0.0 ], [ 138684.087637413322227, 454882.075118252367247, 0.0 ], [ 138702.71633694783668, 454916.268064854724798, 0.0 ] ] ] ] } },
{ "type": "Feature", "properties": { "fid": null, "FUNCTIE": "04_Talut1", "Info": null, "Verhaal": null }, "geometry": { "type": "MultiPolygon", "coordinates": [ [ [ [ 138712.375105725019239, 454877.440042804053519, 0.0 ], [ 138689.610491736209951, 454882.000839873042423, 0.0 ], [ 138690.966801976581337, 454882.355683364381548, 0.0 ], [ 138712.581838271871675, 454878.221032425877638, 0.0 ], [ 138712.375105725019239, 454877.440042804053519, 0.0 ] ] ] ] } },
{ "type": "Feature", "properties": { "fid": 1101, "FUNCTIE": "02_Maaiveld", "Info": null, "Verhaal": null }, "geometry": { "type": "MultiPolygon", "coordinates": [ [ [ [ 138254.924981657823082, 454216.070556463266257, 0.0 ], [ 138253.939508772251429, 454212.289021861390211, 0.0 ], [ 138245.848453818820417, 454213.69564464665018, 0.0 ], [ 138246.863427153148223, 454217.482056097011082, 0.0 ], [ 138254.924981657823082, 454216.070556463266257, 0.0 ] ] ] ] } },
{ "type": "Feature", "properties": { "fid": 1101, "FUNCTIE": "02_Maaiveld", "Info": null, "Verhaal": null }, "geometry": { "type": "MultiPolygon", "coordinates": [ [ [ [ 138250.851232642016839, 454200.390931600646582, 0.0 ], [ 138249.181259599135956, 454197.471275376912672, 0.0 ], [ 138241.327978456683923, 454201.337711054307874, 0.0 ], [ 138242.813452864735154, 454204.821004069643095, 0.0 ], [ 138250.851232642016839, 454200.390931600646582, 0.0 ] ] ] ] } },
{ "type": "Feature", "properties": { "fid": 1101, "FUNCTIE": "02_Maaiveld", "Info": null, "Verhaal": null }, "geometry": { "type": "MultiPolygon", "coordinates": [ [ [ [ 138235.712826874252642, 454185.408925991738215, 0.0 ], [ 138232.675345910422038, 454183.225332197383977, 0.0 ], [ 138230.073424946254818, 454186.255586164304987, 0.0 ], [ 138226.920166280789999, 454190.433701901405584, 0.0 ], [ 138230.045546283421572, 454192.662507688452024, 0.0 ], [ 138235.712826874252642, 454185.408925991738215, 0.0 ] ] ] ] } },
{ "type": "Feature", "properties": { "fid": 1101, "FUNCTIE": "02_Maaiveld", "Info": null, "Verhaal": null }, "geometry": { "type": "MultiPolygon", "coordinates": [ [ [ [ 138225.353190521564102, 454177.630461946246214, 0.0 ], [ 138222.28995919728186, 454175.348702181479894, 0.0 ], [ 138216.82105109479744, 454182.831829219940118, 0.0 ], [ 138219.724312226957409, 454184.91559621138731, 0.0 ], [ 138225.353190521564102, 454177.630461946246214, 0.0 ] ] ] ] } },
{ "type": "Feature", "properties": { "fid": 1101, "FUNCTIE": "02_Maaiveld", "Info": null, "Verhaal": null }, "geometry": { "type": "MultiPolygon", "coordinates": [ [ [ [ 138206.356352386355866, 454163.435109291051049, 0.0 ], [ 138202.883066830167081, 454160.902362092107069, 0.0 ], [ 138197.532848087779712, 454168.444172030314803, 0.0 ], [ 138200.887722847779514, 454170.853519781318028, 0.0 ], [ 138206.356352386355866, 454163.435109291051049, 0.0 ] ] ] ] } },
{ "type": "Feature", "properties": { "fid": 1102, "FUNCTIE": "02_Maaiveld", "Info": null, "Verhaal": null }, "geometry": { "type": "MultiPolygon", "coordinates": [ [ [ [ 138187.284450430364814, 454158.829960445698816, 0.0 ], [ 138183.787507310567889, 454159.323083273542579, 0.0 ], [ 138186.211277936061379, 454167.488196066289674, 0.0 ], [ 138189.563589198543923, 454166.855803569545969, 0.0 ], [ 138187.284450430364814, 454158.829960445698816, 0.0 ] ] ] ] } },
{ "type": "Feature", "properties": { "fid": 1102, "FUNCTIE": "02_Maaiveld", "Info": null, "Verhaal": null }, "geometry": { "type": "MultiPolygon", "coordinates": [ [ [ [ 138175.393408015341265, 454169.759453878563363, 0.0 ], [ 138172.903608332766453, 454161.895420737506356, 0.0 ], [ 138169.488586237159325, 454162.529406820016447, 0.0 ], [ 138172.152793733461294, 454170.837089475535322, 0.0 ], [ 138175.393408015341265, 454169.759453878563363, 0.0 ] ] ] ] } },
{ "type": "Feature", "properties": { "fid": null, "FUNCTIE": "04_Talut1", "Info": null, "Verhaal": null }, "geometry": { "type": "MultiPolygon", "coordinates": [ [ [ [ 137906.495786416693591, 458453.695841147622559, 0.0 ], [ 137917.029059062188026, 458448.917861803260166, 0.0 ], [ 137943.796602434507804, 458428.014202171703801, 0.0 ], [ 137941.624793641618453, 458433.660905033233576, 0.0 ], [ 137920.232477031735471, 458449.895175760088023, 0.0 ], [ 137908.993366528535262, 458454.727450324222445, 0.0 ], [ 137906.495786416693591, 458453.695841147622559, 0.0 ] ] ] ] } },
{ "type": "Feature", "properties": { "fid": null, "FUNCTIE": "04_Talut1", "Info": null, "Verhaal": null }, "geometry": { "type": "MultiPolygon", "coordinates": [ [ [ [ 137902.803711468819529, 458460.645629284903407, 0.0 ], [ 137904.432568063464714, 458460.537038845242932, 0.0 ], [ 137889.66426827176474, 458467.296793713001534, 0.0 ], [ 137889.50138261236134, 458466.509513025695924, 0.0 ], [ 137902.803711468819529, 458460.645629284903407, 0.0 ] ] ] ] } },
{ "type": "Feature", "properties": { "fid": null, "FUNCTIE": "04_Talut1", "Info": null, "Verhaal": null }, "geometry": { "type": "MultiPolygon", "coordinates": [ [ [ [ 137904.812634602218168, 458462.111600220086984, 0.0 ], [ 137889.908596760942601, 458468.627026598667726, 0.0 ], [ 137890.098630030319327, 458469.794373824843206, 0.0 ], [ 137906.224310317600612, 458462.70884763810318, 0.0 ], [ 137904.812634602218168, 458462.111600220086984, 0.0 ] ] ] ] } },
{ "type": "Feature", "properties": { "fid": null, "FUNCTIE": "04_Talut1", "Info": null, "Verhaal": null }, "geometry": { "type": "MultiPolygon", "coordinates": [ [ [ [ 137889.66426827176474, 458467.296793713001534, 0.0 ], [ 137871.041007872699993, 458469.360012066201307, 0.0 ], [ 137869.466446497972356, 458468.844207478046883, 0.0 ], [ 137889.50138261236134, 458466.509513025695924, 0.0 ], [ 137889.66426827176474, 458467.296793713001534, 0.0 ] ] ] ] } },
{ "type": "Feature", "properties": { "fid": null, "FUNCTIE": "04_Talut1", "Info": null, "Verhaal": null }, "geometry": { "type": "MultiPolygon", "coordinates": [ [ [ [ 137889.908596760942601, 458468.627026598667726, 0.0 ], [ 137872.83275012683589, 458470.500211682519875, 0.0 ], [ 137875.520363508025184, 458471.477525639289524, 0.0 ], [ 137890.098630030319327, 458469.794373824843206, 0.0 ], [ 137889.908596760942601, 458468.627026598667726, 0.0 ] ] ] ] } },
{ "type": "Feature", "properties": { "fid": null, "FUNCTIE": "04_Talut1", "Info": null, "Verhaal": null }, "geometry": { "type": "MultiPolygon", "coordinates": [ [ [ [ 137871.041007872699993, 458469.360012066201307, 0.0 ], [ 137869.466446497972356, 458468.844207478046883, 0.0 ], [ 137899.871769598394167, 458529.491968019399792, 0.0 ], [ 137900.360426576749887, 458528.487506452656817, 0.0 ], [ 137871.041007872699993, 458469.360012066201307, 0.0 ] ] ] ] } },
{ "type": "Feature", "properties": { "fid": null, "FUNCTIE": "04_Talut1", "Info": null, "Verhaal": null }, "geometry": { "type": "MultiPolygon", "coordinates": [ [ [ [ 137872.83275012683589, 458470.500211682519875, 0.0 ], [ 137875.520363508025184, 458471.477525639289524, 0.0 ], [ 137898.948750861367444, 458518.252857516112272, 0.0 ], [ 137898.514389102783753, 458521.782046804553829, 0.0 ], [ 137872.83275012683589, 458470.500211682519875, 0.0 ] ] ] ] } },
{ "type": "Feature", "properties": { "fid": null, "FUNCTIE": "04_Talut1", "Info": null, "Verhaal": null }, "geometry": { "type": "MultiPolygon", "coordinates": [ [ [ [ 137898.514389102783753, 458521.782046804553829, 0.0 ], [ 137898.948750861367444, 458518.252857516112272, 0.0 ], [ 137938.719999381108209, 458501.204158491978887, 0.0 ], [ 137943.172207406547386, 458503.131638795661274, 0.0 ], [ 137898.514389102783753, 458521.782046804553829, 0.0 ] ] ] ] } },
{ "type": "Feature", "properties": { "fid": null, "FUNCTIE": "04_Talut1", "Info": null, "Verhaal": null }, "geometry": { "type": "MultiPolygon", "coordinates": [ [ [ [ 137938.719999381108209, 458501.204158491978887, 0.0 ], [ 137936.683928637794452, 458467.866893521219026, 0.0 ], [ 137943.172207406547386, 458503.131638795661274, 0.0 ], [ 137938.719999381108209, 458501.204158491978887, 0.0 ] ] ] ] } },
{ "type": "Feature", "properties": { "fid": null, "FUNCTIE": "04_Talut1", "Info": null, "Verhaal": null }, "geometry": { "type": "MultiPolygon", "coordinates": [ [ [ [ 137910.242156584426994, 458457.442211315326858, 0.0 ], [ 137909.644909166352591, 458458.799591810908169, 0.0 ], [ 137925.227637255302398, 458452.284165432269219, 0.0 ], [ 137924.033142419270007, 458451.524032354704104, 0.0 ], [ 137910.242156584426994, 458457.442211315326858, 0.0 ] ] ] ] } },
{ "type": "Feature", "properties": { "fid": null, "FUNCTIE": "04_Talut1", "Info": null, "Verhaal": null }, "geometry": { "type": "MultiPolygon", "coordinates": [ [ [ [ 137925.227637255302398, 458452.284165432269219, 0.0 ], [ 137938.529966111760587, 458441.370826247963123, 0.0 ], [ 137938.964327870373381, 458439.524788774026092, 0.0 ], [ 137924.033142419270007, 458451.524032354704104, 0.0 ], [ 137925.227637255302398, 458452.284165432269219, 0.0 ] ] ] ] } },
{ "type": "Feature", "properties": { "fid": null, "FUNCTIE": "04_Talut1", "Info": null, "Verhaal": null }, "geometry": { "type": "MultiPolygon", "coordinates": [ [ [ [ 137938.529966111760587, 458441.370826247963123, 0.0 ], [ 137938.964327870373381, 458439.524788774026092, 0.0 ], [ 137949.986257494310848, 458508.425422728410922, 0.0 ], [ 137949.008943537453888, 458507.719584870734252, 0.0 ], [ 137938.529966111760587, 458441.370826247963123, 0.0 ] ] ] ] } },
{ "type": "Feature", "properties": { "fid": null, "FUNCTIE": "04_Talut1", "Info": null, "Verhaal": null }, "geometry": { "type": "MultiPolygon", "coordinates": [ [ [ [ 137949.008943537453888, 458507.719584870734252, 0.0 ], [ 137900.360426576749887, 458528.487506452656817, 0.0 ], [ 137899.871769598394167, 458529.491968019399792, 0.0 ], [ 137949.986257494310848, 458508.425422728410922, 0.0 ], [ 137949.008943537453888, 458507.719584870734252, 0.0 ] ] ] ] } },
{ "type": "Feature", "properties": { "fid": null, "FUNCTIE": "04_Talut1", "Info": null, "Verhaal": null }, "geometry": { "type": "MultiPolygon", "coordinates": [ [ [ [ 137946.7828395247343, 458501.367044151527807, 0.0 ], [ 137937.063995176518802, 458446.148805592441931, 0.0 ], [ 137937.824128254025709, 458443.596930260770023, 0.0 ], [ 137946.7828395247343, 458501.367044151527807, 0.0 ] ] ] ] } },
{ "type": "Feature", "properties": { "fid": null, "FUNCTIE": "04_Talut1", "Info": null, "Verhaal": null }, "geometry": { "type": "MultiPolygon", "coordinates": [ [ [ [ 137937.824128254025709, 458443.596930260770023, 0.0 ], [ 137926.476427311194129, 458452.772822410741355, 0.0 ], [ 137927.127969949069666, 458453.478660268418025, 0.0 ], [ 137937.063995176518802, 458446.148805592441931, 0.0 ], [ 137937.824128254025709, 458443.596930260770023, 0.0 ] ] ] ] } },
{ "type": "Feature", "properties": { "fid": null, "FUNCTIE": "04_Talut1", "Info": null, "Verhaal": null }, "geometry": { "type": "MultiPolygon", "coordinates": [ [ [ [ 137926.476427311194129, 458452.772822410741355, 0.0 ], [ 137909.916385265474673, 458460.102677086659241, 0.0 ], [ 137909.373433067259612, 458461.514352802012581, 0.0 ], [ 137927.127969949069666, 458453.478660268418025, 0.0 ], [ 137926.476427311194129, 458452.772822410741355, 0.0 ] ] ] ] } },
{ "type": "Feature", "properties": { "fid": null, "FUNCTIE": "03_Gebouw", "Info": null, "Verhaal": null }, "geometry": { "type": "MultiPolygon", "coordinates": [ [ [ [ 137901.772102292103227, 458502.670129427337088, 0.0 ], [ 137894.44224761609803, 458483.829688149038702, 0.0 ], [ 137921.969924065953819, 458472.644872865639627, 0.0 ], [ 137929.625550060882233, 458490.779476286261342, 0.0 ], [ 137901.772102292103227, 458502.670129427337088, 0.0 ] ] ] ] } },
{ "type": "Feature", "properties": { "fid": null, "FUNCTIE": "01_Water", "Info": null, "Verhaal": null }, "geometry": { "type": "MultiPolygon", "coordinates": [ [ [ [ 137890.261515689780936, 458486.43585870048264, 0.0 ], [ 137890.220677776786033, 458486.358116759103723, 0.0 ], [ 137890.181189881928731, 458486.27968047442846, 0.0 ], [ 137890.143063806521241, 458486.200573287846055, 0.0 ], [ 137890.106310944887809, 458486.120818841212895, 0.0 ], [ 137890.070942280930467, 458486.040440969867632, 0.0 ], [ 137890.036968384869397, 458485.959463695413433, 0.0 ], [ 137890.004399410099722, 458485.877911218616646, 0.0 ], [ 137889.973245090135606, 458485.795807912072632, 0.0 ], [ 137889.943514735728968, 458485.713178313162643, 0.0 ], [ 137889.915217232046416, 458485.630047116370406, 0.0 ], [ 137889.888361036020797, 458485.546439166238997, 0.0 ], [ 137889.862954173906473, 458485.462379449687432, 0.0 ], [ 137889.839004238689085, 458485.377893088676501, 0.0 ], [ 137889.816518388077384, 458485.293005332699977, 0.0 ], [ 137889.795503342145821, 458485.207741551159415, 0.0 ], [ 137889.775965381413698, 458485.122127225971781, 0.0 ], [ 137889.75791034498252, 458485.036187943594996, 0.0 ], [ 137889.741343628731556, 458484.949949387810193, 0.0 ], [ 137889.726270183775341, 458484.863437331689056, 0.0 ], [ 137889.712694514979376, 458484.776677630201448, 0.0 ], [ 137889.700620679475833, 458484.689696212124545, 0.0 ], [ 137889.690052285703132, 458484.602519072650466, 0.0 ], [ 137889.680992492067162, 458484.51517226541182, 0.0 ], [ 137889.673444006213685, 458484.427681894798297, 0.0 ], [ 137889.667409084038809, 458484.340074107982218, 0.0 ], [ 137889.66288952913601, 458484.252375087409746, 0.0 ], [ 137889.659886692214059, 458484.164611042593606, 0.0 ], [ 137889.658401470718672, 458484.076808202604298, 0.0 ], [ 137889.658434308483265, 458483.988992808095645, 0.0 ], [ 137889.65998519572895, 458483.901191103446763, 0.0 ], [ 137889.663053668919019, 458483.813429328904022, 0.0 ], [ 137889.667638811049983, 458483.725733712897636, 0.0 ], [ 137889.673739251797087, 458483.638130464009009, 0.0 ], [ 137889.681353168009082, 458483.550645763229113, 0.0 ], [ 137889.690478284173878, 458483.463305756100453, 0.0 ], [ 137889.701111873204354, 458483.376136544917244, 0.0 ], [ 137889.713250757107744, 458483.289164180983789, 0.0 ], [ 137889.726891308149789, 458483.202414656698238, 0.0 ], [ 137889.742029449669644, 458483.115913897985592, 0.0 ], [ 137889.75866065750597, 458483.029687756265048, 0.0 ], [ 137889.776779961335706, 458482.943762000941206, 0.0 ], [ 137889.79638194598374, 458482.858162311778869, 0.0 ], [ 137889.817460753285559, 458482.772914270870388, 0.0 ], [ 137889.840010083600646, 458482.688043355417904, 0.0 ], [ 137889.864023197907954, 458482.603574929758906, 0.0 ], [ 137889.889492919668555, 458482.519534238032065, 0.0 ], [ 137889.916411637008423, 458482.435946396493819, 0.0 ], [ 137889.94477130510495, 458482.352836386126, 0.0 ], [ 137889.974563448369736, 458482.270229045127053, 0.0 ], [ 137890.005779163184343, 458482.18814906134503, 0.0 ], [ 137890.038409120432334, 458482.106620965059847, 0.0 ], [ 137890.072443568438757, 458482.025669121707324, 0.0 ], [ 137890.107872335647698, 458481.945317724428605, 0.0 ], [ 137890.144684833881911, 458481.865590786910616, 0.0 ], [ 137890.182870061456924, 458481.78651213622652, 0.0 ], [ 137890.222416606324259, 458481.708105405792594, 0.0 ], [ 137890.263312649680302, 458481.630394028034061, 0.0 ], [ 137890.305545969400555, 458481.553401227749418, 0.0 ], [ 137890.349103943677619, 458481.477150014834478, 0.0 ], [ 137890.393973554862896, 458481.401663177704904, 0.0 ], [ 137890.440141393250087, 458481.326963276136667, 0.0 ], [ 137890.487593661237042, 458481.253072634921409, 0.0 ], [ 137890.536316177225672, 458481.180013336939737, 0.0 ], [ 137890.58629438013304, 458481.107807216467336, 0.0 ], [ 137890.637513333524112, 458481.036475853063166, 0.0 ], [ 137890.689957730151946, 458480.966040564642753, 0.0 ], [ 137890.743611896585207, 458480.896522401482798, 0.0 ], [ 137890.798459797806572, 458480.827942139527295, 0.0 ], [ 137890.854485042043962, 458480.760320274741389, 0.0 ], [ 137890.911670885689091, 458480.693677016417496, 0.0 ], [ 137890.97000023824512, 458480.628032281470951, 0.0 ], [ 137891.029455667448929, 458480.563405688444618, 0.0 ], [ 137891.090019404597115, 458480.499816551513504, 0.0 ], [ 137891.151673349639168, 458480.437283874838613, 0.0 ], [ 137891.214399076794507, 458480.375826346804388, 0.0 ], [ 137891.278177839907585, 458480.315462334663607, 0.0 ], [ 137891.342990578181343, 458480.256209878600203, 0.0 ], [ 137891.408817921765149, 458480.1980866867234, 0.0 ], [ 137891.475640197575558, 458480.141110129712615, 0.0 ], [ 137891.543437435175292, 458480.085297235462349, 0.0 ], [ 137891.612189372826833, 458480.030664684192743, 0.0 ], [ 137891.681875463400502, 458479.977228803210892, 0.0 ], [ 137891.752474880602676, 458479.925005562370643, 0.0 ], [ 137891.82396652517491, 458479.874010569008533, 0.0 ], [ 137891.896329031267669, 458479.824259063461795, 0.0 ], [ 137891.969540772668552, 458479.775765914295334, 0.0 ], [ 137892.043579869437963, 458479.728545614227187, 0.0 ], [ 137892.118424194370164, 458479.682612275355496, 0.0 ], [ 137892.194051379570737, 458479.637979625316802, 0.0 ], [ 137892.270438823208679, 458479.594661002920475, 0.0 ], [ 137919.906705712724943, 458467.595417422184255, 0.0 ], [ 137919.979974348185351, 458467.559254170977511, 0.0 ], [ 137920.053859959618421, 458467.524368785729166, 0.0 ], [ 137920.128340262046549, 458467.490771788347047, 0.0 ], [ 137920.203392791125225, 458467.458473312202841, 0.0 ], [ 137920.278994909895118, 458467.427483098988887, 0.0 ], [ 137920.355123815708794, 458467.397810495807789, 0.0 ], [ 137920.431756546953693, 458467.369464452262037, 0.0 ], [ 137920.508869990095263, 458467.342453518067487, 0.0 ], [ 137920.586440886603668, 458467.316785840026569, 0.0 ], [ 137920.664445839967811, 458467.292469159874599, 0.0 ], [ 137920.742861322738463, 458467.269510811893269, 0.0 ], [ 137920.821663683687802, 458467.247917720698752, 0.0 ], [ 137920.900829154881649, 458467.22769639902981, 0.0 ], [ 137920.980333858897211, 458467.208852945943363, 0.0 ], [ 137921.060153815895319, 458467.19139304489363, 0.0 ], [ 137921.1402649510419, 458467.175321962044109, 0.0 ], [ 137921.220643101696623, 458467.160644544637762, 0.0 ], [ 137921.301264024601551, 458467.147365219658241, 0.0 ], [ 137921.382103403302608, 458467.135487992316484, 0.0 ], [ 137921.463136855512857, 458467.125016444944777, 0.0 ], [ 137921.544339940330246, 458467.115953735949006, 0.0 ], [ 137921.6256881657755, 458467.108302598702721, 0.0 ], [ 137921.707156995980768, 458467.102065340965055, 0.0 ], [ 137921.788721858814824, 458467.0972438439494, 0.0 ], [ 137921.870358153100824, 458467.093839561915956, 0.0 ], [ 137921.952041256154189, 458467.091853521589655, 0.0 ], [ 137922.033746531174984, 458467.091286322101951, 0.0 ], [ 137922.115449334640289, 458467.092138134408742, 0.0 ], [ 137922.197125023842091, 458467.094408701639622, 0.0 ], [ 137922.278748964163242, 458467.098097338923253, 0.0 ], [ 137922.360296536673559, 458467.103202933794819, 0.0 ], [ 137922.441743145434884, 458467.109723946312442, 0.0 ], [ 137922.523064224951668, 458467.117658409581054, 0.0 ], [ 137922.604235247592442, 458467.127003930450883, 0.0 ], [ 137922.685231731040403, 458467.137757690274157, 0.0 ], [ 137922.766029245569371, 458467.149916445487179, 0.0 ], [ 137922.846603421465261, 458467.163476528832689, 0.0 ], [ 137922.926929956389358, 458467.1784338504076, 0.0 ], [ 137923.006984622683376, 458467.194783898885362, 0.0 ], [ 137923.086743274703622, 458467.212521742796525, 0.0 ], [ 137923.166181856096955, 458467.231642032216769, 0.0 ], [ 137923.245276407018537, 458467.252139000105672, 0.0 ], [ 137923.324003071436891, 458467.274006464402191, 0.0 ], [ 137923.402338104177034, 458467.297237829479855, 0.0 ], [ 137923.480257878341945, 458467.321826088416856, 0.0 ], [ 137923.55773889212287, 458467.347763825091533, 0.0 ], [ 137923.634757776162587, 458467.375043216219638, 0.0 ], [ 137923.711291300453013, 458467.403656034031883, 0.0 ], [ 137923.787316381349228, 458467.433593648427632, 0.0 ], [ 137923.862810088583501, 458467.464847029827069, 0.0 ], [ 137923.937749652162893, 458467.497406751674134, 0.0 ], [ 137924.012112469237763, 458467.531262993637938, 0.0 ], [ 137924.085876110912068, 458467.566405544057488, 0.0 ], [ 137924.15901832896634, 458467.602823803434148, 0.0 ], [ 137924.23151706266799, 458467.64050678757485, 0.0 ], [ 137924.303350445348769, 458467.6794431306771, 0.0 ], [ 137924.37449681101134, 458467.719621088937856, 0.0 ], [ 137924.444934700877639, 458467.761028544220608, 0.0 ], [ 137924.514642869879026, 458467.803653007373214, 0.0 ], [ 137924.583600292971823, 458467.847481622186024, 0.0 ], [ 137924.651786171656568, 458467.892501169408206, 0.0 ], [ 137924.719179940031609, 458467.93869807041483, 0.0 ], [ 137924.785761271195952, 458467.98605839163065, 0.0 ], [ 137924.851510083215544, 458468.034567848371807, 0.0 ], [ 137924.916406545322388, 458468.084211809618864, 0.0 ], [ 137924.980431083822623, 458468.134975301916711, 0.0 ], [ 137925.043564387917286, 458468.186843014380429, 0.0 ], [ 137925.105787415755913, 458468.239799302828033, 0.0 ], [ 137925.16708139993716, 458468.293828194960952, 0.0 ], [ 137925.227427853300469, 458468.348913394846022, 0.0 ], [ 137925.286808574484894, 458468.405038287979551, 0.0 ], [ 137925.34520565342973, 458468.462185946351383, 0.0 ], [ 137925.402601476700511, 458468.520339133276138, 0.0 ], [ 137925.45897873287322, 458468.579480309039354, 0.0 ], [ 137925.514320417772979, 458468.639591635670513, 0.0 ], [ 137925.568609839538112, 458468.700654982822016, 0.0 ], [ 137925.621830623684218, 458468.762651932891458, 0.0 ], [ 137925.673966718080919, 458468.825563786609564, 0.0 ], [ 137925.725002397666685, 458468.889371568977367, 0.0 ], [ 137925.774922269396484, 458468.954056034563109, 0.0 ], [ 137925.823711276694667, 458469.019597673614044, 0.0 ], [ 137925.871354704053374, 458469.085976717818994, 0.0 ], [ 137925.917838181572733, 458469.153173146303743, 0.0 ], [ 137925.96314768915181, 458469.221166691626422, 0.0 ], [ 137926.007269560766872, 458469.289936845947523, 0.0 ], [ 137926.050190488633234, 458469.359462867199909, 0.0 ], [ 137926.091897527163383, 458469.429723785317037, 0.0 ], [ 137926.132378096925095, 458469.500698408635799, 0.0 ], [ 137926.171619988366729, 458469.57236533012474, 0.0 ], [ 137926.209611365600722, 458469.644702934019733, 0.0 ], [ 137926.246340769866947, 458469.717689402226824, 0.0 ], [ 137926.281797123025171, 458469.791302721016109, 0.0 ], [ 137926.315969730931101, 458469.865520687482785, 0.0 ], [ 137926.348848286637804, 458469.940320916473866, 0.0 ], [ 137926.380422873480711, 458470.015680847107433, 0.0 ], [ 137926.410683968133526, 458470.091577749757562, 0.0 ], [ 137926.439622443373082, 458470.167988732806407, 0.0 ], [ 137926.467229570960626, 458470.244890749629121, 0.0 ], [ 137926.493497024202952, 458470.322260605404153, 0.0 ], [ 137926.51841688042623, 458470.40007496427279, 0.0 ], [ 137926.541981623420725, 458470.478310356265865, 0.0 ], [ 137926.564184145769104, 458470.556943184579723, 0.0 ], [ 137926.585017750854604, 458470.635949732270092, 0.0 ], [ 137933.969167646660935, 458488.987734032154549, 0.0 ], [ 137934.004081064165803, 458489.060134073195513, 0.0 ], [ 137934.037731550866738, 458489.13312967173988, 0.0 ], [ 137934.070108951884322, 458489.20669879950583, 0.0 ], [ 137934.101203496538801, 458489.280819255218375, 0.0 ], [ 137934.131005801260471, 458489.355468671128619, 0.0 ], [ 137934.159506872470956, 458489.430624519882258, 0.0 ], [ 137934.186698109202553, 458489.50626412127167, 0.0 ], [ 137934.212571305863094, 458489.582364649279043, 0.0 ], [ 137934.237118654535152, 458489.658903138479218, 0.0 ], [ 137934.260332747478969, 458489.735856491606683, 0.0 ], [ 137934.282206579198828, 458489.813201485900208, 0.0 ], [ 137934.302733548742253, 458489.890914780669846, 0.0 ], [ 137934.32190746156266, 458489.968972923932597, 0.0 ], [ 137934.33972253149841, 458490.047352359630167, 0.0 ], [ 137934.356173382344423, 458490.126029434846714, 0.0 ], [ 137934.371255049685715, 458490.204980406851973, 0.0 ], [ 137934.384962982207071, 458490.284181450027972, 0.0 ], [ 137934.397293043206446, 458490.363608663610648, 0.0 ], [ 137934.408241511817323, 458490.443238078383729, 0.0 ], [ 137934.417805083998246, 458490.523045664187521, 0.0 ], [ 137934.425980873755179, 458490.603007337020244, 0.0 ], [ 137934.43276641384, 458490.683098966430407, 0.0 ], [ 137934.438159656478092, 458490.763296382850967, 0.0 ], [ 137934.442158974183258, 458490.843575384584256, 0.0 ], [ 137934.444763160048751, 458490.923911745427176, 0.0 ], [ 137934.445971428183839, 458491.004281221888959, 0.0 ], [ 137934.445783413975732, 458491.084659560467117, 0.0 ], [ 137934.444199174147798, 458491.165022504981607, 0.0 ], [ 137934.441219186788658, 458491.245345803792588, 0.0 ], [ 137934.436844351206673, 458491.325605217425618, 0.0 ], [ 137934.431075987580698, 458491.405776525556576, 0.0 ], [ 137934.423915836698143, 458491.485835534404032, 0.0 ], [ 137934.415366059285589, 458491.565758084179834, 0.0 ], [ 137934.405429235455813, 458491.64552005630685, 0.0 ], [ 137934.394108363921987, 458491.72509738052031, 0.0 ], [ 137934.381406861037249, 458491.804466042376589, 0.0 ], [ 137934.36732855977607, 458491.883602090354543, 0.0 ], [ 137934.351877708628308, 458491.962481643247884, 0.0 ], [ 137934.335058970289538, 458492.041080897091888, 0.0 ], [ 137934.316877420205856, 458492.119376132555772, 0.0 ], [ 137934.297338545176899, 458492.197343722102232, 0.0 ], [ 137934.276448241493199, 458492.274960137088783, 0.0 ], [ 137934.254212813393679, 458492.352201954752672, 0.0 ], [ 137934.230638970911968, 458492.429045865486842, 0.0 ], [ 137934.20573382807197, 458492.505468679592013, 0.0 ], [ 137934.179504900646862, 458492.581447334669065, 0.0 ], [ 137934.151960103888996, 458492.656958902254701, 0.0 ], [ 137934.123107750085182, 458492.731980594689958, 0.0 ], [ 137934.092956546170171, 458492.80648977245437, 0.0 ], [ 137934.061515591078205, 458492.880463950394187, 0.0 ], [ 137934.028794372861739, 458492.953880804998334, 0.0 ], [ 137933.994802766013891, 458493.026718180859461, 0.0 ], [ 137933.959551028296119, 458493.098954097484238, 0.0 ], [ 137933.923049797886051, 458493.170566755870823, 0.0 ], [ 137933.885310089885024, 458493.241534545028117, 0.0 ], [ 137933.84634329326218, 458493.311836048727855, 0.0 ], [ 137933.80616116715828, 458493.381450051674619, 0.0 ], [ 137933.764775837596972, 458493.450355546025094, 0.0 ], [ 137933.722199793643085, 458493.518531737965532, 0.0 ], [ 137933.678445883677341, 458493.585958053474315, 0.0 ], [ 137933.63352731152554, 458493.652614145015832, 0.0 ], [ 137933.587457632529549, 458493.718479897361249, 0.0 ], [ 137933.54025074938545, 458493.783535433991347, 0.0 ], [ 137933.491920907923486, 458493.84776112268446, 0.0 ], [ 137933.44248269291711, 458493.911137581686489, 0.0 ], [ 137933.391951023571892, 458493.973645685589872, 0.0 ], [ 137933.340341149130836, 458494.035266571037937, 0.0 ], [ 137933.287668644130463, 458494.095981642312836, 0.0 ], [ 137933.233949403860606, 458494.155772577098105, 0.0 ], [ 137933.179199639445869, 458494.214621332066599, 0.0 ], [ 137933.123435873014387, 458494.272510148002766, 0.0 ], [ 137933.066674932691967, 458494.329421555623412, 0.0 ], [ 137933.008933947479818, 458494.385338380350731, 0.0 ], [ 137932.950230342219584, 458494.440243747958448, 0.0 ], [ 137932.890581832209136, 458494.494121089344844, 0.0 ], [ 137932.830006417876575, 458494.546954145655036, 0.0 ], [ 137932.768522379366914, 458494.598726973170415, 0.0 ], [ 137932.706148271041457, 458494.649423948139884, 0.0 ], [ 137932.642902915889863, 458494.699029771494679, 0.0 ], [ 137932.578805399767589, 458494.747529473446775, 0.0 ], [ 137932.51387506572064, 458494.794908417970873, 0.0 ], [ 137932.448131508106599, 458494.841152307228185, 0.0 ], [ 137932.381594566715648, 458494.886247185990214, 0.0 ], [ 137932.314284320716979, 458494.930179445713293, 0.0 ], [ 137932.246221082721604, 458494.972935828845948, 0.0 ], [ 137932.177425392525038, 458495.014503432437778, 0.0 ], [ 137903.998206304822816, 458507.393813551869243, 0.0 ], [ 137903.926735278655542, 458507.42942030535778, 0.0 ], [ 137903.854659616510617, 458507.463786675536539, 0.0 ], [ 137903.782000843290007, 458507.496902399114333, 0.0 ], [ 137903.708780658082105, 458507.528757586318534, 0.0 ], [ 137903.635020927584264, 458507.559342723805457, 0.0 ], [ 137903.560743679699954, 458507.58864867745433, 0.0 ], [ 137903.485971096844878, 458507.616666695277672, 0.0 ], [ 137903.410725509311305, 458507.643388409924228, 0.0 ], [ 137903.335029388748808, 458507.668805841065478, 0.0 ], [ 137903.258905341295758, 458507.692911397956777, 0.0 ], [ 137903.182376100914553, 458507.715697881649248, 0.0 ], [ 137903.105464522552211, 458507.737158487143461, 0.0 ], [ 137903.028193575330079, 458507.757286805310287, 0.0 ], [ 137902.950586335762637, 458507.776076824986376, 0.0 ], [ 137902.872665980714373, 458507.79352293460397, 0.0 ], [ 137902.794455780560384, 458507.809619924111757, 0.0 ], [ 137902.71597909234697, 458507.824362986080814, 0.0 ], [ 137902.637259352544788, 458507.837747717800085, 0.0 ], [ 137902.558320070354966, 458507.849770121800248, 0.0 ], [ 137902.479184820433147, 458507.860426607832778, 0.0 ], [ 137902.399877236020984, 458507.869713993277401, 0.0 ], [ 137902.320421001815703, 458507.87762950459728, 0.0 ], [ 137902.240839846868766, 458507.884170777862892, 0.0 ], [ 137902.161157537659165, 458507.889335859566927, 0.0 ], [ 137902.081397870701039, 458507.893123207206372, 0.0 ], [ 137902.00158466573339, 458507.89553168968996, 0.0 ], [ 137901.921741758444114, 458507.896560587687418, 0.0 ], [ 137901.841892993426882, 458507.896209594036918, 0.0 ], [ 137901.762062216934282, 458507.894478813454043, 0.0 ], [ 137901.682273269980215, 458507.891368762881029, 0.0 ], [ 137901.602549980947515, 458507.886880371137522, 0.0 ], [ 137901.52291615869035, 458507.881014978629537, 0.0 ], [ 137901.443395585374674, 458507.873774337000214, 0.0 ], [ 137901.364012009260477, 458507.865160608605947, 0.0 ], [ 137901.284789137716871, 458507.855176365934312, 0.0 ], [ 137901.205750630208058, 458507.843824590672739, 0.0 ], [ 137901.126920090988278, 458507.831108673010021, 0.0 ], [ 137901.048321062349714, 458507.81703241035575, 0.0 ], [ 137900.969977017317433, 458507.80160000664182, 0.0 ], [ 137900.891911352897296, 458507.784816070517991, 0.0 ], [ 137900.814147382858209, 458507.766685614478774, 0.0 ], [ 137900.736708330863621, 458507.747214053058997, 0.0 ], [ 137900.659617323661223, 458507.726407201320399, 0.0 ], [ 137900.58289738392341, 458507.704271273047198, 0.0 ], [ 137900.506571423553396, 458507.680812879058067, 0.0 ], [ 137900.430662236845819, 458507.656039024994243, 0.0 ], [ 137900.355192493530922, 458507.629957109398674, 0.0 ], [ 137900.280184732197085, 458507.602574921504129, 0.0 ], [ 137900.205661353422329, 458507.573900638788473, 0.0 ], [ 137900.131644613109529, 458507.543942824646365, 0.0 ], [ 137900.058156615879852, 458507.512710425828118, 0.0 ], [ 137899.985219308437081, 458507.480212769645732, 0.0 ], [ 137899.912854473019252, 458507.446459561353549, 0.0 ], [ 137899.841083720966708, 458507.411460881063249, 0.0 ], [ 137899.769928486115532, 458507.37522718089167, 0.0 ], [ 137899.699410018482013, 458507.337769281875808, 0.0 ], [ 137899.629549378005322, 458507.299098370538559, 0.0 ], [ 137899.560367428057361, 458507.259225995687302, 0.0 ], [ 137899.491884829389164, 458507.218164064921439, 0.0 ], [ 137899.424122033931781, 458507.175924841198139, 0.0 ], [ 137899.357099278538954, 458507.13252093893243, 0.0 ], [ 137899.290836579137249, 458507.087965320388321, 0.0 ], [ 137899.225353724643355, 458507.042271291837096, 0.0 ], [ 137899.160670271114213, 458506.995452499540988, 0.0 ], [ 137899.096805535838939, 458506.947522925562225, 0.0 ], [ 137899.033778591576265, 458506.89849688380491, 0.0 ], [ 137898.971608260908397, 458506.848389015591238, 0.0 ], [ 137898.910313110623974, 458506.797214285237715, 0.0 ], [ 137898.849911446130136, 458506.74498797574779, 0.0 ], [ 137898.790421305951895, 458506.69172568427166, 0.0 ], [ 137898.731860456435243, 458506.637443317158613, 0.0 ], [ 137898.67424638645025, 458506.582157085475046, 0.0 ], [ 137898.617596302006859, 458506.525883500173222, 0.0 ], [ 137898.561927121278131, 458506.468639366910793, 0.0 ], [ 137898.50725546956528, 458506.410441781277768, 0.0 ], [ 137898.453597674117191, 458506.351308123674244, 0.0 ], [ 137898.400969759561121, 458506.291256053897087, 0.0 ], [ 137898.349387442838633, 458506.230303506134078, 0.0 ], [ 137898.298866128665395, 458506.1684686835506, 0.0 ], [ 137898.249420904932776, 458506.105770052585285, 0.0 ], [ 137898.201066538109444, 458506.042226337827742, 0.0 ], [ 137898.153817468933994, 458505.977856516197789, 0.0 ], [ 137898.107687808020273, 458505.912679811357521, 0.0 ], [ 137898.062691331695532, 458505.846715687832329, 0.0 ], [ 137898.018841477838578, 458505.779983845422976, 0.0 ], [ 137897.976151341950754, 458505.712504213151988, 0.0 ], [ 137897.934633673139615, 458505.644296943326481, 0.0 ], [ 137897.89430087042274, 458505.575382405717392, 0.0 ], [ 137897.855164978915127, 458505.505781181098428, 0.0 ], [ 137897.817237686249427, 458505.435514055425301, 0.0 ], [ 137897.780530319229001, 458505.364602013549302, 0.0 ], [ 137897.745053840248147, 458505.293066232930869, 0.0 ], [ 137897.710818844119785, 458505.220928077178542, 0.0 ], [ 137897.677835554874036, 458505.148209089937154, 0.0 ], [ 137897.646113822818734, 458505.074930988252163, 0.0 ], [ 137897.61566312139621, 458505.001115656108595, 0.0 ], [ 137897.586492544505745, 458504.926785138028208, 0.0 ], [ 137897.55861080379691, 458504.851961632317398, 0.0 ], [ 137897.532026225904701, 458504.776667484489735, 0.0 ], [ 137897.506746750179445, 458504.700925180746708, 0.0 ], [ 137897.482779926154763, 458504.624757340934593, 0.0 ], [ 137890.261515689780936, 458486.43585870048264, 0.0 ] ] ] ] } },
{ "type": "Feature", "properties": { "fid": null, "FUNCTIE": "02_Maaiveld", "Info": null, "Verhaal": null }, "geometry": { "type": "MultiPolygon", "coordinates": [ [ [ [ 137896.451170749525772, 458541.328325940761715, 0.0 ], [ 137858.444516873918474, 458462.70884763833601, 0.0 ], [ 137894.062181077315472, 458458.419525272387546, 0.0 ], [ 137902.586530589382164, 458454.483121835277416, 0.0 ], [ 137902.287906880374067, 458452.229870212613605, 0.0 ], [ 137905.76280094901449, 458450.70960405759979, 0.0 ], [ 137908.314676280657295, 458451.686918014369439, 0.0 ], [ 137916.594697303575231, 458447.777662187174428, 0.0 ], [ 137944.448145072325133, 458426.331050357315689, 0.0 ], [ 137959.922282721643569, 458514.289306469319854, 0.0 ], [ 137896.451170749525772, 458541.328325940761715, 0.0 ] ] ] ] } }
]
}
