{
"type": "FeatureCollection",
"name": "periode1",
"crs": { "type": "name", "properties": { "name": "urn:ogc:def:crs:OGC:1.3:CRS84" } },
"features": [
{ "type": "Feature", "properties": { "fid": 1, "id": null, "FUNCTIE": "01_Water", "Info": "Fort de Gagel", "Verhaal": null }, "geometry": { "type": "MultiPolygon", "coordinates": [ [ [ [ 5.14984672931796, 52.083023857994732 ], [ 5.150354204714239, 52.083701578262989 ], [ 5.150401153064014, 52.083760222680787 ], [ 5.150443264476503, 52.08380735059194 ], [ 5.150468037513946, 52.083831280365487 ], [ 5.150488266673306, 52.083847085637494 ], [ 5.150521618064118, 52.083866711083417 ], [ 5.150558302430372, 52.083883248848601 ], [ 5.150591979004823, 52.083894420155772 ], [ 5.15063020688066, 52.083903283740277 ], [ 5.150670426349536, 52.083908875087104 ], [ 5.150711799780926, 52.083911047178454 ], [ 5.151862536315821, 52.08387217989015 ], [ 5.152029991187991, 52.083872543530333 ], [ 5.152069948428992, 52.083869587635988 ], [ 5.152115794272741, 52.083862416173524 ], [ 5.152145126131118, 52.0838554399337 ], [ 5.152175190254942, 52.083846046242911 ], [ 5.152207318129578, 52.083833045139137 ], [ 5.15223326073282, 52.083819788606299 ], [ 5.152257836995163, 52.083804277804973 ], [ 5.152280311718399, 52.083786608244175 ], [ 5.15230101808738, 52.083765704406254 ], [ 5.152313721726976, 52.083749140255627 ], [ 5.152328150569012, 52.083723105626177 ], [ 5.152337657777068, 52.083692360797841 ], [ 5.1523602814547, 52.083508448113029 ], [ 5.154423167847467, 52.083194872984762 ], [ 5.154447536260063, 52.083189310352232 ], [ 5.154477388436531, 52.083178898908692 ], [ 5.154503535043463, 52.083165368957907 ], [ 5.154520260720569, 52.083153374404318 ], [ 5.154534161564771, 52.083139952030407 ], [ 5.15454567197983, 52.083123946467936 ], [ 5.154551983410646, 52.083109849446664 ], [ 5.154555401157979, 52.083089663673277 ], [ 5.154553127494401, 52.083071040833204 ], [ 5.1545469262673, 52.083054443551411 ], [ 5.154538561320079, 52.083040334452775 ], [ 5.154524602149813, 52.083023605097324 ], [ 5.15398007890979, 52.082512788209627 ], [ 5.154180169188533, 52.082352383683933 ], [ 5.154200818700178, 52.082336105657497 ], [ 5.154212554052533, 52.082323118735772 ], [ 5.154220715470136, 52.082310625733086 ], [ 5.154227317050497, 52.082294682000644 ], [ 5.154230039591127, 52.082280072095323 ], [ 5.154228915902481, 52.082259255367553 ], [ 5.154222639450172, 52.0822394674978 ], [ 5.154212026818224, 52.082221393043007 ], [ 5.154197915900191, 52.082205312614839 ], [ 5.154187155472701, 52.082195881963422 ], [ 5.1540143729475, 52.082069077932495 ], [ 5.153927310107546, 52.082146170313351 ], [ 5.15407132489439, 52.082263359489566 ], [ 5.153768753280013, 52.082509752830838 ], [ 5.154366201159893, 52.083088307472082 ], [ 5.152376596823697, 52.083391400238654 ], [ 5.152403255649748, 52.083205561564363 ], [ 5.153468920240164, 52.083060813242888 ], [ 5.153551675399775, 52.083048159258254 ], [ 5.153584151114184, 52.083040920459574 ], [ 5.153623156332176, 52.083028776881939 ], [ 5.153666608513634, 52.083009742040076 ], [ 5.153698156485253, 52.082990252429752 ], [ 5.153725726721832, 52.082965755617977 ], [ 5.15374052578178, 52.082946403296951 ], [ 5.153746462937982, 52.082935925033361 ], [ 5.153755594610537, 52.082910665667683 ], [ 5.153757835827722, 52.082894627717593 ], [ 5.15375754002503, 52.082879380548164 ], [ 5.153755170257219, 52.08286505228434 ], [ 5.153748739851035, 52.082845563109032 ], [ 5.153734212600352, 52.082819490777268 ], [ 5.153718028742087, 52.08279981300641 ], [ 5.153113006015682, 52.08224772081693 ], [ 5.152932125531237, 52.082379858879349 ], [ 5.153497659152389, 52.082894545773705 ], [ 5.152417006918053, 52.083044725312696 ], [ 5.152460613923214, 52.082692160583775 ], [ 5.151747355352998, 52.082530218365235 ], [ 5.151620788428696, 52.082743961217922 ], [ 5.152040980001029, 52.08291913396102 ], [ 5.152005268787716, 52.083655419188972 ], [ 5.152003754141262, 52.083656489352947 ], [ 5.150737186385308, 52.083699094105157 ], [ 5.150165628038251, 52.082937308063805 ], [ 5.14984672931796, 52.083023857994732 ] ] ] ] } },
{ "type": "Feature", "properties": { "fid": 2, "id": null, "FUNCTIE": "01_Water", "Info": null, "Verhaal": null }, "geometry": { "type": "MultiPolygon", "coordinates": [ [ [ [ 5.148959219675253, 52.080536788771852 ], [ 5.148926392485321, 52.080550543749474 ], [ 5.148897214512632, 52.08056688458867 ], [ 5.148873065365918, 52.080584652636681 ], [ 5.148850911306658, 52.080606870604079 ], [ 5.148837111103035, 52.080626607739404 ], [ 5.14882672321093, 52.080649832929922 ], [ 5.148822124490314, 52.080671933823993 ], [ 5.148822979232524, 52.080698761285547 ], [ 5.148831141970442, 52.080726748849912 ], [ 5.149130485608378, 52.081678641400458 ], [ 5.149422773080267, 52.081638988732976 ], [ 5.149100031168999, 52.080727224345679 ], [ 5.150256880300791, 52.080295646983835 ], [ 5.151009381372517, 52.08093924584518 ], [ 5.150811603915369, 52.081249935944264 ], [ 5.150813637733337, 52.081250860843774 ], [ 5.151539656506516, 52.081538627347797 ], [ 5.151906071466012, 52.081349602721275 ], [ 5.15321867998368, 52.081621760462497 ], [ 5.152401668721069, 52.082277839635317 ], [ 5.15191924173376, 52.082264987762571 ], [ 5.151812162078349, 52.082443114455728 ], [ 5.152480083337644, 52.082596993305394 ], [ 5.153254494337094, 52.082042385377356 ], [ 5.153474714469601, 52.08185228737922 ], [ 5.153516601687036, 52.081827684417242 ], [ 5.153547494678585, 52.081805353887852 ], [ 5.153586255288557, 52.081769290496773 ], [ 5.153615649237026, 52.081730793542839 ], [ 5.153623312849763, 52.081717546346034 ], [ 5.153635370519907, 52.081690591522026 ], [ 5.153642993227856, 52.081663202665602 ], [ 5.153645113138009, 52.08164941292825 ], [ 5.153645913404952, 52.081621777740878 ], [ 5.153644571095512, 52.081607986253026 ], [ 5.153638344925326, 52.081580590394324 ], [ 5.153627321132703, 52.081553623897904 ], [ 5.153619693127014, 52.081539893360791 ], [ 5.153598392408328, 52.08151069677929 ], [ 5.153572839919017, 52.081484882911063 ], [ 5.153528890191415, 52.081452118193781 ], [ 5.153497410423017, 52.081433988105395 ], [ 5.153449607774423, 52.08141192084608 ], [ 5.15338406580496, 52.081387056008985 ], [ 5.153321041136207, 52.081370329361135 ], [ 5.153253376036339, 52.081358451546826 ], [ 5.152606690695561, 52.081231824471509 ], [ 5.152625226322248, 52.080754392372327 ], [ 5.153347620223571, 52.080896240170219 ], [ 5.153350996454581, 52.081181960949223 ], [ 5.154448756532186, 52.081400171066413 ], [ 5.153696516957595, 52.081973226900416 ], [ 5.153831099156868, 52.082072580129221 ], [ 5.154614784060354, 52.081481370904086 ], [ 5.154631419671949, 52.08146600943715 ], [ 5.154646383583142, 52.081447020920294 ], [ 5.154656024912462, 52.08142820156025 ], [ 5.154660473347559, 52.081412167004054 ], [ 5.154661519937703, 52.0813946271427 ], [ 5.154657639194884, 52.081373798482502 ], [ 5.154648330359673, 52.081353576400581 ], [ 5.154633787122422, 52.081334377853054 ], [ 5.154614583953114, 52.08131728052394 ], [ 5.154594511623127, 52.081304287731164 ], [ 5.154569159943757, 52.081292107038983 ], [ 5.15454178554783, 52.081282585436476 ], [ 5.154519891311494, 52.081277123855756 ], [ 5.153553136565582, 52.081090967415172 ], [ 5.153553192745012, 52.080882261681332 ], [ 5.153547673510533, 52.08086355119525 ], [ 5.153538465886453, 52.080847188413536 ], [ 5.153523707336838, 52.080830244212109 ], [ 5.153504019220722, 52.080814667327452 ], [ 5.153484811719999, 52.080803528422976 ], [ 5.153466714122541, 52.080795523511433 ], [ 5.153421482013139, 52.080782697715073 ], [ 5.153380487238776, 52.080774601642631 ], [ 5.153341909898192, 52.080769398524417 ], [ 5.152619495692682, 52.080621378022066 ], [ 5.152620215761276, 52.080478534512167 ], [ 5.152613172825616, 52.080449911185497 ], [ 5.152599489381459, 52.080423901824297 ], [ 5.152584349007241, 52.080405195507936 ], [ 5.152569107430932, 52.080391063194369 ], [ 5.152548595581357, 52.080376320270091 ], [ 5.15253064277642, 52.080366086909876 ], [ 5.152511186128748, 52.08035702234357 ], [ 5.152479506285922, 52.080345659844696 ], [ 5.152456939698452, 52.080339602987202 ], [ 5.152421291015519, 52.080332843899242 ], [ 5.15238392925339, 52.080328935032227 ], [ 5.1523453555793, 52.080327942517663 ], [ 5.152306071159683, 52.08032993248748 ], [ 5.152273309732079, 52.08033406710662 ], [ 5.151128037705829, 52.080562783637809 ], [ 5.15071793764127, 52.080205907422517 ], [ 5.150701351656495, 52.080186498409894 ], [ 5.150681644797195, 52.080167558520905 ], [ 5.150642462064136, 52.080137711694263 ], [ 5.150617073287233, 52.080122321721902 ], [ 5.150587662014063, 52.080107510868942 ], [ 5.15055411007553, 52.080093946753799 ], [ 5.150516299300111, 52.080082296994483 ], [ 5.150474111513189, 52.080073229208196 ], [ 5.150429436601097, 52.080067577664401 ], [ 5.150394647740115, 52.080065727904881 ], [ 5.150345706415449, 52.080066790806256 ], [ 5.150315483206318, 52.080069575271487 ], [ 5.150274171529786, 52.080076038630168 ], [ 5.150238187574436, 52.080084253419145 ], [ 5.150199468680545, 52.080096000935271 ], [ 5.150161181467516, 52.080111177996542 ], [ 5.148959219675253, 52.080536788771852 ] ] ] ] } },
{ "type": "Feature", "properties": { "fid": 3, "id": null, "FUNCTIE": "01_Water", "Info": null, "Verhaal": null }, "geometry": { "type": "MultiPolygon", "coordinates": [ [ [ [ 5.149122406804115, 52.08190858044177 ], [ 5.149881024939884, 52.081818168718691 ], [ 5.14992681211445, 52.081817467061569 ], [ 5.149969416324631, 52.081821387747375 ], [ 5.150015029876206, 52.081831243293749 ], [ 5.150047981543569, 52.081842798030529 ], [ 5.150074809506992, 52.081855813633211 ], [ 5.150102843490238, 52.081874447834721 ], [ 5.150123088299713, 52.081892968839831 ], [ 5.150139190290029, 52.081913341494065 ], [ 5.15043209088646, 52.082436379349978 ], [ 5.150443982420422, 52.082453419118686 ], [ 5.150452633412947, 52.082471675186241 ], [ 5.150458374876791, 52.082494707907891 ], [ 5.15045873606935, 52.082514448482577 ], [ 5.150454129785111, 52.08253578177716 ], [ 5.150443128503789, 52.08255823887027 ], [ 5.150427659465975, 52.082577813596416 ], [ 5.15040959330603, 52.082594078671043 ], [ 5.150389942815811, 52.082607541474573 ], [ 5.150363365011351, 52.082621485225999 ], [ 5.150323853043822, 52.082636225376746 ], [ 5.149651483308003, 52.082837164284797 ], [ 5.149544549575523, 52.082383233871617 ], [ 5.149306558905526, 52.082426164011792 ], [ 5.149406976336147, 52.082842633586303 ], [ 5.149468503966705, 52.082915135771664 ], [ 5.14948072628796, 52.082927389741933 ], [ 5.14951127154991, 52.082949635269046 ], [ 5.149540710677275, 52.082964255206228 ], [ 5.149578157841751, 52.082976477373364 ], [ 5.149627806191353, 52.08298466287377 ], [ 5.149679452231097, 52.082985151830968 ], [ 5.149726048055954, 52.082979021134783 ], [ 5.149802095336841, 52.082960328911184 ], [ 5.150445843495933, 52.08277850344286 ], [ 5.150511727381497, 52.082755918439624 ], [ 5.150555194130036, 52.082735297686092 ], [ 5.150590523754026, 52.082714810976107 ], [ 5.150625865297668, 52.08268974142922 ], [ 5.150659123829707, 52.08265983794935 ], [ 5.150679104424308, 52.082637092780828 ], [ 5.15069660744106, 52.082612013202692 ], [ 5.150713435563455, 52.082578684633582 ], [ 5.150720620542455, 52.08255755180857 ], [ 5.150725131372901, 52.082537231546674 ], [ 5.150727572694422, 52.082499578514231 ], [ 5.150726224236435, 52.082482520644419 ], [ 5.150722004125631, 52.082459531226412 ], [ 5.150710114649436, 52.08242460392951 ], [ 5.150394309243332, 52.081847378730558 ], [ 5.15038038903894, 52.081827804141071 ], [ 5.150363829375837, 52.081808544401262 ], [ 5.150340439784414, 52.081785550077846 ], [ 5.150320730349454, 52.081768887777834 ], [ 5.150297502436836, 52.081751678688683 ], [ 5.150270562864719, 52.081734368020037 ], [ 5.150239718450613, 52.081717400980878 ], [ 5.15020477601099, 52.081701222779728 ], [ 5.150165542360862, 52.081686278624431 ], [ 5.150121824313327, 52.08167301372211 ], [ 5.150086042113779, 52.081664458559658 ], [ 5.150034261649602, 52.081655372291593 ], [ 5.149985112071017, 52.081650053133089 ], [ 5.149939409923183, 52.081647791162979 ], [ 5.14989797175537, 52.081647876461204 ], [ 5.149850765049953, 52.081650414477366 ], [ 5.149807406682334, 52.081655116773675 ], [ 5.149055746724521, 52.081758247424617 ], [ 5.149018315633254, 52.081766516177666 ], [ 5.148980052040791, 52.081778906227143 ], [ 5.148949860198568, 52.081792355316004 ], [ 5.148920786542878, 52.081809929862231 ], [ 5.148903091492484, 52.081824188236489 ], [ 5.148887492673065, 52.081840655281908 ], [ 5.148872923821526, 52.081862658743354 ], [ 5.148864738043145, 52.081883001230665 ], [ 5.148861054900905, 52.081903684202643 ], [ 5.148861811020306, 52.081924431132045 ], [ 5.148866943026816, 52.08194496549131 ], [ 5.148876387545578, 52.081965010752228 ], [ 5.148895579051779, 52.08199049899644 ], [ 5.148917206076217, 52.082010481289032 ], [ 5.149265147835409, 52.082362629081231 ], [ 5.149515820970773, 52.082305593512636 ], [ 5.149122406804115, 52.08190858044177 ] ] ] ] } },
{ "type": "Feature", "properties": { "fid": 4, "id": null, "FUNCTIE": "01_Water", "Info": null, "Verhaal": null }, "geometry": { "type": "MultiPolygon", "coordinates": [ [ [ [ 5.148291037045571, 52.096842576643937 ], [ 5.149153687616857, 52.097013689816563 ], [ 5.15012665061801, 52.096199870977856 ], [ 5.150141412287841, 52.096185807111958 ], [ 5.150156149447055, 52.096171358451876 ], [ 5.150167327924217, 52.096148521875548 ], [ 5.150187759074624, 52.0961122735131 ], [ 5.150205051686561, 52.096068455112075 ], [ 5.150215275020758, 52.096018206559215 ], [ 5.15021449836257, 52.095962667740345 ], [ 5.150205928402024, 52.095923265729375 ], [ 5.150189557941419, 52.09588235684442 ], [ 5.150165975694443, 52.095842790836699 ], [ 5.150152661690655, 52.0958250062723 ], [ 5.150123080365855, 52.095792210668471 ], [ 5.150073265190402, 52.09574967061284 ], [ 5.15003793524652, 52.095725528006646 ], [ 5.150002116609917, 52.095704584838231 ], [ 5.149966843994861, 52.095686691531711 ], [ 5.149917222298254, 52.095665242869124 ], [ 5.149874649413013, 52.09564981504424 ], [ 5.14982334972055, 52.095634365584829 ], [ 5.148248037640838, 52.095105370142861 ], [ 5.148266208115905, 52.095081548694274 ], [ 5.148285359006972, 52.095048674501683 ], [ 5.148298280701609, 52.095017186588365 ], [ 5.148304732585501, 52.094993379638005 ], [ 5.148308535908129, 52.094967593496492 ], [ 5.148308903388486, 52.094940062005435 ], [ 5.148305047748293, 52.094911019005991 ], [ 5.148296181712028, 52.094880698338656 ], [ 5.148281424226314, 52.094849166862545 ], [ 5.148270830960016, 52.094831952499966 ], [ 5.148246081290654, 52.094800304387725 ], [ 5.148217482919446, 52.094772223265146 ], [ 5.148186118419301, 52.094747540539764 ], [ 5.1481530703599, 52.094726087620451 ], [ 5.148119421308635, 52.094707695917144 ], [ 5.148086253831484, 52.094692196841216 ], [ 5.148054650493737, 52.094679421805374 ], [ 5.148012546360102, 52.094664998044642 ], [ 5.14795750413723, 52.094650181871998 ], [ 5.147115246602366, 52.094393103163199 ], [ 5.147073010212194, 52.094381914697642 ], [ 5.147027699710167, 52.094372662698269 ], [ 5.146970179457467, 52.09436429312818 ], [ 5.146926167299645, 52.094360329560118 ], [ 5.146878405389122, 52.094358447043902 ], [ 5.146827564440486, 52.094359321125282 ], [ 5.146774315164294, 52.094363627351044 ], [ 5.146719328267186, 52.094372041269338 ], [ 5.146691392805603, 52.094377999722312 ], [ 5.146635983384884, 52.094393537097005 ], [ 5.146595531558204, 52.09440838792716 ], [ 5.146559488128836, 52.094424621905134 ], [ 5.146513197152674, 52.094450669895572 ], [ 5.146475561019647, 52.094477524992172 ], [ 5.146445821304891, 52.094503804204642 ], [ 5.146423219584785, 52.094528124539913 ], [ 5.146399352342322, 52.094560549087824 ], [ 5.145776942439635, 52.095832644124201 ], [ 5.146225258488949, 52.095916781215493 ], [ 5.146844517010105, 52.094635132806154 ], [ 5.146846613180328, 52.094634196749638 ], [ 5.147823470334163, 52.094897496241032 ], [ 5.147527364638071, 52.09522974612468 ], [ 5.148127939406294, 52.095649797328228 ], [ 5.148496261894093, 52.095546985595618 ], [ 5.149676407299271, 52.095911919103578 ], [ 5.148809526261255, 52.09656969235224 ], [ 5.148403290715986, 52.096599158457515 ], [ 5.148291037045571, 52.096842576643937 ] ] ] ] } },
{ "type": "Feature", "properties": { "fid": 5, "id": null, "FUNCTIE": "01_Water", "Info": null, "Verhaal": null }, "geometry": { "type": "MultiPolygon", "coordinates": [ [ [ [ 5.145706247341721, 52.096998821927585 ], [ 5.145282033553221, 52.096918692924319 ], [ 5.144674287457699, 52.098128999149004 ], [ 5.14465231571617, 52.0981849401769 ], [ 5.14464189941297, 52.09823733588204 ], [ 5.144641009866075, 52.098286998021834 ], [ 5.144650588062631, 52.098349328076637 ], [ 5.144664747183561, 52.098393093960929 ], [ 5.144687499652069, 52.098430719400312 ], [ 5.144717299447056, 52.098461761120234 ], [ 5.144736948901076, 52.098477120883302 ], [ 5.144758162458474, 52.098490645187098 ], [ 5.14480701168561, 52.098513975567251 ], [ 5.144890546573979, 52.098542624923397 ], [ 5.145022035164096, 52.098580141768785 ], [ 5.145133863948363, 52.098604869933688 ], [ 5.145237426329444, 52.09862212058043 ], [ 5.146021979562957, 52.09870554085802 ], [ 5.146126378023556, 52.098711904581805 ], [ 5.146215672507723, 52.098712321070323 ], [ 5.146294758438035, 52.098707112831782 ], [ 5.146336628077474, 52.09870175664382 ], [ 5.146373672560211, 52.098695242707898 ], [ 5.146435142991749, 52.098678960493039 ], [ 5.146511084938211, 52.098650383410273 ], [ 5.146642043146235, 52.098594341613826 ], [ 5.146724754181108, 52.098552287711541 ], [ 5.146763534248075, 52.098528982282239 ], [ 5.146804788028659, 52.098500935573256 ], [ 5.146841922545172, 52.098472245029839 ], [ 5.146876572199943, 52.098442059865548 ], [ 5.148360988727482, 52.09853175295278 ], [ 5.148444755423207, 52.098534503545224 ], [ 5.148543387668451, 52.09853323723835 ], [ 5.148624923516907, 52.098528264442479 ], [ 5.148707477534054, 52.098518239502482 ], [ 5.148806708040387, 52.098499972029678 ], [ 5.148881014702703, 52.098480596443324 ], [ 5.148945848978748, 52.098456912360469 ], [ 5.148997592938986, 52.098431631017085 ], [ 5.149040789265301, 52.098404570231374 ], [ 5.149086178923501, 52.09836763514533 ], [ 5.149121829164563, 52.098328486585622 ], [ 5.149149349247769, 52.098285211424439 ], [ 5.149166288803062, 52.098241202222148 ], [ 5.149173443844991, 52.098192922458772 ], [ 5.149166346212688, 52.098050426108351 ], [ 5.149109467634961, 52.097148366598184 ], [ 5.148213031203088, 52.096988093084896 ], [ 5.148154359069204, 52.097130648558299 ], [ 5.148478309101116, 52.097285800464803 ], [ 5.148547215075782, 52.098096578705643 ], [ 5.1472710349388, 52.098030588393449 ], [ 5.147079134789948, 52.097816189231786 ], [ 5.146210008785354, 52.097941187938609 ], [ 5.146161600764787, 52.098287860552247 ], [ 5.145156186508596, 52.098182526752112 ], [ 5.145706247341721, 52.096998821927585 ] ] ] ] } },
{ "type": "Feature", "properties": { "fid": 6, "id": null, "FUNCTIE": "01_Water", "Info": null, "Verhaal": null }, "geometry": { "type": "MultiPolygon", "coordinates": [ [ [ [ 5.145627910885792, 52.096005740164237 ], [ 5.145619972772182, 52.096380393348419 ], [ 5.145799503525351, 52.096413991527726 ], [ 5.145820654754704, 52.09612510772012 ], [ 5.14681686481128, 52.096313384447278 ], [ 5.14654041707933, 52.096875495397711 ], [ 5.145561115999126, 52.096689582556515 ], [ 5.145766961926476, 52.096467788061808 ], [ 5.145570922400085, 52.096431722825088 ], [ 5.145334659699309, 52.096696726620344 ], [ 5.145318671671856, 52.096712322114733 ], [ 5.145306393647767, 52.096728877768221 ], [ 5.145293940145563, 52.096758218574095 ], [ 5.145292534878094, 52.09678485217502 ], [ 5.145302741750164, 52.096816117357385 ], [ 5.145311193634686, 52.096828522618246 ], [ 5.145322020455795, 52.096839141667793 ], [ 5.145349436722562, 52.096855696885882 ], [ 5.145368155145289, 52.096862660700772 ], [ 5.145387293509721, 52.09686748860684 ], [ 5.146431797502525, 52.097069422100986 ], [ 5.146470355200839, 52.097075317329001 ], [ 5.146520205075755, 52.097080141099958 ], [ 5.146568122731325, 52.097081889995572 ], [ 5.146620987881098, 52.09708050885861 ], [ 5.146672746578727, 52.097075688214652 ], [ 5.146721859729971, 52.097067803327093 ], [ 5.146765608842611, 52.097057827176023 ], [ 5.14681302572401, 52.09704314108172 ], [ 5.14685047835659, 52.097028257260327 ], [ 5.146888939826248, 52.097008247072282 ], [ 5.146926408316182, 52.096981855640934 ], [ 5.146951916143842, 52.096957527608879 ], [ 5.146974612518168, 52.096927626257965 ], [ 5.147191925951883, 52.096471953415204 ], [ 5.147207417421405, 52.096441104635183 ], [ 5.147220704983951, 52.096414354633971 ], [ 5.147228917141061, 52.096391330634859 ], [ 5.147230128637877, 52.096353969786371 ], [ 5.147217138415606, 52.096325298145075 ], [ 5.147205658129306, 52.096297875018813 ], [ 5.147180212443891, 52.096262999934837 ], [ 5.147161859878027, 52.096239717999921 ], [ 5.14713679681092, 52.096215332744379 ], [ 5.14709518641352, 52.096185523251542 ], [ 5.147054655894229, 52.096164094560081 ], [ 5.147006918383099, 52.096145241020714 ], [ 5.146957371630155, 52.096131095011991 ], [ 5.145829233342916, 52.095907481907716 ], [ 5.145794774495039, 52.09590496936567 ], [ 5.145759178927479, 52.095907487741613 ], [ 5.145725245520603, 52.095915012033956 ], [ 5.145694574161306, 52.095926810507621 ], [ 5.145667953523839, 52.095942839352311 ], [ 5.14564850195653, 52.095960881308265 ], [ 5.14563454491216, 52.095982108747926 ], [ 5.145627910885792, 52.096005740164237 ] ] ] ] } },
{ "type": "Feature", "properties": { "fid": 492, "id": null, "FUNCTIE": "01_Water", "Info": null, "Verhaal": null }, "geometry": { "type": "MultiPolygon", "coordinates": [ [ [ [ 5.133281671640954, 52.06872022504897 ], [ 5.132989994520125, 52.068435157117932 ], [ 5.132733523149712, 52.068492619838423 ], [ 5.132325777614959, 52.06822280404095 ], [ 5.132858918857111, 52.068096647654414 ], [ 5.134147784906645, 52.068215830272209 ], [ 5.134369376192059, 52.069060966630389 ], [ 5.133788464079688, 52.069433730481663 ], [ 5.133678987228133, 52.069504045982313 ], [ 5.133518168270756, 52.06926815084551 ], [ 5.133455224952487, 52.069179092112073 ], [ 5.133645422629026, 52.069075727592413 ], [ 5.133330049940351, 52.068770565872974 ], [ 5.133108302662229, 52.068857556484851 ], [ 5.133125655551765, 52.068873092529763 ], [ 5.13308264091351, 52.068903785294971 ], [ 5.133081017284714, 52.068931635691463 ], [ 5.13309446769287, 52.068959467893109 ], [ 5.133115946951484, 52.068983587569086 ], [ 5.133514921306041, 52.069610476034285 ], [ 5.133542157468013, 52.069672711780285 ], [ 5.133552883239225, 52.069719251446486 ], [ 5.133538094331641, 52.06978644400904 ], [ 5.133517161624059, 52.069828351126262 ], [ 5.133488143837345, 52.069864826372566 ], [ 5.133451127138549, 52.069921886817447 ], [ 5.133434764212667, 52.069974432815719 ], [ 5.133445134908046, 52.070036131620846 ], [ 5.133779007451451, 52.070531119465507 ], [ 5.13382337606917, 52.070559925128116 ], [ 5.134006197308365, 52.070474163022034 ], [ 5.133916730066977, 52.070285256761515 ], [ 5.133901222431473, 52.070249422149423 ], [ 5.133898293997143, 52.070231644419842 ], [ 5.133898394748451, 52.070214612328037 ], [ 5.133901799490748, 52.07019599281378 ], [ 5.133907617538331, 52.070180558099295 ], [ 5.133914999012207, 52.070167139584036 ], [ 5.133923784081074, 52.070155294746662 ], [ 5.133934455373385, 52.070144340122219 ], [ 5.133955625906979, 52.070127221197694 ], [ 5.134806119809633, 52.069576042579115 ], [ 5.13471774242176, 52.0692696399528 ], [ 5.134539062627622, 52.069387298897269 ], [ 5.134574475683208, 52.069494604563069 ], [ 5.134036564873175, 52.069837063171462 ], [ 5.133801780498918, 52.069687586140859 ], [ 5.134624966840427, 52.069160464647794 ], [ 5.134646001647125, 52.069145048205058 ], [ 5.134657100830371, 52.069131281108753 ], [ 5.134663858067669, 52.069114075963569 ], [ 5.134664668005633, 52.069103298269468 ], [ 5.13465527360369, 52.069067383607852 ], [ 5.13441768470194, 52.068246858295751 ], [ 5.134397463773764, 52.068204006609655 ], [ 5.134349443776745, 52.068147548798414 ], [ 5.134298477537998, 52.068110477032491 ], [ 5.134226721278147, 52.068076226448859 ], [ 5.134156652886253, 52.068055315082248 ], [ 5.134119224712918, 52.068047061571178 ], [ 5.132851110355433, 52.067922731614956 ], [ 5.132130197765745, 52.068093086550093 ], [ 5.131882515351835, 52.067933241183752 ], [ 5.132823732807675, 52.067709985046065 ], [ 5.134711111692272, 52.067897186557019 ], [ 5.13501287244867, 52.069090259152148 ], [ 5.135131101765666, 52.069362369038899 ], [ 5.135148595627673, 52.069355243101896 ], [ 5.135219174552057, 52.069307238690662 ], [ 5.135252813672309, 52.069279821854835 ], [ 5.135279722743172, 52.069242056336037 ], [ 5.135290555249518, 52.069178758595029 ], [ 5.135273543534764, 52.069115607507968 ], [ 5.134983756368203, 52.067868540422168 ], [ 5.134966599496878, 52.067837554333266 ], [ 5.134946833912518, 52.067813107313263 ], [ 5.13491186732899, 52.06778262240514 ], [ 5.134844930072679, 52.067750663925167 ], [ 5.134789227492747, 52.067734061757442 ], [ 5.134724810223937, 52.067726673245694 ], [ 5.132841604039527, 52.067553706015083 ], [ 5.132755259137467, 52.067550247916095 ], [ 5.132688556667573, 52.067562229162249 ], [ 5.131949139802244, 52.067742485328239 ], [ 5.131923620936862, 52.067752554369079 ], [ 5.131875961789954, 52.067779210586863 ], [ 5.131830743197991, 52.067810374695576 ], [ 5.131797188931667, 52.067845105994458 ], [ 5.131770343785523, 52.06789677004064 ], [ 5.131761382774914, 52.067955551193194 ], [ 5.131776708358828, 52.068015287119202 ], [ 5.131806058434147, 52.068060284100035 ], [ 5.131876654808769, 52.068117598753005 ], [ 5.132898847805321, 52.068766916154026 ], [ 5.132933710941621, 52.068785627995531 ], [ 5.132973686780694, 52.068796639108427 ], [ 5.133006259465589, 52.068798343255729 ], [ 5.133036443186695, 52.068790764920998 ], [ 5.133058770859837, 52.068809415531369 ], [ 5.133281671640954, 52.06872022504897 ] ] ] ] } },
{ "type": "Feature", "properties": { "fid": 493, "id": null, "FUNCTIE": "01_Water", "Info": null, "Verhaal": null }, "geometry": { "type": "MultiPolygon", "coordinates": [ [ [ [ 5.141216548635578, 52.074166113767816 ], [ 5.141275398430144, 52.07409986185386 ], [ 5.141293920117832, 52.074060977609889 ], [ 5.141298763749394, 52.074026739371433 ], [ 5.141297118543457, 52.073985629726877 ], [ 5.141290623387007, 52.073967051970342 ], [ 5.140608027409481, 52.072743032592683 ], [ 5.140454144866426, 52.072875998034547 ], [ 5.141055188238427, 52.073949111959543 ], [ 5.141201012781227, 52.074163478630936 ], [ 5.141216548635578, 52.074166113767816 ] ] ] ] } },
{ "type": "Feature", "properties": { "fid": 494, "id": null, "FUNCTIE": "01_Water", "Info": null, "Verhaal": null }, "geometry": { "type": "MultiPolygon", "coordinates": [ [ [ [ 5.140983757069188, 52.075427752808466 ], [ 5.140974004402752, 52.07548529567601 ], [ 5.141512745791843, 52.075992433465345 ], [ 5.141572768080715, 52.07604160667649 ], [ 5.141636116599063, 52.076064651147206 ], [ 5.141696223600182, 52.076069055138603 ], [ 5.141744328745532, 52.076164538228554 ], [ 5.141711600582775, 52.076170515986988 ], [ 5.141682405615962, 52.076179394623523 ], [ 5.14165631969587, 52.076191064237648 ], [ 5.141635726060447, 52.076203942242046 ], [ 5.141617815938341, 52.076219522510108 ], [ 5.141603182727115, 52.076238587787266 ], [ 5.141594277301548, 52.076258766068065 ], [ 5.141591281943432, 52.076277859824245 ], [ 5.141700692787587, 52.077045869007641 ], [ 5.14173984481836, 52.077122838727902 ], [ 5.141799653676426, 52.07715150037712 ], [ 5.141818763329281, 52.077110161020528 ], [ 5.141882217592421, 52.077035911128299 ], [ 5.141994477061248, 52.076966546711006 ], [ 5.142238684366474, 52.076840852034799 ], [ 5.142408299234649, 52.076755548126734 ], [ 5.142507563417237, 52.076724983661371 ], [ 5.142576506666285, 52.076714182276199 ], [ 5.142626668392071, 52.076719883810583 ], [ 5.142630874612955, 52.076738591834371 ], [ 5.142755360478949, 52.07673537475722 ], [ 5.142766806032425, 52.076719899518501 ], [ 5.143479793506414, 52.07589899313291 ], [ 5.14350417517507, 52.075869066457621 ], [ 5.143504546909414, 52.075842537495099 ], [ 5.143490577004139, 52.075800946915443 ], [ 5.143473591292066, 52.075778415158538 ], [ 5.142174560151478, 52.07518067821394 ], [ 5.141559222578607, 52.075257728256098 ], [ 5.141495646355324, 52.075264621884891 ], [ 5.141410528969894, 52.075255974709378 ], [ 5.141333947649457, 52.075233976966437 ], [ 5.141260926734703, 52.075187994536499 ], [ 5.141229555159705, 52.075157248323201 ], [ 5.141214833959916, 52.07513142541238 ], [ 5.141195129272012, 52.075129860772527 ], [ 5.141195269572466, 52.075122872324535 ], [ 5.140904499495043, 52.075170412827767 ], [ 5.140904126488385, 52.075179376403717 ], [ 5.140895966399991, 52.075181062784388 ], [ 5.140983757069188, 52.075427752808466 ] ] ] ] } },
{ "type": "Feature", "properties": { "fid": 495, "id": null, "FUNCTIE": "01_Water", "Info": null, "Verhaal": null }, "geometry": { "type": "MultiPolygon", "coordinates": [ [ [ [ 5.139170429630489, 52.073597096758654 ], [ 5.138973797695154, 52.073704093490484 ], [ 5.139007077517174, 52.07372477035527 ], [ 5.138989799948678, 52.073738932012404 ], [ 5.138981249011572, 52.073753201275522 ], [ 5.138975755031582, 52.073765897952519 ], [ 5.138977846763475, 52.073786157256478 ], [ 5.13899316658795, 52.073805240197458 ], [ 5.139828519305444, 52.074543492620002 ], [ 5.139929235078891, 52.074617650653025 ], [ 5.140005234105976, 52.07466314327074 ], [ 5.140112278691059, 52.074720212299532 ], [ 5.140280721042985, 52.074794815989335 ], [ 5.140359183245145, 52.074822848973959 ], [ 5.140438972226929, 52.074839973102158 ], [ 5.140472776514812, 52.074846723781668 ], [ 5.140475971245029, 52.074852749993262 ], [ 5.140437403966118, 52.074863989775984 ], [ 5.140380994588845, 52.074874704984929 ], [ 5.140305314788796, 52.074890004241588 ], [ 5.140190203562189, 52.074920267651763 ], [ 5.140078865171793, 52.074954772462931 ], [ 5.140014953084464, 52.074978497543334 ], [ 5.139901305157255, 52.075021167631817 ], [ 5.139811904016491, 52.075055411579953 ], [ 5.139707175883331, 52.075093285210805 ], [ 5.139579534273628, 52.075131003516979 ], [ 5.139407167956183, 52.075178482124592 ], [ 5.139419226046444, 52.07521240046988 ], [ 5.139636570929579, 52.075154789645346 ], [ 5.139775609032241, 52.075113274359602 ], [ 5.139890572870983, 52.075074544196639 ], [ 5.139983971213987, 52.075037302069923 ], [ 5.140076128330953, 52.075000225293486 ], [ 5.14013887392333, 52.074981592299061 ], [ 5.140223999893967, 52.074957593817501 ], [ 5.140337105697702, 52.074929422214048 ], [ 5.140421631933582, 52.07490467811715 ], [ 5.140559634596021, 52.074879171551238 ], [ 5.14062447585028, 52.074909680074178 ], [ 5.14071686074332, 52.074961773691186 ], [ 5.140764525747389, 52.074998861786867 ], [ 5.140803854403558, 52.075048022652368 ], [ 5.140821809619394, 52.075092207072593 ], [ 5.140855468833162, 52.075086897564653 ], [ 5.140864590877041, 52.075104800573122 ], [ 5.141162893199342, 52.075056915467769 ], [ 5.141164113410379, 52.07504362231488 ], [ 5.14114928468439, 52.074999560728337 ], [ 5.141116069486372, 52.074951491106376 ], [ 5.141035963985328, 52.074869591443019 ], [ 5.14097150529603, 52.074818874323398 ], [ 5.140898630226106, 52.074777769012108 ], [ 5.140847864100721, 52.074728448448425 ], [ 5.140820444905994, 52.074695639748505 ], [ 5.140809332281627, 52.074670568074197 ], [ 5.140812999822734, 52.074644592861816 ], [ 5.140836350830865, 52.07460845756205 ], [ 5.140983074246201, 52.074434152159476 ], [ 5.140817077206334, 52.074128854424956 ], [ 5.140669995521932, 52.074290156897341 ], [ 5.140731047023985, 52.074385891775009 ], [ 5.140514837853505, 52.0746299120757 ], [ 5.140296045746866, 52.074560676125266 ], [ 5.140257949321194, 52.074526497524765 ], [ 5.140254391561539, 52.074513626044485 ], [ 5.140261367234096, 52.07449520786642 ], [ 5.140271576861227, 52.074484428120527 ], [ 5.140289675871216, 52.074462298282299 ], [ 5.140697044273802, 52.073991011373103 ], [ 5.140702785321876, 52.073979675891984 ], [ 5.140705381884177, 52.073967606237289 ], [ 5.140703112746515, 52.073951401511316 ], [ 5.140695231891442, 52.073932858815731 ], [ 5.14020635672227, 52.073044890125921 ], [ 5.140186604153476, 52.073016485056357 ], [ 5.140170176931485, 52.073002157588157 ], [ 5.14014838678018, 52.072987249821878 ], [ 5.140134604781307, 52.07297997856611 ], [ 5.140094678012557, 52.072966223745944 ], [ 5.138592056477446, 52.072621916160479 ], [ 5.137860085742375, 52.072856089162947 ], [ 5.137818482128495, 52.072864629812543 ], [ 5.1377806390733, 52.072868079986243 ], [ 5.137745374089968, 52.072863048691609 ], [ 5.137727561582346, 52.072856740092263 ], [ 5.137402351188419, 52.072694395353615 ], [ 5.137296268558101, 52.072778541539357 ], [ 5.137251420348933, 52.072756044288887 ], [ 5.137238924279676, 52.072759649623968 ], [ 5.137221435250302, 52.072750498253285 ], [ 5.137186050177607, 52.072775128464805 ], [ 5.137202043859288, 52.072783367304332 ], [ 5.137185204113612, 52.072793891020616 ], [ 5.137589646593433, 52.073056183798244 ], [ 5.137628089369569, 52.073097159257777 ], [ 5.137665519169998, 52.073128853584343 ], [ 5.137693599785115, 52.073145592914571 ], [ 5.138742048439273, 52.07364967217034 ], [ 5.138781671549065, 52.073667264470714 ], [ 5.138827453051187, 52.073670325050692 ], [ 5.138858118132753, 52.07366701095215 ], [ 5.138891634481856, 52.073656814015465 ], [ 5.138911315967109, 52.073665273306538 ], [ 5.139108614207055, 52.073556965757419 ], [ 5.138629005490056, 52.073250391107244 ], [ 5.138417427359387, 52.073325595832202 ], [ 5.13784384478572, 52.073056983920104 ], [ 5.138634640449282, 52.072803771510188 ], [ 5.13990805362061, 52.073099164248916 ], [ 5.140363885580817, 52.073911830459288 ], [ 5.139936482228895, 52.074399682860474 ], [ 5.13950799828556, 52.074016897131216 ], [ 5.13963392458119, 52.073893893519546 ], [ 5.139170429630489, 52.073597096758654 ] ] ] ] } },
{ "type": "Feature", "properties": { "fid": 496, "id": null, "FUNCTIE": "01_Water", "Info": null, "Verhaal": null }, "geometry": { "type": "MultiPolygon", "coordinates": [ [ [ [ 5.133860876131246, 52.070604869195151 ], [ 5.133845246487604, 52.070618073262494 ], [ 5.133862781321398, 52.070736499374362 ], [ 5.133898194402111, 52.071317138649988 ], [ 5.133903725177031, 52.071472895627821 ], [ 5.13390905655842, 52.071483648679695 ], [ 5.133917114018918, 52.071496202089712 ], [ 5.133929579409036, 52.071510193748168 ], [ 5.133947406667876, 52.071524418319342 ], [ 5.133984994350165, 52.071543538090495 ], [ 5.134046942463275, 52.071564181537738 ], [ 5.13510617455519, 52.071815023137681 ], [ 5.135177752076064, 52.071832000599031 ], [ 5.135202926733073, 52.071837245442403 ], [ 5.13522226786164, 52.071839482019726 ], [ 5.135245451430976, 52.071840154372609 ], [ 5.135325921431233, 52.07182342530669 ], [ 5.13537709785354, 52.071786640758496 ], [ 5.135404049567932, 52.071797846826982 ], [ 5.135539905921806, 52.071668658138194 ], [ 5.135013430369803, 52.071454938775531 ], [ 5.134826441462295, 52.071568369690603 ], [ 5.134356804264255, 52.071403870468217 ], [ 5.134877642242188, 52.071129493459274 ], [ 5.136181247127158, 52.071110966383806 ], [ 5.136766157990991, 52.07180310748646 ], [ 5.136251915837545, 52.072062010401297 ], [ 5.136108843667488, 52.071875900179876 ], [ 5.135866472932276, 52.071715378170062 ], [ 5.135618926744552, 52.071700007456904 ], [ 5.13548916887302, 52.071833400171762 ], [ 5.135509941245563, 52.071843112589235 ], [ 5.135482906809343, 52.071870868479301 ], [ 5.135474479904119, 52.071893371805835 ], [ 5.135474167018949, 52.071906207582721 ], [ 5.135477157232827, 52.071919274514222 ], [ 5.135482786700093, 52.071930916258964 ], [ 5.135498306113217, 52.071949588755992 ], [ 5.135572609304019, 52.07199589366288 ], [ 5.136420342186372, 52.072479836028911 ], [ 5.136514580457661, 52.072506085403454 ], [ 5.136598335010538, 52.072524634119851 ], [ 5.13670946589584, 52.072562866760279 ], [ 5.136770015691917, 52.072595628855836 ], [ 5.136809403664721, 52.072585277691729 ], [ 5.136836329646033, 52.072596809848726 ], [ 5.136900226773927, 52.072556964298698 ], [ 5.136881001827577, 52.072543261789463 ], [ 5.136888632450381, 52.072536605814541 ], [ 5.136913092832604, 52.072546911078369 ], [ 5.136959866423886, 52.072510358537969 ], [ 5.136946178213574, 52.072464317536252 ], [ 5.136836625188063, 52.072413089628697 ], [ 5.13726483238425, 52.071804626615481 ], [ 5.13651044624058, 52.070787496945613 ], [ 5.134712737508693, 52.070877991537543 ], [ 5.134536548560154, 52.070900492690171 ], [ 5.134455604854517, 52.070937117731958 ], [ 5.134329815617234, 52.070872745375453 ], [ 5.13405174288957, 52.070510815345493 ], [ 5.133860876131246, 52.070604869195151 ] ] ] ] } },
{ "type": "Feature", "properties": { "fid": 12, "id": null, "FUNCTIE": "01_Water", "Info": null, "Verhaal": null }, "geometry": { "type": "MultiPolygon", "coordinates": [ [ [ [ 5.089781831193187, 52.118560521680699 ], [ 5.088197039484813, 52.118826160218362 ], [ 5.088196148747558, 52.118826348519136 ], [ 5.088361493411195, 52.118819655393835 ], [ 5.089800459156025, 52.118576497315068 ], [ 5.090365385817049, 52.119006182267789 ], [ 5.089892772508656, 52.119219882641886 ], [ 5.089847734572916, 52.119222578224388 ], [ 5.089789933925601, 52.119221914427207 ], [ 5.089716418633293, 52.119215144010127 ], [ 5.089654629414817, 52.11920389136624 ], [ 5.089611694601516, 52.119192604783606 ], [ 5.089546580686013, 52.119168871784353 ], [ 5.089439397413883, 52.119114201807939 ], [ 5.089365580023405, 52.119081764467211 ], [ 5.089299377886269, 52.119058538210567 ], [ 5.089249064099508, 52.119045826857366 ], [ 5.089193546137525, 52.119037332936301 ], [ 5.089127010334101, 52.11903379836393 ], [ 5.089054628272091, 52.1190354932708 ], [ 5.088979333815817, 52.119041812073249 ], [ 5.088976825419544, 52.119075539421139 ], [ 5.089006893600274, 52.11906904271877 ], [ 5.089038939684849, 52.119064436570831 ], [ 5.089096559425272, 52.119060675409578 ], [ 5.089168444892705, 52.119063304329593 ], [ 5.089229914057779, 52.119071877725197 ], [ 5.08927378720322, 52.119081675257739 ], [ 5.089316960981362, 52.119094459056562 ], [ 5.089384760793947, 52.119129930820868 ], [ 5.089459301746846, 52.119165455275095 ], [ 5.08952895378338, 52.119194734485198 ], [ 5.089583338864101, 52.119213321736311 ], [ 5.089644684150244, 52.11922920145998 ], [ 5.089712663839288, 52.119241899234716 ], [ 5.089770741851561, 52.119247468167231 ], [ 5.089821568478021, 52.119246389097881 ], [ 5.089000898482436, 52.119596967821764 ], [ 5.08895472673366, 52.119642022341445 ], [ 5.090425962319607, 52.119013474251531 ], [ 5.089806231122711, 52.118538448524873 ], [ 5.089771609729589, 52.118545672483094 ], [ 5.089781831193187, 52.118560521680699 ] ] ] ] } },
{ "type": "Feature", "properties": { "fid": 13, "id": null, "FUNCTIE": "01_Water", "Info": null, "Verhaal": null }, "geometry": { "type": "MultiPolygon", "coordinates": [ [ [ [ 5.087538278984413, 52.118998469115603 ], [ 5.08758959120647, 52.119557855014513 ], [ 5.087894196323782, 52.119720072268869 ], [ 5.088356184368775, 52.119903335358011 ], [ 5.088416108048051, 52.119917128728254 ], [ 5.088462433115231, 52.119922984198269 ], [ 5.088497624112788, 52.119924662946893 ], [ 5.088535002066235, 52.119923513887315 ], [ 5.088573487708799, 52.11991863882961 ], [ 5.088612001770431, 52.119909139585218 ], [ 5.088630932185822, 52.119902375209506 ], [ 5.08866746523985, 52.119884255584552 ], [ 5.088684798060111, 52.119872675789033 ], [ 5.088954705127013, 52.119642043428499 ], [ 5.089000887746919, 52.119596971566835 ], [ 5.089250091459136, 52.119387154024643 ], [ 5.089264617963981, 52.119369876152589 ], [ 5.089277046533062, 52.119349459299698 ], [ 5.089284136255134, 52.119332513695568 ], [ 5.089288676253194, 52.119313432741315 ], [ 5.089289301160862, 52.11929267256123 ], [ 5.089287718779736, 52.119281805300275 ], [ 5.089279910997299, 52.119259381513992 ], [ 5.089264774723269, 52.119236418810303 ], [ 5.089254031728314, 52.119224877902298 ], [ 5.089225342676585, 52.119201962048187 ], [ 5.089196202762555, 52.11918483332142 ], [ 5.089001813266842, 52.11910674514472 ], [ 5.088765218040056, 52.119196639 ], [ 5.089035130766317, 52.119309904826544 ], [ 5.088526768068939, 52.119759137065465 ], [ 5.087866460232879, 52.119496260733982 ], [ 5.087833216631791, 52.118996110689501 ], [ 5.088718213559655, 52.118955493255847 ], [ 5.088719261685931, 52.118955724478454 ], [ 5.088736240240971, 52.119160494474606 ], [ 5.088976820326575, 52.119075582273602 ], [ 5.088979342316954, 52.119041697768722 ], [ 5.088966317937393, 52.118925707224591 ], [ 5.088957111950468, 52.118906632006102 ], [ 5.088944190114132, 52.118888321562423 ], [ 5.08893156661336, 52.118874469979012 ], [ 5.088915263578433, 52.118860119573725 ], [ 5.088883024187339, 52.118839190313821 ], [ 5.088840228295189, 52.118821077202156 ], [ 5.088805158143316, 52.118811733280808 ], [ 5.08878550936131, 52.118808143331542 ], [ 5.088744503944579, 52.118803733628646 ], [ 5.088196003490173, 52.118826354358731 ], [ 5.08776312814841, 52.118850118614191 ], [ 5.087717081884802, 52.118857377282737 ], [ 5.087678970348667, 52.118867512766421 ], [ 5.087638223306676, 52.118883657941112 ], [ 5.087611706492292, 52.118898436667941 ], [ 5.087587186418127, 52.118916901210092 ], [ 5.087565930317116, 52.118939457505896 ], [ 5.087549205425504, 52.118966511494605 ], [ 5.087538278984413, 52.118998469115603 ] ] ] ] } },
{ "type": "Feature", "properties": { "fid": 14, "id": null, "FUNCTIE": "01_Water", "Info": null, "Verhaal": null }, "geometry": { "type": "MultiPolygon", "coordinates": [ [ [ [ 5.102805005678379, 52.129266525746793 ], [ 5.102783198449879, 52.129246211116453 ], [ 5.102765727642287, 52.129252184397664 ], [ 5.102748949607613, 52.129254350632273 ], [ 5.102697247928695, 52.129248456124927 ], [ 5.102651331152372, 52.129249634292229 ], [ 5.10263668626289, 52.129252595701146 ], [ 5.102595141571911, 52.129268995335821 ], [ 5.102608743300509, 52.129290599744813 ], [ 5.102620256348845, 52.129305811371147 ], [ 5.102643878102528, 52.129331370482376 ], [ 5.102664615599615, 52.129349754254449 ], [ 5.102732574551119, 52.129397931148603 ], [ 5.102806330903586, 52.129440763114637 ], [ 5.102935863496662, 52.12938856607493 ], [ 5.102836672753195, 52.129334780301029 ], [ 5.10281887069081, 52.12932175730397 ], [ 5.102807757160141, 52.129308074671826 ], [ 5.102802330842286, 52.129295023797624 ], [ 5.10280134442807, 52.129279936023977 ], [ 5.102805005678379, 52.129266525746793 ] ] ] ] } },
{ "type": "Feature", "properties": { "fid": 15, "id": null, "FUNCTIE": "01_Water", "Info": null, "Verhaal": null }, "geometry": { "type": "MultiPolygon", "coordinates": [ [ [ [ 5.101647905804399, 52.12825096839282 ], [ 5.101512831506223, 52.128285380030242 ], [ 5.101994584069577, 52.128698974231 ], [ 5.10220192003603, 52.128899935651106 ], [ 5.102529490741619, 52.129225294149336 ], [ 5.102547824050341, 52.129219722276517 ], [ 5.102578765827821, 52.129245696159295 ], [ 5.102604461980737, 52.129234493733804 ], [ 5.102582647944409, 52.129211917592045 ], [ 5.10260464959862, 52.129201834061199 ], [ 5.102595629058314, 52.129187185539074 ], [ 5.102561044134186, 52.129151008763955 ], [ 5.102475511536391, 52.129075340623032 ], [ 5.102475565323098, 52.129067460012671 ], [ 5.102468699388435, 52.129050516410544 ], [ 5.102458878734168, 52.129031930398753 ], [ 5.102446933017467, 52.129013975536864 ], [ 5.102420674527174, 52.12898276719838 ], [ 5.102376524285009, 52.128939806673017 ], [ 5.10235628080617, 52.128913586209528 ], [ 5.102321452783244, 52.128849916212786 ], [ 5.102287809410429, 52.128766181296044 ], [ 5.10225502632691, 52.12869842409193 ], [ 5.10222004301745, 52.128638739152912 ], [ 5.102177975483699, 52.128578656812088 ], [ 5.102131309073454, 52.128518865167287 ], [ 5.102085605950722, 52.128464688552647 ], [ 5.101801219748075, 52.128167733484851 ], [ 5.101800362366693, 52.1281668530657 ], [ 5.101767294353425, 52.128187045412638 ], [ 5.101839011866449, 52.128263922919096 ], [ 5.10195538363531, 52.128380384148251 ], [ 5.102016903256177, 52.128450839670315 ], [ 5.102083578251704, 52.128519245577877 ], [ 5.102103612736382, 52.128545476207158 ], [ 5.102110655507182, 52.128557739373903 ], [ 5.102144529822342, 52.12863274845796 ], [ 5.102149459160273, 52.128646926360325 ], [ 5.102150373269401, 52.128656028749958 ], [ 5.102149301846854, 52.128663340191537 ], [ 5.102137484484424, 52.128692626741554 ], [ 5.102114796953086, 52.128688961383062 ], [ 5.102098364918855, 52.12867926368542 ], [ 5.102082522794177, 52.128662403654261 ], [ 5.102046578236103, 52.128631150736112 ], [ 5.101974747746986, 52.128553499720937 ], [ 5.101957251777717, 52.128538149894027 ], [ 5.10190507882208, 52.128499172711223 ], [ 5.101860631318413, 52.128460622327715 ], [ 5.101803337924419, 52.128403479658346 ], [ 5.101728570354187, 52.128321775564764 ], [ 5.101689236067784, 52.128285127128372 ], [ 5.101647905804399, 52.12825096839282 ] ] ] ] } },
{ "type": "Feature", "properties": { "fid": 17, "id": null, "FUNCTIE": "01_Water", "Info": null, "Verhaal": null }, "geometry": { "type": "MultiPolygon", "coordinates": [ [ [ [ 5.139536184559508, 52.115678395599311 ], [ 5.139610248806422, 52.115664686942544 ], [ 5.140052279080427, 52.116422410239473 ], [ 5.140054607906603, 52.116436843979685 ], [ 5.140061351046636, 52.116447975048871 ], [ 5.140071474568232, 52.116455885043443 ], [ 5.140084955539846, 52.116461769977711 ], [ 5.140100608822957, 52.11646534487592 ], [ 5.140116939878812, 52.116466225730356 ], [ 5.140161438715241, 52.116461946773512 ], [ 5.140266204870974, 52.116444629542194 ], [ 5.140274674178357, 52.116438523186886 ], [ 5.140277779552743, 52.116428314703462 ], [ 5.140273756055853, 52.116417796104137 ], [ 5.140264476765805, 52.116410364795939 ], [ 5.140252757011252, 52.116407046152212 ], [ 5.140230503842756, 52.116404994835293 ], [ 5.140185672465953, 52.116405091181278 ], [ 5.13976498204137, 52.115667265568597 ], [ 5.139732677788162, 52.115656996164802 ], [ 5.139726319395784, 52.115643117313688 ], [ 5.13989375374795, 52.115607826155184 ], [ 5.139910143066494, 52.115584041713888 ], [ 5.139887627766747, 52.115582013672359 ], [ 5.139526643344109, 52.11565857133801 ], [ 5.139536184559508, 52.115678395599311 ] ] ] ] } },
{ "type": "Feature", "properties": { "fid": 18, "id": null, "FUNCTIE": "01_Water", "Info": null, "Verhaal": null }, "geometry": { "type": "MultiPolygon", "coordinates": [ [ [ [ 5.104080053116061, 52.128719837037131 ], [ 5.104062941186387, 52.128692281093159 ], [ 5.103199585566602, 52.129025599902597 ], [ 5.102949628724078, 52.129139316962771 ], [ 5.102810123014884, 52.12923199663981 ], [ 5.102834437772585, 52.129247053138975 ], [ 5.102898085540147, 52.129215667254165 ], [ 5.103030334053843, 52.129142392881278 ], [ 5.10313067050485, 52.129099077665423 ], [ 5.103167352087182, 52.129087150316934 ], [ 5.103509271379767, 52.129403201653801 ], [ 5.102284872175368, 52.12991056274705 ], [ 5.101512387521814, 52.129189477920384 ], [ 5.10204787429488, 52.128953698215668 ], [ 5.101853747134586, 52.128779091447683 ], [ 5.101312944545005, 52.129012071838773 ], [ 5.101263793160717, 52.129038221509958 ], [ 5.101238540197769, 52.129055760932602 ], [ 5.101212427792173, 52.129078493910512 ], [ 5.101192921872162, 52.12910049705502 ], [ 5.10118010117181, 52.129119264559932 ], [ 5.101167349382518, 52.129145487509405 ], [ 5.101161419477314, 52.129165115696217 ], [ 5.101157962267797, 52.129193085112931 ], [ 5.101159716972347, 52.129218867923079 ], [ 5.101165206164506, 52.129241992559322 ], [ 5.101172952413118, 52.129261987454136 ], [ 5.101184238129133, 52.129282963772717 ], [ 5.101195696401237, 52.129298775697009 ], [ 5.101962274882956, 52.130011744127906 ], [ 5.10198825394367, 52.130038330784465 ], [ 5.10200721806109, 52.130053663624786 ], [ 5.102031755814882, 52.130070173780574 ], [ 5.102073690446447, 52.130092062949622 ], [ 5.102112465280616, 52.130106919732178 ], [ 5.102157869682112, 52.13011918201903 ], [ 5.102196310165273, 52.13012595550348 ], [ 5.102235715104778, 52.130129798811424 ], [ 5.102273368058877, 52.130130686534137 ], [ 5.102325867387725, 52.130127568493023 ], [ 5.102372637281756, 52.130120608635643 ], [ 5.102412605274777, 52.130111491913773 ], [ 5.102444698909802, 52.130101903279417 ], [ 5.102473387804756, 52.130091296609798 ], [ 5.103135902198806, 52.129814074344957 ], [ 5.103188878554218, 52.129887459350464 ], [ 5.103211581102185, 52.12992983200396 ], [ 5.103238024401564, 52.129970319913149 ], [ 5.103269116965474, 52.130010371468877 ], [ 5.103305200110523, 52.130050998134351 ], [ 5.103340485210835, 52.130083618827129 ], [ 5.103409353194954, 52.130136755551192 ], [ 5.103457328634202, 52.13018293047957 ], [ 5.103481077184488, 52.130203274514315 ], [ 5.103522633344571, 52.130233205078092 ], [ 5.103572394821182, 52.130262712454844 ], [ 5.103618656466286, 52.130252354191022 ], [ 5.103576571114094, 52.130217399695809 ], [ 5.103515051055077, 52.130171111234837 ], [ 5.103473159804322, 52.130132555075704 ], [ 5.103421266074542, 52.130095606808844 ], [ 5.10336847188973, 52.13005060465845 ], [ 5.103363435428282, 52.130044677687472 ], [ 5.10336407300861, 52.130041236424816 ], [ 5.103377050928402, 52.130039153823859 ], [ 5.103407277488254, 52.13004247578629 ], [ 5.103446170351837, 52.130052680232737 ], [ 5.103467252372943, 52.130062343336903 ], [ 5.103500359233617, 52.130088628605861 ], [ 5.103536724719397, 52.130123174859627 ], [ 5.103611598168251, 52.130182321241996 ], [ 5.103675079952475, 52.130237394251807 ], [ 5.10369713464385, 52.130211993341014 ], [ 5.103624517897121, 52.130143735825584 ], [ 5.103509456225822, 52.130042326988452 ], [ 5.103467863467237, 52.130001081137834 ], [ 5.103438481319372, 52.129967986351559 ], [ 5.103410004369409, 52.129929852723627 ], [ 5.103391289597161, 52.129899209180799 ], [ 5.103378552129673, 52.129872278452211 ], [ 5.103361875415815, 52.129824402724218 ], [ 5.103346308778311, 52.129788049930625 ], [ 5.103331464083025, 52.1297589112406 ], [ 5.103316971478226, 52.12974241279619 ], [ 5.103716315666363, 52.129576381671356 ], [ 5.1037445996517, 52.129562812777564 ], [ 5.103770372539274, 52.129547764453179 ], [ 5.103796692824809, 52.129528763521762 ], [ 5.103815543549071, 52.129511793814004 ], [ 5.10383265882665, 52.1294923960387 ], [ 5.103843639900269, 52.129476510751772 ], [ 5.103855257747253, 52.129453518495367 ], [ 5.10386211434755, 52.129431141398918 ], [ 5.103864885183513, 52.129409599601495 ], [ 5.10386424573582, 52.12938911324175 ], [ 5.103858369892154, 52.129360844200342 ], [ 5.103848620471857, 52.129336188171237 ], [ 5.10383353594849, 52.12931021784685 ], [ 5.103817619450872, 52.129289878489359 ], [ 5.10346111361908, 52.128957157274037 ], [ 5.104080053116061, 52.128719837037131 ] ] ] ] } },
{ "type": "Feature", "properties": { "fid": 19, "id": null, "FUNCTIE": "01_Water", "Info": null, "Verhaal": null }, "geometry": { "type": "MultiPolygon", "coordinates": [ [ [ [ 5.138762555936228, 52.115857136083697 ], [ 5.138791580462359, 52.11584728658039 ], [ 5.138905287413091, 52.115813999563841 ], [ 5.13901316576627, 52.115783968229906 ], [ 5.139358434549671, 52.11572504201763 ], [ 5.139387861068892, 52.11571970877872 ], [ 5.139403994380584, 52.11571379554568 ], [ 5.139579093483845, 52.116041187629236 ], [ 5.139508495179406, 52.116044990429423 ], [ 5.139424624904565, 52.116046812586688 ], [ 5.13923781859698, 52.116074159838384 ], [ 5.139250589168801, 52.116092019427519 ], [ 5.139440486184125, 52.116063871703979 ], [ 5.139496281610612, 52.116060195985199 ], [ 5.139553404715005, 52.116060941172101 ], [ 5.139582420776335, 52.116055106504213 ], [ 5.139764059077642, 52.116388402398755 ], [ 5.139196856310241, 52.116510082477234 ], [ 5.13898962044003, 52.116151139880117 ], [ 5.139224801833459, 52.116097888270446 ], [ 5.139218512149055, 52.116076152264874 ], [ 5.139150901622224, 52.116087937395569 ], [ 5.139078951574203, 52.116103790955023 ], [ 5.139014149146364, 52.116121154931044 ], [ 5.138938029673402, 52.116144882579704 ], [ 5.139170735808088, 52.116537570590467 ], [ 5.139805062540825, 52.11639659622962 ], [ 5.139430626624938, 52.11570944759886 ], [ 5.139430533947995, 52.11570803848349 ], [ 5.139444126343353, 52.115709054240398 ], [ 5.139459325311285, 52.115707091987261 ], [ 5.13947071941988, 52.115702944259475 ], [ 5.139479737213336, 52.115696619915902 ], [ 5.139485184423783, 52.115688350817948 ], [ 5.139485914105413, 52.115679503686771 ], [ 5.139481953095003, 52.115670865002613 ], [ 5.139475088446609, 52.115664392735795 ], [ 5.139395349666517, 52.115676345781779 ], [ 5.139306870212331, 52.115697111741142 ], [ 5.139223565940775, 52.115708498912277 ], [ 5.139134248530037, 52.115724761994926 ], [ 5.138970456301659, 52.115756192471437 ], [ 5.138829846544369, 52.115786115131939 ], [ 5.138723742938867, 52.115818699835224 ], [ 5.138711322123238, 52.115823900378778 ], [ 5.13870454896016, 52.115828768956582 ], [ 5.138700667220193, 52.115837309786137 ], [ 5.138703142921543, 52.115845253199225 ], [ 5.138710629353216, 52.115853718564935 ], [ 5.138723891324464, 52.11586300102018 ], [ 5.138762555936228, 52.115857136083697 ] ] ] ] } },
{ "type": "Feature", "properties": { "fid": 20, "id": null, "FUNCTIE": "01_Water", "Info": null, "Verhaal": null }, "geometry": { "type": "MultiPolygon", "coordinates": [ [ [ [ 5.138546895375097, 52.115850739060903 ], [ 5.138559497895768, 52.115900313815047 ], [ 5.138734770143922, 52.116223735942661 ], [ 5.13876693053624, 52.116229748997121 ], [ 5.138812045106754, 52.116221915577405 ], [ 5.138831448908021, 52.116206100658701 ], [ 5.138643331767831, 52.115876706032736 ], [ 5.138630641280815, 52.115842986587253 ], [ 5.13859525089208, 52.11583894865857 ], [ 5.138546895375097, 52.115850739060903 ] ] ] ] } },
{ "type": "Feature", "properties": { "fid": 22, "id": null, "FUNCTIE": "01_Water", "Info": null, "Verhaal": null }, "geometry": { "type": "MultiPolygon", "coordinates": [ [ [ [ 5.144604544850213, 52.096104703796776 ], [ 5.144606158163228, 52.09610272718227 ], [ 5.14467680589931, 52.096089773085048 ], [ 5.144731717993118, 52.096075093675829 ], [ 5.144786445920931, 52.096055214145785 ], [ 5.144830445957389, 52.096034207934075 ], [ 5.144870310456358, 52.096008938111829 ], [ 5.144960761312901, 52.095932657684756 ], [ 5.145065169125524, 52.095856589223168 ], [ 5.145126828527914, 52.09581879102106 ], [ 5.14515640537033, 52.095804041702834 ], [ 5.145197268063621, 52.09578660515524 ], [ 5.145239054525368, 52.095771478370622 ], [ 5.145293073176987, 52.095755307816404 ], [ 5.145343690276453, 52.095743106519393 ], [ 5.14538931031728, 52.095734219447856 ], [ 5.145444880715413, 52.09572567013678 ], [ 5.145505381971652, 52.095718554286819 ], [ 5.145560367453111, 52.095714399570724 ], [ 5.145617051719816, 52.095712392728288 ], [ 5.146207433900019, 52.094512764284318 ], [ 5.146229885917395, 52.094482399779977 ], [ 5.1462568336544, 52.094452346795755 ], [ 5.146280985327294, 52.094429061105551 ], [ 5.14631044350507, 52.094404065275661 ], [ 5.146345514438429, 52.094378122294245 ], [ 5.146409314680168, 52.094339100946392 ], [ 5.146459757355195, 52.094314128150558 ], [ 5.14648746629288, 52.094302240302191 ], [ 5.146548050781058, 52.094280138567925 ], [ 5.146581002897478, 52.094270115427022 ], [ 5.146648985937204, 52.09425332243358 ], [ 5.146741498334583, 52.094237973684891 ], [ 5.146800515218128, 52.094232338794527 ], [ 5.146856863484279, 52.09422979880231 ], [ 5.146935365631015, 52.094230698271446 ], [ 5.147005249274777, 52.094235749467529 ], [ 5.147082309934171, 52.094246026710024 ], [ 5.14716056685431, 52.094262125097821 ], [ 5.148034207666668, 52.094530436999115 ], [ 5.148093931294036, 52.09454359947825 ], [ 5.14815103883012, 52.09455942605895 ], [ 5.148198724438653, 52.094575634938735 ], [ 5.148248611084717, 52.094596066253281 ], [ 5.148282220379645, 52.094612256634747 ], [ 5.148315501011798, 52.094630659216676 ], [ 5.148347930220082, 52.094651408225403 ], [ 5.148378985242729, 52.094674637887799 ], [ 5.148404951917566, 52.094697420301053 ], [ 5.148434296480938, 52.094728413367264 ], [ 5.14845041216593, 52.094748871295295 ], [ 5.148470009603022, 52.094778880565435 ], [ 5.148484829667459, 52.094807630950946 ], [ 5.148498546496748, 52.094843139817598 ], [ 5.148514965284907, 52.094915093465971 ], [ 5.148517988565533, 52.09494454504248 ], [ 5.148518241201755, 52.094978662475633 ], [ 5.148514670223585, 52.095015176730392 ], [ 5.148507310083493, 52.095050893953868 ], [ 5.148510169856672, 52.095053491090752 ], [ 5.150009411433526, 52.095559793828649 ], [ 5.150058874503583, 52.095580429091932 ], [ 5.150097120638801, 52.095598576544006 ], [ 5.150138049433104, 52.095620382175909 ], [ 5.150180346076295, 52.095645970868219 ], [ 5.150243479607152, 52.095691720326087 ], [ 5.15028344356711, 52.095727313035042 ], [ 5.150302294971977, 52.09574668414335 ], [ 5.150336914866689, 52.095788653923087 ], [ 5.150352354649387, 52.095811283817149 ], [ 5.150379070408428, 52.095860799131358 ], [ 5.150398534704276, 52.09591662829699 ], [ 5.150407146927681, 52.095970164037197 ], [ 5.150406546046685, 52.096021013098643 ], [ 5.150403302872419, 52.096045307232338 ], [ 5.150391955422868, 52.096091388919433 ], [ 5.150365854614648, 52.09615350763913 ], [ 5.150344791203842, 52.096189677408887 ], [ 5.150322709680371, 52.096221194209008 ], [ 5.150291263799179, 52.096258884840324 ], [ 5.150257226555605, 52.096292647637782 ], [ 5.149375051376438, 52.097010214133356 ], [ 5.150054539709687, 52.097145344386796 ], [ 5.15016121449395, 52.097089211001141 ], [ 5.149597523459311, 52.096974770369016 ], [ 5.150246953592024, 52.096417452850055 ], [ 5.150363299486876, 52.096319594534449 ], [ 5.150391051659756, 52.096291360264672 ], [ 5.150423980556391, 52.096252021774106 ], [ 5.150460110530447, 52.096199108756906 ], [ 5.15048287116431, 52.09615709542566 ], [ 5.150502397923733, 52.096110254098832 ], [ 5.15051682819621, 52.096059066828794 ], [ 5.150521550086758, 52.09603199410639 ], [ 5.150524843257418, 52.095975191768829 ], [ 5.150522948892425, 52.095945582666168 ], [ 5.150510914155352, 52.095884249872761 ], [ 5.150500308143204, 52.095852646693075 ], [ 5.150486332609948, 52.095820499331545 ], [ 5.150455501055881, 52.095766839633875 ], [ 5.150419581050512, 52.095719329431503 ], [ 5.150379157384458, 52.095676354536572 ], [ 5.150357666483041, 52.09565652871273 ], [ 5.150312946148727, 52.095620122079922 ], [ 5.150243978125435, 52.095573389974732 ], [ 5.150176679155767, 52.095535735781091 ], [ 5.150115475070909, 52.095506737070174 ], [ 5.150039033224846, 52.095476492980431 ], [ 5.148650314400331, 52.094988360808706 ], [ 5.14864746168104, 52.09498528008352 ], [ 5.148649345236981, 52.094956155422537 ], [ 5.148647831437112, 52.094918516614413 ], [ 5.148637161189117, 52.094861685489619 ], [ 5.148624107991932, 52.094823447771567 ], [ 5.148611950757316, 52.094796605784879 ], [ 5.148577866968702, 52.094740490151224 ], [ 5.148554986171668, 52.094711224163227 ], [ 5.148524887450344, 52.094678654982772 ], [ 5.148475974152593, 52.094635228636882 ], [ 5.148441766075413, 52.094609746692576 ], [ 5.148407007371993, 52.094586920447384 ], [ 5.148338336629345, 52.094548825470547 ], [ 5.148274959005482, 52.094520124546705 ], [ 5.148210793163138, 52.09449621085745 ], [ 5.147314950669442, 52.094203982287539 ], [ 5.147270013756592, 52.094190432345933 ], [ 5.147201200991242, 52.094173166899047 ], [ 5.147143595856542, 52.094161429709203 ], [ 5.14704189480438, 52.094146239501441 ], [ 5.146965241112865, 52.09413933069898 ], [ 5.146924603600297, 52.094137255086579 ], [ 5.146839282618314, 52.094136550420679 ], [ 5.146749334187792, 52.094141359810159 ], [ 5.146655678891254, 52.094152785629653 ], [ 5.146607748847156, 52.094161324193649 ], [ 5.146559237299905, 52.094171930257176 ], [ 5.146514624016789, 52.094183512725792 ], [ 5.146437637819778, 52.094208024617913 ], [ 5.146368883364358, 52.094235499398472 ], [ 5.146337476846677, 52.094250083350332 ], [ 5.14628037284854, 52.094280415332605 ], [ 5.146208292304435, 52.094327236363739 ], [ 5.146151386889873, 52.094373105634702 ], [ 5.146096949911022, 52.094427846351202 ], [ 5.146070573217363, 52.094460384798069 ], [ 5.146052844672453, 52.09448627091551 ], [ 5.145498829516363, 52.095613085817767 ], [ 5.145493891680029, 52.095617459351907 ], [ 5.145441708546354, 52.095625866087232 ], [ 5.14537761810814, 52.095638316021478 ], [ 5.145280313896309, 52.09566219238495 ], [ 5.14520152966756, 52.095686561476839 ], [ 5.145119515445217, 52.095717491716279 ], [ 5.145058023375088, 52.095744536151578 ], [ 5.145003618438475, 52.095771109919596 ], [ 5.144640919157427, 52.095964584257878 ], [ 5.144596851721792, 52.095983927330444 ], [ 5.144555303134697, 52.095994838313466 ], [ 5.144515385008349, 52.095998490720199 ], [ 5.14449575168983, 52.095997869298721 ], [ 5.144472346318875, 52.095995057643222 ], [ 5.144448886879271, 52.095989940909874 ], [ 5.144428246841545, 52.095983470404001 ], [ 5.144604544850213, 52.096104703796776 ] ] ] ] } },
{ "type": "Feature", "properties": { "fid": 23, "id": null, "FUNCTIE": "02_Maaiveld", "Info": null, "Verhaal": null }, "geometry": { "type": "MultiPolygon", "coordinates": [ [ [ [ 5.153474443565409, 52.081852324921869 ], [ 5.153474547427107, 52.081853601965108 ], [ 5.153544196127306, 52.081905431280454 ], [ 5.15411648203625, 52.081474461627856 ], [ 5.153256039208858, 52.081309512838132 ], [ 5.153253376036339, 52.081358451546826 ], [ 5.153321041136207, 52.081370329361135 ], [ 5.15338406580496, 52.081387056008985 ], [ 5.153449455685665, 52.081410849897161 ], [ 5.153501126711372, 52.081435359955492 ], [ 5.153548038393422, 52.081465242415341 ], [ 5.153584984538071, 52.081497463878435 ], [ 5.153613569169689, 52.081532476554884 ], [ 5.15362548699036, 52.081552402003311 ], [ 5.153634159641079, 52.081571132560029 ], [ 5.153640100243512, 52.081588310914512 ], [ 5.153644658072964, 52.081608183276273 ], [ 5.153646660994877, 52.081626959656347 ], [ 5.153646359730803, 52.081644127744212 ], [ 5.153643237728571, 52.081664999878825 ], [ 5.153638392533225, 52.081683165171775 ], [ 5.153621982882328, 52.081721034084346 ], [ 5.15360947150704, 52.081741235569304 ], [ 5.153595613084545, 52.081759527671117 ], [ 5.153563628530449, 52.081792563937626 ], [ 5.153544559356794, 52.081808421525757 ], [ 5.153474443565409, 52.081852324921869 ] ] ] ] } },
{ "type": "Feature", "properties": { "fid": 24, "id": null, "FUNCTIE": "02_Maaiveld", "Info": null, "Verhaal": null }, "geometry": { "type": "MultiPolygon", "coordinates": [ [ [ [ 5.153744763103769, 52.082512620056519 ], [ 5.15377425267801, 52.08251500327259 ], [ 5.153768753280013, 52.082509752830838 ], [ 5.15407121397491, 52.082263191888501 ], [ 5.153834658588849, 52.082079861221267 ], [ 5.153809997100677, 52.082084549041546 ], [ 5.153706749579423, 52.082160532192198 ], [ 5.153677607154027, 52.082163287062691 ], [ 5.153379782057582, 52.08193991420719 ], [ 5.153186815322845, 52.082091123461879 ], [ 5.152830866734076, 52.082344561327304 ], [ 5.152480536913501, 52.082597026817567 ], [ 5.151812072561285, 52.082443240284583 ], [ 5.151747484465082, 52.082530032981907 ], [ 5.152460648019337, 52.082692277102204 ], [ 5.15241708293949, 52.083044846256072 ], [ 5.153498682765803, 52.082894402595215 ], [ 5.152931999037963, 52.082379996298648 ], [ 5.153112772183377, 52.08224757452512 ], [ 5.15348019226145, 52.082581477020121 ], [ 5.153481698988437, 52.082581364017337 ], [ 5.153853709163467, 52.082294875321104 ], [ 5.153791721921942, 52.082245332712141 ], [ 5.153912757985402, 52.082159511038853 ], [ 5.154047167198747, 52.082263829925061 ], [ 5.153744763103769, 52.082512620056519 ] ] ] ] } },
{ "type": "Feature", "properties": { "fid": 25, "id": null, "FUNCTIE": "02_Maaiveld", "Info": null, "Verhaal": null }, "geometry": { "type": "MultiPolygon", "coordinates": [ [ [ [ 5.147915971733606, 52.097934322551488 ], [ 5.148323724027392, 52.097957447159303 ], [ 5.148298440824407, 52.097719570831607 ], [ 5.148196230356341, 52.097727290735925 ], [ 5.148170455523065, 52.097733183996993 ], [ 5.148169759606241, 52.097863986344187 ], [ 5.147931697515725, 52.097851611212256 ], [ 5.147915971733606, 52.097934322551488 ] ] ] ] } },
{ "type": "Feature", "properties": { "fid": 497, "id": null, "FUNCTIE": "02_Maaiveld", "Info": null, "Verhaal": null }, "geometry": { "type": "MultiPolygon", "coordinates": [ [ [ [ 5.133775618255558, 52.069213133977726 ], [ 5.133689990114345, 52.069270028645469 ], [ 5.133706966440064, 52.06928508606498 ], [ 5.133799665521942, 52.06922956664539 ], [ 5.133775618255558, 52.069213133977726 ] ] ] ] } },
{ "type": "Feature", "properties": { "fid": 498, "id": null, "FUNCTIE": "02_Maaiveld", "Info": null, "Verhaal": null }, "geometry": { "type": "MultiPolygon", "coordinates": [ [ [ [ 5.133690756331506, 52.069227899495367 ], [ 5.133691897046116, 52.069218156714939 ], [ 5.133692906332249, 52.069216212761162 ], [ 5.133694344995574, 52.06921356587322 ], [ 5.133696067257784, 52.069210559343965 ], [ 5.13369705109961, 52.069208901780037 ], [ 5.133699599261909, 52.069204750639095 ], [ 5.133703009115963, 52.069200268980829 ], [ 5.133708582786986, 52.069195516001741 ], [ 5.133717947923144, 52.069189999154567 ], [ 5.133775958954175, 52.069152798672683 ], [ 5.133851179212485, 52.06910456236929 ], [ 5.133870392439444, 52.069092241527748 ], [ 5.133920184769151, 52.069060175010421 ], [ 5.133907476600243, 52.069050853462265 ], [ 5.133963261677131, 52.069013336094329 ], [ 5.133973095910365, 52.069006004524176 ], [ 5.133977214445881, 52.069003534617735 ], [ 5.133982167468262, 52.069001861841208 ], [ 5.133987675371792, 52.06900110143598 ], [ 5.133991878698668, 52.069001190794793 ], [ 5.133996624900678, 52.06900201309962 ], [ 5.134000982246524, 52.06900353615336 ], [ 5.134004683015672, 52.069005608733534 ], [ 5.134023133237285, 52.068974856622617 ], [ 5.134008546765373, 52.068974824768596 ], [ 5.133993094041984, 52.068909699021596 ], [ 5.134008584343809, 52.068905806035339 ], [ 5.133998785967544, 52.068864216692909 ], [ 5.1339835418501, 52.068864183397686 ], [ 5.133960820781112, 52.068790800338981 ], [ 5.133975446500557, 52.06878622553505 ], [ 5.133968508446737, 52.068751685938395 ], [ 5.133954991080762, 52.068751656409596 ], [ 5.133933379156622, 52.068683266859402 ], [ 5.133948036709137, 52.06867729076567 ], [ 5.133939674867609, 52.068648759794399 ], [ 5.1339228152284, 52.068648697105019 ], [ 5.133904836392921, 52.068577275560138 ], [ 5.13391792635936, 52.068572912299807 ], [ 5.133902741160783, 52.068513046862002 ], [ 5.133880755399119, 52.068475871842182 ], [ 5.13387053747543, 52.068475849510385 ], [ 5.1338319095826, 52.068422882157364 ], [ 5.133780952314283, 52.068394932941175 ], [ 5.133764827264598, 52.068403319281373 ], [ 5.133658811564297, 52.068373160916295 ], [ 5.133663975545696, 52.068353096268709 ], [ 5.133554344870361, 52.068338111390624 ], [ 5.13345505772165, 52.068328463403141 ], [ 5.133362669053934, 52.06831959506529 ], [ 5.133257844336392, 52.068309532905737 ], [ 5.133007563212843, 52.068285507941937 ], [ 5.13300201432109, 52.068290417091696 ], [ 5.133000629786564, 52.068291366611177 ], [ 5.132996296691026, 52.068293690909016 ], [ 5.132990482905652, 52.06829572917777 ], [ 5.13298286038623, 52.068297092708107 ], [ 5.132977273361884, 52.068297332981885 ], [ 5.132902461055171, 52.068291220224708 ], [ 5.132897437614303, 52.068286092374549 ], [ 5.132852217280972, 52.068291306718578 ], [ 5.132852184672729, 52.068297059931382 ], [ 5.132768269418953, 52.06831885188474 ], [ 5.132762915085066, 52.068319202184128 ], [ 5.132760172944166, 52.068319162437746 ], [ 5.132757136231514, 52.068318943377427 ], [ 5.132752746766211, 52.068318276828656 ], [ 5.132748159370215, 52.068317076214946 ], [ 5.132745286003983, 52.068316010185143 ], [ 5.132742074542567, 52.068314451579418 ], [ 5.132739521263377, 52.068312846737875 ], [ 5.132735131380152, 52.068308797839563 ], [ 5.132689997551893, 52.068316301949196 ], [ 5.132695933544385, 52.068319839856791 ], [ 5.132699705976923, 52.068323153648009 ], [ 5.132706240891644, 52.068328753849329 ], [ 5.132709516530437, 52.068330665241419 ], [ 5.13271550630646, 52.068333335023119 ], [ 5.132724691797359, 52.068336147298119 ], [ 5.132733346902227, 52.068338386644015 ], [ 5.132746260512498, 52.06834146799622 ], [ 5.132756096275155, 52.06834320967512 ], [ 5.132767592229816, 52.068344307871889 ], [ 5.132786040045771, 52.068343385909522 ], [ 5.132915825607352, 52.068326635734202 ], [ 5.13292076673151, 52.068325958703987 ], [ 5.132952620078195, 52.06832367810707 ], [ 5.132959389418759, 52.068324037950674 ], [ 5.132963727003613, 52.068324398481089 ], [ 5.132972038142526, 52.068325356484998 ], [ 5.132981874469801, 52.068326877761933 ], [ 5.132993127510395, 52.068328937167493 ], [ 5.133007406987613, 52.068331735792505 ], [ 5.133020118544858, 52.06833485974439 ], [ 5.133027844968279, 52.068337368191351 ], [ 5.133042009437137, 52.068343587251526 ], [ 5.133082112886044, 52.068367478720873 ], [ 5.133137103679812, 52.068336809058877 ], [ 5.133143245951287, 52.068333065919347 ], [ 5.133155215157036, 52.068330574137434 ], [ 5.133450199802412, 52.068357020744401 ], [ 5.133539780002184, 52.068368360538024 ], [ 5.133628008644497, 52.068391761543253 ], [ 5.133656563421511, 52.068399379466996 ], [ 5.133669324650701, 52.06840464780047 ], [ 5.133697426726763, 52.068416515896693 ], [ 5.133716552693913, 52.068426044201971 ], [ 5.133730585532073, 52.068439666513953 ], [ 5.13377495774841, 52.068469016036524 ], [ 5.133776407282337, 52.068468784568218 ], [ 5.1337826511849, 52.068468370687555 ], [ 5.133788510606983, 52.06846876725433 ], [ 5.133799663342369, 52.068472348886232 ], [ 5.13380697514732, 52.068475831749396 ], [ 5.133815660074807, 52.068481278631424 ], [ 5.133823615678389, 52.068487170123547 ], [ 5.133829140240714, 52.068492236122715 ], [ 5.133832192774211, 52.068496014741314 ], [ 5.133835225013973, 52.06850107640993 ], [ 5.133837815327198, 52.068507295509569 ], [ 5.133841138677254, 52.068516540496042 ], [ 5.133967330452895, 52.068960465468393 ], [ 5.133927749570814, 52.068994800106431 ], [ 5.133789929926018, 52.069112086497434 ], [ 5.133731304318712, 52.069149549995366 ], [ 5.133703679746564, 52.069167169006754 ], [ 5.133698615022396, 52.069170399296496 ], [ 5.133692614808219, 52.069173731724639 ], [ 5.133682658791408, 52.069181295339327 ], [ 5.133677681043607, 52.069188643826195 ], [ 5.133676025256079, 52.069195671403875 ], [ 5.133676365107593, 52.069200603773368 ], [ 5.133678367043381, 52.069206816747695 ], [ 5.133682864592577, 52.069213530503532 ], [ 5.133686288899795, 52.069220031812542 ], [ 5.133690756331506, 52.069227899495367 ] ] ] ] } },
{ "type": "Feature", "properties": { "fid": 28, "id": null, "FUNCTIE": "02_Maaiveld", "Info": null, "Verhaal": null }, "geometry": { "type": "MultiPolygon", "coordinates": [ [ [ [ 5.145600954195487, 52.098027199572137 ], [ 5.145576433130872, 52.0980989924266 ], [ 5.145967192440689, 52.098140918147635 ], [ 5.14599260958177, 52.097902153653997 ], [ 5.145897717968379, 52.097895022508226 ], [ 5.145852656324966, 52.097896911967865 ], [ 5.145832507341256, 52.098053439212727 ], [ 5.145600954195487, 52.098027199572137 ] ] ] ] } },
{ "type": "Feature", "properties": { "fid": 29, "id": null, "FUNCTIE": "02_Maaiveld", "Info": null, "Verhaal": null }, "geometry": { "type": "MultiPolygon", "coordinates": [ [ [ [ 5.145572024725031, 52.098021194527412 ], [ 5.14544981768672, 52.09800707035042 ], [ 5.145905546233124, 52.097036884758673 ], [ 5.145870171020791, 52.097032848417371 ], [ 5.145391670686877, 52.098048570392393 ], [ 5.145558918374191, 52.09806476900583 ], [ 5.145572024725031, 52.098021194527412 ] ] ] ] } },
{ "type": "Feature", "properties": { "fid": 30, "id": null, "FUNCTIE": "02_Maaiveld", "Info": null, "Verhaal": null }, "geometry": { "type": "MultiPolygon", "coordinates": [ [ [ [ 5.145706247341721, 52.096998821927585 ], [ 5.145156034455729, 52.098182853953652 ], [ 5.146162706332592, 52.098287975996548 ], [ 5.146209612307802, 52.097941244961376 ], [ 5.147079130440244, 52.09781618437205 ], [ 5.147271062049778, 52.098030618682891 ], [ 5.148548247512485, 52.098096632063104 ], [ 5.148478529503707, 52.097285906012736 ], [ 5.14815435375949, 52.097130661459225 ], [ 5.14822606369404, 52.096958384199645 ], [ 5.149267604790077, 52.097156701342556 ], [ 5.149283861934125, 52.097125024289291 ], [ 5.148184474229444, 52.096912716593316 ], [ 5.148080300869876, 52.097138438419051 ], [ 5.148410876344929, 52.097301623674298 ], [ 5.148477678528731, 52.098052889605597 ], [ 5.147322760574649, 52.097991084599293 ], [ 5.147114781720263, 52.097768690130998 ], [ 5.14614541326617, 52.09791138525928 ], [ 5.146104989609147, 52.098248222092984 ], [ 5.145217335766862, 52.09815325178306 ], [ 5.145748009357692, 52.097010797012445 ], [ 5.145706247341721, 52.096998821927585 ] ] ] ] } },
{ "type": "Feature", "properties": { "fid": 31, "id": null, "FUNCTIE": "02_Maaiveld", "Info": null, "Verhaal": null }, "geometry": { "type": "MultiPolygon", "coordinates": [ [ [ [ 5.148017616042836, 52.096824183966454 ], [ 5.14820148997207, 52.096436110794073 ], [ 5.148698824601301, 52.096402438020171 ], [ 5.149026796660495, 52.096145459816611 ], [ 5.148981873855141, 52.096121586347891 ], [ 5.148681389719816, 52.096352855873924 ], [ 5.148206590773365, 52.096384592488285 ], [ 5.147995107029238, 52.096821165370756 ], [ 5.148017616042836, 52.096824183966454 ] ] ] ] } },
{ "type": "Feature", "properties": { "fid": 32, "id": null, "FUNCTIE": "02_Maaiveld", "Info": null, "Verhaal": null }, "geometry": { "type": "MultiPolygon", "coordinates": [ [ [ [ 5.152168142517716, 52.081117974930294 ], [ 5.152168334656508, 52.080775109822632 ], [ 5.1521554727018, 52.080774093241637 ], [ 5.152137457678012, 52.080835495652728 ], [ 5.152079550179491, 52.080836371129003 ], [ 5.152074948608761, 52.081099952185042 ], [ 5.152168142517716, 52.081117974930294 ] ] ] ] } },
{ "type": "Feature", "properties": { "fid": 499, "id": null, "FUNCTIE": "02_Maaiveld", "Info": null, "Verhaal": null }, "geometry": { "type": "MultiPolygon", "coordinates": [ [ [ [ 5.133576587312865, 52.069281796912058 ], [ 5.133681715165572, 52.069440491051218 ], [ 5.133730639685722, 52.06940905534826 ], [ 5.133633931997842, 52.069269906075654 ], [ 5.133576587312865, 52.069281796912058 ] ] ] ] } },
{ "type": "Feature", "properties": { "fid": 34, "id": null, "FUNCTIE": "02_Maaiveld", "Info": null, "Verhaal": null }, "geometry": { "type": "MultiPolygon", "coordinates": [ [ [ [ 5.14908307625519, 52.096151519445549 ], [ 5.149340748214659, 52.095952863314018 ], [ 5.148973707271355, 52.095841135262475 ], [ 5.14891218105732, 52.095914339702119 ], [ 5.149124201486938, 52.095981161981818 ], [ 5.148975569640133, 52.096096800199419 ], [ 5.14908307625519, 52.096151519445549 ] ] ] ] } },
{ "type": "Feature", "properties": { "fid": 35, "id": null, "FUNCTIE": "02_Maaiveld", "Info": null, "Verhaal": null }, "geometry": { "type": "MultiPolygon", "coordinates": [ [ [ [ 5.148928558860561, 52.095859871497225 ], [ 5.14849645999299, 52.095729182195562 ], [ 5.148067829220933, 52.095854159613914 ], [ 5.147202245982427, 52.095250896970057 ], [ 5.147260546057348, 52.095179668664159 ], [ 5.147225209384871, 52.095168696198435 ], [ 5.147162077383254, 52.095240905552423 ], [ 5.148102971485598, 52.095901796019945 ], [ 5.148526770700104, 52.095777799572538 ], [ 5.148907491045553, 52.095888565890164 ], [ 5.148928558860561, 52.095859871497225 ] ] ] ] } },
{ "type": "Feature", "properties": { "fid": 36, "id": null, "FUNCTIE": "02_Maaiveld", "Info": null, "Verhaal": null }, "geometry": { "type": "MultiPolygon", "coordinates": [ [ [ [ 5.14719721582031, 52.09513841547372 ], [ 5.147318464975652, 52.095179786935006 ], [ 5.147516729038031, 52.094959212985664 ], [ 5.147130351195103, 52.094855366709773 ], [ 5.147087356588275, 52.094922662458245 ], [ 5.147323500344775, 52.094990033045988 ], [ 5.14719721582031, 52.09513841547372 ] ] ] ] } },
{ "type": "Feature", "properties": { "fid": 37, "id": null, "FUNCTIE": "02_Maaiveld", "Info": null, "Verhaal": null }, "geometry": { "type": "MultiPolygon", "coordinates": [ [ [ [ 5.146935789268069, 52.094834654735848 ], [ 5.146394050747614, 52.095951322323387 ], [ 5.146427821510433, 52.095954364318843 ], [ 5.146940273981642, 52.094898579268012 ], [ 5.147055960175255, 52.094927057490338 ], [ 5.147087618755918, 52.09487361167826 ], [ 5.146935789268069, 52.094834654735848 ] ] ] ] } },
{ "type": "Feature", "properties": { "fid": 500, "id": null, "FUNCTIE": "02_Maaiveld", "Info": null, "Verhaal": null }, "geometry": { "type": "MultiPolygon", "coordinates": [ [ [ [ 5.133536312904791, 52.069263159517682 ], [ 5.133641300482303, 52.06924037932405 ], [ 5.133927749570814, 52.068994800106431 ], [ 5.1339835418501, 52.068864183397686 ], [ 5.133829140240714, 52.068492236122715 ], [ 5.133764827264598, 52.068403319281373 ], [ 5.133144067887466, 52.068332664316877 ], [ 5.132972038142526, 52.068325356484998 ], [ 5.132814079052329, 52.068352002137601 ], [ 5.132668013564397, 52.068324514080516 ], [ 5.132593397824242, 52.068371716759714 ], [ 5.132739048429356, 52.068468080386289 ], [ 5.132993289681159, 52.068410562368953 ], [ 5.133667743694287, 52.069075961734704 ], [ 5.133477547872593, 52.069180065826025 ], [ 5.133536312904791, 52.069263159517682 ] ] ] ] } },
{ "type": "Feature", "properties": { "fid": 514, "id": null, "FUNCTIE": "02_Maaiveld", "Info": null, "Verhaal": null }, "geometry": { "type": "MultiPolygon", "coordinates": [ [ [ [ 5.143916128509135, 52.075768716936906 ], [ 5.143874219106429, 52.075775502124117 ], [ 5.143047697341586, 52.076716479001462 ], [ 5.143087847507069, 52.076716671198774 ], [ 5.143916128509135, 52.075768716936906 ] ] ] ] } },
{ "type": "Feature", "properties": { "fid": 515, "id": null, "FUNCTIE": "02_Maaiveld", "Info": null, "Verhaal": null }, "geometry": { "type": "MultiPolygon", "coordinates": [ [ [ [ 5.142940894791623, 52.076694832681468 ], [ 5.143014419506984, 52.076701887692806 ], [ 5.14383923039137, 52.075763983297513 ], [ 5.143740293724821, 52.075782429410346 ], [ 5.142940894791623, 52.076694832681468 ] ] ] ] } },
{ "type": "Feature", "properties": { "fid": 42, "id": null, "FUNCTIE": "02_Maaiveld", "Info": null, "Verhaal": null }, "geometry": { "type": "MultiPolygon", "coordinates": [ [ [ [ 5.0878664627845, 52.119496280991704 ], [ 5.088526769540632, 52.119759141065927 ], [ 5.089034268128374, 52.119310902969048 ], [ 5.088765211821409, 52.119196645922138 ], [ 5.088736122908355, 52.119159933005463 ], [ 5.088718215031506, 52.11895549725584 ], [ 5.087833211371476, 52.118996013416307 ], [ 5.0878664627845, 52.119496280991704 ] ] ] ] } },
{ "type": "Feature", "properties": { "fid": 516, "id": null, "FUNCTIE": "02_Maaiveld", "Info": null, "Verhaal": null }, "geometry": { "type": "MultiPolygon", "coordinates": [ [ [ [ 5.142898987794791, 52.076701335014867 ], [ 5.142919062877017, 52.076701431140897 ], [ 5.143723564870903, 52.075782349405912 ], [ 5.14174566365415, 52.074874177689694 ], [ 5.141715802706276, 52.07488421241171 ], [ 5.143675619841175, 52.075798356561073 ], [ 5.142898987794791, 52.076701335014867 ] ] ] ] } },
{ "type": "Feature", "properties": { "fid": 517, "id": null, "FUNCTIE": "02_Maaiveld", "Info": null, "Verhaal": null }, "geometry": { "type": "MultiPolygon", "coordinates": [ [ [ [ 5.141697096998746, 52.074891462504873 ], [ 5.141281879793306, 52.075117326297104 ], [ 5.141331937815385, 52.075124777375315 ], [ 5.141476605791644, 52.075186247343481 ], [ 5.14148800977191, 52.075209994110459 ], [ 5.141546955389615, 52.075217202439248 ], [ 5.141611606322627, 52.075218828269165 ], [ 5.142177569491906, 52.075145317765362 ], [ 5.143628425501908, 52.075794953514681 ], [ 5.142836472671346, 52.076701189719643 ], [ 5.142880304609601, 52.07670639983661 ], [ 5.143662220994892, 52.07580035264526 ], [ 5.142188503161202, 52.075128090502751 ], [ 5.141697096998746, 52.074891462504873 ] ] ] ] } },
{ "type": "Feature", "properties": { "fid": 518, "id": null, "FUNCTIE": "02_Maaiveld", "Info": null, "Verhaal": null }, "geometry": { "type": "MultiPolygon", "coordinates": [ [ [ [ 5.134034465364643, 52.068910294097925 ], [ 5.134114406948417, 52.068901456464488 ], [ 5.134096969825033, 52.068847720848474 ], [ 5.134018909062414, 52.068859548682966 ], [ 5.134034465364643, 52.068910294097925 ] ] ] ] } },
{ "type": "Feature", "properties": { "fid": 519, "id": null, "FUNCTIE": "02_Maaiveld", "Info": null, "Verhaal": null }, "geometry": { "type": "MultiPolygon", "coordinates": [ [ [ [ 5.139936482228895, 52.074399682860474 ], [ 5.140363885580817, 52.073911830459288 ], [ 5.13990805362061, 52.073099164248916 ], [ 5.138634640449282, 52.072803771510188 ], [ 5.13784384478572, 52.073056983920104 ], [ 5.138417427359387, 52.073325595832202 ], [ 5.138629005490056, 52.073250391107244 ], [ 5.13963392458119, 52.073893893519546 ], [ 5.13950799828556, 52.074016897131216 ], [ 5.139936482228895, 52.074399682860474 ] ] ] ] } },
{ "type": "Feature", "properties": { "fid": 47, "id": null, "FUNCTIE": "02_Maaiveld", "Info": null, "Verhaal": null }, "geometry": { "type": "MultiPolygon", "coordinates": [ [ [ [ 5.102805007164815, 52.129266529752989 ], [ 5.102801556929883, 52.129278324384025 ], [ 5.102801529602599, 52.129290937942898 ], [ 5.102804072214369, 52.12929897169753 ], [ 5.102807757160141, 52.129308074671826 ], [ 5.102817346494834, 52.129320274755102 ], [ 5.102826642060294, 52.129328256467033 ], [ 5.102836674239665, 52.129334784307268 ], [ 5.102935001619194, 52.129387952372042 ], [ 5.10280633239003, 52.129440767120933 ], [ 5.10273257603749, 52.129397935154898 ], [ 5.102664615599615, 52.129349754254449 ], [ 5.102643878102528, 52.129331370482376 ], [ 5.102620256348845, 52.129305811371147 ], [ 5.102608743300509, 52.129290599744813 ], [ 5.10260303851589, 52.129282246432894 ], [ 5.102595141571911, 52.129268995335821 ], [ 5.102569401531031, 52.129249137374572 ], [ 5.102545554026806, 52.129227412494267 ], [ 5.102534178204264, 52.129230734387924 ], [ 5.102529490741619, 52.129225294149336 ], [ 5.101992683045852, 52.128700172742825 ], [ 5.10185543815252, 52.128778145093548 ], [ 5.102045009101309, 52.128951122452605 ], [ 5.102067383067558, 52.128968840081875 ], [ 5.102210451393129, 52.129114888460862 ], [ 5.10195102822829, 52.129226919135796 ], [ 5.102132970188344, 52.129400086445578 ], [ 5.102245403669404, 52.129374827243218 ], [ 5.102272076753432, 52.129401924530185 ], [ 5.102188791602853, 52.129449796909697 ], [ 5.102373137742137, 52.129628977839893 ], [ 5.102723050538603, 52.129488633559518 ], [ 5.102677057647013, 52.129429195747662 ], [ 5.102721070368546, 52.129416534472767 ], [ 5.102786706424898, 52.129457240017778 ], [ 5.103058296761155, 52.129351253012366 ], [ 5.102904215983481, 52.129212280252723 ], [ 5.102834437772585, 52.129247053138975 ], [ 5.102805007164815, 52.129266529752989 ] ] ] ] } },
{ "type": "Feature", "properties": { "fid": 48, "id": null, "FUNCTIE": "02_Maaiveld", "Info": null, "Verhaal": null }, "geometry": { "type": "MultiPolygon", "coordinates": [ [ [ [ 5.1030433985984, 52.129295265833576 ], [ 5.103110717820107, 52.129359640517841 ], [ 5.103006101390994, 52.129403323468296 ], [ 5.103026121765027, 52.129421195815318 ], [ 5.103067323001961, 52.129461602195661 ], [ 5.102532151393601, 52.12968624390863 ], [ 5.102489360223974, 52.12964430577378 ], [ 5.102462902380194, 52.129618308670672 ], [ 5.10236376899042, 52.129663130820589 ], [ 5.102300089810256, 52.129602144110656 ], [ 5.102264860236176, 52.129617830537775 ], [ 5.102181722406329, 52.129650912039573 ], [ 5.101845702413615, 52.129337287851357 ], [ 5.101922185948094, 52.129300001700521 ], [ 5.101961656297328, 52.129282520619697 ], [ 5.101894315786401, 52.129221520830242 ], [ 5.101991596629278, 52.129180074202871 ], [ 5.101968785948117, 52.129159024737362 ], [ 5.101921173972069, 52.129113147193344 ], [ 5.102095276275572, 52.129036243752886 ], [ 5.102082704830773, 52.129027120397495 ], [ 5.101697382623337, 52.129207893120309 ], [ 5.102313917595511, 52.129782438533461 ], [ 5.103292010017624, 52.12937497353122 ], [ 5.10305675992298, 52.129157237547361 ], [ 5.103044522658728, 52.129158444568297 ], [ 5.103152740348472, 52.129256869810654 ], [ 5.103089266330047, 52.129278474253915 ], [ 5.1030433985984, 52.129295265833576 ] ] ] ] } },
{ "type": "Feature", "properties": { "fid": 49, "id": null, "FUNCTIE": "02_Maaiveld", "Info": null, "Verhaal": null }, "geometry": { "type": "MultiPolygon", "coordinates": [ [ [ [ 5.102979638734398, 52.129246663521741 ], [ 5.103029190332068, 52.129226508901226 ], [ 5.103099685720109, 52.129261038034187 ], [ 5.103129701393917, 52.129252661288824 ], [ 5.103027776851276, 52.129161170399463 ], [ 5.102946929709031, 52.129209420695886 ], [ 5.102979638734398, 52.129246663521741 ] ] ] ] } },
{ "type": "Feature", "properties": { "fid": 50, "id": null, "FUNCTIE": "02_Maaiveld", "Info": null, "Verhaal": null }, "geometry": { "type": "MultiPolygon", "coordinates": [ [ [ [ 5.102047383394927, 52.128953259116265 ], [ 5.101511944092596, 52.129189677737209 ], [ 5.102282388194504, 52.129910131054729 ], [ 5.103509272866915, 52.129403205660068 ], [ 5.103167352087182, 52.129087150316934 ], [ 5.103131322623677, 52.129098874004022 ], [ 5.103463156980873, 52.129397292839244 ], [ 5.102288508559645, 52.12988712578133 ], [ 5.101548514244933, 52.129195896272236 ], [ 5.102067384553239, 52.128968844087879 ], [ 5.102047383394927, 52.128953259116265 ] ] ] ] } },
{ "type": "Feature", "properties": { "fid": 520, "id": null, "FUNCTIE": "02_Maaiveld", "Info": null, "Verhaal": null }, "geometry": { "type": "MultiPolygon", "coordinates": [ [ [ [ 5.141997647045986, 52.076828647436727 ], [ 5.142690585116974, 52.07649616023275 ], [ 5.143253671392214, 52.075851962294848 ], [ 5.142126651933623, 52.075339759853769 ], [ 5.141225791074361, 52.075456985703539 ], [ 5.141599158905031, 52.0758110686969 ], [ 5.141870171874412, 52.075795887984654 ], [ 5.142151160169075, 52.076318460025526 ], [ 5.14192254809658, 52.0764183121683 ], [ 5.141955348403632, 52.076595933915215 ], [ 5.141997647045986, 52.076828647436727 ] ] ] ] } },
{ "type": "Feature", "properties": { "fid": 521, "id": null, "FUNCTIE": "05_Talut2", "Info": null, "Verhaal": null }, "geometry": { "type": "MultiPolygon", "coordinates": [ [ [ [ 5.143152490094359, 52.076699609131325 ], [ 5.143256864340926, 52.076713356698782 ], [ 5.144090218879665, 52.075760708017675 ], [ 5.143951021777071, 52.075787875737028 ], [ 5.143152490094359, 52.076699609131325 ] ] ] ] } },
{ "type": "Feature", "properties": { "fid": 522, "id": null, "FUNCTIE": "02_Maaiveld", "Info": null, "Verhaal": null }, "geometry": { "type": "MultiPolygon", "coordinates": [ [ [ [ 5.142633197618466, 52.076739621047253 ], [ 5.142631534933003, 52.076725585211662 ], [ 5.142620259281726, 52.076715920144551 ], [ 5.142606388494064, 52.076712441553141 ], [ 5.142579550715026, 52.076713935187954 ], [ 5.142540005606977, 52.076718587183414 ], [ 5.142512447851993, 52.076723724310014 ], [ 5.142441390963362, 52.076744081549037 ], [ 5.142401989855515, 52.076758085803604 ], [ 5.142318539863273, 52.076797991888057 ], [ 5.14219795828979, 52.07686181572948 ], [ 5.142120714803999, 52.076899544544922 ], [ 5.142024504264157, 52.076949478167457 ], [ 5.14193675990389, 52.076991725393817 ], [ 5.141845749425424, 52.077038903826491 ], [ 5.141832227380118, 52.077048098256263 ], [ 5.14182185434272, 52.07705935376552 ], [ 5.141820983486229, 52.077067745153755 ], [ 5.141826702904534, 52.077076160899601 ], [ 5.141842334485679, 52.077089024110158 ], [ 5.141848335732586, 52.077091998692275 ], [ 5.141858988881985, 52.077093043080666 ], [ 5.141872078063584, 52.077090071840317 ], [ 5.142431753957352, 52.076802866022824 ], [ 5.142478124359518, 52.076784888936849 ], [ 5.142521985242042, 52.076772122620653 ], [ 5.142561887439941, 52.076764117349903 ], [ 5.142619913174832, 52.076757350285312 ], [ 5.142631527026455, 52.07674979088911 ], [ 5.142633197618466, 52.076739621047253 ] ] ] ] } },
{ "type": "Feature", "properties": { "fid": 54, "id": null, "FUNCTIE": "02_Maaiveld", "Info": null, "Verhaal": null }, "geometry": { "type": "MultiPolygon", "coordinates": [ [ [ [ 5.103068088590425, 52.129154504271114 ], [ 5.103302815909924, 52.129375870432234 ], [ 5.102309871832559, 52.129790295264584 ], [ 5.101684619294272, 52.129205773610977 ], [ 5.10208270334507, 52.129027116391448 ], [ 5.102067191387838, 52.128998880586188 ], [ 5.101592419625755, 52.129200516719244 ], [ 5.102296598719591, 52.129862361523855 ], [ 5.103418024326865, 52.129394180190886 ], [ 5.103125020705822, 52.129125355430595 ], [ 5.103068088590425, 52.129154504271114 ] ] ] ] } },
{ "type": "Feature", "properties": { "fid": 523, "id": null, "FUNCTIE": "02_Maaiveld", "Info": null, "Verhaal": null }, "geometry": { "type": "MultiPolygon", "coordinates": [ [ [ [ 5.140410684951092, 52.072875788825762 ], [ 5.141188546985922, 52.074256648949465 ], [ 5.141200924990644, 52.074241158362156 ], [ 5.140429071838793, 52.072875877339115 ], [ 5.140410684951092, 52.072875788825762 ] ] ] ] } },
{ "type": "Feature", "properties": { "fid": 524, "id": null, "FUNCTIE": "05_Talut2", "Info": null, "Verhaal": null }, "geometry": { "type": "MultiPolygon", "coordinates": [ [ [ [ 5.141093077912616, 52.0743098610168 ], [ 5.141157811567517, 52.074267112719895 ], [ 5.140361013081088, 52.072858723431075 ], [ 5.140292263861792, 52.072908181435309 ], [ 5.141093077912616, 52.0743098610168 ] ] ] ] } },
{ "type": "Feature", "properties": { "fid": 57, "id": null, "FUNCTIE": "02_Maaiveld", "Info": null, "Verhaal": null }, "geometry": { "type": "MultiPolygon", "coordinates": [ [ [ [ 5.088216593897946, 52.119369455891807 ], [ 5.08855055323966, 52.119496396154432 ], [ 5.088558184750715, 52.119468905991802 ], [ 5.088560252980452, 52.1194393875072 ], [ 5.088556953829615, 52.119412996962325 ], [ 5.088547162537011, 52.119384475936904 ], [ 5.088535990612064, 52.119364951126968 ], [ 5.08852037681553, 52.119345488647035 ], [ 5.088499698558637, 52.119326492179887 ], [ 5.088468653276795, 52.119305585992855 ], [ 5.088540204590286, 52.119274187107784 ], [ 5.088735745580981, 52.119204451854031 ], [ 5.088701884469631, 52.119172541376891 ], [ 5.088495275203377, 52.119244765083529 ], [ 5.088426370771691, 52.119269120934199 ], [ 5.088424225791631, 52.119262999203393 ], [ 5.088417256149477, 52.119245871579061 ], [ 5.088400279353425, 52.119220240727344 ], [ 5.088379261864645, 52.119197934993345 ], [ 5.088349512035463, 52.119174714094719 ], [ 5.088309561110971, 52.119152130067725 ], [ 5.088276534573925, 52.119138194302927 ], [ 5.088237887718055, 52.119125695244293 ], [ 5.088201054982561, 52.119116688333023 ], [ 5.088216593897946, 52.119369455891807 ] ] ] ] } },
{ "type": "Feature", "properties": { "fid": 58, "id": null, "FUNCTIE": "02_Maaiveld", "Info": null, "Verhaal": null }, "geometry": { "type": "MultiPolygon", "coordinates": [ [ [ [ 5.088005241084552, 52.119442037460423 ], [ 5.08851258978224, 52.119639352124949 ], [ 5.088868414853976, 52.119327666013177 ], [ 5.088677034566972, 52.119246745521046 ], [ 5.088652034067684, 52.119247637455295 ], [ 5.08861472083052, 52.119260102269287 ], [ 5.088798642336833, 52.119335962454436 ], [ 5.088611661201581, 52.119496550855025 ], [ 5.088565848435472, 52.119525034858654 ], [ 5.088184688744159, 52.119378381750195 ], [ 5.08816764308632, 52.119095950978362 ], [ 5.088265847793245, 52.119082954702463 ], [ 5.088550824326836, 52.119069371758876 ], [ 5.088557625225763, 52.119210847661968 ], [ 5.08859564024218, 52.119193959702727 ], [ 5.088606693755716, 52.119183481315652 ], [ 5.088606693755716, 52.119183481315652 ], [ 5.088596657059948, 52.119037173512204 ], [ 5.087982799593919, 52.119065816991636 ], [ 5.088005241084552, 52.119442037460423 ] ] ] ] } },
{ "type": "Feature", "properties": { "fid": 59, "id": null, "FUNCTIE": "02_Maaiveld", "Info": null, "Verhaal": null }, "geometry": { "type": "MultiPolygon", "coordinates": [ [ [ [ 5.153003996562029, 52.082897734303174 ], [ 5.153004327930358, 52.082897844030569 ], [ 5.153305861195357, 52.082856860673068 ], [ 5.153178601884847, 52.082739181719724 ], [ 5.152977927838945, 52.082819049423094 ], [ 5.152985002586048, 52.082850278099578 ], [ 5.153003996562029, 52.082897734303174 ] ] ] ] } },
{ "type": "Feature", "properties": { "fid": 60, "id": null, "FUNCTIE": "02_Maaiveld", "Info": null, "Verhaal": null }, "geometry": { "type": "MultiPolygon", "coordinates": [ [ [ [ 5.152856677956681, 52.08247544763627 ], [ 5.15314240363541, 52.082740596278278 ], [ 5.153164125694593, 52.082739152986385 ], [ 5.152873605658993, 52.082468049226186 ], [ 5.152856677956681, 52.08247544763627 ] ] ] ] } },
{ "type": "Feature", "properties": { "fid": 61, "id": null, "FUNCTIE": "02_Maaiveld", "Info": null, "Verhaal": null }, "geometry": { "type": "MultiPolygon", "coordinates": [ [ [ [ 5.152489914883769, 52.082941451052683 ], [ 5.152492249638026, 52.082956319806314 ], [ 5.152987197477729, 52.082891901956195 ], [ 5.152980029371393, 52.082878510021757 ], [ 5.152489914883769, 52.082941451052683 ] ] ] ] } },
{ "type": "Feature", "properties": { "fid": 62, "id": null, "FUNCTIE": "02_Maaiveld", "Info": null, "Verhaal": null }, "geometry": { "type": "MultiPolygon", "coordinates": [ [ [ [ 5.102101666012522, 52.129142030003756 ], [ 5.102180584375886, 52.129109551135542 ], [ 5.102122676179598, 52.129048933987498 ], [ 5.101953084554075, 52.129119140131849 ], [ 5.1019826857911, 52.129141742423194 ], [ 5.102066451932449, 52.129114532520063 ], [ 5.102101666012522, 52.129142030003756 ] ] ] ] } },
{ "type": "Feature", "properties": { "fid": 63, "id": null, "FUNCTIE": "02_Maaiveld", "Info": null, "Verhaal": null }, "geometry": { "type": "MultiPolygon", "coordinates": [ [ [ [ 5.102036384830878, 52.129332256854809 ], [ 5.101981312463568, 52.129356907524006 ], [ 5.101922066585733, 52.129318462047536 ], [ 5.101875241854182, 52.129340663283649 ], [ 5.102186727297472, 52.129634496215189 ], [ 5.102235330720196, 52.129614371602102 ], [ 5.102199640140655, 52.129565844335119 ], [ 5.102252882164184, 52.129541189143836 ], [ 5.102154642759794, 52.129446330796988 ], [ 5.102129759434205, 52.12942315133597 ], [ 5.102036384830878, 52.129332256854809 ] ] ] ] } },
{ "type": "Feature", "properties": { "fid": 64, "id": null, "FUNCTIE": "02_Maaiveld", "Info": null, "Verhaal": null }, "geometry": { "type": "MultiPolygon", "coordinates": [ [ [ [ 5.10256023799434, 52.129567841413774 ], [ 5.102602123852586, 52.129601738546022 ], [ 5.102519457833798, 52.129647727085398 ], [ 5.10254028617049, 52.129669181528456 ], [ 5.103048790444665, 52.12945935801185 ], [ 5.103026025356842, 52.129436118162587 ], [ 5.102945305756726, 52.129464001951675 ], [ 5.102907083109455, 52.129429738256015 ], [ 5.10278964730064, 52.12947451797266 ], [ 5.102747429148774, 52.129492818969901 ], [ 5.10256023799434, 52.129567841413774 ] ] ] ] } },
{ "type": "Feature", "properties": { "fid": 525, "id": null, "FUNCTIE": "02_Maaiveld", "Info": null, "Verhaal": null }, "geometry": { "type": "MultiPolygon", "coordinates": [ [ [ [ 5.141085080140321, 52.074375540892909 ], [ 5.140266272092377, 52.072927627916556 ], [ 5.138576138932895, 52.072538344991074 ], [ 5.138069268645386, 52.072699679774182 ], [ 5.137649069890354, 52.072456414465485 ], [ 5.137383918733798, 52.072660278291181 ], [ 5.137402650716386, 52.072670708008687 ], [ 5.137723404865459, 52.072829016230912 ], [ 5.137733761102252, 52.072833081965307 ], [ 5.137752999081931, 52.072834055632512 ], [ 5.137769476136436, 52.072829355982911 ], [ 5.138580828599045, 52.072564119832933 ], [ 5.140113624708101, 52.07291478123593 ], [ 5.140140212075315, 52.072921538302396 ], [ 5.140159769662942, 52.072929521365715 ], [ 5.140184384117421, 52.072940914937377 ], [ 5.140220903333961, 52.072959487810543 ], [ 5.140248436930663, 52.072981314668382 ], [ 5.140267911172148, 52.073004292356948 ], [ 5.140786776162234, 52.073925819137123 ], [ 5.140799768221325, 52.073953986335383 ], [ 5.140802886293401, 52.073968098291161 ], [ 5.140796244832502, 52.073993107767279 ], [ 5.140354630501073, 52.074503592940303 ], [ 5.140350278097476, 52.074512388236684 ], [ 5.14034937442299, 52.074525031665829 ], [ 5.140353040333922, 52.074528706953735 ], [ 5.1403671343341, 52.074533641604212 ], [ 5.140515047133595, 52.074581451303324 ], [ 5.140667973963412, 52.074416491159894 ], [ 5.140597083987535, 52.074279649043291 ], [ 5.140833531539131, 52.074012465949792 ], [ 5.141059217485422, 52.074405734819948 ], [ 5.141085080140321, 52.074375540892909 ] ] ] ] } },
{ "type": "Feature", "properties": { "fid": 529, "id": null, "FUNCTIE": "02_Maaiveld", "Info": null, "Verhaal": null }, "geometry": { "type": "MultiPolygon", "coordinates": [ [ [ [ 5.137244796262621, 52.072229777785481 ], [ 5.137115595302505, 52.072148261143234 ], [ 5.137303310520356, 52.071801903724037 ], [ 5.136527428336345, 52.070765947448805 ], [ 5.134654782520538, 52.070804237457487 ], [ 5.134536716858162, 52.070900355677772 ], [ 5.134564879881607, 52.070904584112924 ], [ 5.134592946692654, 52.070904178745707 ], [ 5.134624947557112, 52.070900080754562 ], [ 5.134655397157599, 52.070894446667509 ], [ 5.134688115202897, 52.070886616651073 ], [ 5.13472274510122, 52.070873593250823 ], [ 5.134765450824572, 52.070856971446396 ], [ 5.134824812722798, 52.0708418149556 ], [ 5.134896948466813, 52.070831157928531 ], [ 5.13651044624058, 52.070787496945613 ], [ 5.13726483238425, 52.071804626615481 ], [ 5.136894016533279, 52.072403066743838 ], [ 5.13697587083857, 52.072448853826614 ], [ 5.137244796262621, 52.072229777785481 ] ] ] ] } },
{ "type": "Feature", "properties": { "fid": 535, "id": null, "FUNCTIE": "02_Maaiveld", "Info": null, "Verhaal": null }, "geometry": { "type": "MultiPolygon", "coordinates": [ [ [ [ 5.136321389659749, 52.072168659224083 ], [ 5.136510197717618, 52.072286976439393 ], [ 5.13653606134297, 52.072249387998767 ], [ 5.136362301568815, 52.07214542585249 ], [ 5.136321389659749, 52.072168659224083 ] ] ] ] } },
{ "type": "Feature", "properties": { "fid": 536, "id": null, "FUNCTIE": "02_Maaiveld", "Info": null, "Verhaal": null }, "geometry": { "type": "MultiPolygon", "coordinates": [ [ [ [ 5.135829459061911, 52.071059787003072 ], [ 5.135889278406312, 52.071060725613407 ], [ 5.135932646434787, 52.071063223791 ], [ 5.135980565802663, 52.07106781213421 ], [ 5.136061809765143, 52.071078751034086 ], [ 5.136098856151868, 52.071086317245154 ], [ 5.136135889290867, 52.071096247823888 ], [ 5.136181247127158, 52.071110966383806 ], [ 5.136240626058504, 52.071132897137211 ], [ 5.13628083466303, 52.071150845797646 ], [ 5.13633552877338, 52.071180148264183 ], [ 5.136379044758362, 52.07120847841216 ], [ 5.136419942704467, 52.071237105462401 ], [ 5.136277302969058, 52.071047863437499 ], [ 5.135829459061911, 52.071059787003072 ] ] ] ] } },
{ "type": "Feature", "properties": { "fid": 537, "id": null, "FUNCTIE": "02_Maaiveld", "Info": null, "Verhaal": null }, "geometry": { "type": "MultiPolygon", "coordinates": [ [ [ [ 5.136051033102404, 52.071245378559674 ], [ 5.136106731369543, 52.071271986042085 ], [ 5.136192011042551, 52.071248979185917 ], [ 5.13617161148818, 52.071237506164344 ], [ 5.136159262168195, 52.071231110002131 ], [ 5.136143189901107, 52.071223346405212 ], [ 5.136125451251032, 52.071215454409362 ], [ 5.136111319697458, 52.071209638009826 ], [ 5.136097466293026, 52.071204312770604 ], [ 5.136080632385098, 52.071198313652495 ], [ 5.136064444701525, 52.07119300521115 ], [ 5.136042637398451, 52.071188328796893 ], [ 5.136051033102404, 52.071245378559674 ] ] ] ] } },
{ "type": "Feature", "properties": { "fid": 538, "id": null, "FUNCTIE": "02_Maaiveld", "Info": null, "Verhaal": null }, "geometry": { "type": "MultiPolygon", "coordinates": [ [ [ [ 5.136021437409089, 52.071205584583147 ], [ 5.136015409969445, 52.071136351775273 ], [ 5.135963195396911, 52.071129399761183 ], [ 5.135969026878466, 52.071206597662034 ], [ 5.136021437409089, 52.071205584583147 ] ] ] ] } },
{ "type": "Feature", "properties": { "fid": 71, "id": null, "FUNCTIE": "02_Maaiveld", "Info": null, "Verhaal": null }, "geometry": { "type": "MultiPolygon", "coordinates": [ [ [ [ 5.151786736402831, 52.08329827412841 ], [ 5.15181408065745, 52.083298328720829 ], [ 5.151825336811909, 52.082993141552166 ], [ 5.151358268142812, 52.082802938600736 ], [ 5.15154166345749, 52.082492149985754 ], [ 5.151467747531364, 52.082478129059275 ], [ 5.151287647050199, 52.082774060046134 ], [ 5.151258746893324, 52.082764092812951 ], [ 5.151224702623234, 52.082814562645744 ], [ 5.15168854867994, 52.083005750630363 ], [ 5.151682575965927, 52.083223745587496 ], [ 5.151756576605058, 52.083221911498818 ], [ 5.151786736402831, 52.08329827412841 ] ] ] ] } },
{ "type": "Feature", "properties": { "fid": 539, "id": null, "FUNCTIE": "02_Maaiveld", "Info": null, "Verhaal": null }, "geometry": { "type": "MultiPolygon", "coordinates": [ [ [ [ 5.135882416965596, 52.071221054936125 ], [ 5.13594944566182, 52.071221200064976 ], [ 5.135943614868185, 52.071174249003796 ], [ 5.135877798398877, 52.071175275854948 ], [ 5.135882416965596, 52.071221054936125 ] ] ] ] } },
{ "type": "Feature", "properties": { "fid": 540, "id": null, "FUNCTIE": "02_Maaiveld", "Info": null, "Verhaal": null }, "geometry": { "type": "MultiPolygon", "coordinates": [ [ [ [ 5.135844261561074, 52.071127604994302 ], [ 5.135790574867832, 52.071128976302994 ], [ 5.135798389497732, 52.071209607720959 ], [ 5.135860761279662, 52.07120861629064 ], [ 5.135844261561074, 52.071127604994302 ] ] ] ] } },
{ "type": "Feature", "properties": { "fid": 541, "id": null, "FUNCTIE": "02_Maaiveld", "Info": null, "Verhaal": null }, "geometry": { "type": "MultiPolygon", "coordinates": [ [ [ [ 5.13570106782665, 52.071178229732887 ], [ 5.135706896258402, 52.07122555632143 ], [ 5.135773946018804, 52.071221946519557 ], [ 5.135769327804941, 52.071176124590195 ], [ 5.13570106782665, 52.071178229732887 ] ] ] ] } },
{ "type": "Feature", "properties": { "fid": 75, "id": null, "FUNCTIE": "02_Maaiveld", "Info": null, "Verhaal": null }, "geometry": { "type": "MultiPolygon", "coordinates": [ [ [ [ 5.151846266213299, 52.082987576691835 ], [ 5.151866487388287, 52.08298202091764 ], [ 5.151409801761115, 52.082791150384296 ], [ 5.151580151637686, 52.082514027596986 ], [ 5.151557685411358, 52.082504073293812 ], [ 5.15138565386584, 52.082795065852302 ], [ 5.151846278249534, 52.082987237712885 ], [ 5.151846266213299, 52.082987576691835 ] ] ] ] } },
{ "type": "Feature", "properties": { "fid": 542, "id": null, "FUNCTIE": "02_Maaiveld", "Info": null, "Verhaal": null }, "geometry": { "type": "MultiPolygon", "coordinates": [ [ [ [ 5.135529121707116, 52.071181702350366 ], [ 5.135535044279365, 52.071227797312879 ], [ 5.135607227446418, 52.071225340302597 ], [ 5.135602463799358, 52.071181861369972 ], [ 5.135529121707116, 52.071181702350366 ] ] ] ] } },
{ "type": "Feature", "properties": { "fid": 543, "id": null, "FUNCTIE": "02_Maaiveld", "Info": null, "Verhaal": null }, "geometry": { "type": "MultiPolygon", "coordinates": [ [ [ [ 5.135455870501232, 52.071220130494993 ], [ 5.135514368324113, 52.071220257366917 ], [ 5.135502988877039, 52.071137732590529 ], [ 5.135450656607341, 52.07113861102826 ], [ 5.135455870501232, 52.071220130494993 ] ] ] ] } },
{ "type": "Feature", "properties": { "fid": 544, "id": null, "FUNCTIE": "02_Maaiveld", "Info": null, "Verhaal": null }, "geometry": { "type": "MultiPolygon", "coordinates": [ [ [ [ 5.135106102122331, 52.071219371300131 ], [ 5.135435215705975, 52.071208820459589 ], [ 5.135435365244518, 52.071182159736075 ], [ 5.13510628560686, 52.071186702515078 ], [ 5.135106102122331, 52.071219371300131 ] ] ] ] } },
{ "type": "Feature", "properties": { "fid": 79, "id": null, "FUNCTIE": "02_Maaiveld", "Info": null, "Verhaal": null }, "geometry": { "type": "MultiPolygon", "coordinates": [ [ [ [ 5.145898573027312, 52.097885610329982 ], [ 5.145944420504334, 52.097887190755237 ], [ 5.145956886922478, 52.097812895809717 ], [ 5.147212899057339, 52.097623717814827 ], [ 5.147440825689359, 52.097876871827125 ], [ 5.147899243934065, 52.09790307398476 ], [ 5.147905880333232, 52.097865431838997 ], [ 5.14751341120239, 52.097842832340277 ], [ 5.147289469686505, 52.097596623184749 ], [ 5.145911079451468, 52.097803883417058 ], [ 5.145898573027312, 52.097885610329982 ] ] ] ] } },
{ "type": "Feature", "properties": { "fid": 545, "id": null, "FUNCTIE": "02_Maaiveld", "Info": null, "Verhaal": null }, "geometry": { "type": "MultiPolygon", "coordinates": [ [ [ [ 5.135033190523951, 52.071234100695612 ], [ 5.135082885548206, 52.071230210598706 ], [ 5.135073737804425, 52.07114224933629 ], [ 5.135023454034447, 52.071142948773819 ], [ 5.135033190523951, 52.071234100695612 ] ] ] ] } },
{ "type": "Feature", "properties": { "fid": 81, "id": null, "FUNCTIE": "02_Maaiveld", "Info": null, "Verhaal": null }, "geometry": { "type": "MultiPolygon", "coordinates": [ [ [ [ 5.147978743489346, 52.096872660795292 ], [ 5.147806297141572, 52.097229047251659 ], [ 5.148162552209147, 52.097404176740781 ], [ 5.14819470311497, 52.097711928102555 ], [ 5.148247806349219, 52.097710549564432 ], [ 5.148218274045762, 52.097364157009551 ], [ 5.147845122706109, 52.09718948877623 ], [ 5.147991596376146, 52.096876155219732 ], [ 5.147978743489346, 52.096872660795292 ] ] ] ] } },
{ "type": "Feature", "properties": { "fid": 82, "id": null, "FUNCTIE": "02_Maaiveld", "Info": null, "Verhaal": null }, "geometry": { "type": "MultiPolygon", "coordinates": [ [ [ [ 5.145600164411649, 52.096678528688173 ], [ 5.14572961852235, 52.096541054081172 ], [ 5.145695831317409, 52.096540984686619 ], [ 5.145559882754307, 52.096689348183084 ], [ 5.146540329512633, 52.096875673447784 ], [ 5.14681686481128, 52.096313384447278 ], [ 5.145820339203612, 52.096125048081603 ], [ 5.145808113934716, 52.096305371848189 ], [ 5.145835412076385, 52.096315337282583 ], [ 5.145845949433423, 52.096150863129608 ], [ 5.146774959096581, 52.096327171878414 ], [ 5.146514693905526, 52.096856791217022 ], [ 5.145600164411649, 52.096678528688173 ] ] ] ] } },
{ "type": "Feature", "properties": { "fid": 83, "id": null, "FUNCTIE": "02_Maaiveld", "Info": null, "Verhaal": null }, "geometry": { "type": "MultiPolygon", "coordinates": [ [ [ [ 5.145767024022543, 52.096467799485524 ], [ 5.145695831317409, 52.096540984686619 ], [ 5.14582453381583, 52.096543230850706 ], [ 5.145855406690617, 52.09648681071662 ], [ 5.145950231364082, 52.096505833161139 ], [ 5.145903083133549, 52.096596902773584 ], [ 5.146251856305483, 52.096665001822167 ], [ 5.146390038002084, 52.096399713461686 ], [ 5.146038054352919, 52.096330617224623 ], [ 5.145977902185965, 52.096446433620272 ], [ 5.145886295454961, 52.096427417798424 ], [ 5.145925329807559, 52.096349213765343 ], [ 5.145808113934716, 52.096305371848189 ], [ 5.145799477284139, 52.096414355431193 ], [ 5.145619466866507, 52.096380297631065 ], [ 5.145570922400085, 52.096431722825088 ], [ 5.145767024022543, 52.096467799485524 ] ] ] ] } },
{ "type": "Feature", "properties": { "fid": 84, "id": null, "FUNCTIE": "02_Maaiveld", "Info": null, "Verhaal": null }, "geometry": { "type": "MultiPolygon", "coordinates": [ [ [ [ 5.150825366197511, 52.083505439153484 ], [ 5.150863687436729, 52.083559026751153 ], [ 5.151516882493659, 52.083532587892982 ], [ 5.151404361013367, 52.08351848975709 ], [ 5.151401300664141, 52.083488755426487 ], [ 5.150863990960414, 52.083501552818852 ], [ 5.150825366197511, 52.083505439153484 ] ] ] ] } },
{ "type": "Feature", "properties": { "fid": 85, "id": null, "FUNCTIE": "02_Maaiveld", "Info": null, "Verhaal": null }, "geometry": { "type": "MultiPolygon", "coordinates": [ [ [ [ 5.150187759074624, 52.0961122735131 ], [ 5.150167327924217, 52.096148521875548 ], [ 5.150156149447055, 52.096171358451876 ], [ 5.150128617577743, 52.096198224788949 ], [ 5.149154127019121, 52.097013776973313 ], [ 5.148291037045571, 52.096842576643937 ], [ 5.148403347893351, 52.096599034469669 ], [ 5.148808950153503, 52.096570129474756 ], [ 5.149676419658119, 52.095911922925168 ], [ 5.148495819757379, 52.095546848871429 ], [ 5.148128444004008, 52.095650150228025 ], [ 5.147527352250918, 52.095229760023777 ], [ 5.147823547462493, 52.094897409697225 ], [ 5.146845158584454, 52.094633804833201 ], [ 5.14622530063218, 52.095916789124558 ], [ 5.146271916880374, 52.09592580312777 ], [ 5.146870629664103, 52.094684394672562 ], [ 5.147728525151717, 52.09491604378789 ], [ 5.147453318250275, 52.095234563654152 ], [ 5.148113711036946, 52.095697685152651 ], [ 5.148494005578928, 52.095585491644762 ], [ 5.149573414785776, 52.095918651251147 ], [ 5.148794706602099, 52.096525508494061 ], [ 5.148353708803548, 52.096554341519912 ], [ 5.148213698335254, 52.096863229159339 ], [ 5.149316292215661, 52.097077524981415 ], [ 5.149348617521733, 52.097049844167621 ], [ 5.149191090196762, 52.09702177927155 ], [ 5.150157520049348, 52.096209183346161 ], [ 5.150168817589629, 52.096201278795462 ], [ 5.150187355141449, 52.096180019720251 ], [ 5.150219843779924, 52.096132432650741 ], [ 5.150274704441856, 52.096026969538997 ], [ 5.150245118520776, 52.09574018180907 ], [ 5.149958832162234, 52.0956143874186 ], [ 5.148438194077035, 52.095060391454574 ], [ 5.148390956723911, 52.094736968643197 ], [ 5.148075155189376, 52.094584547855064 ], [ 5.147001395006177, 52.094279577572536 ], [ 5.146608628692475, 52.094305076380145 ], [ 5.146276027556287, 52.094523876160068 ], [ 5.145668688240336, 52.095743822459482 ], [ 5.145494608514954, 52.095776470059469 ], [ 5.145396771058222, 52.095901154319534 ], [ 5.145725245520603, 52.095915012033956 ], [ 5.145759178927479, 52.095907487741613 ], [ 5.145794774495039, 52.09590496936567 ], [ 5.145829233342916, 52.095907481907716 ], [ 5.146957371630155, 52.096131095011991 ], [ 5.147006918383099, 52.096145241020714 ], [ 5.147054655894229, 52.096164094560081 ], [ 5.14709518641352, 52.096185523251542 ], [ 5.14713679681092, 52.096215332744379 ], [ 5.147161859878027, 52.096239717999921 ], [ 5.147180212443891, 52.096262999934837 ], [ 5.147205658129306, 52.096297875018813 ], [ 5.147217138415606, 52.096325298145075 ], [ 5.147230128637877, 52.096353969786371 ], [ 5.147228917141061, 52.096391330634859 ], [ 5.147220704983951, 52.096414354633971 ], [ 5.147207417421405, 52.096441104635183 ], [ 5.147191925951883, 52.096471953415204 ], [ 5.146994157006739, 52.096894006524067 ], [ 5.146985686084164, 52.09691577646516 ], [ 5.14696842818919, 52.096943692820396 ], [ 5.146953578174666, 52.096960867066961 ], [ 5.146927941145228, 52.0969835631062 ], [ 5.146909270027233, 52.096996754410952 ], [ 5.146880027830984, 52.097013810856204 ], [ 5.14682270951599, 52.097038977833485 ], [ 5.146790275639115, 52.09704990303176 ], [ 5.146748059800207, 52.09706174845816 ], [ 5.146686299389317, 52.097073961406196 ], [ 5.146614560507905, 52.097081058194469 ], [ 5.146541083050636, 52.097081314483106 ], [ 5.146474905564574, 52.097075705178156 ], [ 5.145398792187023, 52.096869512025059 ], [ 5.145282091179428, 52.096918596508331 ], [ 5.145950355308509, 52.097045324024656 ], [ 5.145504655340418, 52.097987366638492 ], [ 5.145778014697194, 52.098013689738906 ], [ 5.145801836527396, 52.097771990124684 ], [ 5.145850130645402, 52.097768084563796 ], [ 5.147308139204361, 52.097549229912943 ], [ 5.147533061476794, 52.097809193024176 ], [ 5.14766156586572, 52.09781933981624 ], [ 5.14766817854322, 52.097799549929199 ], [ 5.148112058628468, 52.097822248972086 ], [ 5.148084608522716, 52.097538812785572 ], [ 5.148116791539152, 52.097534889226594 ], [ 5.148104590519414, 52.09741409508981 ], [ 5.147719558734048, 52.097226605968245 ], [ 5.147917958162841, 52.096807124470068 ], [ 5.148139171031886, 52.096353755624165 ], [ 5.14866048654895, 52.096319133036559 ], [ 5.148722022734891, 52.096265781503732 ], [ 5.148699928767639, 52.096253550324477 ], [ 5.149032281766855, 52.095990835473444 ], [ 5.148608392587074, 52.095859220794033 ], [ 5.148618139824153, 52.09584140512046 ], [ 5.14852178571015, 52.095811487597331 ], [ 5.148061197465348, 52.09594918260062 ], [ 5.147046042453033, 52.095240656861435 ], [ 5.147044867721513, 52.095239404891437 ], [ 5.147245246142742, 52.095006186866996 ], [ 5.146978630301512, 52.094934465138095 ], [ 5.146474418259704, 52.095965855542161 ], [ 5.145776957959472, 52.095832647336692 ], [ 5.146399352342322, 52.094560549087824 ], [ 5.146423219584785, 52.094528124539913 ], [ 5.146445821304891, 52.094503804204642 ], [ 5.146475561019647, 52.094477524992172 ], [ 5.146513197152674, 52.094450669895572 ], [ 5.146559488128836, 52.094424621905134 ], [ 5.146595531558204, 52.09440838792716 ], [ 5.146635983384884, 52.094393537097005 ], [ 5.146691392805603, 52.094377999722312 ], [ 5.146719328267186, 52.094372041269338 ], [ 5.146774315164294, 52.094363627351044 ], [ 5.146827564440486, 52.094359321125282 ], [ 5.146878405389122, 52.094358447043902 ], [ 5.146926167299645, 52.094360329560118 ], [ 5.147027699710167, 52.094372662698269 ], [ 5.147073010212194, 52.094381914697642 ], [ 5.147115246602366, 52.094393103163199 ], [ 5.14795750413723, 52.094650181871998 ], [ 5.148012546360102, 52.094664998044642 ], [ 5.148054650493737, 52.094679421805374 ], [ 5.148086253831484, 52.094692196841216 ], [ 5.148119421308635, 52.094707695917144 ], [ 5.1481530703599, 52.094726087620451 ], [ 5.148186118419301, 52.094747540539764 ], [ 5.148217482919446, 52.094772223265146 ], [ 5.148246081290654, 52.094800304387725 ], [ 5.148270830960016, 52.094831952499966 ], [ 5.148281424226314, 52.094849166862545 ], [ 5.148296181712028, 52.094880698338656 ], [ 5.148305047748293, 52.094911019005991 ], [ 5.148308535908129, 52.094967593496492 ], [ 5.148304732585501, 52.094993379638005 ], [ 5.148298280701609, 52.095017186588365 ], [ 5.148285359006972, 52.095048674501683 ], [ 5.148266208115905, 52.095081548694274 ], [ 5.148248037640838, 52.095105370142861 ], [ 5.14982334972055, 52.095634365584829 ], [ 5.149874649413013, 52.09564981504424 ], [ 5.149917222298254, 52.095665242869124 ], [ 5.149966843994861, 52.095686691531711 ], [ 5.15003793524652, 52.095725528006646 ], [ 5.150073265190402, 52.09574967061284 ], [ 5.150123080365855, 52.095792210668471 ], [ 5.150165975694443, 52.095842790836699 ], [ 5.150189557941419, 52.09588235684442 ], [ 5.150205928402024, 52.095923265729375 ], [ 5.15021449836257, 52.095962667740345 ], [ 5.150215275020758, 52.096018206559215 ], [ 5.150205051686561, 52.096068455112075 ], [ 5.150187759074624, 52.0961122735131 ] ] ] ] } },
{ "type": "Feature", "properties": { "fid": 86, "id": null, "FUNCTIE": "02_Maaiveld", "Info": null, "Verhaal": null }, "geometry": { "type": "MultiPolygon", "coordinates": [ [ [ [ 5.149155460999974, 52.081742169147937 ], [ 5.149773329778745, 52.081658223391571 ], [ 5.149776733003296, 52.081657603901981 ], [ 5.149782506292977, 52.081656580808684 ], [ 5.149789860527493, 52.081655358952752 ], [ 5.149798721971796, 52.081653996067715 ], [ 5.149809016890855, 52.081652549887011 ], [ 5.149820671549683, 52.081651078144212 ], [ 5.149833612213357, 52.081649638572706 ], [ 5.149847765147029, 52.08164828890596 ], [ 5.149863056615946, 52.081647086877375 ], [ 5.149879412885464, 52.08164609022046 ], [ 5.149896760221051, 52.081645356668595 ], [ 5.149915024888307, 52.081644943955304 ], [ 5.14993413315297, 52.081644909814045 ], [ 5.149954011280913, 52.081645311978363 ], [ 5.149974585538152, 52.081646208181752 ], [ 5.149995782190857, 52.081647656157948 ], [ 5.150017527505336, 52.08164971364041 ], [ 5.150039747748044, 52.081652438362944 ], [ 5.150062369185576, 52.081655888059203 ], [ 5.150085318084661, 52.081660120462978 ], [ 5.150108520712156, 52.081665193308197 ], [ 5.150131903335029, 52.081671164328661 ], [ 5.150155392220359, 52.081678091258283 ], [ 5.150178913635317, 52.081686031831197 ], [ 5.150200191583717, 52.081694150055093 ], [ 5.150218121256399, 52.081701743810797 ], [ 5.15023503673208, 52.081709606794156 ], [ 5.15025096561418, 52.081717697227454 ], [ 5.15026593550606, 52.081725973332887 ], [ 5.150279974011011, 52.081734393332653 ], [ 5.150293108732274, 52.0817429154488 ], [ 5.150305367273053, 52.081751497903504 ], [ 5.150316777236508, 52.081760098918785 ], [ 5.150327366225786, 52.081768676716692 ], [ 5.150337161844008, 52.081777189519201 ], [ 5.150346191694291, 52.081785595548332 ], [ 5.150354483379744, 52.081793853025985 ], [ 5.150362064503482, 52.081801920174158 ], [ 5.150368962668626, 52.081809755214756 ], [ 5.150375205478313, 52.081817316369616 ], [ 5.150380820535696, 52.081824561860685 ], [ 5.150385835443956, 52.081831449909842 ], [ 5.150390277806295, 52.081837938738857 ], [ 5.150394175225948, 52.081843986569638 ], [ 5.150397555306177, 52.081849551623954 ], [ 5.150400445650286, 52.081854592123655 ], [ 5.150402873861609, 52.081859066290541 ], [ 5.150404867543517, 52.081862932346446 ], [ 5.150406231403302, 52.081865677244551 ], [ 5.15068336780288, 52.082371503314988 ], [ 5.150685172102775, 52.08237383588402 ], [ 5.150687680147973, 52.082377187405484 ], [ 5.150690681622838, 52.082381383646371 ], [ 5.150694082634341, 52.082386393839393 ], [ 5.150697789289448, 52.082392187217238 ], [ 5.150701707695109, 52.082398733012703 ], [ 5.150705743958225, 52.082406000458434 ], [ 5.150709804185644, 52.082413958787235 ], [ 5.150713794484139, 52.082422577231881 ], [ 5.1507176209604, 52.082431825025083 ], [ 5.150721189721013, 52.082441671399643 ], [ 5.150724406872454, 52.082452085588407 ], [ 5.150727178521081, 52.082463036824095 ], [ 5.150729410773117, 52.0824744943396 ], [ 5.150731009734655, 52.082486427367634 ], [ 5.150731881511637, 52.082498805141093 ], [ 5.150731932209859, 52.082511596892694 ], [ 5.150731067934966, 52.082524771855262 ], [ 5.150729194792446, 52.082538299261543 ], [ 5.150726218887633, 52.082552148344234 ], [ 5.150722046325702, 52.082566288336032 ], [ 5.150716583211679, 52.082580688469619 ], [ 5.150709735650437, 52.082595317977479 ], [ 5.150701409746699, 52.082610146092229 ], [ 5.150691423057896, 52.082625263395187 ], [ 5.150680299739122, 52.082639787022813 ], [ 5.150668293708796, 52.08265349996951 ], [ 5.150655514886807, 52.082666421657756 ], [ 5.15064207319324, 52.082678571510208 ], [ 5.150628078548345, 52.082689968949445 ], [ 5.150613640872526, 52.082700633398098 ], [ 5.150598870086306, 52.082710584279035 ], [ 5.150583876110317, 52.082719841014864 ], [ 5.15056876886529, 52.082728423028442 ], [ 5.150553658272019, 52.082736349742703 ], [ 5.150538654251353, 52.082743640580532 ], [ 5.150523866724185, 52.082750314964912 ], [ 5.150509405611426, 52.08275639231892 ], [ 5.150495380834006, 52.082761892065648 ], [ 5.150481902312849, 52.082766833628156 ], [ 5.150469079968866, 52.082771236429728 ], [ 5.150457023722942, 52.082775119893562 ], [ 5.150445843495933, 52.08277850344286 ], [ 5.150435649208645, 52.082781406500963 ], [ 5.15042655078184, 52.082783848491111 ], [ 5.150418658136213, 52.082785848836657 ], [ 5.150412081192406, 52.082787426960813 ], [ 5.150406929870978, 52.082788602286946 ], [ 5.150404482416231, 52.082789144050054 ], [ 5.150359574716944, 52.082802864649651 ], [ 5.150359361582712, 52.082802928898907 ], [ 5.149802095336841, 52.082960328911184 ], [ 5.1498021876516, 52.082960574033066 ], [ 5.149846689038107, 52.083023800765979 ], [ 5.149847261447248, 52.083023713574491 ], [ 5.150164905552206, 52.082937504149712 ], [ 5.150165942749801, 52.082937661287538 ], [ 5.150734859661384, 52.083695992782843 ], [ 5.150737490872427, 52.083699486917745 ], [ 5.152004877204642, 52.08365645121183 ], [ 5.152005325232451, 52.083654264777024 ], [ 5.15204121766865, 52.082920177681395 ], [ 5.152040734839076, 52.082919031790098 ], [ 5.151622001906902, 52.082744523938935 ], [ 5.151620841809018, 52.082743877825244 ], [ 5.151919238262985, 52.082264991335421 ], [ 5.151921452531294, 52.082265046662847 ], [ 5.15240148196875, 52.082277834660587 ], [ 5.152403669991936, 52.082276268963788 ], [ 5.15321766427352, 52.081622576162367 ], [ 5.15321784358956, 52.081621235841155 ], [ 5.151909434492256, 52.081350299137483 ], [ 5.151904709314191, 52.081349352460151 ], [ 5.151540273990881, 52.081538849514097 ], [ 5.15153741541886, 52.081537739077646 ], [ 5.150812086785463, 52.081250246097682 ], [ 5.150811918748954, 52.081249441491302 ], [ 5.151008988750547, 52.080939936455536 ], [ 5.151008956945211, 52.080938882847718 ], [ 5.150260046301449, 52.080298354848793 ], [ 5.150256828336183, 52.080295645286569 ], [ 5.149099955988135, 52.080727252393594 ], [ 5.149100789470602, 52.080730297452519 ], [ 5.14942266151385, 52.081638673880562 ], [ 5.149422581598992, 52.081639707995613 ], [ 5.149130844309738, 52.081678593589771 ], [ 5.149130072801436, 52.081678720923634 ], [ 5.149155460999974, 52.081742169147937 ] ] ] ] } },
{ "type": "Feature", "properties": { "fid": 87, "id": null, "FUNCTIE": "02_Maaiveld", "Info": null, "Verhaal": null }, "geometry": { "type": "MultiPolygon", "coordinates": [ [ [ [ 5.152738773659911, 52.081856131991593 ], [ 5.15296139975968, 52.08167448031692 ], [ 5.152529190079282, 52.081586418087561 ], [ 5.152478850801189, 52.081677484419664 ], [ 5.152684490645323, 52.081723476890573 ], [ 5.152603705591175, 52.081792682019739 ], [ 5.152738773659911, 52.081856131991593 ] ] ] ] } },
{ "type": "Feature", "properties": { "fid": 88, "id": null, "FUNCTIE": "02_Maaiveld", "Info": null, "Verhaal": null }, "geometry": { "type": "MultiPolygon", "coordinates": [ [ [ [ 5.152328022663651, 52.081607818215133 ], [ 5.152469470497188, 52.081625936833795 ], [ 5.152482441841316, 52.081606143844994 ], [ 5.15195220339204, 52.081502029253819 ], [ 5.151558663448551, 52.081707359037814 ], [ 5.150531428356859, 52.081297033978032 ], [ 5.150745571341652, 52.080950634377409 ], [ 5.150438173741904, 52.080682463471369 ], [ 5.150405932514434, 52.080696271893885 ], [ 5.150450590070262, 52.080767709314159 ], [ 5.15038931378439, 52.080797314478311 ], [ 5.150562224104379, 52.080948284648173 ], [ 5.150607060269005, 52.080986030378114 ], [ 5.150405888219315, 52.081312636963723 ], [ 5.150868127713871, 52.081499861261143 ], [ 5.150839050537791, 52.081523585549938 ], [ 5.151009187618357, 52.081591310466067 ], [ 5.151038275206345, 52.081565604275141 ], [ 5.151574372097221, 52.081778738156331 ], [ 5.151945311325162, 52.081589218278275 ], [ 5.152003172932353, 52.081597261240859 ], [ 5.15229881096297, 52.081657307050662 ], [ 5.152328022663651, 52.081607818215133 ] ] ] ] } },
{ "type": "Feature", "properties": { "fid": 89, "id": null, "FUNCTIE": "02_Maaiveld", "Info": null, "Verhaal": null }, "geometry": { "type": "MultiPolygon", "coordinates": [ [ [ [ 5.1376778443978, 52.114228684767902 ], [ 5.13765625546694, 52.114203369726617 ], [ 5.137091220847232, 52.11421407195845 ], [ 5.137682333406622, 52.114723682214013 ], [ 5.138327808476322, 52.114576392115403 ], [ 5.138171940598387, 52.113948783627841 ], [ 5.13777478393561, 52.11416348473476 ], [ 5.137784234814345, 52.114200665842361 ], [ 5.138132963854209, 52.114011132684965 ], [ 5.138258293892593, 52.114485572934484 ], [ 5.137624908470938, 52.114629915100039 ], [ 5.137170763311746, 52.114238022769825 ], [ 5.1376778443978, 52.114228684767902 ] ] ] ] } },
{ "type": "Feature", "properties": { "fid": 90, "id": null, "FUNCTIE": "02_Maaiveld", "Info": null, "Verhaal": null }, "geometry": { "type": "MultiPolygon", "coordinates": [ [ [ [ 5.137535957126443, 52.117596688924166 ], [ 5.138710468545203, 52.117123484241567 ], [ 5.138676559857675, 52.116851887967464 ], [ 5.139053676768882, 52.116771416530604 ], [ 5.139034393440652, 52.116765430460497 ], [ 5.138662896714565, 52.116848391007935 ], [ 5.138692786556755, 52.117118987919099 ], [ 5.137550552208247, 52.117577395646457 ], [ 5.137315592713326, 52.116844079523545 ], [ 5.137560421301866, 52.116672165323351 ], [ 5.136912439009469, 52.11596473638739 ], [ 5.136421955472332, 52.116024646614797 ], [ 5.135680607212592, 52.115609844541275 ], [ 5.137217057910043, 52.114740045331764 ], [ 5.137220464975373, 52.114706359602174 ], [ 5.135637968059591, 52.115606781322882 ], [ 5.136414656540452, 52.116034540906867 ], [ 5.136907557468071, 52.115974140311884 ], [ 5.137534682860896, 52.11666913834506 ], [ 5.137289093513003, 52.116833123136175 ], [ 5.137535957126443, 52.117596688924166 ] ] ] ] } },
{ "type": "Feature", "properties": { "fid": 91, "id": null, "FUNCTIE": "02_Maaiveld", "Info": null, "Verhaal": null }, "geometry": { "type": "MultiPolygon", "coordinates": [ [ [ [ 5.137285721886091, 52.114838791188824 ], [ 5.137268912010349, 52.114822404833802 ], [ 5.135900399934434, 52.115596931706605 ], [ 5.136485397452194, 52.115905864136799 ], [ 5.137021779639819, 52.115841591038084 ], [ 5.137784898185897, 52.11668601473766 ], [ 5.137510996704243, 52.116875705748093 ], [ 5.137679476226364, 52.117406723918513 ], [ 5.138507154709759, 52.11706657383796 ], [ 5.138477439175057, 52.116764761692316 ], [ 5.138934320197786, 52.116669097566799 ], [ 5.138910462990169, 52.116617021910166 ], [ 5.138366519195486, 52.116737773358274 ], [ 5.138398780447196, 52.117015807635788 ], [ 5.137769542972584, 52.117276104883992 ], [ 5.137653421581406, 52.116881950689368 ], [ 5.137905566836741, 52.116696673100407 ], [ 5.137080224835646, 52.11575252690114 ], [ 5.13652933203925, 52.115821228944405 ], [ 5.136028625478714, 52.115551122845929 ], [ 5.137285721886091, 52.114838791188824 ] ] ] ] } },
{ "type": "Feature", "properties": { "fid": 92, "id": null, "FUNCTIE": "02_Maaiveld", "Info": null, "Verhaal": null }, "geometry": { "type": "MultiPolygon", "coordinates": [ [ [ [ 5.139862706294182, 52.117181381399533 ], [ 5.139981834866684, 52.117179647256741 ], [ 5.140020980943442, 52.117086577735478 ], [ 5.139911510804908, 52.117088331997415 ], [ 5.139862706294182, 52.117181381399533 ] ] ] ] } },
{ "type": "Feature", "properties": { "fid": 93, "id": null, "FUNCTIE": "02_Maaiveld", "Info": null, "Verhaal": null }, "geometry": { "type": "MultiPolygon", "coordinates": [ [ [ [ 5.139031520082129, 52.117284691805331 ], [ 5.138934696410587, 52.11732809226779 ], [ 5.139548137543628, 52.117594951143374 ], [ 5.139531974731427, 52.117606809098497 ], [ 5.139750371069979, 52.117702396725235 ], [ 5.139825325364646, 52.117538051991382 ], [ 5.139799602776842, 52.117532052666235 ], [ 5.13993308504121, 52.117262787133747 ], [ 5.139830064170887, 52.117262572820245 ], [ 5.139703140388996, 52.117510050622599 ], [ 5.139609645859649, 52.117533639208354 ], [ 5.139031520082129, 52.117284691805331 ] ] ] ] } },
{ "type": "Feature", "properties": { "fid": 94, "id": null, "FUNCTIE": "02_Maaiveld", "Info": null, "Verhaal": null }, "geometry": { "type": "MultiPolygon", "coordinates": [ [ [ [ 5.138757398065935, 52.117369342583565 ], [ 5.139823663833138, 52.117839302821331 ], [ 5.140113486636957, 52.117231576268601 ], [ 5.140316340166694, 52.117219986558823 ], [ 5.140332804081205, 52.117172452033785 ], [ 5.140139861570597, 52.117174027470462 ], [ 5.14019500250052, 52.117055228507667 ], [ 5.140169247422104, 52.117055174989311 ], [ 5.140081319454736, 52.11723733019695 ], [ 5.139814103882021, 52.117821445507097 ], [ 5.138779977903922, 52.117361462015779 ], [ 5.138757398065935, 52.117369342583565 ] ] ] ] } },
{ "type": "Feature", "properties": { "fid": 95, "id": null, "FUNCTIE": "02_Maaiveld", "Info": null, "Verhaal": null }, "geometry": { "type": "MultiPolygon", "coordinates": [ [ [ [ 5.139028421312941, 52.117262884030026 ], [ 5.139564770892777, 52.117497870903449 ], [ 5.13951416859485, 52.117333264797963 ], [ 5.139588291609591, 52.117319545646403 ], [ 5.139700139702084, 52.11747040565762 ], [ 5.139810824276566, 52.117248659239273 ], [ 5.14006202490082, 52.117233326220003 ], [ 5.140081319454736, 52.11723733019695 ], [ 5.140104150039033, 52.117183865420621 ], [ 5.139840061216995, 52.117201153633332 ], [ 5.139905148517472, 52.117074445219863 ], [ 5.139496198490377, 52.117089449255388 ], [ 5.139393035578403, 52.117114999409623 ], [ 5.139028421312941, 52.117262884030026 ] ] ] ] } },
{ "type": "Feature", "properties": { "fid": 96, "id": null, "FUNCTIE": "02_Maaiveld", "Info": null, "Verhaal": null }, "geometry": { "type": "MultiPolygon", "coordinates": [ [ [ [ 5.139253349462921, 52.116613278431501 ], [ 5.139819018783922, 52.116492568332163 ], [ 5.140080873549834, 52.116733918026796 ], [ 5.141100102176747, 52.116681034199914 ], [ 5.140686034418842, 52.116017220070873 ], [ 5.140241942047966, 52.115985082385215 ], [ 5.139960026534094, 52.115003440142267 ], [ 5.140482253463485, 52.114875205481496 ], [ 5.140604073351772, 52.114236286862912 ], [ 5.138792371218013, 52.114397504847624 ], [ 5.138780274527885, 52.114401938877663 ], [ 5.138782623060758, 52.11441383538105 ], [ 5.138946884440404, 52.114399314546624 ], [ 5.138951606278858, 52.114418648249284 ], [ 5.139031322543133, 52.11441138269543 ], [ 5.139026592445983, 52.114393535428682 ], [ 5.140468729075357, 52.114261275177043 ], [ 5.140356981916028, 52.11482440593327 ], [ 5.139813041670556, 52.114949621888883 ], [ 5.140125719543681, 52.116044298697034 ], [ 5.14057947864539, 52.116074970414509 ], [ 5.140921795394708, 52.116613774675741 ], [ 5.140129622482482, 52.116650778176592 ], [ 5.139877466971675, 52.116402016538174 ], [ 5.139207827028936, 52.116549266040636 ], [ 5.139236472485894, 52.116608783865203 ], [ 5.139253349462921, 52.116613278431501 ] ] ] ] } },
{ "type": "Feature", "properties": { "fid": 97, "id": null, "FUNCTIE": "02_Maaiveld", "Info": null, "Verhaal": null }, "geometry": { "type": "MultiPolygon", "coordinates": [ [ [ [ 5.138738971188118, 52.11430325134458 ], [ 5.138738839433601, 52.114327034244312 ], [ 5.140774399104335, 52.114142994567992 ], [ 5.140628398482722, 52.114935462392104 ], [ 5.14012871973395, 52.11506126722702 ], [ 5.140365593031234, 52.115892188583437 ], [ 5.140806451522804, 52.115926796547754 ], [ 5.141333051572305, 52.116764261922839 ], [ 5.139996580298155, 52.116840767159744 ], [ 5.139753154590568, 52.116614320136165 ], [ 5.139260023279636, 52.116716352983296 ], [ 5.139288986616975, 52.116718395337415 ], [ 5.139743441852941, 52.116624209582859 ], [ 5.139980417904571, 52.11685262514802 ], [ 5.141358741250402, 52.116776206644573 ], [ 5.140816218266957, 52.115906997501696 ], [ 5.140375349072197, 52.115874371474035 ], [ 5.140151232565244, 52.115065277925588 ], [ 5.140647659367809, 52.114945412028696 ], [ 5.140797063887224, 52.11411925850593 ], [ 5.138738971188118, 52.11430325134458 ] ] ] ] } },
{ "type": "Feature", "properties": { "fid": 98, "id": null, "FUNCTIE": "02_Maaiveld", "Info": null, "Verhaal": null }, "geometry": { "type": "MultiPolygon", "coordinates": [ [ [ [ 5.140967257130739, 52.114929724295457 ], [ 5.141555153648134, 52.11515390868319 ], [ 5.141586736484355, 52.115118299324621 ], [ 5.140979557641898, 52.114888129322246 ], [ 5.140967257130739, 52.114929724295457 ] ] ] ] } },
{ "type": "Feature", "properties": { "fid": 99, "id": null, "FUNCTIE": "02_Maaiveld", "Info": null, "Verhaal": null }, "geometry": { "type": "MultiPolygon", "coordinates": [ [ [ [ 5.141566810733757, 52.115229741499327 ], [ 5.141670289567902, 52.115292386170502 ], [ 5.141854444846707, 52.115172364706112 ], [ 5.141635155132607, 52.115094616335789 ], [ 5.141567233916333, 52.115152447224794 ], [ 5.141555153648134, 52.11515390868319 ], [ 5.141566810733757, 52.115229741499327 ] ] ] ] } },
{ "type": "Feature", "properties": { "fid": 100, "id": null, "FUNCTIE": "02_Maaiveld", "Info": null, "Verhaal": null }, "geometry": { "type": "MultiPolygon", "coordinates": [ [ [ [ 5.141036051937357, 52.115592821930008 ], [ 5.141067138078991, 52.11564788487555 ], [ 5.141629293018664, 52.11528338273925 ], [ 5.141569168197511, 52.115240151491918 ], [ 5.141036051937357, 52.115592821930008 ] ] ] ] } },
{ "type": "Feature", "properties": { "fid": 101, "id": null, "FUNCTIE": "02_Maaiveld", "Info": null, "Verhaal": null }, "geometry": { "type": "MultiPolygon", "coordinates": [ [ [ [ 5.141187573871495, 52.115260171892821 ], [ 5.14117338887788, 52.115205144010027 ], [ 5.141446569601775, 52.115141792470709 ], [ 5.140943015051462, 52.114947511372534 ], [ 5.140854732323596, 52.115342227485094 ], [ 5.141007111129357, 52.115586816163756 ], [ 5.14151597745879, 52.115253419477618 ], [ 5.141187573871495, 52.115260171892821 ] ] ] ] } },
{ "type": "Feature", "properties": { "fid": 102, "id": null, "FUNCTIE": "02_Maaiveld", "Info": null, "Verhaal": null }, "geometry": { "type": "MultiPolygon", "coordinates": [ [ [ [ 5.141114799359981, 52.115762440022181 ], [ 5.141122757878736, 52.115778807423347 ], [ 5.142079075698375, 52.115156477666176 ], [ 5.140989919587914, 52.114759821008846 ], [ 5.14098744535666, 52.114770716478183 ], [ 5.142047671948052, 52.115159385733442 ], [ 5.141114799359981, 52.115762440022181 ] ] ] ] } },
{ "type": "Feature", "properties": { "fid": 103, "id": null, "FUNCTIE": "02_Maaiveld", "Info": null, "Verhaal": null }, "geometry": { "type": "MultiPolygon", "coordinates": [ [ [ [ 5.137626122637508, 52.114122542579452 ], [ 5.136837322103557, 52.11413871857912 ], [ 5.137647927638685, 52.114832120820331 ], [ 5.138466657478209, 52.114645555279594 ], [ 5.138265380011564, 52.113788938711757 ], [ 5.137713161910982, 52.114100924318812 ], [ 5.137620754223438, 52.113930283775041 ], [ 5.137597368351495, 52.113938657803494 ], [ 5.137941857936626, 52.114511664998858 ], [ 5.138215040904704, 52.114448320979236 ], [ 5.138108654931544, 52.114040810645456 ], [ 5.137781721213651, 52.114218497958618 ], [ 5.137717119732892, 52.11411282423748 ], [ 5.138240195007294, 52.113831497397683 ], [ 5.138440939461956, 52.114639060111266 ], [ 5.137652839213965, 52.114817266633224 ], [ 5.136886304130484, 52.114158641250832 ], [ 5.137644514384326, 52.114143887037436 ], [ 5.137701922179408, 52.114240626985953 ], [ 5.137228642555371, 52.114250036293441 ], [ 5.137617921685792, 52.114583820436522 ], [ 5.137871749171644, 52.114527868716209 ], [ 5.137549031125314, 52.113947474822069 ], [ 5.137530507090156, 52.113949913267 ], [ 5.137626122637508, 52.114122542579452 ] ] ] ] } },
{ "type": "Feature", "properties": { "fid": 104, "id": null, "FUNCTIE": "02_Maaiveld", "Info": null, "Verhaal": null }, "geometry": { "type": "MultiPolygon", "coordinates": [ [ [ [ 5.137351625201778, 52.114855280864759 ], [ 5.136989964125484, 52.115052712873464 ], [ 5.136970737060125, 52.115036816861227 ], [ 5.136076160129415, 52.115542304636811 ], [ 5.136519104732646, 52.115779091149584 ], [ 5.137079663233592, 52.115708923083034 ], [ 5.137102076774234, 52.115730771595935 ], [ 5.137962573018608, 52.116721566893759 ], [ 5.137697602712779, 52.116897403472187 ], [ 5.137801957611078, 52.11723653409878 ], [ 5.138321514986739, 52.117015645882958 ], [ 5.138281236042054, 52.116732144440014 ], [ 5.138932339048057, 52.116590806963877 ], [ 5.139034393440652, 52.116765430460497 ], [ 5.139053676768882, 52.116771416530604 ], [ 5.138760360119425, 52.116253518483177 ], [ 5.138770083996972, 52.11624164720255 ], [ 5.13876693053624, 52.116229748997121 ], [ 5.138734770143922, 52.116223735942661 ], [ 5.138559497895768, 52.115900313815047 ], [ 5.138546895375097, 52.115850739060903 ], [ 5.138505407079712, 52.115785248355621 ], [ 5.138473301994929, 52.115769325655904 ], [ 5.138007832311876, 52.114949810881811 ], [ 5.137782176554349, 52.115004831244889 ], [ 5.137740260161335, 52.115016634797449 ], [ 5.137704837379431, 52.115018542305791 ], [ 5.137656570674593, 52.115014477005289 ], [ 5.13761798378778, 52.115006468161432 ], [ 5.137569794327116, 52.114988529439493 ], [ 5.13753769486615, 52.114970622594669 ], [ 5.137220464975373, 52.114706359602174 ], [ 5.137217057910043, 52.114740045331764 ], [ 5.137351625201778, 52.114855280864759 ] ] ] ] } },
{ "type": "Feature", "properties": { "fid": 105, "id": null, "FUNCTIE": "02_Maaiveld", "Info": null, "Verhaal": null }, "geometry": { "type": "MultiPolygon", "coordinates": [ [ [ [ 5.139393035578403, 52.117114999409623 ], [ 5.139496198490377, 52.117089449255388 ], [ 5.139288986616975, 52.116718395337415 ], [ 5.139260023279636, 52.116716352983296 ], [ 5.139164398631725, 52.116543229600985 ], [ 5.139896897739987, 52.116381246679275 ], [ 5.139969381971459, 52.11637247880855 ], [ 5.140223993223815, 52.1166138130802 ], [ 5.140849539665585, 52.116580923056041 ], [ 5.140567128367875, 52.116125484020657 ], [ 5.140106166220389, 52.116087365054014 ], [ 5.139776858113496, 52.114943600705871 ], [ 5.139786556801778, 52.114936188676502 ], [ 5.139791516828405, 52.114912415848323 ], [ 5.14032339281643, 52.114785688485362 ], [ 5.140422708628756, 52.114287935528793 ], [ 5.139217329742539, 52.114393934054995 ], [ 5.139222018825321, 52.114419213463798 ], [ 5.138779961663408, 52.11445842326912 ], [ 5.138763176126791, 52.114437577859 ], [ 5.138738839433601, 52.114327034244312 ], [ 5.138738971188118, 52.11430325134458 ], [ 5.138666258718973, 52.114063285443549 ], [ 5.138553554670128, 52.11406899516335 ], [ 5.138692101529535, 52.114628188090364 ], [ 5.138711109343652, 52.114683723911781 ], [ 5.138697924983999, 52.11473919041746 ], [ 5.13867195153127, 52.11477877663183 ], [ 5.138620268154696, 52.114810377416887 ], [ 5.138565442368056, 52.114828100009305 ], [ 5.138098070204587, 52.114932162828005 ], [ 5.138560354975393, 52.115745724686342 ], [ 5.138550543238486, 52.115773451235292 ], [ 5.138560069282962, 52.115797254393058 ], [ 5.13859525089208, 52.11583894865857 ], [ 5.138630641280815, 52.115842986587253 ], [ 5.138831448908021, 52.116206100658701 ], [ 5.138812045106754, 52.116221915577405 ], [ 5.138815198578961, 52.11623381378098 ], [ 5.138840887390827, 52.116245759091164 ], [ 5.139140709409363, 52.116751778854088 ], [ 5.139182605049743, 52.11674393854679 ], [ 5.139393035578403, 52.117114999409623 ] ] ] ] } },
{ "type": "Feature", "properties": { "fid": 106, "id": null, "FUNCTIE": "02_Maaiveld", "Info": null, "Verhaal": null }, "geometry": { "type": "MultiPolygon", "coordinates": [ [ [ [ 5.151529687824429, 52.083544504772661 ], [ 5.150857211590762, 52.083566941293427 ], [ 5.150448299177991, 52.083025067464199 ], [ 5.150474087205068, 52.083015209838422 ], [ 5.150451736302469, 52.082983454866778 ], [ 5.150419535362645, 52.082989335847508 ], [ 5.150358864345917, 52.082903993111493 ], [ 5.150326611001391, 52.0829197833663 ], [ 5.150837773571594, 52.083592666777811 ], [ 5.151854541163167, 52.083557044917448 ], [ 5.151862246637453, 52.083315270854172 ], [ 5.151756096976749, 52.083313077055209 ], [ 5.151694974505403, 52.083312954986305 ], [ 5.151684416186789, 52.083485357518185 ], [ 5.151549281964087, 52.083489051276381 ], [ 5.151549125424785, 52.083518779173744 ], [ 5.151552133695136, 52.083558422799427 ], [ 5.151529687824429, 52.083544504772661 ] ] ] ] } },
{ "type": "Feature", "properties": { "fid": 546, "id": null, "FUNCTIE": "02_Maaiveld", "Info": null, "Verhaal": null }, "geometry": { "type": "MultiPolygon", "coordinates": [ [ [ [ 5.135008481183568, 52.07124131418886 ], [ 5.135008759685165, 52.071191747750738 ], [ 5.134929510080839, 52.071197583648996 ], [ 5.134883051506223, 52.07122376821556 ], [ 5.134922685065489, 52.071254270513599 ], [ 5.135008481183568, 52.07124131418886 ] ] ] ] } },
{ "type": "Feature", "properties": { "fid": 547, "id": null, "FUNCTIE": "02_Maaiveld", "Info": null, "Verhaal": null }, "geometry": { "type": "MultiPolygon", "coordinates": [ [ [ [ 5.1348571926664, 52.071271026002634 ], [ 5.134897505004958, 52.071254215780378 ], [ 5.134822230207629, 52.071203358547244 ], [ 5.134784412854609, 52.071223512768107 ], [ 5.1348571926664, 52.071271026002634 ] ] ] ] } },
{ "type": "Feature", "properties": { "fid": 548, "id": null, "FUNCTIE": "02_Maaiveld", "Info": null, "Verhaal": null }, "geometry": { "type": "MultiPolygon", "coordinates": [ [ [ [ 5.134745876341888, 52.071275297872752 ], [ 5.134767783164367, 52.071292611048989 ], [ 5.134793591797549, 52.071311442577198 ], [ 5.134841277681917, 52.071283758672685 ], [ 5.13479272785913, 52.071248355351166 ], [ 5.134745876341888, 52.071275297872752 ] ] ] ] } },
{ "type": "Feature", "properties": { "fid": 549, "id": null, "FUNCTIE": "02_Maaiveld", "Info": null, "Verhaal": null }, "geometry": { "type": "MultiPolygon", "coordinates": [ [ [ [ 5.134754370214518, 52.071292581877231 ], [ 5.13473770738554, 52.071279995522907 ], [ 5.134691245584905, 52.071306713873923 ], [ 5.134391824149559, 52.071454763368983 ], [ 5.134453902432046, 52.071468416846223 ], [ 5.134704435910593, 52.071345044392089 ], [ 5.13468869408481, 52.071326985759434 ], [ 5.134754370214518, 52.071292581877231 ] ] ] ] } },
{ "type": "Feature", "properties": { "fid": 550, "id": null, "FUNCTIE": "02_Maaiveld", "Info": null, "Verhaal": null }, "geometry": { "type": "MultiPolygon", "coordinates": [ [ [ [ 5.134754186376586, 52.071342418720619 ], [ 5.134845713663803, 52.07133372862647 ], [ 5.134930808639417, 52.071341622821272 ], [ 5.135014960834156, 52.071334425606551 ], [ 5.135050474236959, 52.071302150400911 ], [ 5.13589420756943, 52.07127855700795 ], [ 5.135922554917034, 52.071278073233906 ], [ 5.135944816011887, 52.071280045686485 ], [ 5.135960510850652, 52.071282664412053 ], [ 5.135971001891213, 52.071285181197098 ], [ 5.135978217930942, 52.071287347843452 ], [ 5.135992695664883, 52.071293059022018 ], [ 5.135999740836479, 52.071296694572517 ], [ 5.136006512529411, 52.071300910776067 ], [ 5.136009380084261, 52.071302955079069 ], [ 5.136012569724342, 52.071305407597535 ], [ 5.136016644439676, 52.071308913120397 ], [ 5.136019611682526, 52.071311798060734 ], [ 5.136030354527522, 52.071327239217553 ], [ 5.136033026354442, 52.071336989184296 ], [ 5.136033181388519, 52.071342293652592 ], [ 5.136031246370649, 52.071351528353382 ], [ 5.136092972389012, 52.07136742174918 ], [ 5.136113713195129, 52.071366338404665 ], [ 5.1361200104138, 52.071367528750145 ], [ 5.136126026034522, 52.071369701008926 ], [ 5.136131987729541, 52.071373339558626 ], [ 5.136136753735428, 52.071377129888482 ], [ 5.136145941436964, 52.071385430501941 ], [ 5.136465504822102, 52.071827634104146 ], [ 5.136407730127839, 52.071835625051435 ], [ 5.13642253701321, 52.0718558751797 ], [ 5.136421799991428, 52.071877970007961 ], [ 5.136418368287644, 52.071886712254518 ], [ 5.136416037556166, 52.07189065331788 ], [ 5.13641149579307, 52.071895610133588 ], [ 5.136337571892622, 52.072035306077154 ], [ 5.136333497828436, 52.072041121440229 ], [ 5.136331750756998, 52.072043188225415 ], [ 5.136327012510792, 52.072048031213477 ], [ 5.136323552236509, 52.072051540639507 ], [ 5.136322043030764, 52.072054619704261 ], [ 5.136322769654057, 52.072057458548244 ], [ 5.136326044232423, 52.072060306188668 ], [ 5.136330448277561, 52.072062377388271 ], [ 5.136334892944453, 52.072064182768322 ], [ 5.136337379623383, 52.072065219505809 ], [ 5.136352514389241, 52.072073447104813 ], [ 5.136357249836391, 52.072077069522408 ], [ 5.13636079834763, 52.072080281916385 ], [ 5.136363306015034, 52.072082883021757 ], [ 5.136365672064723, 52.072085654517807 ], [ 5.136367811910326, 52.072089237523869 ], [ 5.136377082361605, 52.072108339154859 ], [ 5.136401559935165, 52.072068220299279 ], [ 5.136373663908306, 52.072059625953329 ], [ 5.136406960463253, 52.071994713312961 ], [ 5.136422826611591, 52.071993899757516 ], [ 5.136438208535634, 52.071965956885798 ], [ 5.136424336182638, 52.071962755104153 ], [ 5.136465104218074, 52.07189860419755 ], [ 5.136487324474251, 52.071903709711734 ], [ 5.136520521217508, 52.071849583559221 ], [ 5.136533219725038, 52.071812636817704 ], [ 5.13652097573713, 52.071814610616563 ], [ 5.136466016285903, 52.071752286579944 ], [ 5.136480437192239, 52.071741666458244 ], [ 5.136437996957711, 52.071684317651417 ], [ 5.136417418574603, 52.071687464511371 ], [ 5.136367643316182, 52.071625023828531 ], [ 5.13638794570647, 52.071618460246697 ], [ 5.136339186754372, 52.071554191256368 ], [ 5.136318242289995, 52.071560266608408 ], [ 5.13627085788037, 52.071497142396645 ], [ 5.136287045232804, 52.071490209583246 ], [ 5.136271285697084, 52.071464493568293 ], [ 5.136246373379945, 52.071467120315162 ], [ 5.136206354283245, 52.071409550915952 ], [ 5.136222753611857, 52.071400957055438 ], [ 5.136196216696709, 52.071366145522902 ], [ 5.136164626286564, 52.071324704659482 ], [ 5.136142117653907, 52.07132336062768 ], [ 5.136118593517593, 52.071289207783728 ], [ 5.136097835132788, 52.071279247616573 ], [ 5.136074266647963, 52.071269311265496 ], [ 5.13604581239987, 52.071259004299336 ], [ 5.136027087105007, 52.071253125956112 ], [ 5.136004460156937, 52.071246700285222 ], [ 5.135943651363479, 52.071248427958317 ], [ 5.135942354703954, 52.071236072484162 ], [ 5.135893647726524, 52.071235967026688 ], [ 5.135892928401661, 52.071248340005432 ], [ 5.135773494158713, 52.071250301695606 ], [ 5.135766096040792, 52.071235932025154 ], [ 5.135717887384589, 52.071239840875229 ], [ 5.135717721541924, 52.071251114296565 ], [ 5.135602353997133, 52.071253857261439 ], [ 5.135594741929316, 52.071241051915841 ], [ 5.135543461967349, 52.071240238172798 ], [ 5.135541880185623, 52.071253751993531 ], [ 5.135434940707649, 52.071257848890085 ], [ 5.135435002585765, 52.071246816881455 ], [ 5.135116890226165, 52.071251488748615 ], [ 5.135116728147614, 52.071267086294874 ], [ 5.13500276129941, 52.071270534404917 ], [ 5.134999793121345, 52.071261771105711 ], [ 5.134944299710637, 52.071270852071535 ], [ 5.13495685453389, 52.071279617857385 ], [ 5.134902483574349, 52.071306970440496 ], [ 5.13487119641966, 52.07131149394494 ], [ 5.134850321724196, 52.071297703930298 ], [ 5.134792300221678, 52.071324396945656 ], [ 5.134754186376586, 52.071342418720619 ] ] ] ] } },
{ "type": "Feature", "properties": { "fid": 551, "id": null, "FUNCTIE": "02_Maaiveld", "Info": null, "Verhaal": null }, "geometry": { "type": "MultiPolygon", "coordinates": [ [ [ [ 5.136429533051129, 52.072064448020555 ], [ 5.136401263900161, 52.072106320490754 ], [ 5.136463848957452, 52.072123342764478 ], [ 5.136492113511846, 52.072081159189231 ], [ 5.136429533051129, 52.072064448020555 ] ] ] ] } },
{ "type": "Feature", "properties": { "fid": 552, "id": null, "FUNCTIE": "02_Maaiveld", "Info": null, "Verhaal": null }, "geometry": { "type": "MultiPolygon", "coordinates": [ [ [ [ 5.136453476728538, 52.072023059823415 ], [ 5.13642959463189, 52.072053424361364 ], [ 5.136548872610424, 52.072075729509727 ], [ 5.136569459006344, 52.072046553660961 ], [ 5.136453476728538, 52.072023059823415 ] ] ] ] } },
{ "type": "Feature", "properties": { "fid": 553, "id": null, "FUNCTIE": "02_Maaiveld", "Info": null, "Verhaal": null }, "geometry": { "type": "MultiPolygon", "coordinates": [ [ [ [ 5.136442615180841, 52.072003885476072 ], [ 5.136518996399706, 52.072020645825809 ], [ 5.136537541110153, 52.071984376314056 ], [ 5.136464747267576, 52.071969011068227 ], [ 5.136442615180841, 52.072003885476072 ] ] ] ] } },
{ "type": "Feature", "properties": { "fid": 554, "id": null, "FUNCTIE": "02_Maaiveld", "Info": null, "Verhaal": null }, "geometry": { "type": "MultiPolygon", "coordinates": [ [ [ [ 5.136490377152331, 52.071962494912874 ], [ 5.136616773019155, 52.071990354967191 ], [ 5.136631244879727, 52.07196004037214 ], [ 5.136510653833778, 52.071932498214629 ], [ 5.136490377152331, 52.071962494912874 ] ] ] ] } },
{ "type": "Feature", "properties": { "fid": 555, "id": null, "FUNCTIE": "02_Maaiveld", "Info": null, "Verhaal": null }, "geometry": { "type": "MultiPolygon", "coordinates": [ [ [ [ 5.136544049942336, 52.071844701560522 ], [ 5.136587115521476, 52.071856593274944 ], [ 5.136611711678747, 52.071859350629701 ], [ 5.136639294486939, 52.071811861350689 ], [ 5.136615716020239, 52.071778391453918 ], [ 5.136557653555072, 52.071795727203238 ], [ 5.136544049942336, 52.071844701560522 ] ] ] ] } },
{ "type": "Feature", "properties": { "fid": 556, "id": null, "FUNCTIE": "02_Maaiveld", "Info": null, "Verhaal": null }, "geometry": { "type": "MultiPolygon", "coordinates": [ [ [ [ 5.136587115521476, 52.071856593274944 ], [ 5.136543609645448, 52.071923557191475 ], [ 5.136569152484525, 52.071932624518311 ], [ 5.136611711678747, 52.071859350629701 ], [ 5.136587115521476, 52.071856593274944 ] ] ] ] } },
{ "type": "Feature", "properties": { "fid": 557, "id": null, "FUNCTIE": "02_Maaiveld", "Info": null, "Verhaal": null }, "geometry": { "type": "MultiPolygon", "coordinates": [ [ [ [ 5.136562698666597, 52.071778840259149 ], [ 5.13667333639002, 52.071747301204333 ], [ 5.136646050371666, 52.071713854144619 ], [ 5.136533924270389, 52.07174667223979 ], [ 5.136562698666597, 52.071778840259149 ] ] ] ] } },
{ "type": "Feature", "properties": { "fid": 558, "id": null, "FUNCTIE": "02_Maaiveld", "Info": null, "Verhaal": null }, "geometry": { "type": "MultiPolygon", "coordinates": [ [ [ [ 5.136558018350144, 52.071730389689968 ], [ 5.136578266971423, 52.071723787019224 ], [ 5.136523977290242, 52.071650012842895 ], [ 5.136497567390985, 52.071657029249621 ], [ 5.136558018350144, 52.071730389689968 ] ] ] ] } },
{ "type": "Feature", "properties": { "fid": 559, "id": null, "FUNCTIE": "02_Maaiveld", "Info": null, "Verhaal": null }, "geometry": { "type": "MultiPolygon", "coordinates": [ [ [ [ 5.136444730523373, 52.071625190380409 ], [ 5.136466490175742, 52.07165696212639 ], [ 5.13658046981609, 52.0716194175805 ], [ 5.136558815590194, 52.071587597293792 ], [ 5.136444730523373, 52.071625190380409 ] ] ] ] } },
{ "type": "Feature", "properties": { "fid": 560, "id": null, "FUNCTIE": "02_Maaiveld", "Info": null, "Verhaal": null }, "geometry": { "type": "MultiPolygon", "coordinates": [ [ [ [ 5.13648205170478, 52.071601277552432 ], [ 5.136424269887582, 52.071524510486242 ], [ 5.136354683768286, 52.07154576404902 ], [ 5.136412379488362, 52.071618549414744 ], [ 5.13648205170478, 52.071601277552432 ] ] ] ] } },
{ "type": "Feature", "properties": { "fid": 561, "id": null, "FUNCTIE": "02_Maaiveld", "Info": null, "Verhaal": null }, "geometry": { "type": "MultiPolygon", "coordinates": [ [ [ [ 5.136370421863785, 52.0715266471788 ], [ 5.136484272496807, 52.071493653354459 ], [ 5.136467562277301, 52.071459265724201 ], [ 5.136350317338573, 52.07149506110494 ], [ 5.136370421863785, 52.0715266471788 ] ] ] ] } },
{ "type": "Feature", "properties": { "fid": 562, "id": null, "FUNCTIE": "02_Maaiveld", "Info": null, "Verhaal": null }, "geometry": { "type": "MultiPolygon", "coordinates": [ [ [ [ 5.136379471897225, 52.071471467141116 ], [ 5.136351267034918, 52.071436347610479 ], [ 5.136289246360957, 52.071454937557803 ], [ 5.136312025508116, 52.071491756154096 ], [ 5.136379471897225, 52.071471467141116 ] ] ] ] } },
{ "type": "Feature", "properties": { "fid": 563, "id": null, "FUNCTIE": "02_Maaiveld", "Info": null, "Verhaal": null }, "geometry": { "type": "MultiPolygon", "coordinates": [ [ [ [ 5.13630136650819, 52.071436376138877 ], [ 5.136413572016009, 52.071405084567651 ], [ 5.136380725921371, 52.071372646146926 ], [ 5.136277513454592, 52.071404218686837 ], [ 5.13630136650819, 52.071436376138877 ] ] ] ] } },
{ "type": "Feature", "properties": { "fid": 564, "id": null, "FUNCTIE": "02_Maaiveld", "Info": null, "Verhaal": null }, "geometry": { "type": "MultiPolygon", "coordinates": [ [ [ [ 5.136257967843234, 52.071340527917897 ], [ 5.13629281900594, 52.071384812057602 ], [ 5.136312649678365, 52.071380074413504 ], [ 5.136276083639168, 52.071331634494328 ], [ 5.136257967843234, 52.071340527917897 ] ] ] ] } },
{ "type": "Feature", "properties": { "fid": 565, "id": null, "FUNCTIE": "02_Maaiveld", "Info": null, "Verhaal": null }, "geometry": { "type": "MultiPolygon", "coordinates": [ [ [ [ 5.136205870328559, 52.07135111722674 ], [ 5.136276083639168, 52.071331634494328 ], [ 5.136250044450647, 52.071297139678599 ], [ 5.136177738543914, 52.071314444409055 ], [ 5.136205870328559, 52.07135111722674 ] ] ] ] } },
{ "type": "Feature", "properties": { "fid": 566, "id": null, "FUNCTIE": "02_Maaiveld", "Info": null, "Verhaal": null }, "geometry": { "type": "MultiPolygon", "coordinates": [ [ [ [ 5.136197030787168, 52.071297025037623 ], [ 5.136318802015581, 52.071268374536174 ], [ 5.136279057786543, 52.071235761670586 ], [ 5.136173439274075, 52.071265994649877 ], [ 5.136197030787168, 52.071297025037623 ] ] ] ] } },
{ "type": "Feature", "properties": { "fid": 567, "id": null, "FUNCTIE": "02_Maaiveld", "Info": null, "Verhaal": null }, "geometry": { "type": "MultiPolygon", "coordinates": [ [ [ [ 5.134483799116369, 52.071485046068005 ], [ 5.134826441462295, 52.071568369690603 ], [ 5.135013430369803, 52.071454938775531 ], [ 5.136108843667488, 52.071875900179876 ], [ 5.136034233133164, 52.072025416273171 ], [ 5.136276520197437, 52.072167708445569 ], [ 5.136343086381984, 52.072125253844625 ], [ 5.136251915837545, 52.072062010401297 ], [ 5.136359668204912, 52.071869391162799 ], [ 5.136180349064809, 52.071622600595504 ], [ 5.136230497609044, 52.071602347347429 ], [ 5.136111976176939, 52.0714309166557 ], [ 5.135858156515381, 52.071673816092719 ], [ 5.135805732731765, 52.071655533026195 ], [ 5.135960425142743, 52.07132047667249 ], [ 5.135584163188699, 52.071332556061627 ], [ 5.135543596511009, 52.07136789713595 ], [ 5.134878961355837, 52.071381663575067 ], [ 5.134863460755509, 52.071378829518764 ], [ 5.134851460167428, 52.07137534929668 ], [ 5.134754186376586, 52.071342418720619 ], [ 5.134745872871539, 52.071346763574603 ], [ 5.134483799116369, 52.071485046068005 ] ] ] ] } },
{ "type": "Feature", "properties": { "fid": 568, "id": null, "FUNCTIE": "05_Talut2", "Info": null, "Verhaal": null }, "geometry": { "type": "MultiPolygon", "coordinates": [ [ [ [ 5.135005425541204, 52.069676674078885 ], [ 5.135074255128647, 52.069626825324448 ], [ 5.134639329458451, 52.067942575372363 ], [ 5.132822968536196, 52.067769933715034 ], [ 5.132002499225257, 52.067961640547161 ], [ 5.132081292397729, 52.067996018891577 ], [ 5.132837262341394, 52.067828718621158 ], [ 5.134566832401606, 52.067991666573626 ], [ 5.135005425541204, 52.069676674078885 ] ] ] ] } },
{ "type": "Feature", "properties": { "fid": 569, "id": null, "FUNCTIE": "02_Maaiveld", "Info": null, "Verhaal": null }, "geometry": { "type": "MultiPolygon", "coordinates": [ [ [ [ 5.132072501585402, 52.068029968886265 ], [ 5.132099033245334, 52.068046580082402 ], [ 5.132837725574967, 52.067872100143241 ], [ 5.134343295802347, 52.068017011599402 ], [ 5.134368261823983, 52.068021092728493 ], [ 5.13439253728822, 52.068026887630651 ], [ 5.134418970124449, 52.068035582752103 ], [ 5.134439284749308, 52.068044369039505 ], [ 5.134452700472334, 52.068051446023865 ], [ 5.134465789876331, 52.068059586255494 ], [ 5.134476764886763, 52.068067600489236 ], [ 5.13449047781257, 52.068079730932055 ], [ 5.134501219772387, 52.068091716839305 ], [ 5.134506913065507, 52.068099474120814 ], [ 5.134513524770035, 52.068110530519206 ], [ 5.134520314934734, 52.068126647322394 ], [ 5.134772380951017, 52.069123728123984 ], [ 5.133871577920133, 52.0697007572969 ], [ 5.133903154931985, 52.069720016935712 ], [ 5.134454801370953, 52.069361068975624 ], [ 5.134492480752359, 52.069486946073255 ], [ 5.134021573051146, 52.069791514576579 ], [ 5.134035528174567, 52.069802104298894 ], [ 5.134518047215662, 52.069491507873501 ], [ 5.134471276474475, 52.069356974303254 ], [ 5.134779976247865, 52.069157091276239 ], [ 5.134883400071981, 52.069565038621121 ], [ 5.134718474585447, 52.069675412699191 ], [ 5.134880203672939, 52.06987909487713 ], [ 5.135117254040773, 52.069645172000172 ], [ 5.135100984908747, 52.069627985399663 ], [ 5.134975794836106, 52.069745836763737 ], [ 5.134528129119572, 52.068012079858008 ], [ 5.132835288954319, 52.067852401037904 ], [ 5.132072501585402, 52.068029968886265 ] ] ] ] } },
{ "type": "Feature", "properties": { "fid": 570, "id": null, "FUNCTIE": "02_Maaiveld", "Info": null, "Verhaal": null }, "geometry": { "type": "MultiPolygon", "coordinates": [ [ [ [ 5.131924816012537, 52.067938065233548 ], [ 5.131950499929379, 52.067950055204868 ], [ 5.132823270562067, 52.067746243136824 ], [ 5.134664541275479, 52.067931574385085 ], [ 5.135054161258129, 52.069445565299368 ], [ 5.135076792442207, 52.069426998479351 ], [ 5.134683145672456, 52.06791671331905 ], [ 5.132823480666814, 52.067729762734977 ], [ 5.131924816012537, 52.067938065233548 ] ] ] ] } },
{ "type": "Feature", "properties": { "fid": 571, "id": null, "FUNCTIE": "02_Maaiveld", "Info": null, "Verhaal": null }, "geometry": { "type": "MultiPolygon", "coordinates": [ [ [ [ 5.133964697595903, 52.069720151324461 ], [ 5.134021746369396, 52.069760790928271 ], [ 5.134454128950281, 52.069480478864925 ], [ 5.13442334743118, 52.069428159773061 ], [ 5.133964697595903, 52.069720151324461 ] ] ] ] } },
{ "type": "Feature", "properties": { "fid": 572, "id": null, "FUNCTIE": "02_Maaiveld", "Info": null, "Verhaal": null }, "geometry": { "type": "MultiPolygon", "coordinates": [ [ [ [ 5.132615625220007, 52.068322145979408 ], [ 5.132463884672804, 52.068218172451544 ], [ 5.132406515324456, 52.068234568692432 ], [ 5.132578929931725, 52.06834609787164 ], [ 5.132615625220007, 52.068322145979408 ] ] ] ] } },
{ "type": "Feature", "properties": { "fid": 573, "id": null, "FUNCTIE": "02_Maaiveld", "Info": null, "Verhaal": null }, "geometry": { "type": "MultiPolygon", "coordinates": [ [ [ [ 5.132590832164413, 52.068272900008367 ], [ 5.132646368787255, 52.068310260451852 ], [ 5.132733689556962, 52.068286066164994 ], [ 5.132703788287984, 52.06824798906888 ], [ 5.132590832164413, 52.068272900008367 ] ] ] ] } },
{ "type": "Feature", "properties": { "fid": 574, "id": null, "FUNCTIE": "02_Maaiveld", "Info": null, "Verhaal": null }, "geometry": { "type": "MultiPolygon", "coordinates": [ [ [ [ 5.132699257369065, 52.068202537426536 ], [ 5.132751153281717, 52.068274379085267 ], [ 5.13280484504179, 52.068263982240936 ], [ 5.132751634473192, 52.068189514926956 ], [ 5.132699257369065, 52.068202537426536 ] ] ] ] } },
{ "type": "Feature", "properties": { "fid": 575, "id": null, "FUNCTIE": "02_Maaiveld", "Info": null, "Verhaal": null }, "geometry": { "type": "MultiPolygon", "coordinates": [ [ [ [ 5.132838885293054, 52.068278409678626 ], [ 5.13290960454607, 52.068271722279825 ], [ 5.132919651453957, 52.068219173262143 ], [ 5.13287459629533, 52.068213066283562 ], [ 5.132806263766613, 52.06822868763868 ], [ 5.132838885293054, 52.068278409678626 ] ] ] ] } },
{ "type": "Feature", "properties": { "fid": 576, "id": null, "FUNCTIE": "02_Maaiveld", "Info": null, "Verhaal": null }, "geometry": { "type": "MultiPolygon", "coordinates": [ [ [ [ 5.132931612200334, 52.068259003304497 ], [ 5.132984006831815, 52.068260244758982 ], [ 5.132999985312673, 52.068184404720192 ], [ 5.132945790830395, 52.068178791917866 ], [ 5.132931612200334, 52.068259003304497 ] ] ] ] } },
{ "type": "Feature", "properties": { "fid": 577, "id": null, "FUNCTIE": "02_Maaiveld", "Info": null, "Verhaal": null }, "geometry": { "type": "MultiPolygon", "coordinates": [ [ [ [ 5.133008445329724, 52.068248657625126 ], [ 5.133266504073979, 52.06827250476794 ], [ 5.133272887487889, 52.068249237292868 ], [ 5.133013447454417, 52.068226138143828 ], [ 5.133008445329724, 52.068248657625126 ] ] ] ] } },
{ "type": "Feature", "properties": { "fid": 578, "id": null, "FUNCTIE": "02_Maaiveld", "Info": null, "Verhaal": null }, "geometry": { "type": "MultiPolygon", "coordinates": [ [ [ [ 5.133295892688093, 52.068275573701428 ], [ 5.133337304321507, 52.068279502438635 ], [ 5.133347718738083, 52.068216020234715 ], [ 5.133310202744383, 52.068210346093053 ], [ 5.133295892688093, 52.068275573701428 ] ] ] ] } },
{ "type": "Feature", "properties": { "fid": 579, "id": null, "FUNCTIE": "02_Maaiveld", "Info": null, "Verhaal": null }, "geometry": { "type": "MultiPolygon", "coordinates": [ [ [ [ 5.133580484705353, 52.068308356177873 ], [ 5.133585295017795, 52.068280045360751 ], [ 5.133362997922919, 52.068261450919337 ], [ 5.133362895504838, 52.068279558489174 ], [ 5.133474031654917, 52.068291054934669 ], [ 5.133562332078723, 52.068300189066413 ], [ 5.133580484705353, 52.068308356177873 ] ] ] ] } },
{ "type": "Feature", "properties": { "fid": 580, "id": null, "FUNCTIE": "02_Maaiveld", "Info": null, "Verhaal": null }, "geometry": { "type": "MultiPolygon", "coordinates": [ [ [ [ 5.133577090057948, 52.068330262375596 ], [ 5.133692777044922, 52.068345159826549 ], [ 5.133746619366471, 52.068305849318754 ], [ 5.133585295017795, 52.068280045360751 ], [ 5.133580484705353, 52.068308356177873 ], [ 5.133577090057948, 52.068330262375596 ] ] ] ] } },
{ "type": "Feature", "properties": { "fid": 581, "id": null, "FUNCTIE": "02_Maaiveld", "Info": null, "Verhaal": null }, "geometry": { "type": "MultiPolygon", "coordinates": [ [ [ [ 5.13378047166077, 52.068353612640983 ], [ 5.133857323868946, 52.068287235636483 ], [ 5.133807990942353, 52.068273759771067 ], [ 5.133731586726064, 52.068340739398522 ], [ 5.13378047166077, 52.068353612640983 ] ] ] ] } },
{ "type": "Feature", "properties": { "fid": 582, "id": null, "FUNCTIE": "02_Maaiveld", "Info": null, "Verhaal": null }, "geometry": { "type": "MultiPolygon", "coordinates": [ [ [ [ 5.13392979932065, 52.06845382425886 ], [ 5.134055889825562, 52.068431322933343 ], [ 5.134032657009101, 52.06840312733889 ], [ 5.133905598353201, 52.068423355120323 ], [ 5.13392979932065, 52.06845382425886 ] ] ] ] } },
{ "type": "Feature", "properties": { "fid": 583, "id": null, "FUNCTIE": "02_Maaiveld", "Info": null, "Verhaal": null }, "geometry": { "type": "MultiPolygon", "coordinates": [ [ [ [ 5.133930530423485, 52.0683992715268 ], [ 5.133934977603047, 52.068398634744561 ], [ 5.133926024268161, 52.068390277814494 ], [ 5.133919692136009, 52.068384893611473 ], [ 5.133912596815597, 52.068379297258154 ], [ 5.133902600722302, 52.068372084977149 ], [ 5.133891288202824, 52.068364729281356 ], [ 5.133883841914487, 52.068360290033375 ], [ 5.133878875547433, 52.06835748883146 ], [ 5.133866639950254, 52.068351082380197 ], [ 5.133857133048584, 52.068346546505069 ], [ 5.133843560406833, 52.068340669581168 ], [ 5.133831727266185, 52.068336099921041 ], [ 5.133786560102879, 52.068380144561004 ], [ 5.133841944294871, 52.068411708406948 ], [ 5.133930530423485, 52.0683992715268 ] ] ] ] } },
{ "type": "Feature", "properties": { "fid": 584, "id": null, "FUNCTIE": "02_Maaiveld", "Info": null, "Verhaal": null }, "geometry": { "type": "MultiPolygon", "coordinates": [ [ [ [ 5.133962659879498, 52.068461425251257 ], [ 5.133987359066082, 52.068512255893559 ], [ 5.134013264598217, 52.068510930052994 ], [ 5.134010403864113, 52.068503418166237 ], [ 5.134005225147807, 52.068491493264581 ], [ 5.134000789492242, 52.068482499094678 ], [ 5.133985842832377, 52.068457327356718 ], [ 5.133962659879498, 52.068461425251257 ] ] ] ] } },
{ "type": "Feature", "properties": { "fid": 585, "id": null, "FUNCTIE": "02_Maaiveld", "Info": null, "Verhaal": null }, "geometry": { "type": "MultiPolygon", "coordinates": [ [ [ [ 5.13392940730633, 52.068523292074751 ], [ 5.133940065642882, 52.068578139424176 ], [ 5.13402521505763, 52.068570960163989 ], [ 5.134023404939005, 52.068550458801063 ], [ 5.134019037805626, 52.068529475405462 ], [ 5.134013264598217, 52.068510930052994 ], [ 5.133987359066082, 52.068512255893559 ], [ 5.13392940730633, 52.068523292074751 ] ] ] ] } },
{ "type": "Feature", "properties": { "fid": 586, "id": null, "FUNCTIE": "02_Maaiveld", "Info": null, "Verhaal": null }, "geometry": { "type": "MultiPolygon", "coordinates": [ [ [ [ 5.133968898283571, 52.068682593442588 ], [ 5.134045561578298, 52.06867149567249 ], [ 5.134039568610705, 52.068633568290231 ], [ 5.133959040651831, 52.068643147055681 ], [ 5.133968898283571, 52.068682593442588 ] ] ] ] } },
{ "type": "Feature", "properties": { "fid": 587, "id": null, "FUNCTIE": "02_Maaiveld", "Info": null, "Verhaal": null }, "geometry": { "type": "MultiPolygon", "coordinates": [ [ [ [ 5.134000332193668, 52.068696180369393 ], [ 5.134006250614385, 52.068727735910151 ], [ 5.13413554959131, 52.068713763561647 ], [ 5.134125115730239, 52.068678241259093 ], [ 5.134000332193668, 52.068696180369393 ] ] ] ] } },
{ "type": "Feature", "properties": { "fid": 588, "id": null, "FUNCTIE": "02_Maaiveld", "Info": null, "Verhaal": null }, "geometry": { "type": "MultiPolygon", "coordinates": [ [ [ [ 5.133998897769965, 52.06879023325822 ], [ 5.134081508139048, 52.068780471281244 ], [ 5.134065922609774, 52.068734625359411 ], [ 5.133984207329816, 52.068746230511934 ], [ 5.133998897769965, 52.06879023325822 ] ] ] ] } },
{ "type": "Feature", "properties": { "fid": 589, "id": null, "FUNCTIE": "02_Maaiveld", "Info": null, "Verhaal": null }, "geometry": { "type": "MultiPolygon", "coordinates": [ [ [ [ 5.134031389806363, 52.068807398366708 ], [ 5.134036086448956, 52.068838951239762 ], [ 5.134164378730496, 52.068823523954599 ], [ 5.134155783828047, 52.068791232148421 ], [ 5.134031389806363, 52.068807398366708 ] ] ] ] } },
{ "type": "Feature", "properties": { "fid": 590, "id": null, "FUNCTIE": "02_Maaiveld", "Info": null, "Verhaal": null }, "geometry": { "type": "MultiPolygon", "coordinates": [ [ [ [ 5.134069573069999, 52.068951676568432 ], [ 5.134193898626827, 52.068937384114015 ], [ 5.134188035612834, 52.06890687427871 ], [ 5.134057560292249, 52.068920858734721 ], [ 5.134069573069999, 52.068951676568432 ] ] ] ] } },
{ "type": "Feature", "properties": { "fid": 591, "id": null, "FUNCTIE": "02_Maaiveld", "Info": null, "Verhaal": null }, "geometry": { "type": "MultiPolygon", "coordinates": [ [ [ [ 5.134073033381109, 52.069050818075702 ], [ 5.134139949577079, 52.069005904059608 ], [ 5.134124382437957, 52.068957053327928 ], [ 5.134057301905159, 52.068966670070608 ], [ 5.134022879049992, 52.069019916957203 ], [ 5.134073033381109, 52.069050818075702 ] ] ] ] } },
{ "type": "Feature", "properties": { "fid": 592, "id": null, "FUNCTIE": "02_Maaiveld", "Info": null, "Verhaal": null }, "geometry": { "type": "MultiPolygon", "coordinates": [ [ [ [ 5.133968420445471, 52.069060352828785 ], [ 5.134068720170897, 52.069113176224839 ], [ 5.134104147222441, 52.069087685726494 ], [ 5.134010612085235, 52.069034159451661 ], [ 5.133968420445471, 52.069060352828785 ] ] ] ] } },
{ "type": "Feature", "properties": { "fid": 593, "id": null, "FUNCTIE": "02_Maaiveld", "Info": null, "Verhaal": null }, "geometry": { "type": "MultiPolygon", "coordinates": [ [ [ [ 5.13395285797683, 52.069124927781758 ], [ 5.134000515485837, 52.069095720624439 ], [ 5.133947077152952, 52.069063310270558 ], [ 5.13389826159518, 52.069090991188084 ], [ 5.133926110083197, 52.06910757435444 ], [ 5.13395285797683, 52.069124927781758 ] ] ] ] } },
{ "type": "Feature", "properties": { "fid": 594, "id": null, "FUNCTIE": "02_Maaiveld", "Info": null, "Verhaal": null }, "geometry": { "type": "MultiPolygon", "coordinates": [ [ [ [ 5.13392606346363, 52.06911583541762 ], [ 5.133893049713634, 52.069135289688589 ], [ 5.13391491292821, 52.069148182565009 ], [ 5.133946177219177, 52.069129022114964 ], [ 5.13392606346363, 52.06911583541762 ] ] ] ] } },
{ "type": "Feature", "properties": { "fid": 595, "id": null, "FUNCTIE": "02_Maaiveld", "Info": null, "Verhaal": null }, "geometry": { "type": "MultiPolygon", "coordinates": [ [ [ [ 5.133912129781423, 52.06921267432206 ], [ 5.133945506838045, 52.069191792073816 ], [ 5.133874689416486, 52.069149518862368 ], [ 5.133842894265732, 52.069168975784692 ], [ 5.133912129781423, 52.06921267432206 ] ] ] ] } },
{ "type": "Feature", "properties": { "fid": 596, "id": null, "FUNCTIE": "02_Maaiveld", "Info": null, "Verhaal": null }, "geometry": { "type": "MultiPolygon", "coordinates": [ [ [ [ 5.133799665521942, 52.06922956664539 ], [ 5.133850645921792, 52.06919903332723 ], [ 5.133789311765044, 52.069162099555363 ], [ 5.133743651171127, 52.069191289286536 ], [ 5.133775618255558, 52.069213133977726 ], [ 5.133799665521942, 52.06922956664539 ] ] ] ] } },
{ "type": "Feature", "properties": { "fid": 158, "id": null, "FUNCTIE": "02_Maaiveld", "Info": null, "Verhaal": null }, "geometry": { "type": "MultiPolygon", "coordinates": [ [ [ [ 5.151284084699552, 52.080703981921708 ], [ 5.151677955334521, 52.08104565299687 ], [ 5.152349602872117, 52.081173833171079 ], [ 5.152349994761782, 52.080486121079588 ], [ 5.151284084699552, 52.080703981921708 ] ] ] ] } },
{ "type": "Feature", "properties": { "fid": 159, "id": null, "FUNCTIE": "02_Maaiveld", "Info": null, "Verhaal": null }, "geometry": { "type": "MultiPolygon", "coordinates": [ [ [ [ 5.153733834040041, 52.082814505455424 ], [ 5.153734072445624, 52.082814581832068 ], [ 5.153856285981602, 52.082795026563211 ], [ 5.153616014045653, 52.082603299309554 ], [ 5.153554659734544, 52.082647770063495 ], [ 5.153733834040041, 52.082814505455424 ] ] ] ] } },
{ "type": "Feature", "properties": { "fid": 160, "id": null, "FUNCTIE": "02_Maaiveld", "Info": null, "Verhaal": null }, "geometry": { "type": "MultiPolygon", "coordinates": [ [ [ [ 5.152482972996603, 52.082884953630597 ], [ 5.152475477608871, 52.082933990259299 ], [ 5.152955925652961, 52.082874002905839 ], [ 5.152955956773226, 52.082868057325257 ], [ 5.152840146919549, 52.082867827189915 ], [ 5.152830651783046, 52.08283808010421 ], [ 5.152482972996603, 52.082884953630597 ] ] ] ] } },
{ "type": "Feature", "properties": { "fid": 161, "id": null, "FUNCTIE": "02_Maaiveld", "Info": null, "Verhaal": null }, "geometry": { "type": "MultiPolygon", "coordinates": [ [ [ [ 5.152832551115663, 52.082475399680604 ], [ 5.152774428689177, 52.082516903632722 ], [ 5.153000178885009, 52.082716531290238 ], [ 5.153034026641818, 52.082703220822196 ], [ 5.153111007456095, 52.082746479591599 ], [ 5.153123102047837, 52.082740557960854 ], [ 5.152832551115663, 52.082475399680604 ] ] ] ] } },
{ "type": "Feature", "properties": { "fid": 162, "id": null, "FUNCTIE": "02_Maaiveld", "Info": null, "Verhaal": null }, "geometry": { "type": "MultiPolygon", "coordinates": [ [ [ [ 5.153220886697631, 52.083111859222171 ], [ 5.15322393786971, 52.08314357536814 ], [ 5.153631178144005, 52.083087899196073 ], [ 5.153599205135281, 52.083050180121532 ], [ 5.153220886697631, 52.083111859222171 ] ] ] ] } },
{ "type": "Feature", "properties": { "fid": 163, "id": null, "FUNCTIE": "02_Maaiveld", "Info": null, "Verhaal": null }, "geometry": { "type": "MultiPolygon", "coordinates": [ [ [ [ 5.152187459014381, 52.081115040612744 ], [ 5.152206759899385, 52.081115079083027 ], [ 5.15219736381196, 52.08076030357573 ], [ 5.152181238240268, 52.080768198959177 ], [ 5.152187459014381, 52.081115040612744 ] ] ] ] } },
{ "type": "Feature", "properties": { "fid": 164, "id": null, "FUNCTIE": "02_Maaiveld", "Info": null, "Verhaal": null }, "geometry": { "type": "MultiPolygon", "coordinates": [ [ [ [ 5.153056681859832, 52.083138288643489 ], [ 5.152962211174332, 52.083129358082282 ], [ 5.152403255649748, 52.083205561564363 ], [ 5.1524141973741, 52.083255175201977 ], [ 5.153069290487239, 52.083187860698693 ], [ 5.153056681859832, 52.083138288643489 ] ] ] ] } },
{ "type": "Feature", "properties": { "fid": 165, "id": null, "FUNCTIE": "02_Maaiveld", "Info": null, "Verhaal": null }, "geometry": { "type": "MultiPolygon", "coordinates": [ [ [ [ 5.153696013623971, 52.082992897340951 ], [ 5.153684723277182, 52.082998820623047 ], [ 5.15373908575547, 52.083061357517394 ], [ 5.154054631228237, 52.083007480168554 ], [ 5.153909003823596, 52.08286449670895 ], [ 5.153759292056112, 52.082887981027227 ], [ 5.153758562031012, 52.082902584436575 ], [ 5.153755839731881, 52.082916185587216 ], [ 5.153750300448814, 52.082931566520706 ], [ 5.153742913801144, 52.082945425075856 ], [ 5.153722313327856, 52.082971135104899 ], [ 5.153696013623971, 52.082992897340951 ] ] ] ] } },
{ "type": "Feature", "properties": { "fid": 166, "id": null, "FUNCTIE": "02_Maaiveld", "Info": null, "Verhaal": null }, "geometry": { "type": "MultiPolygon", "coordinates": [ [ [ [ 5.154080093293146, 52.083012530814621 ], [ 5.154111650444031, 52.083018642663305 ], [ 5.154112479567627, 52.083018494885188 ], [ 5.153936420126138, 52.082850677786546 ], [ 5.153967017199965, 52.082843801732331 ], [ 5.153641863189883, 52.082581549827154 ], [ 5.153667743334318, 52.082553854757897 ], [ 5.153624547675492, 52.08250917687473 ], [ 5.153903983403433, 52.082284786632869 ], [ 5.153838321170801, 52.082230154965472 ], [ 5.153818957792842, 52.082242007925089 ], [ 5.153874995152084, 52.082291665854569 ], [ 5.15351480002824, 52.082580307121503 ], [ 5.153526028203352, 52.082586275017299 ], [ 5.153598703737149, 52.082529935423409 ], [ 5.153646817853727, 52.082556786131057 ], [ 5.153616112314457, 52.082584471636224 ], [ 5.153886805538534, 52.082803014482053 ], [ 5.153762839793334, 52.082824569802703 ], [ 5.153770840787707, 52.082832513166174 ], [ 5.153896404687594, 52.082812942880182 ], [ 5.153931615377501, 52.082846704519426 ], [ 5.153918737290584, 52.082848660921293 ], [ 5.153917087497704, 52.082856585180082 ], [ 5.154080341024244, 52.083012485705019 ], [ 5.154080093293146, 52.083012530814621 ] ] ] ] } },
{ "type": "Feature", "properties": { "fid": 167, "id": null, "FUNCTIE": "05_Talut2", "Info": null, "Verhaal": null }, "geometry": { "type": "MultiPolygon", "coordinates": [ [ [ [ 5.153305861195357, 52.082856860673068 ], [ 5.152506679127908, 52.082965266992687 ], [ 5.152489595264854, 52.083002393250723 ], [ 5.153402260672382, 52.082877861611458 ], [ 5.152902775752271, 52.082426487695741 ], [ 5.152873683486074, 52.082453185273877 ], [ 5.153305861195357, 52.082856860673068 ] ] ] ] } },
{ "type": "Feature", "properties": { "fid": 168, "id": null, "FUNCTIE": "02_Maaiveld", "Info": null, "Verhaal": null }, "geometry": { "type": "MultiPolygon", "coordinates": [ [ [ [ 5.14965725311292, 52.082358601423287 ], [ 5.14974532701292, 52.082730264612337 ], [ 5.150275592035475, 52.082572131554727 ], [ 5.150296707894926, 52.082562666413828 ], [ 5.150315606514273, 52.082549888842813 ], [ 5.150329389540315, 52.08253507467029 ], [ 5.150337922204779, 52.082517515976548 ], [ 5.150339435311373, 52.082498493457372 ], [ 5.15033330867506, 52.082479149846243 ], [ 5.150295509910786, 52.082414345193136 ], [ 5.150073280786167, 52.082463445489566 ], [ 5.150151589684555, 52.082558729274034 ], [ 5.150178759220969, 52.082588496020136 ], [ 5.149759915565699, 52.082712531858455 ], [ 5.149674941351038, 52.082357603987411 ], [ 5.14965725311292, 52.082358601423287 ] ] ] ] } },
{ "type": "Feature", "properties": { "fid": 169, "id": null, "FUNCTIE": "02_Maaiveld", "Info": null, "Verhaal": null }, "geometry": { "type": "MultiPolygon", "coordinates": [ [ [ [ 5.149617426380639, 52.082284158502858 ], [ 5.149636743547805, 52.0822812246045 ], [ 5.149323151997375, 52.081967455099303 ], [ 5.149793115379154, 52.081911918721026 ], [ 5.149841825853105, 52.082053225832972 ], [ 5.150066455349105, 52.08200611268137 ], [ 5.150027618118421, 52.081932126576696 ], [ 5.15001793227921, 52.081919534968229 ], [ 5.150007496760613, 52.081910378463697 ], [ 5.149993173485961, 52.081901465129036 ], [ 5.149973669450872, 52.081893330218215 ], [ 5.149957723592026, 52.081889033366835 ], [ 5.149937326069405, 52.081885926061972 ], [ 5.149897784032593, 52.081886078257156 ], [ 5.149292843735996, 52.081957684674499 ], [ 5.149617426380639, 52.082284158502858 ] ] ] ] } },
{ "type": "Feature", "properties": { "fid": 170, "id": null, "FUNCTIE": "02_Maaiveld", "Info": null, "Verhaal": null }, "geometry": { "type": "MultiPolygon", "coordinates": [ [ [ [ 5.15002284631896, 52.082040212416437 ], [ 5.150218807260379, 52.082395115444989 ], [ 5.150239308476783, 52.082396395325034 ], [ 5.150040960962588, 52.082036532827331 ], [ 5.15002284631896, 52.082040212416437 ] ] ] ] } },
{ "type": "Feature", "properties": { "fid": 171, "id": null, "FUNCTIE": "02_Maaiveld", "Info": null, "Verhaal": null }, "geometry": { "type": "MultiPolygon", "coordinates": [ [ [ [ 5.150050694305276, 52.082020945090392 ], [ 5.150256996213171, 52.082397421812416 ], [ 5.150289144290744, 52.082401450175389 ], [ 5.150072431865161, 52.08201652957797 ], [ 5.150050694305276, 52.082020945090392 ] ] ] ] } },
{ "type": "Feature", "properties": { "fid": 172, "id": null, "FUNCTIE": "02_Maaiveld", "Info": null, "Verhaal": null }, "geometry": { "type": "MultiPolygon", "coordinates": [ [ [ [ 5.149568673054945, 52.08237819960847 ], [ 5.149544551106815, 52.082383237848511 ], [ 5.149651486370842, 52.082837172239159 ], [ 5.150323853043822, 52.082636225376746 ], [ 5.150363366543473, 52.082621489203007 ], [ 5.150389944347963, 52.08260754545158 ], [ 5.15040959330603, 52.082594078671043 ], [ 5.150427660998163, 52.082577817573423 ], [ 5.150443130035993, 52.082558242847277 ], [ 5.150454131317323, 52.082535785754139 ], [ 5.15045873606935, 52.082514448482577 ], [ 5.150458376409008, 52.082494711884848 ], [ 5.150452633412947, 52.082471675186241 ], [ 5.150443983952622, 52.082453423095572 ], [ 5.150432092418646, 52.082436383326879 ], [ 5.15015221527745, 52.08193582092909 ], [ 5.150139190290029, 52.081913341494065 ], [ 5.150123089831565, 52.081892972816405 ], [ 5.150102845022068, 52.081874451811302 ], [ 5.150074811038794, 52.081855817609778 ], [ 5.150047981543569, 52.081842798030529 ], [ 5.150015031407946, 52.081831247270301 ], [ 5.149969417856325, 52.081821391723928 ], [ 5.149926815177752, 52.08181747501461 ], [ 5.149881026471491, 52.081818172695243 ], [ 5.149122408334962, 52.081908584418372 ], [ 5.149515822502034, 52.082305597489494 ], [ 5.149543420630698, 52.082303808450575 ], [ 5.149162544427735, 52.081921545749879 ], [ 5.149899188780362, 52.081837073398766 ], [ 5.149934127864078, 52.081836509412469 ], [ 5.14997232152766, 52.08184028552764 ], [ 5.15000740075986, 52.081848415869153 ], [ 5.150039189411904, 52.081860714317827 ], [ 5.150058894089412, 52.081871654077489 ], [ 5.150093250947326, 52.081901550186608 ], [ 5.150103848204567, 52.081916652809184 ], [ 5.150427613433495, 52.082480656244456 ], [ 5.150432573719907, 52.08250587624125 ], [ 5.150431833564748, 52.082520942307582 ], [ 5.150422771797597, 52.082548574020265 ], [ 5.150415719986185, 52.082560123420038 ], [ 5.15040289332633, 52.082575467696302 ], [ 5.150388191805309, 52.082588531158763 ], [ 5.15037250194602, 52.082599436323527 ], [ 5.150351593268394, 52.082610873222087 ], [ 5.150332627961531, 52.082619041019626 ], [ 5.149669221664288, 52.082817142068649 ], [ 5.149568673054945, 52.08237819960847 ] ] ] ] } },
{ "type": "Feature", "properties": { "fid": 173, "id": null, "FUNCTIE": "02_Maaiveld", "Info": null, "Verhaal": null }, "geometry": { "type": "MultiPolygon", "coordinates": [ [ [ [ 5.149265149366419, 52.082362633058146 ], [ 5.149306560436583, 52.082426167988729 ], [ 5.149544552638107, 52.082383241825411 ], [ 5.149568673054945, 52.08237819960847 ], [ 5.149608897704259, 52.082370359504402 ], [ 5.149657254644326, 52.082358605400181 ], [ 5.149674942882462, 52.082357607964312 ], [ 5.149692655353689, 52.08235367590958 ], [ 5.149716308000953, 52.082443918223746 ], [ 5.149772610035861, 52.082442030654214 ], [ 5.149791332432785, 52.082536855730929 ], [ 5.149795008309568, 52.082545718948452 ], [ 5.149804385593578, 52.082559048026908 ], [ 5.149816114968117, 52.082569836487394 ], [ 5.149829266084661, 52.082578353278606 ], [ 5.149847072973465, 52.082586411878033 ], [ 5.149866351997944, 52.082592088701041 ], [ 5.149884725345491, 52.082595272271902 ], [ 5.14990486437525, 52.082596718546206 ], [ 5.149927822084228, 52.082595938890613 ], [ 5.150069617574119, 52.082547668068436 ], [ 5.149980116436684, 52.082439475510107 ], [ 5.150191075879019, 52.082392334616856 ], [ 5.150007081309697, 52.082055788017051 ], [ 5.149789717090404, 52.082097713246753 ], [ 5.149754083125369, 52.081992849518031 ], [ 5.149583509451054, 52.082008606727221 ], [ 5.149557818147672, 52.082023377130355 ], [ 5.149547351891319, 52.082032986508203 ], [ 5.149540858210818, 52.082041708001192 ], [ 5.149536441483916, 52.08205171311716 ], [ 5.149534992604273, 52.082064721338163 ], [ 5.149537805804353, 52.082076871300814 ], [ 5.149543414636526, 52.082087051735691 ], [ 5.149630883124628, 52.082173200270709 ], [ 5.149576058192229, 52.082195864738949 ], [ 5.149654462783308, 52.082276305602257 ], [ 5.149636743547805, 52.0822812246045 ], [ 5.149617426380639, 52.082284158502858 ], [ 5.149580390646892, 52.08229497752351 ], [ 5.149543420630698, 52.082303808450575 ], [ 5.149515824033292, 52.082305601466345 ], [ 5.149265149366419, 52.082362633058146 ] ] ] ] } },
{ "type": "Feature", "properties": { "fid": 174, "id": null, "FUNCTIE": "02_Maaiveld", "Info": null, "Verhaal": null }, "geometry": { "type": "MultiPolygon", "coordinates": [ [ [ [ 5.149978469486587, 52.080626050714791 ], [ 5.150139623343142, 52.080566918400848 ], [ 5.150302934026292, 52.080707960249079 ], [ 5.150352904311887, 52.080687250885369 ], [ 5.150451231112386, 52.080646819794666 ], [ 5.1502174975483, 52.080440234524744 ], [ 5.149914524224667, 52.0805525963872 ], [ 5.149956090141895, 52.080600245195349 ], [ 5.149978469486587, 52.080626050714791 ] ] ] ] } },
{ "type": "Feature", "properties": { "fid": 175, "id": null, "FUNCTIE": "02_Maaiveld", "Info": null, "Verhaal": null }, "geometry": { "type": "MultiPolygon", "coordinates": [ [ [ [ 5.149359605229491, 52.080858665953599 ], [ 5.149414385515692, 52.080840939513031 ], [ 5.149830161312813, 52.080689172434482 ], [ 5.149798173729095, 52.08065542001404 ], [ 5.149911055267856, 52.080600154566582 ], [ 5.149901466454661, 52.080588240004772 ], [ 5.14933419893123, 52.080797180340568 ], [ 5.149359605229491, 52.080858665953599 ] ] ] ] } },
{ "type": "Feature", "properties": { "fid": 176, "id": null, "FUNCTIE": "02_Maaiveld", "Info": null, "Verhaal": null }, "geometry": { "type": "MultiPolygon", "coordinates": [ [ [ [ 5.149577682815423, 52.081590423930024 ], [ 5.149593776045505, 52.081588470508635 ], [ 5.14957329008309, 52.08150865849494 ], [ 5.149603868494727, 52.081505251827515 ], [ 5.149584862071167, 52.081449720844162 ], [ 5.14954947948697, 52.08144915406033 ], [ 5.149316510318042, 52.080796149738852 ], [ 5.149906349411689, 52.080577349483164 ], [ 5.149904793563808, 52.080567436943262 ], [ 5.149299073573054, 52.08078658704121 ], [ 5.149577682815423, 52.081590423930024 ] ] ] ] } },
{ "type": "Feature", "properties": { "fid": 177, "id": null, "FUNCTIE": "02_Maaiveld", "Info": null, "Verhaal": null }, "geometry": { "type": "MultiPolygon", "coordinates": [ [ [ [ 5.1507910961982, 52.08095076806152 ], [ 5.150766384339827, 52.080951228092481 ], [ 5.150768081551284, 52.080952669347134 ], [ 5.150553958157131, 52.081295101292106 ], [ 5.15155552638863, 52.081692492632108 ], [ 5.151955475388048, 52.081492134322303 ], [ 5.152495353881732, 52.08159824997071 ], [ 5.152506670014372, 52.081587372149777 ], [ 5.151944315413086, 52.081473284182785 ], [ 5.151560457554319, 52.081672687648357 ], [ 5.15058134833683, 52.081286237797983 ], [ 5.150792211269884, 52.080951722818746 ], [ 5.1507910961982, 52.08095076806152 ] ] ] ] } },
{ "type": "Feature", "properties": { "fid": 178, "id": null, "FUNCTIE": "02_Maaiveld", "Info": null, "Verhaal": null }, "geometry": { "type": "MultiPolygon", "coordinates": [ [ [ [ 5.151539074243114, 52.082373235923313 ], [ 5.15160974181407, 52.082393195957955 ], [ 5.15176230743735, 52.082132883346027 ], [ 5.152310724326324, 52.082145868459598 ], [ 5.152675764592042, 52.081854267663381 ], [ 5.152648488732735, 52.08184133117841 ], [ 5.152530714583989, 52.081909471726732 ], [ 5.152482243518234, 52.081880196659888 ], [ 5.152277470829701, 52.08204571323941 ], [ 5.152232217517951, 52.082087246541199 ], [ 5.151675759163518, 52.082074244997777 ], [ 5.151620623560254, 52.082159355734973 ], [ 5.151659174077076, 52.082169342159929 ], [ 5.151539074243114, 52.082373235923313 ] ] ] ] } },
{ "type": "Feature", "properties": { "fid": 179, "id": null, "FUNCTIE": "02_Maaiveld", "Info": null, "Verhaal": null }, "geometry": { "type": "MultiPolygon", "coordinates": [ [ [ [ 5.151632301883781, 52.082385313509683 ], [ 5.151649989648091, 52.082386339787959 ], [ 5.15179593359728, 52.082161687763289 ], [ 5.152333112534655, 52.082170686572276 ], [ 5.152715965051226, 52.081856329500447 ], [ 5.152695070988963, 52.081853315123652 ], [ 5.15232030738243, 52.082158769777386 ], [ 5.151778339746939, 52.08214282476446 ], [ 5.151632301883781, 52.082385313509683 ] ] ] ] } },
{ "type": "Feature", "properties": { "fid": 180, "id": null, "FUNCTIE": "02_Maaiveld", "Info": null, "Verhaal": null }, "geometry": { "type": "MultiPolygon", "coordinates": [ [ [ [ 5.152214267341329, 52.080751433745689 ], [ 5.152215107447573, 52.08075086470128 ], [ 5.152215952562289, 52.080589902786244 ], [ 5.151972820331371, 52.080639955942338 ], [ 5.151999886960533, 52.080692529801027 ], [ 5.152017402227145, 52.080726256726564 ], [ 5.152091242554113, 52.080754150335764 ], [ 5.152139504786075, 52.080752264683923 ], [ 5.152214267341329, 52.080751433745689 ] ] ] ] } },
{ "type": "Feature", "properties": { "fid": 181, "id": null, "FUNCTIE": "02_Maaiveld", "Info": null, "Verhaal": null }, "geometry": { "type": "MultiPolygon", "coordinates": [ [ [ [ 5.151967708706604, 52.080694447486593 ], [ 5.151961368890366, 52.08067659790369 ], [ 5.151421988801468, 52.08078353304245 ], [ 5.151484413508212, 52.08084113242586 ], [ 5.151886978039634, 52.08075374680832 ], [ 5.151875894898497, 52.080720028728869 ], [ 5.151967708706604, 52.080694447486593 ] ] ] ] } },
{ "type": "Feature", "properties": { "fid": 182, "id": null, "FUNCTIE": "02_Maaiveld", "Info": null, "Verhaal": null }, "geometry": { "type": "MultiPolygon", "coordinates": [ [ [ [ 5.151423654620348, 52.080772636025202 ], [ 5.151959823000458, 52.08066470352999 ], [ 5.151963107491055, 52.080651827853117 ], [ 5.151417273246398, 52.080762713856046 ], [ 5.151423654620348, 52.080772636025202 ] ] ] ] } },
{ "type": "Feature", "properties": { "fid": 597, "id": null, "FUNCTIE": "03_Gebouw", "Info": null, "Verhaal": null }, "geometry": { "type": "MultiPolygon", "coordinates": [ [ [ [ 5.139687693894914, 52.074177430854959 ], [ 5.139936482228895, 52.074399682860474 ], [ 5.140023259558084, 52.074300635925312 ], [ 5.139824960946974, 52.07412225621745 ], [ 5.139687693894914, 52.074177430854959 ] ], [ [ 5.139752318232697, 52.074182888654086 ], [ 5.139817795446088, 52.074160542174802 ], [ 5.139959918330033, 52.074291017839222 ], [ 5.139920927175812, 52.074334093739438 ], [ 5.139752318232697, 52.074182888654086 ] ] ] ] } },
{ "type": "Feature", "properties": { "fid": 184, "id": null, "FUNCTIE": "03_Gebouw", "Info": null, "Verhaal": null }, "geometry": { "type": "MultiPolygon", "coordinates": [ [ [ [ 5.139330019147714, 52.115410404665482 ], [ 5.139508869119819, 52.115378075918535 ], [ 5.13948186111028, 52.115313606803795 ], [ 5.139298182476752, 52.115345925416527 ], [ 5.139330019147714, 52.115410404665482 ] ] ] ] } },
{ "type": "Feature", "properties": { "fid": 598, "id": null, "FUNCTIE": "03_Gebouw", "Info": null, "Verhaal": null }, "geometry": { "type": "MultiPolygon", "coordinates": [ [ [ [ 5.13969763824075, 52.074173433724553 ], [ 5.139527038777451, 52.074018534043482 ], [ 5.139660650355327, 52.073895567450791 ], [ 5.13863166227553, 52.073238557919957 ], [ 5.138417583370349, 52.073313235521447 ], [ 5.138192524067552, 52.073208238553157 ], [ 5.138182124497128, 52.073215402920979 ], [ 5.138417427359387, 52.073325595832202 ], [ 5.138629005490056, 52.073250391107244 ], [ 5.13963392458119, 52.073893893519546 ], [ 5.13950799828556, 52.074016897131216 ], [ 5.139687695666471, 52.074177430607307 ], [ 5.13969763824075, 52.074173433724553 ] ] ] ] } },
{ "type": "Feature", "properties": { "fid": 186, "id": null, "FUNCTIE": "03_Gebouw", "Info": null, "Verhaal": null }, "geometry": { "type": "MultiPolygon", "coordinates": [ [ [ [ 5.138732468708054, 52.116348593067229 ], [ 5.138685733329784, 52.116358405010629 ], [ 5.138720750787361, 52.116429827929991 ], [ 5.138769095904679, 52.116420019334051 ], [ 5.138732468708054, 52.116348593067229 ] ] ] ] } },
{ "type": "Feature", "properties": { "fid": 599, "id": null, "FUNCTIE": "03_Gebouw", "Info": null, "Verhaal": null }, "geometry": { "type": "MultiPolygon", "coordinates": [ [ [ [ 5.138182124497128, 52.073215402920979 ], [ 5.138283284934924, 52.073145712349152 ], [ 5.1379992161474, 52.073007234727505 ], [ 5.13784384478572, 52.073056983920104 ], [ 5.138182124497128, 52.073215402920979 ] ], [ [ 5.138178621718478, 52.07317404908293 ], [ 5.137960975246119, 52.073067928001912 ], [ 5.138023147883598, 52.073042476341733 ], [ 5.138222459288326, 52.073144388350507 ], [ 5.138178621718478, 52.07317404908293 ] ] ] ] } },
{ "type": "Feature", "properties": { "fid": 188, "id": null, "FUNCTIE": "03_Gebouw", "Info": null, "Verhaal": null }, "geometry": { "type": "MultiPolygon", "coordinates": [ [ [ [ 5.102547825536518, 52.129219726282692 ], [ 5.102529492227776, 52.129225298155511 ], [ 5.102534179690427, 52.129230738394128 ], [ 5.102545555512979, 52.129227416500449 ], [ 5.102569403017228, 52.129249141380782 ], [ 5.102578767314028, 52.129245700165484 ], [ 5.102547825536518, 52.129219726282692 ] ] ] ] } },
{ "type": "Feature", "properties": { "fid": 189, "id": null, "FUNCTIE": "03_Gebouw", "Info": null, "Verhaal": null }, "geometry": { "type": "MultiPolygon", "coordinates": [ [ [ [ 5.102604463466971, 52.129234497739951 ], [ 5.102613460332187, 52.129230805611485 ], [ 5.102595763142268, 52.129213933514464 ], [ 5.102609776864386, 52.129207847535348 ], [ 5.102604651084852, 52.129201838067374 ], [ 5.102582649430617, 52.129211921598248 ], [ 5.102604463466971, 52.129234497739951 ] ] ] ] } },
{ "type": "Feature", "properties": { "fid": 190, "id": null, "FUNCTIE": "03_Gebouw", "Info": null, "Verhaal": null }, "geometry": { "type": "MultiPolygon", "coordinates": [ [ [ [ 5.138587466439145, 52.116372073002502 ], [ 5.138685755295056, 52.116354441185038 ], [ 5.13861564382241, 52.116225468704421 ], [ 5.13856406305375, 52.116238243359376 ], [ 5.138584736026563, 52.116283871140951 ], [ 5.13851703649636, 52.116300575924527 ], [ 5.138529765495449, 52.116327358701049 ], [ 5.138557162867692, 52.116321470227021 ], [ 5.138587466439145, 52.116372073002502 ] ] ] ] } },
{ "type": "Feature", "properties": { "fid": 191, "id": null, "FUNCTIE": "03_Gebouw", "Info": null, "Verhaal": null }, "geometry": { "type": "MultiPolygon", "coordinates": [ [ [ [ 5.13835953074764, 52.116256643571198 ], [ 5.138557893599711, 52.116189673023264 ], [ 5.138487513458299, 52.116109257318634 ], [ 5.138421423812586, 52.116125965402908 ], [ 5.138431026825235, 52.116135895189878 ], [ 5.138302022664754, 52.116177245664367 ], [ 5.13835953074764, 52.116256643571198 ] ] ] ] } },
{ "type": "Feature", "properties": { "fid": 192, "id": null, "FUNCTIE": "03_Gebouw", "Info": null, "Verhaal": null }, "geometry": { "type": "MultiPolygon", "coordinates": [ [ [ [ 5.138122389500171, 52.116059934961442 ], [ 5.138216886409838, 52.116145356300038 ], [ 5.138428296743181, 52.116047693331709 ], [ 5.138361015397354, 52.11598908532261 ], [ 5.138444948525596, 52.115947640454458 ], [ 5.138409689995924, 52.115919819523413 ], [ 5.138122389500171, 52.116059934961442 ] ] ] ] } },
{ "type": "Feature", "properties": { "fid": 193, "id": null, "FUNCTIE": "03_Gebouw", "Info": null, "Verhaal": null }, "geometry": { "type": "MultiPolygon", "coordinates": [ [ [ [ 5.139293734907654, 52.116150580981753 ], [ 5.139337250541437, 52.116140762100294 ], [ 5.139319714047295, 52.116110005540094 ], [ 5.139279417760354, 52.116119831131236 ], [ 5.139293734907654, 52.116150580981753 ] ] ] ] } },
{ "type": "Feature", "properties": { "fid": 194, "id": null, "FUNCTIE": "03_Gebouw", "Info": null, "Verhaal": null }, "geometry": { "type": "MultiPolygon", "coordinates": [ [ [ [ 5.13963126681545, 52.11536643953179 ], [ 5.139673155519163, 52.115359590082143 ], [ 5.13966359070156, 52.115342723729569 ], [ 5.139623306173102, 52.115350567484818 ], [ 5.13963126681545, 52.11536643953179 ] ] ] ] } },
{ "type": "Feature", "properties": { "fid": 195, "id": null, "FUNCTIE": "03_Gebouw", "Info": null, "Verhaal": null }, "geometry": { "type": "MultiPolygon", "coordinates": [ [ [ [ 5.139170545671483, 52.116304914766218 ], [ 5.139378417299962, 52.116264718842686 ], [ 5.139364171243638, 52.116221086580694 ], [ 5.13933354380921, 52.116228950429083 ], [ 5.139319204701875, 52.116202164405621 ], [ 5.139135494722771, 52.116239437754565 ], [ 5.139170545671483, 52.116304914766218 ] ] ] ] } },
{ "type": "Feature", "properties": { "fid": 600, "id": null, "FUNCTIE": "03_Gebouw", "Info": null, "Verhaal": null }, "geometry": { "type": "MultiPolygon", "coordinates": [ [ [ [ 5.140012847694312, 52.074291272744759 ], [ 5.140023259558084, 52.074300635925312 ], [ 5.140363885580817, 52.073911830459288 ], [ 5.13990805362061, 52.073099164248916 ], [ 5.138634640449282, 52.072803771510188 ], [ 5.1379992161474, 52.073007234727505 ], [ 5.138011817132727, 52.073013377890092 ], [ 5.138634502662941, 52.072814692391617 ], [ 5.139896254948177, 52.073107140870931 ], [ 5.140013559305357, 52.073318060210433 ], [ 5.140345821571558, 52.073912773599275 ], [ 5.140012847694312, 52.074291272744759 ] ] ] ] } },
{ "type": "Feature", "properties": { "fid": 601, "id": null, "FUNCTIE": "03_Gebouw", "Info": null, "Verhaal": null }, "geometry": { "type": "MultiPolygon", "coordinates": [ [ [ [ 5.136266570868709, 52.072174053858305 ], [ 5.136550984124565, 52.072337979487024 ], [ 5.136598933238077, 52.072258037488609 ], [ 5.136359063237263, 52.072115064625457 ], [ 5.136266570868709, 52.072174053858305 ] ], [ [ 5.136321389659749, 52.072168659224083 ], [ 5.136362301568815, 52.07214542585249 ], [ 5.13653606134297, 52.072249387998767 ], [ 5.136510197717618, 52.072286976439393 ], [ 5.136321389659749, 52.072168659224083 ] ] ] ] } },
{ "type": "Feature", "properties": { "fid": 602, "id": null, "FUNCTIE": "03_Gebouw", "Info": null, "Verhaal": null }, "geometry": { "type": "MultiPolygon", "coordinates": [ [ [ [ 5.13658459742742, 52.072249492766844 ], [ 5.136598933238077, 52.072258037488609 ], [ 5.136876257568949, 52.071805568307056 ], [ 5.136292920231988, 52.07103156096187 ], [ 5.134851017019573, 52.071068853876895 ], [ 5.134183809605029, 52.071400235164369 ], [ 5.134204020732322, 52.071417008045202 ], [ 5.1348626717224, 52.071084918245909 ], [ 5.135829459061911, 52.071059787003072 ], [ 5.136277302969058, 52.071047863437499 ], [ 5.136417630750667, 52.071235547083838 ], [ 5.136849406140795, 52.071806869557236 ], [ 5.13658459742742, 52.072249492766844 ] ] ] ] } },
{ "type": "Feature", "properties": { "fid": 603, "id": null, "FUNCTIE": "03_Gebouw", "Info": null, "Verhaal": null }, "geometry": { "type": "MultiPolygon", "coordinates": [ [ [ [ 5.136276520197437, 52.072167708445569 ], [ 5.136034233133164, 52.072025416273171 ], [ 5.136108843667488, 52.071875900179876 ], [ 5.135013430369803, 52.071454938775531 ], [ 5.134826441462295, 52.071568369690603 ], [ 5.134483799116369, 52.071485046068005 ], [ 5.134273058831516, 52.071433101130985 ], [ 5.134204020732322, 52.071417008045202 ], [ 5.134183809605029, 52.071400235164369 ], [ 5.134150774809459, 52.071420926727733 ], [ 5.134830072855803, 52.071581118119447 ], [ 5.135017081123449, 52.071468226570737 ], [ 5.136091746856095, 52.071879559512411 ], [ 5.136015671972383, 52.072027465765814 ], [ 5.136266570868709, 52.072174053858305 ], [ 5.136276520197437, 52.072167708445569 ] ] ] ] } },
{ "type": "Feature", "properties": { "fid": 200, "id": null, "FUNCTIE": "03_Gebouw", "Info": null, "Verhaal": null }, "geometry": { "type": "MultiPolygon", "coordinates": [ [ [ [ 5.138837620686071, 52.115672973168337 ], [ 5.138851931900383, 52.115704714034514 ], [ 5.139069480892709, 52.115660575172292 ], [ 5.139048736450023, 52.115627829934361 ], [ 5.138837620686071, 52.115672973168337 ] ] ] ] } },
{ "type": "Feature", "properties": { "fid": 201, "id": null, "FUNCTIE": "03_Gebouw", "Info": null, "Verhaal": null }, "geometry": { "type": "MultiPolygon", "coordinates": [ [ [ [ 5.138765708112549, 52.115578680917061 ], [ 5.139017091945416, 52.115528667150606 ], [ 5.138975707496757, 52.115444348504454 ], [ 5.138724313101081, 52.115496344068646 ], [ 5.138765708112549, 52.115578680917061 ] ] ] ] } },
{ "type": "Feature", "properties": { "fid": 202, "id": null, "FUNCTIE": "03_Gebouw", "Info": null, "Verhaal": null }, "geometry": { "type": "MultiPolygon", "coordinates": [ [ [ [ 5.138616632018183, 52.115466389732354 ], [ 5.138729427509235, 52.11544482448997 ], [ 5.138688032690294, 52.115362487631593 ], [ 5.138573611265278, 52.115387022320171 ], [ 5.138616632018183, 52.115466389732354 ] ] ] ] } },
{ "type": "Feature", "properties": { "fid": 203, "id": null, "FUNCTIE": "03_Gebouw", "Info": null, "Verhaal": null }, "geometry": { "type": "MultiPolygon", "coordinates": [ [ [ [ 5.138928152664523, 52.115893157102818 ], [ 5.13878310268044, 52.115925555794462 ], [ 5.138878760198224, 52.116092238290811 ], [ 5.139012515602162, 52.116064770694415 ], [ 5.138928152664523, 52.115893157102818 ] ] ] ] } },
{ "type": "Feature", "properties": { "fid": 604, "id": null, "FUNCTIE": "03_Gebouw", "Info": null, "Verhaal": null }, "geometry": { "type": "MultiPolygon", "coordinates": [ [ [ [ 5.133518168270756, 52.06926815084551 ], [ 5.133678987228133, 52.069504045982313 ], [ 5.133788464079688, 52.069433730481663 ], [ 5.133777833557132, 52.069417713441567 ], [ 5.133665126598271, 52.069267845057695 ], [ 5.13365905973159, 52.069260501173922 ], [ 5.133641300482303, 52.06924037932405 ], [ 5.133536312904791, 52.069263159517682 ], [ 5.133518168270756, 52.06926815084551 ] ], [ [ 5.133576587312865, 52.069281796912058 ], [ 5.133633931997842, 52.069269906075654 ], [ 5.133730639685722, 52.06940905534826 ], [ 5.133681715165572, 52.069440491051218 ], [ 5.133576587312865, 52.069281796912058 ] ] ] ] } },
{ "type": "Feature", "properties": { "fid": 605, "id": null, "FUNCTIE": "03_Gebouw", "Info": null, "Verhaal": null }, "geometry": { "type": "MultiPolygon", "coordinates": [ [ [ [ 5.133518168270756, 52.06926815084551 ], [ 5.133536312904791, 52.069263159517682 ], [ 5.133477547872593, 52.069180065826025 ], [ 5.133667743694287, 52.069075961734704 ], [ 5.132993289681159, 52.068410562368953 ], [ 5.132739048429356, 52.068468080386289 ], [ 5.132593397824242, 52.068371716759714 ], [ 5.132573031487315, 52.068385828827928 ], [ 5.132733523149712, 52.068492619838423 ], [ 5.132989994520125, 52.068435157117932 ], [ 5.133281671640954, 52.06872022504897 ], [ 5.133330049940351, 52.068770565872974 ], [ 5.133645422629026, 52.069075727592413 ], [ 5.133455224952487, 52.069179092112073 ], [ 5.133518168270756, 52.06926815084551 ] ] ] ] } },
{ "type": "Feature", "properties": { "fid": 606, "id": null, "FUNCTIE": "03_Gebouw", "Info": null, "Verhaal": null }, "geometry": { "type": "MultiPolygon", "coordinates": [ [ [ [ 5.132573031487315, 52.068385828827928 ], [ 5.132593397824242, 52.068371716759714 ], [ 5.132373970940676, 52.068224070318486 ], [ 5.132858131419693, 52.06810788803552 ], [ 5.134127365528072, 52.068227797327644 ], [ 5.134350450586367, 52.069051151972822 ], [ 5.133777833557132, 52.069417713441567 ], [ 5.133788464079688, 52.069433730481663 ], [ 5.134369376192059, 52.069060966630389 ], [ 5.134147784906645, 52.068215830272209 ], [ 5.132858918857111, 52.068096647654414 ], [ 5.132325777614959, 52.06822280404095 ], [ 5.132573031487315, 52.068385828827928 ] ] ] ] } },
{ "type": "Feature", "properties": { "fid": 607, "id": null, "FUNCTIE": "03_Gebouw", "Info": null, "Verhaal": null }, "geometry": { "type": "MultiPolygon", "coordinates": [ [ [ [ 5.141244323066084, 52.075463467815645 ], [ 5.141440627102077, 52.075648655104217 ], [ 5.141544779261479, 52.075615090996379 ], [ 5.141358856200118, 52.075439670880051 ], [ 5.141244323066084, 52.075463467815645 ] ], [ [ 5.141447775841693, 52.075618488053536 ], [ 5.141306480439765, 52.075488018419676 ], [ 5.141355085957876, 52.075483616485243 ], [ 5.141483074154902, 52.075603206237865 ], [ 5.141447775841693, 52.075618488053536 ] ] ] ] } },
{ "type": "Feature", "properties": { "fid": 608, "id": null, "FUNCTIE": "03_Gebouw", "Info": null, "Verhaal": null }, "geometry": { "type": "MultiPolygon", "coordinates": [ [ [ [ 5.142129206911396, 52.076765522762507 ], [ 5.142690585116974, 52.07649616023275 ], [ 5.143253671392214, 52.075851962294848 ], [ 5.142126651933623, 52.075339759853769 ], [ 5.141358856200118, 52.075439670880051 ], [ 5.141370040524466, 52.075450223440072 ], [ 5.142123507686925, 52.075349072099407 ], [ 5.143238369370906, 52.075854093168594 ], [ 5.142679935869814, 52.07648992619994 ], [ 5.142129206911396, 52.076765522762507 ] ] ] ] } },
{ "type": "Feature", "properties": { "fid": 209, "id": null, "FUNCTIE": "03_Gebouw", "Info": null, "Verhaal": null }, "geometry": { "type": "MultiPolygon", "coordinates": [ [ [ [ 5.138546895375097, 52.115850739060903 ], [ 5.13859525089208, 52.11583894865857 ], [ 5.138560069282962, 52.115797254393058 ], [ 5.138521371710494, 52.115809064997407 ], [ 5.138546895375097, 52.115850739060903 ], [ 5.13859525089208, 52.11583894865857 ], [ 5.138546895375097, 52.115850739060903 ] ] ] ] } },
{ "type": "Feature", "properties": { "fid": 210, "id": null, "FUNCTIE": "03_Gebouw", "Info": null, "Verhaal": null }, "geometry": { "type": "MultiPolygon", "coordinates": [ [ [ [ 5.13944036617779, 52.115478860011045 ], [ 5.139451765444904, 52.115499589152087 ], [ 5.139473304559671, 52.115494784173841 ], [ 5.139481706906433, 52.115509537947176 ], [ 5.13947895835627, 52.115513449445402 ], [ 5.139484704876053, 52.115515326778471 ], [ 5.1394874513654, 52.115511788345408 ], [ 5.139523250607451, 52.115503468936794 ], [ 5.139525653931095, 52.115507204644111 ], [ 5.139532629923704, 52.115505913447166 ], [ 5.139530530620084, 52.115501991839189 ], [ 5.139563898710017, 52.115494973093028 ], [ 5.139566304096185, 52.115498335734067 ], [ 5.139572978124926, 52.11549685737053 ], [ 5.13957117768938, 52.115493682525695 ], [ 5.139605154833234, 52.115486105434016 ], [ 5.139607561251565, 52.115489281541464 ], [ 5.139614235276921, 52.115487803175725 ], [ 5.139612736799578, 52.115484815495904 ], [ 5.139647016916492, 52.115477239024507 ], [ 5.13965721769807, 52.1154955406911 ], [ 5.139655372989508, 52.115500386750107 ], [ 5.139661124660239, 52.115501331411231 ], [ 5.139663266181943, 52.115497605179257 ], [ 5.139696939286481, 52.115490213962872 ], [ 5.139703896741985, 52.115492280343013 ], [ 5.139707551152417, 52.115488930332496 ], [ 5.139702412668381, 52.115486681208161 ], [ 5.139691916085856, 52.115467073186814 ], [ 5.139726195139983, 52.115459683226447 ], [ 5.139730422593185, 52.115462303520985 ], [ 5.139734980823447, 52.11545988806683 ], [ 5.139731059447749, 52.115456708805937 ], [ 5.139744486715666, 52.115439389052177 ], [ 5.139751149407106, 52.115439962537735 ], [ 5.139751476065343, 52.115435672919624 ], [ 5.139746629255859, 52.115435476286798 ], [ 5.139736733500678, 52.115416802196357 ], [ 5.139742200695049, 52.115414388636125 ], [ 5.139738280352096, 52.115411022842942 ], [ 5.139733722127179, 52.115413438296876 ], [ 5.139703163389002, 52.115405540162058 ], [ 5.13970258005338, 52.115401435182434 ], [ 5.139696518200739, 52.115401795619576 ], [ 5.139696500702785, 52.11540496667353 ], [ 5.139661918694781, 52.115412355991587 ], [ 5.139650511119501, 52.115393119137096 ], [ 5.139650827492511, 52.115390694844997 ], [ 5.139646595932316, 52.115388820677524 ], [ 5.139642637505944, 52.115392356586696 ], [ 5.139608050346466, 52.115400678551801 ], [ 5.139601699917928, 52.115398426896043 ], [ 5.139598651485672, 52.115401778166323 ], [ 5.139605911913605, 52.115403845184566 ], [ 5.139615201632624, 52.115422518025277 ], [ 5.139580313511452, 52.115430466287059 ], [ 5.139578213177582, 52.115426731212921 ], [ 5.139572147199456, 52.115427837774355 ], [ 5.139574550522881, 52.115431573480315 ], [ 5.139540269394065, 52.115439336461819 ], [ 5.139538168033054, 52.11543578791936 ], [ 5.139532101022127, 52.115437081011486 ], [ 5.139534202382732, 52.115440629554037 ], [ 5.139499316286426, 52.115448204728096 ], [ 5.139496911938013, 52.115444655552849 ], [ 5.139490844924083, 52.11544594864295 ], [ 5.139492038341595, 52.115449308758031 ], [ 5.139455940266842, 52.115456881392305 ], [ 5.139448982825082, 52.115454814996795 ], [ 5.139447448297027, 52.115458355956875 ], [ 5.139452895939645, 52.115459486529154 ], [ 5.139461908374972, 52.115473495437485 ], [ 5.13944036617779, 52.115478860011045 ] ] ] ] } },
{ "type": "Feature", "properties": { "fid": 211, "id": null, "FUNCTIE": "03_Gebouw", "Info": null, "Verhaal": null }, "geometry": { "type": "MultiPolygon", "coordinates": [ [ [ [ 5.138673002962312, 52.115750915261657 ], [ 5.138819618222046, 52.115726447745232 ], [ 5.138764010639535, 52.115594532838159 ], [ 5.138614160008495, 52.115621966392339 ], [ 5.138673002962312, 52.115750915261657 ] ] ] ] } },
{ "type": "Feature", "properties": { "fid": 609, "id": null, "FUNCTIE": "03_Gebouw", "Info": null, "Verhaal": null }, "geometry": { "type": "MultiPolygon", "coordinates": [ [ [ [ 5.141997647045986, 52.076828647436727 ], [ 5.142129206911396, 52.076765522762507 ], [ 5.142094283315549, 52.076588070260875 ], [ 5.141955348403632, 52.076595933915215 ], [ 5.141997647045986, 52.076828647436727 ] ], [ [ 5.142033579010697, 52.076762894114026 ], [ 5.142006955932414, 52.076619584188492 ], [ 5.142069516439473, 52.076614733777745 ], [ 5.142094535336359, 52.076737434224455 ], [ 5.142033579010697, 52.076762894114026 ] ] ] ] } },
{ "type": "Feature", "properties": { "fid": 213, "id": null, "FUNCTIE": "04_Talut1", "Info": null, "Verhaal": null }, "geometry": { "type": "MultiPolygon", "coordinates": [ [ [ [ 5.150345737216241, 52.081320788095596 ], [ 5.150405966696379, 52.081312509554742 ], [ 5.150607060269005, 52.080986030378114 ], [ 5.150344726532068, 52.081320441637509 ], [ 5.150345737216241, 52.081320788095596 ] ] ] ] } },
{ "type": "Feature", "properties": { "fid": 214, "id": null, "FUNCTIE": "04_Talut1", "Info": null, "Verhaal": null }, "geometry": { "type": "MultiPolygon", "coordinates": [ [ [ [ 5.149732067419819, 52.081594690792386 ], [ 5.149630464367332, 52.081342787167536 ], [ 5.149584860539874, 52.081449716867859 ], [ 5.149603866963412, 52.081505247851169 ], [ 5.149732067419819, 52.081594690792386 ] ] ] ] } },
{ "type": "Feature", "properties": { "fid": 215, "id": null, "FUNCTIE": "04_Talut1", "Info": null, "Verhaal": null }, "geometry": { "type": "MultiPolygon", "coordinates": [ [ [ [ 5.150318813576554, 52.081354081562516 ], [ 5.151545065530296, 52.081846063546216 ], [ 5.151009187618357, 52.081591310466067 ], [ 5.150839050537791, 52.081523585549938 ], [ 5.150318813576554, 52.081354081562516 ] ] ] ] } },
{ "type": "Feature", "properties": { "fid": 610, "id": null, "FUNCTIE": "04_Talut1", "Info": null, "Verhaal": null }, "geometry": { "type": "MultiPolygon", "coordinates": [ [ [ [ 5.142362263979471, 52.07566954788691 ], [ 5.142290936841886, 52.07563604923989 ], [ 5.142265531049165, 52.075641039077723 ], [ 5.142343296851017, 52.075676437304729 ], [ 5.142362263979471, 52.07566954788691 ] ] ] ] } },
{ "type": "Feature", "properties": { "fid": 611, "id": null, "FUNCTIE": "05_Talut2", "Info": null, "Verhaal": null }, "geometry": { "type": "MultiPolygon", "coordinates": [ [ [ [ 5.142425992190105, 52.075631434621663 ], [ 5.14248053487187, 52.07557297163936 ], [ 5.142285265903829, 52.075485944504081 ], [ 5.14220916428418, 52.075532115242396 ], [ 5.142425992190105, 52.075631434621663 ] ] ] ] } },
{ "type": "Feature", "properties": { "fid": 612, "id": null, "FUNCTIE": "04_Talut1", "Info": null, "Verhaal": null }, "geometry": { "type": "MultiPolygon", "coordinates": [ [ [ [ 5.142265531049165, 52.075641039077723 ], [ 5.142290936841886, 52.07563604923989 ], [ 5.142315664545534, 52.075616815630077 ], [ 5.142192497250991, 52.07555869782712 ], [ 5.142161192329911, 52.075593544951595 ], [ 5.142265531049165, 52.075641039077723 ] ] ] ] } },
{ "type": "Feature", "properties": { "fid": 613, "id": null, "FUNCTIE": "04_Talut1", "Info": null, "Verhaal": null }, "geometry": { "type": "MultiPolygon", "coordinates": [ [ [ [ 5.142161192329911, 52.075593544951595 ], [ 5.142192497250991, 52.07555869782712 ], [ 5.142209062204818, 52.075540258496098 ], [ 5.14220916428418, 52.075532115242396 ], [ 5.142285265903829, 52.075485944504081 ], [ 5.14224172622205, 52.075495042855231 ], [ 5.142161593391523, 52.075561553594817 ], [ 5.142150691859859, 52.07560280172747 ], [ 5.142161192329911, 52.075593544951595 ] ] ] ] } },
{ "type": "Feature", "properties": { "fid": 614, "id": null, "FUNCTIE": "04_Talut1", "Info": null, "Verhaal": null }, "geometry": { "type": "MultiPolygon", "coordinates": [ [ [ [ 5.142150691859859, 52.07560280172747 ], [ 5.142161593391523, 52.075561553594817 ], [ 5.142112776222793, 52.075539796704113 ], [ 5.142068797136583, 52.075554128153435 ], [ 5.142068697188252, 52.075562099350151 ], [ 5.142150691859859, 52.07560280172747 ] ] ] ] } },
{ "type": "Feature", "properties": { "fid": 615, "id": null, "FUNCTIE": "04_Talut1", "Info": null, "Verhaal": null }, "geometry": { "type": "MultiPolygon", "coordinates": [ [ [ [ 5.142112776222793, 52.075539796704113 ], [ 5.142191187967018, 52.075472173296312 ], [ 5.142199888132053, 52.075443707326748 ], [ 5.142146325988001, 52.075499238900804 ], [ 5.142125388934853, 52.075505738775789 ], [ 5.14209012798799, 52.07553910637467 ], [ 5.142068855482687, 52.075549474864914 ], [ 5.142068797136583, 52.075554128153435 ], [ 5.142112776222793, 52.075539796704113 ] ] ] ] } },
{ "type": "Feature", "properties": { "fid": 616, "id": null, "FUNCTIE": "05_Talut2", "Info": null, "Verhaal": null }, "geometry": { "type": "MultiPolygon", "coordinates": [ [ [ [ 5.142082305145297, 52.075468657898739 ], [ 5.142146325988001, 52.075499238900804 ], [ 5.142199888132053, 52.075443707326748 ], [ 5.142104306507459, 52.075403198094747 ], [ 5.142082305145297, 52.075468657898739 ] ] ] ] } },
{ "type": "Feature", "properties": { "fid": 617, "id": null, "FUNCTIE": "05_Talut2", "Info": null, "Verhaal": null }, "geometry": { "type": "MultiPolygon", "coordinates": [ [ [ [ 5.142082305145297, 52.075468657898739 ], [ 5.142104306507459, 52.075403198094747 ], [ 5.141980211774709, 52.075421076488638 ], [ 5.141991732178496, 52.075481046451905 ], [ 5.142082305145297, 52.075468657898739 ] ] ] ] } },
{ "type": "Feature", "properties": { "fid": 618, "id": null, "FUNCTIE": "04_Talut1", "Info": null, "Verhaal": null }, "geometry": { "type": "MultiPolygon", "coordinates": [ [ [ [ 5.141963761906763, 52.075453073504676 ], [ 5.141996611223301, 52.075525278760615 ], [ 5.142029618424007, 52.07554637816505 ], [ 5.141997050894657, 52.075490218152588 ], [ 5.141991732178496, 52.075481046451905 ], [ 5.141980211774709, 52.075421076488638 ], [ 5.141963761906763, 52.075453073504676 ] ] ] ] } },
{ "type": "Feature", "properties": { "fid": 619, "id": null, "FUNCTIE": "04_Talut1", "Info": null, "Verhaal": null }, "geometry": { "type": "MultiPolygon", "coordinates": [ [ [ [ 5.141996611223301, 52.075525278760615 ], [ 5.14194768177171, 52.075530860974688 ], [ 5.141925444968617, 52.075572636406193 ], [ 5.142002992182142, 52.075561784157948 ], [ 5.142011522323544, 52.075559088667909 ], [ 5.142017229972743, 52.075555625872497 ], [ 5.142023882826823, 52.07555206990633 ], [ 5.142029618424007, 52.07554637816505 ], [ 5.141996611223301, 52.075525278760615 ] ] ] ] } },
{ "type": "Feature", "properties": { "fid": 620, "id": null, "FUNCTIE": "04_Talut1", "Info": null, "Verhaal": null }, "geometry": { "type": "MultiPolygon", "coordinates": [ [ [ [ 5.14209012798799, 52.07553910637467 ], [ 5.142020650591777, 52.075531364042639 ], [ 5.142029618424007, 52.07554637816505 ], [ 5.142068855482687, 52.075549474864914 ], [ 5.14209012798799, 52.07553910637467 ] ] ] ] } },
{ "type": "Feature", "properties": { "fid": 621, "id": null, "FUNCTIE": "04_Talut1", "Info": null, "Verhaal": null }, "geometry": { "type": "MultiPolygon", "coordinates": [ [ [ [ 5.141912729727923, 52.075457399562978 ], [ 5.141881848365872, 52.075435728626331 ], [ 5.141916997315236, 52.075493485198471 ], [ 5.141907448087224, 52.075502164821209 ], [ 5.141925733128277, 52.075549660790657 ], [ 5.141920834490419, 52.075563888842545 ], [ 5.141925444968617, 52.075572636406193 ], [ 5.14194768177171, 52.075530860974688 ], [ 5.141912729727923, 52.075457399562978 ] ] ] ] } },
{ "type": "Feature", "properties": { "fid": 622, "id": null, "FUNCTIE": "05_Talut2", "Info": null, "Verhaal": null }, "geometry": { "type": "MultiPolygon", "coordinates": [ [ [ [ 5.141881848365872, 52.075435728626331 ], [ 5.141763668608011, 52.075449703882065 ], [ 5.141781771048524, 52.075511741409358 ], [ 5.141916997315236, 52.075493485198471 ], [ 5.141881848365872, 52.075435728626331 ] ] ] ] } },
{ "type": "Feature", "properties": { "fid": 623, "id": null, "FUNCTIE": "04_Talut1", "Info": null, "Verhaal": null }, "geometry": { "type": "MultiPolygon", "coordinates": [ [ [ [ 5.141868015316498, 52.075560145224259 ], [ 5.141848259487592, 52.075573461753436 ], [ 5.141920834490419, 52.075563888842545 ], [ 5.141925733128277, 52.075549660790657 ], [ 5.141868015316498, 52.075560145224259 ] ] ] ] } },
{ "type": "Feature", "properties": { "fid": 624, "id": null, "FUNCTIE": "04_Talut1", "Info": null, "Verhaal": null }, "geometry": { "type": "MultiPolygon", "coordinates": [ [ [ [ 5.141763668608011, 52.075449703882065 ], [ 5.14175384578317, 52.07548018924966 ], [ 5.141789775550288, 52.075550946615685 ], [ 5.141827110373177, 52.07558496187243 ], [ 5.141827219820705, 52.075576236954106 ], [ 5.141802123438207, 52.075544936634991 ], [ 5.141790647649379, 52.075519055213221 ], [ 5.141781771048524, 52.075511741409358 ], [ 5.141763668608011, 52.075449703882065 ] ] ] ] } },
{ "type": "Feature", "properties": { "fid": 625, "id": null, "FUNCTIE": "04_Talut1", "Info": null, "Verhaal": null }, "geometry": { "type": "MultiPolygon", "coordinates": [ [ [ [ 5.141703747836984, 52.075485290574093 ], [ 5.141676632770021, 52.075464410222317 ], [ 5.141703263764906, 52.075523871073578 ], [ 5.141699362797829, 52.075533818870156 ], [ 5.141717677968118, 52.0755788971369 ], [ 5.141702367804323, 52.075595278860838 ], [ 5.141706038935578, 52.075603649388938 ], [ 5.141742453363021, 52.075560533971348 ], [ 5.141703747836984, 52.075485290574093 ] ] ] ] } },
{ "type": "Feature", "properties": { "fid": 626, "id": null, "FUNCTIE": "04_Talut1", "Info": null, "Verhaal": null }, "geometry": { "type": "MultiPolygon", "coordinates": [ [ [ [ 5.141742453363021, 52.075560533971348 ], [ 5.141706038935578, 52.075603649388938 ], [ 5.141827110373177, 52.07558496187243 ], [ 5.141789775550288, 52.075550946615685 ], [ 5.141742453363021, 52.075560533971348 ] ] ] ] } },
{ "type": "Feature", "properties": { "fid": 627, "id": null, "FUNCTIE": "04_Talut1", "Info": null, "Verhaal": null }, "geometry": { "type": "MultiPolygon", "coordinates": [ [ [ [ 5.141848259487592, 52.075573461753436 ], [ 5.141868015316498, 52.075560145224259 ], [ 5.141848170730674, 52.075510708290011 ], [ 5.14183931451306, 52.075512017563398 ], [ 5.141842821498647, 52.075536611056641 ], [ 5.141854125555139, 52.075538555814035 ], [ 5.141848259487592, 52.075573461753436 ] ] ] ] } },
{ "type": "Feature", "properties": { "fid": 628, "id": null, "FUNCTIE": "04_Talut1", "Info": null, "Verhaal": null }, "geometry": { "type": "MultiPolygon", "coordinates": [ [ [ [ 5.141802123438207, 52.075544936634991 ], [ 5.141827219820705, 52.075576236954106 ], [ 5.141848259487592, 52.075573461753436 ], [ 5.141854125555139, 52.075538555814035 ], [ 5.141842821498647, 52.075536611056641 ], [ 5.141802123438207, 52.075544936634991 ] ] ] ] } },
{ "type": "Feature", "properties": { "fid": 629, "id": null, "FUNCTIE": "05_Talut2", "Info": null, "Verhaal": null }, "geometry": { "type": "MultiPolygon", "coordinates": [ [ [ [ 5.141703263764906, 52.075523871073578 ], [ 5.141676632770021, 52.075464410222317 ], [ 5.141424406878716, 52.075494016041887 ], [ 5.141499029269441, 52.075549550912733 ], [ 5.141703263764906, 52.075523871073578 ] ] ] ] } },
{ "type": "Feature", "properties": { "fid": 630, "id": null, "FUNCTIE": "04_Talut1", "Info": null, "Verhaal": null }, "geometry": { "type": "MultiPolygon", "coordinates": [ [ [ [ 5.141717677968118, 52.0755788971369 ], [ 5.141652386118637, 52.075591103628071 ], [ 5.141638029309975, 52.07560674051232 ], [ 5.141702367804323, 52.075595278860838 ], [ 5.141717677968118, 52.0755788971369 ] ] ] ] } },
{ "type": "Feature", "properties": { "fid": 631, "id": null, "FUNCTIE": "04_Talut1", "Info": null, "Verhaal": null }, "geometry": { "type": "MultiPolygon", "coordinates": [ [ [ [ 5.141638029309975, 52.07560674051232 ], [ 5.141652386118637, 52.075591103628071 ], [ 5.141638514695506, 52.075568060033895 ], [ 5.141638029309975, 52.07560674051232 ] ] ] ] } },
{ "type": "Feature", "properties": { "fid": 632, "id": null, "FUNCTIE": "04_Talut1", "Info": null, "Verhaal": null }, "geometry": { "type": "MultiPolygon", "coordinates": [ [ [ [ 5.141638029309975, 52.07560674051232 ], [ 5.141638514695506, 52.075568060033895 ], [ 5.14162348032866, 52.075562461745832 ], [ 5.141516002069809, 52.07557648814997 ], [ 5.141522867511404, 52.075594417145837 ], [ 5.141527019834033, 52.07559833488569 ], [ 5.141553169663418, 52.075598460437362 ], [ 5.141564449756736, 52.075602315402854 ], [ 5.141573823884733, 52.075607595675756 ], [ 5.141578877498659, 52.075611391875512 ], [ 5.141638029309975, 52.07560674051232 ] ] ] ] } },
{ "type": "Feature", "properties": { "fid": 633, "id": null, "FUNCTIE": "04_Talut1", "Info": null, "Verhaal": null }, "geometry": { "type": "MultiPolygon", "coordinates": [ [ [ [ 5.14162348032866, 52.075562461745832 ], [ 5.141638514695506, 52.075568060033895 ], [ 5.141623706604497, 52.075544430244989 ], [ 5.141611427060078, 52.075544991833645 ], [ 5.14162348032866, 52.075562461745832 ] ] ] ] } },
{ "type": "Feature", "properties": { "fid": 634, "id": null, "FUNCTIE": "04_Talut1", "Info": null, "Verhaal": null }, "geometry": { "type": "MultiPolygon", "coordinates": [ [ [ [ 5.141424406878716, 52.075494016041887 ], [ 5.141370040524466, 52.075450223440072 ], [ 5.141522867511404, 52.075594417145837 ], [ 5.141516002069809, 52.07557648814997 ], [ 5.141498947733379, 52.075556046887037 ], [ 5.141499029269441, 52.075549550912733 ], [ 5.141424406878716, 52.075494016041887 ] ] ] ] } },
{ "type": "Feature", "properties": { "fid": 635, "id": null, "FUNCTIE": "04_Talut1", "Info": null, "Verhaal": null }, "geometry": { "type": "MultiPolygon", "coordinates": [ [ [ [ 5.14253354573849, 52.076281659768348 ], [ 5.14259994101597, 52.076307156285694 ], [ 5.142631562812445, 52.076269985455319 ], [ 5.142624564139767, 52.07626149915135 ], [ 5.142564824134123, 52.076247985377755 ], [ 5.14253354573849, 52.076281659768348 ] ] ] ] } },
{ "type": "Feature", "properties": { "fid": 636, "id": null, "FUNCTIE": "04_Talut1", "Info": null, "Verhaal": null }, "geometry": { "type": "MultiPolygon", "coordinates": [ [ [ [ 5.142564824134123, 52.076247985377755 ], [ 5.142624564139767, 52.07626149915135 ], [ 5.142633554738093, 52.076259414446945 ], [ 5.142590158973124, 52.076244337868047 ], [ 5.142564824134123, 52.076247985377755 ] ] ] ] } },
{ "type": "Feature", "properties": { "fid": 637, "id": null, "FUNCTIE": "04_Talut1", "Info": null, "Verhaal": null }, "geometry": { "type": "MultiPolygon", "coordinates": [ [ [ [ 5.139752318232697, 52.074182888654086 ], [ 5.139817795446088, 52.074160542174802 ], [ 5.139826412735506, 52.074139981930358 ], [ 5.139720673799245, 52.074173544720203 ], [ 5.139752318232697, 52.074182888654086 ] ] ] ] } },
{ "type": "Feature", "properties": { "fid": 638, "id": null, "FUNCTIE": "04_Talut1", "Info": null, "Verhaal": null }, "geometry": { "type": "MultiPolygon", "coordinates": [ [ [ [ 5.139817795446088, 52.074160542174802 ], [ 5.139959918330033, 52.074291017839222 ], [ 5.140006606208092, 52.074300513478001 ], [ 5.139826412735506, 52.074139981930358 ], [ 5.139817795446088, 52.074160542174802 ] ] ] ] } },
{ "type": "Feature", "properties": { "fid": 639, "id": null, "FUNCTIE": "04_Talut1", "Info": null, "Verhaal": null }, "geometry": { "type": "MultiPolygon", "coordinates": [ [ [ [ 5.139959918330033, 52.074291017839222 ], [ 5.139920927175812, 52.074334093739438 ], [ 5.139938863523756, 52.074370025983185 ], [ 5.140006606208092, 52.074300513478001 ], [ 5.139959918330033, 52.074291017839222 ] ] ] ] } },
{ "type": "Feature", "properties": { "fid": 640, "id": null, "FUNCTIE": "04_Talut1", "Info": null, "Verhaal": null }, "geometry": { "type": "MultiPolygon", "coordinates": [ [ [ [ 5.139752318232697, 52.074182888654086 ], [ 5.139720673799245, 52.074173544720203 ], [ 5.139938863523756, 52.074370025983185 ], [ 5.139920927175812, 52.074334093739438 ], [ 5.139752318232697, 52.074182888654086 ] ] ] ] } },
{ "type": "Feature", "properties": { "fid": 641, "id": null, "FUNCTIE": "04_Talut1", "Info": null, "Verhaal": null }, "geometry": { "type": "MultiPolygon", "coordinates": [ [ [ [ 5.138192642756659, 52.073198838971877 ], [ 5.138262589564325, 52.073143552175139 ], [ 5.138222459288326, 52.073144388350507 ], [ 5.138178621718478, 52.07317404908293 ], [ 5.138192642756659, 52.073198838971877 ] ] ] ] } },
{ "type": "Feature", "properties": { "fid": 642, "id": null, "FUNCTIE": "04_Talut1", "Info": null, "Verhaal": null }, "geometry": { "type": "MultiPolygon", "coordinates": [ [ [ [ 5.138178621718478, 52.07317404908293 ], [ 5.137960975246119, 52.073067928001912 ], [ 5.137890952285754, 52.073053168203202 ], [ 5.138192642756659, 52.073198838971877 ], [ 5.138178621718478, 52.07317404908293 ] ] ] ] } },
{ "type": "Feature", "properties": { "fid": 643, "id": null, "FUNCTIE": "04_Talut1", "Info": null, "Verhaal": null }, "geometry": { "type": "MultiPolygon", "coordinates": [ [ [ [ 5.137890952285754, 52.073053168203202 ], [ 5.137960975246119, 52.073067928001912 ], [ 5.138023147883598, 52.073042476341733 ], [ 5.138000071453498, 52.073016612564274 ], [ 5.137890952285754, 52.073053168203202 ] ] ] ] } },
{ "type": "Feature", "properties": { "fid": 644, "id": null, "FUNCTIE": "04_Talut1", "Info": null, "Verhaal": null }, "geometry": { "type": "MultiPolygon", "coordinates": [ [ [ [ 5.138023147883598, 52.073042476341733 ], [ 5.138222459288326, 52.073144388350507 ], [ 5.138262589564325, 52.073143552175139 ], [ 5.138000071453498, 52.073016612564274 ], [ 5.138023147883598, 52.073042476341733 ] ] ] ] } },
{ "type": "Feature", "properties": { "fid": 645, "id": null, "FUNCTIE": "05_Talut2", "Info": null, "Verhaal": null }, "geometry": { "type": "MultiPolygon", "coordinates": [ [ [ [ 5.139933976304989, 52.074190974370069 ], [ 5.139968891749461, 52.074242159633854 ], [ 5.140072358753367, 52.074123447802741 ], [ 5.140009147059965, 52.074098628515749 ], [ 5.139933976304989, 52.074190974370069 ] ] ] ] } },
{ "type": "Feature", "properties": { "fid": 646, "id": null, "FUNCTIE": "04_Talut1", "Info": null, "Verhaal": null }, "geometry": { "type": "MultiPolygon", "coordinates": [ [ [ [ 5.140072358753367, 52.074123447802741 ], [ 5.140045918633142, 52.074098805601523 ], [ 5.139936873958806, 52.074063259457105 ], [ 5.139867303022991, 52.074062924338037 ], [ 5.139897462133081, 52.074073368483205 ], [ 5.13991938231489, 52.074073474069934 ], [ 5.139995869192539, 52.074098564568885 ], [ 5.140009147059965, 52.074098628515749 ], [ 5.140072358753367, 52.074123447802741 ] ] ] ] } },
{ "type": "Feature", "properties": { "fid": 647, "id": null, "FUNCTIE": "04_Talut1", "Info": null, "Verhaal": null }, "geometry": { "type": "MultiPolygon", "coordinates": [ [ [ [ 5.139933976304989, 52.074190974370069 ], [ 5.139917904234042, 52.074190896957518 ], [ 5.139897862040154, 52.074174398341754 ], [ 5.1398828449449, 52.074174326005767 ], [ 5.139985786885733, 52.074266927481446 ], [ 5.139968891749461, 52.074242159633854 ], [ 5.139933976304989, 52.074190974370069 ] ] ] ] } },
{ "type": "Feature", "properties": { "fid": 648, "id": null, "FUNCTIE": "04_Talut1", "Info": null, "Verhaal": null }, "geometry": { "type": "MultiPolygon", "coordinates": [ [ [ [ 5.139964856994099, 52.074031459509641 ], [ 5.139920302869723, 52.074000342279234 ], [ 5.139867303022991, 52.074062924338037 ], [ 5.139936873958806, 52.074063259457105 ], [ 5.139964856994099, 52.074031459509641 ] ] ] ] } },
{ "type": "Feature", "properties": { "fid": 649, "id": null, "FUNCTIE": "04_Talut1", "Info": null, "Verhaal": null }, "geometry": { "type": "MultiPolygon", "coordinates": [ [ [ [ 5.139920302869723, 52.074000342279234 ], [ 5.139964856994099, 52.074031459509641 ], [ 5.14007304312963, 52.074069063682565 ], [ 5.140118175848444, 52.074069281009734 ], [ 5.14002648790618, 52.074044117385903 ], [ 5.140014952573711, 52.074035821131758 ], [ 5.139952053592023, 52.074013886352525 ], [ 5.139936829068022, 52.074000421882438 ], [ 5.139920302869723, 52.074000342279234 ] ] ] ] } },
{ "type": "Feature", "properties": { "fid": 650, "id": null, "FUNCTIE": "04_Talut1", "Info": null, "Verhaal": null }, "geometry": { "type": "MultiPolygon", "coordinates": [ [ [ [ 5.139897862040154, 52.074174398341754 ], [ 5.139934838519533, 52.074126715000389 ], [ 5.139918762574413, 52.074122708071769 ], [ 5.139887011228467, 52.074106795993671 ], [ 5.13987216636774, 52.074106812034245 ], [ 5.139865293272415, 52.074116820297839 ], [ 5.139866526816245, 52.07412270672593 ], [ 5.139866261016933, 52.074126803258586 ], [ 5.139865548504602, 52.074130079538826 ], [ 5.13986423894167, 52.074134243585895 ], [ 5.139862265658572, 52.074139545220142 ], [ 5.139860276341355, 52.074143791161269 ], [ 5.139859098126667, 52.074145948444098 ], [ 5.13985653827862, 52.074150038413251 ], [ 5.1398828449449, 52.074174326005767 ], [ 5.139897862040154, 52.074174398341754 ] ] ] ] } },
{ "type": "Feature", "properties": { "fid": 651, "id": null, "FUNCTIE": "04_Talut1", "Info": null, "Verhaal": null }, "geometry": { "type": "MultiPolygon", "coordinates": [ [ [ [ 5.13987216636774, 52.074106812034245 ], [ 5.139887011228467, 52.074106795993671 ], [ 5.13991938231489, 52.074073474069934 ], [ 5.139897462133081, 52.074073368483205 ], [ 5.13987216636774, 52.074106812034245 ] ] ] ] } },
{ "type": "Feature", "properties": { "fid": 652, "id": null, "FUNCTIE": "05_Talut2", "Info": null, "Verhaal": null }, "geometry": { "type": "MultiPolygon", "coordinates": [ [ [ [ 5.14010291168513, 52.073953837718854 ], [ 5.140197945386709, 52.073973866960266 ], [ 5.140258964435077, 52.073907205057694 ], [ 5.140150389782923, 52.073900501795485 ], [ 5.14010291168513, 52.073953837718854 ] ] ] ] } },
{ "type": "Feature", "properties": { "fid": 653, "id": null, "FUNCTIE": "05_Talut2", "Info": null, "Verhaal": null }, "geometry": { "type": "MultiPolygon", "coordinates": [ [ [ [ 5.140150389782923, 52.073900501795485 ], [ 5.140258964435077, 52.073907205057694 ], [ 5.140226258588323, 52.073849362725099 ], [ 5.140125802962295, 52.073862269209577 ], [ 5.140150389782923, 52.073900501795485 ] ] ] ] } },
{ "type": "Feature", "properties": { "fid": 654, "id": null, "FUNCTIE": "05_Talut2", "Info": null, "Verhaal": null }, "geometry": { "type": "MultiPolygon", "coordinates": [ [ [ [ 5.14002648790618, 52.074044117385903 ], [ 5.140118175848444, 52.074069281009734 ], [ 5.140150402471389, 52.074032353032962 ], [ 5.140063389718124, 52.073994850896725 ], [ 5.14002648790618, 52.074044117385903 ] ] ] ] } },
{ "type": "Feature", "properties": { "fid": 655, "id": null, "FUNCTIE": "04_Talut1", "Info": null, "Verhaal": null }, "geometry": { "type": "MultiPolygon", "coordinates": [ [ [ [ 5.140150402471389, 52.074032353032962 ], [ 5.140124020106967, 52.074003381543143 ], [ 5.140015743334235, 52.073972989601273 ], [ 5.139950590653068, 52.073969585539984 ], [ 5.139960529374037, 52.07397684402364 ], [ 5.139980588322762, 52.073976940636769 ], [ 5.140045890911465, 52.073998886977222 ], [ 5.140063389718124, 52.073994850896725 ], [ 5.140150402471389, 52.074032353032962 ] ] ] ] } },
{ "type": "Feature", "properties": { "fid": 656, "id": null, "FUNCTIE": "04_Talut1", "Info": null, "Verhaal": null }, "geometry": { "type": "MultiPolygon", "coordinates": [ [ [ [ 5.139952053592023, 52.074013886352525 ], [ 5.139980588322762, 52.073976940636769 ], [ 5.139960529374037, 52.07397684402364 ], [ 5.139936829068022, 52.074000421882438 ], [ 5.139952053592023, 52.074013886352525 ] ] ] ] } },
{ "type": "Feature", "properties": { "fid": 657, "id": null, "FUNCTIE": "04_Talut1", "Info": null, "Verhaal": null }, "geometry": { "type": "MultiPolygon", "coordinates": [ [ [ [ 5.139950590653068, 52.073969585539984 ], [ 5.140015743334235, 52.073972989601273 ], [ 5.140046590888847, 52.073943265626035 ], [ 5.140016456312951, 52.073916338225082 ], [ 5.140007271081784, 52.073910113462787 ], [ 5.13999647517585, 52.073910061466762 ], [ 5.139950590653068, 52.073969585539984 ] ] ] ] } },
{ "type": "Feature", "properties": { "fid": 658, "id": null, "FUNCTIE": "04_Talut1", "Info": null, "Verhaal": null }, "geometry": { "type": "MultiPolygon", "coordinates": [ [ [ [ 5.140046590888847, 52.073943265626035 ], [ 5.140151089355605, 52.073977761710267 ], [ 5.140197945386709, 52.073973866960266 ], [ 5.14010291168513, 52.073953837718854 ], [ 5.140094683410345, 52.073943497222793 ], [ 5.140016456312951, 52.073916338225082 ], [ 5.140046590888847, 52.073943265626035 ] ] ] ] } },
{ "type": "Feature", "properties": { "fid": 659, "id": null, "FUNCTIE": "04_Talut1", "Info": null, "Verhaal": null }, "geometry": { "type": "MultiPolygon", "coordinates": [ [ [ [ 5.140016456312951, 52.073916338225082 ], [ 5.140031240932132, 52.073893560280389 ], [ 5.140005105316583, 52.073888469184304 ], [ 5.140007271081784, 52.073910113462787 ], [ 5.140016456312951, 52.073916338225082 ] ] ] ] } },
{ "type": "Feature", "properties": { "fid": 660, "id": null, "FUNCTIE": "04_Talut1", "Info": null, "Verhaal": null }, "geometry": { "type": "MultiPolygon", "coordinates": [ [ [ [ 5.140031240932132, 52.073893560280389 ], [ 5.140048044826558, 52.073890822854594 ], [ 5.140118979788688, 52.073872538195296 ], [ 5.140125769053329, 52.073862310275914 ], [ 5.140226258588323, 52.073849362725099 ], [ 5.140179519330773, 52.073843987256751 ], [ 5.140058512482684, 52.073873277097483 ], [ 5.140031240932132, 52.073893560280389 ] ] ] ] } },
{ "type": "Feature", "properties": { "fid": 661, "id": null, "FUNCTIE": "04_Talut1", "Info": null, "Verhaal": null }, "geometry": { "type": "MultiPolygon", "coordinates": [ [ [ [ 5.140031240932132, 52.073893560280389 ], [ 5.140058512482684, 52.073873277097483 ], [ 5.140038158469568, 52.073841246366925 ], [ 5.139975850242762, 52.073836106840261 ], [ 5.140005078160505, 52.073888423496939 ], [ 5.140031240932132, 52.073893560280389 ] ] ] ] } },
{ "type": "Feature", "properties": { "fid": 662, "id": null, "FUNCTIE": "04_Talut1", "Info": null, "Verhaal": null }, "geometry": { "type": "MultiPolygon", "coordinates": [ [ [ [ 5.139975850242762, 52.073836106840261 ], [ 5.140038158469568, 52.073841246366925 ], [ 5.140163218309394, 52.0738109459801 ], [ 5.140190267999523, 52.073786869175422 ], [ 5.140104635518369, 52.073816844411425 ], [ 5.140087971639543, 52.073812643816289 ], [ 5.140065632159571, 52.073816656583894 ], [ 5.139987443938786, 52.073830701238847 ], [ 5.139975850242762, 52.073836106840261 ] ] ] ] } },
{ "type": "Feature", "properties": { "fid": 663, "id": null, "FUNCTIE": "05_Talut2", "Info": null, "Verhaal": null }, "geometry": { "type": "MultiPolygon", "coordinates": [ [ [ [ 5.140104635518369, 52.073816844411425 ], [ 5.140190267999523, 52.073786869175422 ], [ 5.140118293603545, 52.073661367029075 ], [ 5.140015748955573, 52.073662762364357 ], [ 5.140104635518369, 52.073816844411425 ] ] ] ] } },
{ "type": "Feature", "properties": { "fid": 664, "id": null, "FUNCTIE": "04_Talut1", "Info": null, "Verhaal": null }, "geometry": { "type": "MultiPolygon", "coordinates": [ [ [ [ 5.13998726706509, 52.07383039845346 ], [ 5.140065632159571, 52.073816656583894 ], [ 5.140035087451943, 52.073764222883426 ], [ 5.140018405980875, 52.073761422057508 ], [ 5.139983194093976, 52.073769905616764 ], [ 5.139961749790234, 52.073786716060575 ], [ 5.13998726706509, 52.07383039845346 ] ] ] ] } },
{ "type": "Feature", "properties": { "fid": 665, "id": null, "FUNCTIE": "04_Talut1", "Info": null, "Verhaal": null }, "geometry": { "type": "MultiPolygon", "coordinates": [ [ [ [ 5.139961749790234, 52.073786716060575 ], [ 5.139983194093976, 52.073769905616764 ], [ 5.139934659147728, 52.073691385197733 ], [ 5.139915098947762, 52.073706855399813 ], [ 5.139961749790234, 52.073786716060575 ] ] ] ] } },
{ "type": "Feature", "properties": { "fid": 666, "id": null, "FUNCTIE": "04_Talut1", "Info": null, "Verhaal": null }, "geometry": { "type": "MultiPolygon", "coordinates": [ [ [ [ 5.139898734886664, 52.073706663451368 ], [ 5.139915005215594, 52.073706741830669 ], [ 5.139934659147728, 52.073691385197733 ], [ 5.140010181359146, 52.073678872881885 ], [ 5.140015748955573, 52.073662762364357 ], [ 5.140118293603545, 52.073661367029075 ], [ 5.140069947793311, 52.073650833335542 ], [ 5.140015748955573, 52.073662762364357 ], [ 5.139941709945699, 52.073679058114848 ], [ 5.139898734886664, 52.073706663451368 ] ] ] ] } },
{ "type": "Feature", "properties": { "fid": 667, "id": null, "FUNCTIE": "04_Talut1", "Info": null, "Verhaal": null }, "geometry": { "type": "MultiPolygon", "coordinates": [ [ [ [ 5.139898691291495, 52.073706586349097 ], [ 5.139941709945699, 52.073679058114848 ], [ 5.139924814837288, 52.073641893588068 ], [ 5.139859139364474, 52.073634325504351 ], [ 5.139898691291495, 52.073706586349097 ] ] ] ] } },
{ "type": "Feature", "properties": { "fid": 668, "id": null, "FUNCTIE": "04_Talut1", "Info": null, "Verhaal": null }, "geometry": { "type": "MultiPolygon", "coordinates": [ [ [ [ 5.139924814837288, 52.073641893588068 ], [ 5.140051985055897, 52.073616753952535 ], [ 5.140075714272629, 52.073591116059568 ], [ 5.13998898322257, 52.073615970121523 ], [ 5.139976729000159, 52.073619481742348 ], [ 5.139954959143604, 52.073622515866177 ], [ 5.139872503032234, 52.073633242845574 ], [ 5.139861185797378, 52.073634269993789 ], [ 5.139924814837288, 52.073641893588068 ] ] ] ] } },
{ "type": "Feature", "properties": { "fid": 669, "id": null, "FUNCTIE": "04_Talut1", "Info": null, "Verhaal": null }, "geometry": { "type": "MultiPolygon", "coordinates": [ [ [ [ 5.139872503032234, 52.073633242845574 ], [ 5.139954959143604, 52.073622515866177 ], [ 5.139916834890506, 52.073563568519823 ], [ 5.139860367743798, 52.073567417836259 ], [ 5.139843469792476, 52.073581819047696 ], [ 5.139872503032234, 52.073633242845574 ] ] ] ] } },
{ "type": "Feature", "properties": { "fid": 670, "id": null, "FUNCTIE": "05_Talut2", "Info": null, "Verhaal": null }, "geometry": { "type": "MultiPolygon", "coordinates": [ [ [ [ 5.139926564904149, 52.07350284025371 ], [ 5.13998898322257, 52.073615970121523 ], [ 5.140075714272629, 52.073591116059568 ], [ 5.140021771182881, 52.073494028078365 ], [ 5.139926564904149, 52.07350284025371 ] ] ] ] } },
{ "type": "Feature", "properties": { "fid": 671, "id": null, "FUNCTIE": "04_Talut1", "Info": null, "Verhaal": null }, "geometry": { "type": "MultiPolygon", "coordinates": [ [ [ [ 5.139860367743798, 52.073567417836259 ], [ 5.139834990182219, 52.073525060985283 ], [ 5.139818941760227, 52.073538374794659 ], [ 5.139843469792476, 52.073581819047696 ], [ 5.139860367743798, 52.073567417836259 ] ] ] ] } },
{ "type": "Feature", "properties": { "fid": 672, "id": null, "FUNCTIE": "04_Talut1", "Info": null, "Verhaal": null }, "geometry": { "type": "MultiPolygon", "coordinates": [ [ [ [ 5.139818941760227, 52.073538374794659 ], [ 5.139834990182219, 52.073525060985283 ], [ 5.139909595109184, 52.073507908937827 ], [ 5.139926564904149, 52.07350284025371 ], [ 5.140021771182881, 52.073494028078365 ], [ 5.139971715119241, 52.073486576359102 ], [ 5.139844404216062, 52.073507594860914 ], [ 5.139803469421585, 52.073538300243918 ], [ 5.139818941760227, 52.073538374794659 ] ] ] ] } },
{ "type": "Feature", "properties": { "fid": 673, "id": null, "FUNCTIE": "04_Talut1", "Info": null, "Verhaal": null }, "geometry": { "type": "MultiPolygon", "coordinates": [ [ [ [ 5.139804921566038, 52.073538307240895 ], [ 5.139844404216062, 52.073507594860914 ], [ 5.139824349356144, 52.073477625704982 ], [ 5.139766220412227, 52.07347735134978 ], [ 5.139804921566038, 52.073538307240895 ] ] ] ] } },
{ "type": "Feature", "properties": { "fid": 674, "id": null, "FUNCTIE": "04_Talut1", "Info": null, "Verhaal": null }, "geometry": { "type": "MultiPolygon", "coordinates": [ [ [ [ 5.139766216922796, 52.073477345591954 ], [ 5.139824349356144, 52.073477625704982 ], [ 5.139957124834197, 52.073450453031612 ], [ 5.139979166234282, 52.073425837120801 ], [ 5.139888523365455, 52.073455489010392 ], [ 5.139876822450111, 52.073455432637545 ], [ 5.139800776433527, 52.073468838973305 ], [ 5.139781279801999, 52.073472192504916 ], [ 5.139766216922796, 52.073477345591954 ] ] ] ] } },
{ "type": "Feature", "properties": { "fid": 675, "id": null, "FUNCTIE": "04_Talut1", "Info": null, "Verhaal": null }, "geometry": { "type": "MultiPolygon", "coordinates": [ [ [ [ 5.139781207484011, 52.073472307727336 ], [ 5.139800776433527, 52.073468838973305 ], [ 5.139782588361067, 52.073431585601199 ], [ 5.139765100564682, 52.073445657962317 ], [ 5.139781207484011, 52.073472307727336 ] ] ] ] } },
{ "type": "Feature", "properties": { "fid": 676, "id": null, "FUNCTIE": "05_Talut2", "Info": null, "Verhaal": null }, "geometry": { "type": "MultiPolygon", "coordinates": [ [ [ [ 5.139888523365455, 52.073455489010392 ], [ 5.139979166234282, 52.073425837120801 ], [ 5.139966195663116, 52.073393841945972 ], [ 5.139869037901623, 52.073409855271841 ], [ 5.139888523365455, 52.073455489010392 ] ] ] ] } },
{ "type": "Feature", "properties": { "fid": 677, "id": null, "FUNCTIE": "04_Talut1", "Info": null, "Verhaal": null }, "geometry": { "type": "MultiPolygon", "coordinates": [ [ [ [ 5.139765100564682, 52.073445657962317 ], [ 5.139782588361067, 52.073431585601199 ], [ 5.139857259197087, 52.073415979043936 ], [ 5.139869037901623, 52.073409855271841 ], [ 5.139966195663116, 52.073393841945972 ], [ 5.139911125048474, 52.073386366039266 ], [ 5.1397903450029, 52.073419776975619 ], [ 5.139747108364247, 52.073445320806023 ], [ 5.139765100564682, 52.073445657962317 ] ] ] ] } },
{ "type": "Feature", "properties": { "fid": 678, "id": null, "FUNCTIE": "04_Talut1", "Info": null, "Verhaal": null }, "geometry": { "type": "MultiPolygon", "coordinates": [ [ [ [ 5.1397903450029, 52.073419776975619 ], [ 5.139775519060207, 52.073388802919482 ], [ 5.139707626616851, 52.073380235041903 ], [ 5.139746560249352, 52.07344531816468 ], [ 5.1397903450029, 52.073419776975619 ] ] ] ] } },
{ "type": "Feature", "properties": { "fid": 679, "id": null, "FUNCTIE": "04_Talut1", "Info": null, "Verhaal": null }, "geometry": { "type": "MultiPolygon", "coordinates": [ [ [ [ 5.139707626616851, 52.073380235041903 ], [ 5.139775519060207, 52.073388802919482 ], [ 5.139896470015854, 52.073355392826642 ], [ 5.139927650819939, 52.073326111401606 ], [ 5.139846396863093, 52.073357173250869 ], [ 5.139825866564994, 52.07335711282505 ], [ 5.139805124473342, 52.073366309369547 ], [ 5.139727363274083, 52.073376196626555 ], [ 5.139707626616851, 52.073380235041903 ] ] ] ] } },
{ "type": "Feature", "properties": { "fid": 680, "id": null, "FUNCTIE": "04_Talut1", "Info": null, "Verhaal": null }, "geometry": { "type": "MultiPolygon", "coordinates": [ [ [ [ 5.139727370520745, 52.073376209845172 ], [ 5.139805319000829, 52.073366284600077 ], [ 5.139801247646639, 52.073359274078328 ], [ 5.139793281935715, 52.073346515573562 ], [ 5.139780697076308, 52.073328425788176 ], [ 5.139766500281091, 52.073310549960659 ], [ 5.139707983505964, 52.073341134440717 ], [ 5.139727370520745, 52.073376209845172 ] ] ] ] } },
{ "type": "Feature", "properties": { "fid": 681, "id": null, "FUNCTIE": "05_Talut2", "Info": null, "Verhaal": null }, "geometry": { "type": "MultiPolygon", "coordinates": [ [ [ [ 5.139806250660566, 52.073293144130368 ], [ 5.1398180353079, 52.07330773731131 ], [ 5.139826822310633, 52.073320246648116 ], [ 5.139830559449118, 52.073326136966379 ], [ 5.139834689173434, 52.073333158085291 ], [ 5.139841011581886, 52.073345264935028 ], [ 5.139846297415941, 52.073357211267563 ], [ 5.139927650819939, 52.073326111401606 ], [ 5.139914929689787, 52.073305082215249 ], [ 5.139901134506311, 52.073286917577377 ], [ 5.139879292724121, 52.073261600775254 ], [ 5.139806250660566, 52.073293144130368 ] ] ] ] } },
{ "type": "Feature", "properties": { "fid": 682, "id": null, "FUNCTIE": "04_Talut1", "Info": null, "Verhaal": null }, "geometry": { "type": "MultiPolygon", "coordinates": [ [ [ [ 5.139708189122676, 52.073341221120771 ], [ 5.139766757360669, 52.073310433219909 ], [ 5.139792030150669, 52.073301549227338 ], [ 5.139806737153078, 52.073292933769807 ], [ 5.139879266102893, 52.073261572031285 ], [ 5.139827020675134, 52.073265440645102 ], [ 5.139729868882458, 52.073310296308939 ], [ 5.139687712395527, 52.073347147319765 ], [ 5.139708189122676, 52.073341221120771 ] ] ] ] } },
{ "type": "Feature", "properties": { "fid": 683, "id": null, "FUNCTIE": "04_Talut1", "Info": null, "Verhaal": null }, "geometry": { "type": "MultiPolygon", "coordinates": [ [ [ [ 5.139687616339033, 52.073347175812344 ], [ 5.139729868882458, 52.073310296308939 ], [ 5.139691711753201, 52.073287450495954 ], [ 5.139633064683116, 52.073298498783053 ], [ 5.139687616339033, 52.073347175812344 ] ] ] ] } },
{ "type": "Feature", "properties": { "fid": 684, "id": null, "FUNCTIE": "04_Talut1", "Info": null, "Verhaal": null }, "geometry": { "type": "MultiPolygon", "coordinates": [ [ [ [ 5.139633135670736, 52.073298451412164 ], [ 5.139691711753201, 52.073287450495954 ], [ 5.139792957346857, 52.073237720553557 ], [ 5.139821159401843, 52.073202983732493 ], [ 5.139745493017585, 52.073249366089627 ], [ 5.139730634075215, 52.073249526872068 ], [ 5.139668415078065, 52.073278993902839 ], [ 5.139649109741973, 52.073287791720837 ], [ 5.139633135670736, 52.073298451412164 ] ] ] ] } },
{ "type": "Feature", "properties": { "fid": 685, "id": null, "FUNCTIE": "04_Talut1", "Info": null, "Verhaal": null }, "geometry": { "type": "MultiPolygon", "coordinates": [ [ [ [ 5.139668415078065, 52.073278993902839 ], [ 5.139614939589488, 52.073246393019367 ], [ 5.139603712719118, 52.073257946033372 ], [ 5.139649526525725, 52.073287513595901 ], [ 5.139668415078065, 52.073278993902839 ] ] ] ] } },
{ "type": "Feature", "properties": { "fid": 686, "id": null, "FUNCTIE": "05_Talut2", "Info": null, "Verhaal": null }, "geometry": { "type": "MultiPolygon", "coordinates": [ [ [ [ 5.139661445377738, 52.073197792841839 ], [ 5.139683980202435, 52.073205796860499 ], [ 5.139695926086565, 52.073211220632544 ], [ 5.139710393300001, 52.07321918594851 ], [ 5.139727218297571, 52.073231061539964 ], [ 5.139738030120497, 52.073240919819298 ], [ 5.139745867249374, 52.073249482028928 ], [ 5.139821494408433, 52.073202578715843 ], [ 5.139810309888132, 52.073192415177409 ], [ 5.139796086472202, 52.073181670001802 ], [ 5.139780307939438, 52.07317179936738 ], [ 5.139763989916291, 52.073163303721557 ], [ 5.13973854271445, 52.073152734800061 ], [ 5.139661445377738, 52.073197792841839 ] ] ] ] } },
{ "type": "Feature", "properties": { "fid": 687, "id": null, "FUNCTIE": "04_Talut1", "Info": null, "Verhaal": null }, "geometry": { "type": "MultiPolygon", "coordinates": [ [ [ [ 5.139603712719118, 52.073257946033372 ], [ 5.139615429035334, 52.073245889354851 ], [ 5.139654256609433, 52.073205933773671 ], [ 5.139661445377738, 52.073197792841839 ], [ 5.139737375243962, 52.073152975783131 ], [ 5.139684715191372, 52.073163700629962 ], [ 5.139612292771388, 52.073222305563505 ], [ 5.139586521161381, 52.073267300028824 ], [ 5.139603712719118, 52.073257946033372 ] ] ] ] } },
{ "type": "Feature", "properties": { "fid": 688, "id": null, "FUNCTIE": "04_Talut1", "Info": null, "Verhaal": null }, "geometry": { "type": "MultiPolygon", "coordinates": [ [ [ [ 5.139612292771388, 52.073222305563505 ], [ 5.139569091954862, 52.073201362210796 ], [ 5.139506072000802, 52.07322077069739 ], [ 5.139586521161381, 52.073267300028824 ], [ 5.139612292771388, 52.073222305563505 ] ] ] ] } },
{ "type": "Feature", "properties": { "fid": 689, "id": null, "FUNCTIE": "04_Talut1", "Info": null, "Verhaal": null }, "geometry": { "type": "MultiPolygon", "coordinates": [ [ [ [ 5.139505557051628, 52.073221462572043 ], [ 5.139569091954862, 52.073201362210796 ], [ 5.139641738843133, 52.073140679745279 ], [ 5.139650420896285, 52.073115226941525 ], [ 5.139596315156387, 52.073163378209529 ], [ 5.139577885923313, 52.073166898697011 ], [ 5.13956094017506, 52.073184839506048 ], [ 5.139514023332086, 52.073210254002589 ], [ 5.139505557051628, 52.073221462572043 ] ] ] ] } },
{ "type": "Feature", "properties": { "fid": 690, "id": null, "FUNCTIE": "05_Talut2", "Info": null, "Verhaal": null }, "geometry": { "type": "MultiPolygon", "coordinates": [ [ [ [ 5.139390477090297, 52.073049078180432 ], [ 5.139343021632686, 52.073100351671471 ], [ 5.139375038970195, 52.073105181963314 ], [ 5.139407564267608, 52.073110941508268 ], [ 5.139441962746724, 52.073118001736432 ], [ 5.139471874437146, 52.073124984513726 ], [ 5.139509354613859, 52.073134899809986 ], [ 5.139542455203426, 52.0731447961806 ], [ 5.139572690707295, 52.073154831894911 ], [ 5.139596315156387, 52.073163378209529 ], [ 5.139650420896285, 52.073115226941525 ], [ 5.139628004358276, 52.073105292536837 ], [ 5.139599642932766, 52.073094135784586 ], [ 5.139589182178223, 52.073090386054645 ], [ 5.139560828353826, 52.073081134916684 ], [ 5.139535881101682, 52.073074026588266 ], [ 5.139503649469321, 52.07306616345015 ], [ 5.139461319305778, 52.073057936384501 ], [ 5.139422895506332, 52.073052396650837 ], [ 5.139390477090297, 52.073049078180432 ] ] ] ] } },
{ "type": "Feature", "properties": { "fid": 691, "id": null, "FUNCTIE": "04_Talut1", "Info": null, "Verhaal": null }, "geometry": { "type": "MultiPolygon", "coordinates": [ [ [ [ 5.13939046104765, 52.073049085661587 ], [ 5.139345757390986, 52.073069244996326 ], [ 5.139306432293678, 52.073146531147138 ], [ 5.139311856439715, 52.073185700630731 ], [ 5.13932201037928, 52.073170111467483 ], [ 5.139338637832195, 52.073131346058886 ], [ 5.139346205716962, 52.07311272807565 ], [ 5.139343021632686, 52.073100351671471 ], [ 5.13939046104765, 52.073049085661587 ] ] ] ] } },
{ "type": "Feature", "properties": { "fid": 692, "id": null, "FUNCTIE": "04_Talut1", "Info": null, "Verhaal": null }, "geometry": { "type": "MultiPolygon", "coordinates": [ [ [ [ 5.139321843737922, 52.07317036730911 ], [ 5.139514023332086, 52.073210254002589 ], [ 5.13956094017506, 52.073184839506048 ], [ 5.139536627325082, 52.073175927501367 ], [ 5.139510305831759, 52.073167243585488 ], [ 5.139485531367481, 52.073159924834343 ], [ 5.139458352170654, 52.073152790546061 ], [ 5.139437209784284, 52.073147852797874 ], [ 5.139411699098341, 52.07314257686911 ], [ 5.139387351279296, 52.073138210123652 ], [ 5.139364320236012, 52.073134659714448 ], [ 5.139337617618838, 52.073131228229393 ], [ 5.139321843737922, 52.07317036730911 ] ] ] ] } },
{ "type": "Feature", "properties": { "fid": 693, "id": null, "FUNCTIE": "04_Talut1", "Info": null, "Verhaal": null }, "geometry": { "type": "MultiPolygon", "coordinates": [ [ [ [ 5.139208545616203, 52.073159387393552 ], [ 5.139311856439715, 52.073185700630731 ], [ 5.139306432293678, 52.073146531147138 ], [ 5.139253988225652, 52.0731349472319 ], [ 5.139208545616203, 52.073159387393552 ] ] ] ] } },
{ "type": "Feature", "properties": { "fid": 694, "id": null, "FUNCTIE": "04_Talut1", "Info": null, "Verhaal": null }, "geometry": { "type": "MultiPolygon", "coordinates": [ [ [ [ 5.139208545437198, 52.07315945028212 ], [ 5.139253988225652, 52.0731349472319 ], [ 5.139300082296264, 52.073058805837228 ], [ 5.139300482943796, 52.073027012318555 ], [ 5.139269623669787, 52.073088083699766 ], [ 5.139257889504385, 52.073090672289545 ], [ 5.139228866306431, 52.073138688881109 ], [ 5.13920871359301, 52.073146059802674 ], [ 5.139208545437198, 52.07315945028212 ] ] ] ] } },
{ "type": "Feature", "properties": { "fid": 695, "id": null, "FUNCTIE": "04_Talut1", "Info": null, "Verhaal": null }, "geometry": { "type": "MultiPolygon", "coordinates": [ [ [ [ 5.13920871359301, 52.073146059802674 ], [ 5.139228866306431, 52.073138688881109 ], [ 5.139143892990677, 52.073116404827523 ], [ 5.139144189004158, 52.073134508671359 ], [ 5.13920871359301, 52.073146059802674 ] ] ] ] } },
{ "type": "Feature", "properties": { "fid": 696, "id": null, "FUNCTIE": "05_Talut2", "Info": null, "Verhaal": null }, "geometry": { "type": "MultiPolygon", "coordinates": [ [ [ [ 5.139158415015001, 52.073063272222093 ], [ 5.139269623669787, 52.073088083699766 ], [ 5.139300482943796, 52.073027012318555 ], [ 5.139211698593363, 52.07300829674719 ], [ 5.139158415015001, 52.073063272222093 ] ] ] ] } },
{ "type": "Feature", "properties": { "fid": 697, "id": null, "FUNCTIE": "04_Talut1", "Info": null, "Verhaal": null }, "geometry": { "type": "MultiPolygon", "coordinates": [ [ [ [ 5.139143665968892, 52.073134415037892 ], [ 5.139143892990677, 52.073116404827523 ], [ 5.139169495472829, 52.073074537049145 ], [ 5.139158415015001, 52.073063272222093 ], [ 5.13913568312006, 52.073104503984261 ], [ 5.139133591289004, 52.073145588855624 ], [ 5.139143665968892, 52.073134415037892 ] ] ] ] } },
{ "type": "Feature", "properties": { "fid": 698, "id": null, "FUNCTIE": "04_Talut1", "Info": null, "Verhaal": null }, "geometry": { "type": "MultiPolygon", "coordinates": [ [ [ [ 5.13913568312006, 52.073104503984261 ], [ 5.13908232505174, 52.073093945666187 ], [ 5.139033473576618, 52.073123580477997 ], [ 5.139133493848894, 52.073145696926346 ], [ 5.13913568312006, 52.073104503984261 ] ] ] ] } },
{ "type": "Feature", "properties": { "fid": 699, "id": null, "FUNCTIE": "04_Talut1", "Info": null, "Verhaal": null }, "geometry": { "type": "MultiPolygon", "coordinates": [ [ [ [ 5.139033473576618, 52.073123580477997 ], [ 5.13908232505174, 52.073093945666187 ], [ 5.139127525164611, 52.073017077927318 ], [ 5.139110138556227, 52.072985920671869 ], [ 5.139092938658235, 52.073047642934753 ], [ 5.139082844454668, 52.073052744667805 ], [ 5.139053843828506, 52.073098956666449 ], [ 5.13904039349875, 52.073105074302333 ], [ 5.139033473576618, 52.073123580477997 ] ] ] ] } },
{ "type": "Feature", "properties": { "fid": 700, "id": null, "FUNCTIE": "04_Talut1", "Info": null, "Verhaal": null }, "geometry": { "type": "MultiPolygon", "coordinates": [ [ [ [ 5.139158415015001, 52.073063272222093 ], [ 5.139211698593363, 52.07300829674719 ], [ 5.139177094752165, 52.07302836540034 ], [ 5.139158415015001, 52.073063272222093 ] ] ] ] } },
{ "type": "Feature", "properties": { "fid": 701, "id": null, "FUNCTIE": "04_Talut1", "Info": null, "Verhaal": null }, "geometry": { "type": "MultiPolygon", "coordinates": [ [ [ [ 5.138968913077276, 52.073089321448883 ], [ 5.13904039349875, 52.073105074302333 ], [ 5.139053843828506, 52.073098956666449 ], [ 5.138968854579854, 52.073077946796545 ], [ 5.138968913077276, 52.073089321448883 ] ] ] ] } },
{ "type": "Feature", "properties": { "fid": 702, "id": null, "FUNCTIE": "05_Talut2", "Info": null, "Verhaal": null }, "geometry": { "type": "MultiPolygon", "coordinates": [ [ [ [ 5.138992925091316, 52.073025013442191 ], [ 5.139092938658235, 52.073047642934753 ], [ 5.139110138556227, 52.072985920671869 ], [ 5.139055215209048, 52.0729723359293 ], [ 5.138992925091316, 52.073025013442191 ] ] ] ] } },
{ "type": "Feature", "properties": { "fid": 703, "id": null, "FUNCTIE": "04_Talut1", "Info": null, "Verhaal": null }, "geometry": { "type": "MultiPolygon", "coordinates": [ [ [ [ 5.138952999364674, 52.073062281031376 ], [ 5.138960172140655, 52.073103657089227 ], [ 5.138968913077276, 52.073089321448883 ], [ 5.138968854579854, 52.073077946796545 ], [ 5.138999487897862, 52.073034830946085 ], [ 5.138992925091316, 52.073025013442191 ], [ 5.139055215209048, 52.0729723359293 ], [ 5.138999384666841, 52.072989355545268 ], [ 5.138952999364674, 52.073062281031376 ] ] ] ] } },
{ "type": "Feature", "properties": { "fid": 704, "id": null, "FUNCTIE": "04_Talut1", "Info": null, "Verhaal": null }, "geometry": { "type": "MultiPolygon", "coordinates": [ [ [ [ 5.138960172140655, 52.073103657089227 ], [ 5.138952999364674, 52.073062281031376 ], [ 5.138907332032704, 52.073051897676464 ], [ 5.138860164980747, 52.07308051247275 ], [ 5.138960172140655, 52.073103657089227 ] ] ] ] } },
{ "type": "Feature", "properties": { "fid": 705, "id": null, "FUNCTIE": "04_Talut1", "Info": null, "Verhaal": null }, "geometry": { "type": "MultiPolygon", "coordinates": [ [ [ [ 5.138860164980747, 52.07308051247275 ], [ 5.138907332032704, 52.073051897676464 ], [ 5.138954049662712, 52.072978986925797 ], [ 5.138947063455135, 52.072950110753958 ], [ 5.138921212273994, 52.073011688344629 ], [ 5.138907799644131, 52.073014816773309 ], [ 5.138897530065032, 52.073033823829661 ], [ 5.13886033385518, 52.073067122145375 ], [ 5.138860164980747, 52.07308051247275 ] ] ] ] } },
{ "type": "Feature", "properties": { "fid": 706, "id": null, "FUNCTIE": "05_Talut2", "Info": null, "Verhaal": null }, "geometry": { "type": "MultiPolygon", "coordinates": [ [ [ [ 5.138789522635403, 52.072982313113116 ], [ 5.138921212273994, 52.073011688344629 ], [ 5.138947076568951, 52.072950164957497 ], [ 5.138833762256849, 52.072920721411244 ], [ 5.138789522635403, 52.072982313113116 ] ] ] ] } },
{ "type": "Feature", "properties": { "fid": 707, "id": null, "FUNCTIE": "04_Talut1", "Info": null, "Verhaal": null }, "geometry": { "type": "MultiPolygon", "coordinates": [ [ [ [ 5.138775825468364, 52.073007999184753 ], [ 5.138763667981973, 52.073046058872023 ], [ 5.1388603338462, 52.07306712285758 ], [ 5.138897530065032, 52.073033823829661 ], [ 5.138775825468364, 52.073007999184753 ] ] ] ] } },
{ "type": "Feature", "properties": { "fid": 708, "id": null, "FUNCTIE": "04_Talut1", "Info": null, "Verhaal": null }, "geometry": { "type": "MultiPolygon", "coordinates": [ [ [ [ 5.138763643920283, 52.073046053629014 ], [ 5.138775825468364, 52.073007999184753 ], [ 5.138789415451498, 52.072990810820635 ], [ 5.138789522635403, 52.072982313113116 ], [ 5.138833762256849, 52.072920721411244 ], [ 5.138790028691944, 52.072942141979411 ], [ 5.138743971895118, 52.073015313537631 ], [ 5.138743442426724, 52.073057287066703 ], [ 5.138763643920283, 52.073046053629014 ] ] ] ] } },
{ "type": "Feature", "properties": { "fid": 709, "id": null, "FUNCTIE": "04_Talut1", "Info": null, "Verhaal": null }, "geometry": { "type": "MultiPolygon", "coordinates": [ [ [ [ 5.138743442426724, 52.073057287066703 ], [ 5.138743971895118, 52.073015313537631 ], [ 5.138692248165611, 52.073007595666311 ], [ 5.138648620299301, 52.073020675023841 ], [ 5.138648499455674, 52.073038306834938 ], [ 5.138743442426724, 52.073057287066703 ] ] ] ] } },
{ "type": "Feature", "properties": { "fid": 710, "id": null, "FUNCTIE": "04_Talut1", "Info": null, "Verhaal": null }, "geometry": { "type": "MultiPolygon", "coordinates": [ [ [ [ 5.138738690994302, 52.07292961064929 ], [ 5.138730373493422, 52.072900650603565 ], [ 5.138702810198615, 52.072965413056863 ], [ 5.138692741948498, 52.072968454706817 ], [ 5.138670518064693, 52.07300749074178 ], [ 5.138648620299301, 52.073020675023841 ], [ 5.138692248165611, 52.073007595666311 ], [ 5.138738690994302, 52.07292961064929 ] ] ] ] } },
{ "type": "Feature", "properties": { "fid": 711, "id": null, "FUNCTIE": "05_Talut2", "Info": null, "Verhaal": null }, "geometry": { "type": "MultiPolygon", "coordinates": [ [ [ [ 5.138626885001094, 52.072947534938478 ], [ 5.138702810198615, 52.072965413056863 ], [ 5.138730376981407, 52.072900663205267 ], [ 5.138633815189569, 52.072877547093299 ], [ 5.138626885001094, 52.072947534938478 ] ] ] ] } },
{ "type": "Feature", "properties": { "fid": 712, "id": null, "FUNCTIE": "05_Talut2", "Info": null, "Verhaal": null }, "geometry": { "type": "MultiPolygon", "coordinates": [ [ [ [ 5.138626885001094, 52.072947534938478 ], [ 5.138633815189569, 52.072877547093299 ], [ 5.138494439044528, 52.072919082893058 ], [ 5.138532182647406, 52.072974889956669 ], [ 5.138626885001094, 52.072947534938478 ] ] ] ] } },
{ "type": "Feature", "properties": { "fid": 713, "id": null, "FUNCTIE": "04_Talut1", "Info": null, "Verhaal": null }, "geometry": { "type": "MultiPolygon", "coordinates": [ [ [ [ 5.138670518064693, 52.07300749074178 ], [ 5.138581555960169, 52.073021997421726 ], [ 5.138585036836752, 52.073027155133701 ], [ 5.1385983231557, 52.07303237927691 ], [ 5.138648620299301, 52.073020675023841 ], [ 5.138670518064693, 52.07300749074178 ] ] ] ] } },
{ "type": "Feature", "properties": { "fid": 714, "id": null, "FUNCTIE": "04_Talut1", "Info": null, "Verhaal": null }, "geometry": { "type": "MultiPolygon", "coordinates": [ [ [ [ 5.138550088734048, 52.073013089701185 ], [ 5.138585036836752, 52.073027155133701 ], [ 5.138581555960169, 52.073021997421726 ], [ 5.138550491661468, 52.072981158913777 ], [ 5.138532182647406, 52.072974889956669 ], [ 5.138494439044528, 52.072919082893058 ], [ 5.13849408807249, 52.072946893578433 ], [ 5.138550088734048, 52.073013089701185 ] ] ] ] } },
{ "type": "Feature", "properties": { "fid": 715, "id": null, "FUNCTIE": "04_Talut1", "Info": null, "Verhaal": null }, "geometry": { "type": "MultiPolygon", "coordinates": [ [ [ [ 5.138440377640485, 52.072964145634892 ], [ 5.138403789664301, 52.072949549229428 ], [ 5.138460007191664, 52.072998233369134 ], [ 5.138459825194426, 52.073012653726124 ], [ 5.138492728922753, 52.073054590941396 ], [ 5.138495962282329, 52.073063302603501 ], [ 5.138505835357797, 52.073075711057669 ], [ 5.138496352251079, 52.073032401838091 ], [ 5.138440377640485, 52.072964145634892 ] ] ] ] } },
{ "type": "Feature", "properties": { "fid": 716, "id": null, "FUNCTIE": "04_Talut1", "Info": null, "Verhaal": null }, "geometry": { "type": "MultiPolygon", "coordinates": [ [ [ [ 5.138496352251079, 52.073032401838091 ], [ 5.138505835591402, 52.073075711351237 ], [ 5.138604216215034, 52.073040386541379 ], [ 5.1385983231557, 52.07303237927691 ], [ 5.138585036836752, 52.073027155133701 ], [ 5.138550088734048, 52.073013089701185 ], [ 5.138496352251079, 52.073032401838091 ] ] ] ] } },
{ "type": "Feature", "properties": { "fid": 717, "id": null, "FUNCTIE": "05_Talut2", "Info": null, "Verhaal": null }, "geometry": { "type": "MultiPolygon", "coordinates": [ [ [ [ 5.138387023152854, 52.073019411534091 ], [ 5.138460007191664, 52.072998233369134 ], [ 5.138403785656504, 52.072949547630571 ], [ 5.138350074350076, 52.072966864997326 ], [ 5.138387023152854, 52.073019411534091 ] ] ] ] } },
{ "type": "Feature", "properties": { "fid": 718, "id": null, "FUNCTIE": "04_Talut1", "Info": null, "Verhaal": null }, "geometry": { "type": "MultiPolygon", "coordinates": [ [ [ [ 5.138447386608219, 52.073071051155871 ], [ 5.138459037650649, 52.07307548348782 ], [ 5.138495795203485, 52.073063357720329 ], [ 5.138492728922753, 52.073054590941396 ], [ 5.138447386608219, 52.073071051155871 ] ] ] ] } },
{ "type": "Feature", "properties": { "fid": 719, "id": null, "FUNCTIE": "04_Talut1", "Info": null, "Verhaal": null }, "geometry": { "type": "MultiPolygon", "coordinates": [ [ [ [ 5.138349724110189, 52.072994610338341 ], [ 5.138407363677376, 52.07306338967944 ], [ 5.138472300132432, 52.073083827545659 ], [ 5.138459078317677, 52.073075514277818 ], [ 5.138447386608219, 52.073071051155871 ], [ 5.138407812213807, 52.073027853796354 ], [ 5.138387023152854, 52.073019411534091 ], [ 5.138350074350076, 52.072966864997326 ], [ 5.138349724110189, 52.072994610338341 ] ] ] ] } },
{ "type": "Feature", "properties": { "fid": 720, "id": null, "FUNCTIE": "04_Talut1", "Info": null, "Verhaal": null }, "geometry": { "type": "MultiPolygon", "coordinates": [ [ [ [ 5.138407363677376, 52.07306338967944 ], [ 5.138365386413235, 52.073078123171484 ], [ 5.138368284296048, 52.073120337532202 ], [ 5.138472294496838, 52.073083824002261 ], [ 5.138407363677376, 52.07306338967944 ] ] ] ] } },
{ "type": "Feature", "properties": { "fid": 721, "id": null, "FUNCTIE": "04_Talut1", "Info": null, "Verhaal": null }, "geometry": { "type": "MultiPolygon", "coordinates": [ [ [ [ 5.138368196456598, 52.073120368364165 ], [ 5.138365386413235, 52.073078123171484 ], [ 5.138306178559938, 52.073008686976046 ], [ 5.138266014491114, 52.072997721652115 ], [ 5.138319168153049, 52.073031545892526 ], [ 5.138319064127862, 52.073039786097901 ], [ 5.138348670912854, 52.073078042415474 ], [ 5.138348501880783, 52.073091432749571 ], [ 5.13834841265568, 52.073100730573024 ], [ 5.138368196456598, 52.073120368364165 ] ] ] ] } },
{ "type": "Feature", "properties": { "fid": 722, "id": null, "FUNCTIE": "05_Talut2", "Info": null, "Verhaal": null }, "geometry": { "type": "MultiPolygon", "coordinates": [ [ [ [ 5.138319168153049, 52.073031545892526 ], [ 5.138265115709546, 52.072997474996356 ], [ 5.138119031590377, 52.073052504735216 ], [ 5.13818701090633, 52.073077261280858 ], [ 5.138319168153049, 52.073031545892526 ] ] ] ] } },
{ "type": "Feature", "properties": { "fid": 723, "id": null, "FUNCTIE": "04_Talut1", "Info": null, "Verhaal": null }, "geometry": { "type": "MultiPolygon", "coordinates": [ [ [ [ 5.138119031590377, 52.073052504735216 ], [ 5.138092392861014, 52.073052656606343 ], [ 5.138213953127511, 52.073111914678542 ], [ 5.138213002220712, 52.073099018747222 ], [ 5.138186906855968, 52.073085501487711 ], [ 5.13818701090633, 52.073077261280858 ], [ 5.138119031590377, 52.073052504735216 ] ] ] ] } },
{ "type": "Feature", "properties": { "fid": 724, "id": null, "FUNCTIE": "04_Talut1", "Info": null, "Verhaal": null }, "geometry": { "type": "MultiPolygon", "coordinates": [ [ [ [ 5.138348501880783, 52.073091432749571 ], [ 5.138305669308863, 52.073107705212053 ], [ 5.138284112092149, 52.073082762517203 ], [ 5.138294551739648, 52.073119672059278 ], [ 5.138348323260967, 52.07310072511585 ], [ 5.138348501880783, 52.073091432749571 ] ] ] ] } },
{ "type": "Feature", "properties": { "fid": 725, "id": null, "FUNCTIE": "04_Talut1", "Info": null, "Verhaal": null }, "geometry": { "type": "MultiPolygon", "coordinates": [ [ [ [ 5.138271883259807, 52.07315356710761 ], [ 5.138335247717935, 52.073184088271184 ], [ 5.138349117894166, 52.073188717944973 ], [ 5.138357172133651, 52.073190288121587 ], [ 5.138371823591292, 52.073191448726895 ], [ 5.138384017623013, 52.073191124562804 ], [ 5.138399876633465, 52.073188855717717 ], [ 5.138414618714546, 52.073185069093086 ], [ 5.138430405082667, 52.073179014289018 ], [ 5.138572810057224, 52.073131947044878 ], [ 5.138573796082531, 52.073087514750796 ], [ 5.138402647886152, 52.073144293772366 ], [ 5.138387584020578, 52.073147657731376 ], [ 5.138376705518728, 52.073148803984793 ], [ 5.138360276337479, 52.073148255911597 ], [ 5.138347636440123, 52.073145210489251 ], [ 5.138335004515842, 52.07313958426333 ], [ 5.138328427233614, 52.073135051347876 ], [ 5.138317065373365, 52.073128091310522 ], [ 5.138304774488036, 52.073122502008502 ], [ 5.13829464134376, 52.073119988855794 ], [ 5.138284532796579, 52.073119162185925 ], [ 5.138272477237948, 52.073119902298806 ], [ 5.138263413098463, 52.073121458973588 ], [ 5.138254538782674, 52.073123830711758 ], [ 5.138245620476836, 52.07312735090192 ], [ 5.138283284934924, 52.073145712349152 ], [ 5.138271883259807, 52.07315356710761 ] ] ] ] } },
{ "type": "Feature", "properties": { "fid": 726, "id": null, "FUNCTIE": "04_Talut1", "Info": null, "Verhaal": null }, "geometry": { "type": "MultiPolygon", "coordinates": [ [ [ [ 5.13829464134376, 52.073119988855794 ], [ 5.138284465245927, 52.073084011099084 ], [ 5.138272837070068, 52.073077677582276 ], [ 5.138213002220712, 52.073099018747222 ], [ 5.138213953127511, 52.073111914678542 ], [ 5.138245620476836, 52.07312735090192 ], [ 5.138252863577566, 52.073124396321433 ], [ 5.138262320152603, 52.073121698132539 ], [ 5.138272477237948, 52.073119902298806 ], [ 5.138285920127379, 52.073119194025573 ], [ 5.13829464134376, 52.073119988855794 ] ] ] ] } },
{ "type": "Feature", "properties": { "fid": 727, "id": null, "FUNCTIE": "04_Talut1", "Info": null, "Verhaal": null }, "geometry": { "type": "MultiPolygon", "coordinates": [ [ [ [ 5.138574226145625, 52.073087372624528 ], [ 5.138572810057224, 52.073131947044878 ], [ 5.139052077733353, 52.073239042091551 ], [ 5.138574226145625, 52.073087372624528 ] ] ] ] } },
{ "type": "Feature", "properties": { "fid": 728, "id": null, "FUNCTIE": "04_Talut1", "Info": null, "Verhaal": null }, "geometry": { "type": "MultiPolygon", "coordinates": [ [ [ [ 5.13863002962954, 52.073066503500449 ], [ 5.139117396750479, 52.073212788736264 ], [ 5.139458747147422, 52.07329097805642 ], [ 5.13949730427958, 52.07326130066641 ], [ 5.13863002962954, 52.073066503500449 ] ] ] ] } },
{ "type": "Feature", "properties": { "fid": 729, "id": null, "FUNCTIE": "04_Talut1", "Info": null, "Verhaal": null }, "geometry": { "type": "MultiPolygon", "coordinates": [ [ [ [ 5.139458747147422, 52.07329097805642 ], [ 5.139551959205757, 52.073296668448549 ], [ 5.13949730427958, 52.07326130066641 ], [ 5.139458747147422, 52.07329097805642 ] ] ] ] } },
{ "type": "Feature", "properties": { "fid": 730, "id": null, "FUNCTIE": "04_Talut1", "Info": null, "Verhaal": null }, "geometry": { "type": "MultiPolygon", "coordinates": [ [ [ [ 5.139458747147422, 52.07329097805642 ], [ 5.139194499268275, 52.073504194463993 ], [ 5.139551959205757, 52.073296668448549 ], [ 5.139458747147422, 52.07329097805642 ] ] ] ] } },
{ "type": "Feature", "properties": { "fid": 731, "id": null, "FUNCTIE": "04_Talut1", "Info": null, "Verhaal": null }, "geometry": { "type": "MultiPolygon", "coordinates": [ [ [ [ 5.139239817694646, 52.07353507497141 ], [ 5.139591994466198, 52.073368380750999 ], [ 5.13959368431809, 52.073323669156331 ], [ 5.139239817694646, 52.07353507497141 ] ] ] ] } },
{ "type": "Feature", "properties": { "fid": 732, "id": null, "FUNCTIE": "04_Talut1", "Info": null, "Verhaal": null }, "geometry": { "type": "MultiPolygon", "coordinates": [ [ [ [ 5.139592447949086, 52.073369066698618 ], [ 5.139653818417982, 52.073354280861395 ], [ 5.139595313237211, 52.073324581180024 ], [ 5.139592447949086, 52.073369066698618 ] ] ] ] } },
{ "type": "Feature", "properties": { "fid": 733, "id": null, "FUNCTIE": "04_Talut1", "Info": null, "Verhaal": null }, "geometry": { "type": "MultiPolygon", "coordinates": [ [ [ [ 5.139592447949086, 52.073369066698618 ], [ 5.139712724789869, 52.073595206230131 ], [ 5.139951472258627, 52.073899543834919 ], [ 5.139654998895363, 52.07335488012049 ], [ 5.139592447949086, 52.073369066698618 ] ] ] ] } },
{ "type": "Feature", "properties": { "fid": 734, "id": null, "FUNCTIE": "04_Talut1", "Info": null, "Verhaal": null }, "geometry": { "type": "MultiPolygon", "coordinates": [ [ [ [ 5.139678995722202, 52.073633498549079 ], [ 5.139843141419603, 52.073936415269465 ], [ 5.13992110673181, 52.073936480720405 ], [ 5.139678995722202, 52.073633498549079 ] ] ] ] } },
{ "type": "Feature", "properties": { "fid": 735, "id": null, "FUNCTIE": "04_Talut1", "Info": null, "Verhaal": null }, "geometry": { "type": "MultiPolygon", "coordinates": [ [ [ [ 5.139843348243186, 52.073936011347811 ], [ 5.139741507184016, 52.074055241571315 ], [ 5.139817544203119, 52.074062454542648 ], [ 5.13992110673181, 52.073936480720405 ], [ 5.139843348243186, 52.073936011347811 ] ] ] ] } },
{ "type": "Feature", "properties": { "fid": 736, "id": null, "FUNCTIE": "04_Talut1", "Info": null, "Verhaal": null }, "geometry": { "type": "MultiPolygon", "coordinates": [ [ [ [ 5.13980626318596, 52.074129388615582 ], [ 5.139824960946974, 52.07412225621745 ], [ 5.139857082975075, 52.074149224145401 ], [ 5.13986056876531, 52.0741432206515 ], [ 5.139863940784045, 52.074135092209993 ], [ 5.139866376255323, 52.074125986275533 ], [ 5.139865605755575, 52.074117679342663 ], [ 5.139862731704899, 52.07411272378301 ], [ 5.139854749595345, 52.074104625284384 ], [ 5.139847303704984, 52.074097605158691 ], [ 5.139836666376598, 52.074088512174313 ], [ 5.139824655730952, 52.074081105365963 ], [ 5.139818791095613, 52.074077355202995 ], [ 5.139816220072913, 52.074070070190174 ], [ 5.139817247980489, 52.074063029381584 ], [ 5.139741147894567, 52.074055870460406 ], [ 5.139739695016872, 52.074059778087381 ], [ 5.139739433202492, 52.074063056897693 ], [ 5.139739855152635, 52.074065808591946 ], [ 5.139741719454801, 52.074070076109322 ], [ 5.139750053325457, 52.074078512777611 ], [ 5.13980626318596, 52.074129388615582 ] ] ] ] } },
{ "type": "Feature", "properties": { "fid": 737, "id": null, "FUNCTIE": "04_Talut1", "Info": null, "Verhaal": null }, "geometry": { "type": "MultiPolygon", "coordinates": [ [ [ [ 5.140376637479366, 52.074519643354392 ], [ 5.140426876108557, 52.074512674497839 ], [ 5.14057107282315, 52.074345464045038 ], [ 5.140580140424815, 52.074289060097669 ], [ 5.140376637479366, 52.074519643354392 ] ] ] ] } },
{ "type": "Feature", "properties": { "fid": 738, "id": null, "FUNCTIE": "04_Talut1", "Info": null, "Verhaal": null }, "geometry": { "type": "MultiPolygon", "coordinates": [ [ [ [ 5.14057107282315, 52.074345464045038 ], [ 5.140626431532274, 52.074409595765282 ], [ 5.140648795956492, 52.074412793606371 ], [ 5.140580140424815, 52.074289060097669 ], [ 5.14057107282315, 52.074345464045038 ] ] ] ] } },
{ "type": "Feature", "properties": { "fid": 739, "id": null, "FUNCTIE": "04_Talut1", "Info": null, "Verhaal": null }, "geometry": { "type": "MultiPolygon", "coordinates": [ [ [ [ 5.140626431532274, 52.074409595765282 ], [ 5.140503303346333, 52.074550125388555 ], [ 5.140509756611704, 52.074568698012506 ], [ 5.140648795956492, 52.074412793606371 ], [ 5.140626431532274, 52.074409595765282 ] ] ] ] } },
{ "type": "Feature", "properties": { "fid": 740, "id": null, "FUNCTIE": "04_Talut1", "Info": null, "Verhaal": null }, "geometry": { "type": "MultiPolygon", "coordinates": [ [ [ [ 5.140503303346333, 52.074550125388555 ], [ 5.140426876108557, 52.074512674497839 ], [ 5.140376637479366, 52.074519643354392 ], [ 5.140509756611704, 52.074568698012506 ], [ 5.140503303346333, 52.074550125388555 ] ] ] ] } },
{ "type": "Feature", "properties": { "fid": 741, "id": null, "FUNCTIE": "04_Talut1", "Info": null, "Verhaal": null }, "geometry": { "type": "MultiPolygon", "coordinates": [ [ [ [ 5.140667973963412, 52.074416491159894 ], [ 5.140515047133595, 52.074581451303324 ], [ 5.140514837853505, 52.0746299120757 ], [ 5.140731047023985, 52.074385891775009 ], [ 5.140667973963412, 52.074416491159894 ] ] ] ] } },
{ "type": "Feature", "properties": { "fid": 742, "id": null, "FUNCTIE": "04_Talut1", "Info": null, "Verhaal": null }, "geometry": { "type": "MultiPolygon", "coordinates": [ [ [ [ 5.140667964248052, 52.074416472405979 ], [ 5.140731047023985, 52.074385891775009 ], [ 5.140669995521932, 52.074290156897341 ], [ 5.140597083987535, 52.074279649043291 ], [ 5.140667964248052, 52.074416472405979 ] ] ] ] } },
{ "type": "Feature", "properties": { "fid": 743, "id": null, "FUNCTIE": "04_Talut1", "Info": null, "Verhaal": null }, "geometry": { "type": "MultiPolygon", "coordinates": [ [ [ [ 5.140597083987535, 52.074279649043291 ], [ 5.140669995521932, 52.074290156897341 ], [ 5.140817077206334, 52.074128854424956 ], [ 5.140833531539131, 52.074012465949792 ], [ 5.140597083987535, 52.074279649043291 ] ] ] ] } },
{ "type": "Feature", "properties": { "fid": 744, "id": null, "FUNCTIE": "04_Talut1", "Info": null, "Verhaal": null }, "geometry": { "type": "MultiPolygon", "coordinates": [ [ [ [ 5.140817077206334, 52.074128854424956 ], [ 5.140983199824224, 52.074434381742371 ], [ 5.141059217485422, 52.074405734819948 ], [ 5.140833531539131, 52.074012465949792 ], [ 5.140817077206334, 52.074128854424956 ] ] ] ] } },
{ "type": "Feature", "properties": { "fid": 745, "id": null, "FUNCTIE": "04_Talut1", "Info": null, "Verhaal": null }, "geometry": { "type": "MultiPolygon", "coordinates": [ [ [ [ 5.140515047133595, 52.074581451303324 ], [ 5.140356769638177, 52.07453072035478 ], [ 5.14034937442299, 52.074525031665829 ], [ 5.140347357135681, 52.074516887987933 ], [ 5.14035204162021, 52.074508112050545 ], [ 5.140367680239104, 52.07448805447018 ], [ 5.140786074184102, 52.074004436850508 ], [ 5.140801097719825, 52.073983747987484 ], [ 5.140803195806217, 52.073970845476943 ], [ 5.140797834024562, 52.073947803708776 ], [ 5.140793425518143, 52.073937629789988 ], [ 5.140277894055921, 52.0730219179719 ], [ 5.140251314265768, 52.072979472482864 ], [ 5.14022201440152, 52.072960235082725 ], [ 5.140191919149712, 52.072944359271929 ], [ 5.140159769662942, 52.072929521365715 ], [ 5.140140212075315, 52.072921538302396 ], [ 5.138580827011483, 52.072564122218949 ], [ 5.138591732887143, 52.072621496829981 ], [ 5.140094678012557, 52.072966223745944 ], [ 5.140135019054759, 52.072980788190797 ], [ 5.140148052886792, 52.072987764240615 ], [ 5.140164556341835, 52.072998185247137 ], [ 5.140177304440749, 52.073007701657907 ], [ 5.140184959702697, 52.073014791798109 ], [ 5.140696909165603, 52.073936222860503 ], [ 5.140704060489746, 52.073956706501299 ], [ 5.140705381884177, 52.073967606237289 ], [ 5.140702785321876, 52.073979675891984 ], [ 5.140697017019324, 52.073989841151004 ], [ 5.140261367234096, 52.07449520786642 ], [ 5.140254391561539, 52.074513626044485 ], [ 5.140257949321194, 52.074526497524765 ], [ 5.140266699759264, 52.074541522192277 ], [ 5.140280567725503, 52.074552186942107 ], [ 5.140297458996486, 52.074561451245721 ], [ 5.140514837853505, 52.0746299120757 ], [ 5.140515047133595, 52.074581451303324 ] ] ] ] } },
{ "type": "Feature", "properties": { "fid": 746, "id": null, "FUNCTIE": "05_Talut2", "Info": null, "Verhaal": null }, "geometry": { "type": "MultiPolygon", "coordinates": [ [ [ [ 5.138569816735731, 52.07250947200135 ], [ 5.139048539271902, 52.072326367642603 ], [ 5.13834738166745, 52.071919805391133 ], [ 5.13815077967332, 52.072045975004187 ], [ 5.137997250781915, 52.072181197234499 ], [ 5.138569816735731, 52.07250947200135 ] ] ] ] } },
{ "type": "Feature", "properties": { "fid": 747, "id": null, "FUNCTIE": "05_Talut2", "Info": null, "Verhaal": null }, "geometry": { "type": "MultiPolygon", "coordinates": [ [ [ [ 5.138569816735731, 52.07250947200135 ], [ 5.140292263861792, 52.072908181435309 ], [ 5.140361013081088, 52.072858723431075 ], [ 5.140616112304949, 52.07267797109067 ], [ 5.139048539271902, 52.072326367642603 ], [ 5.138569816735731, 52.07250947200135 ] ] ] ] } },
{ "type": "Feature", "properties": { "fid": 748, "id": null, "FUNCTIE": "04_Talut1", "Info": null, "Verhaal": null }, "geometry": { "type": "MultiPolygon", "coordinates": [ [ [ [ 5.138580827011483, 52.072564122218949 ], [ 5.137774738384955, 52.07282786162304 ], [ 5.137752999081931, 52.072834055632512 ], [ 5.137734693371717, 52.072833118489477 ], [ 5.137402650716386, 52.072670708008687 ], [ 5.13740307550824, 52.072695348988582 ], [ 5.137722705360921, 52.072854817634862 ], [ 5.137745374089968, 52.072863048691609 ], [ 5.1377806390733, 52.072868079986243 ], [ 5.137823754082144, 52.072863886669325 ], [ 5.137853501025681, 52.072857778761659 ], [ 5.138592056477446, 52.072621916160479 ], [ 5.138580827011483, 52.072564122218949 ] ] ] ] } },
{ "type": "Feature", "properties": { "fid": 749, "id": null, "FUNCTIE": "04_Talut1", "Info": null, "Verhaal": null }, "geometry": { "type": "MultiPolygon", "coordinates": [ [ [ [ 5.141057153260816, 52.074408066177625 ], [ 5.140980557577183, 52.074433052777827 ], [ 5.140827159597339, 52.074619637196527 ], [ 5.140812999822734, 52.074644592861816 ], [ 5.140811324804502, 52.074676172325766 ], [ 5.140822346193709, 52.074699158037781 ], [ 5.140862073615368, 52.074742507289635 ], [ 5.140894768200483, 52.074774215400161 ], [ 5.140931242166603, 52.074799035629191 ], [ 5.140966852162863, 52.074815556818201 ], [ 5.141102260547586, 52.074934745330758 ], [ 5.141143876026432, 52.074990708785961 ], [ 5.141162693791182, 52.075024033034893 ], [ 5.141164663477987, 52.075044508829819 ], [ 5.141246878855366, 52.075029628653986 ], [ 5.141216767221934, 52.074960155831214 ], [ 5.141186087589798, 52.074908003686062 ], [ 5.141163661032623, 52.074873960379271 ], [ 5.141125735452738, 52.07482597052006 ], [ 5.141077862267493, 52.074778824618214 ], [ 5.141037027881821, 52.07475219834857 ], [ 5.140998145092182, 52.074730030438907 ], [ 5.140949117906127, 52.074702026743189 ], [ 5.140920918905923, 52.074680860370535 ], [ 5.140899196055771, 52.074650317741053 ], [ 5.140896211566432, 52.074616875764839 ], [ 5.140900854532473, 52.074588956149064 ], [ 5.140921946706542, 52.074560769316719 ], [ 5.141057153260816, 52.074408066177625 ] ] ] ] } },
{ "type": "Feature", "properties": { "fid": 750, "id": null, "FUNCTIE": "04_Talut1", "Info": null, "Verhaal": null }, "geometry": { "type": "MultiPolygon", "coordinates": [ [ [ [ 5.141085080140321, 52.074375540892909 ], [ 5.141188546985922, 52.074256648949465 ], [ 5.141157811567517, 52.074267112719895 ], [ 5.141093077912616, 52.0743098610168 ], [ 5.141085080140321, 52.074375540892909 ] ] ] ] } },
{ "type": "Feature", "properties": { "fid": 751, "id": null, "FUNCTIE": "04_Talut1", "Info": null, "Verhaal": null }, "geometry": { "type": "MultiPolygon", "coordinates": [ [ [ [ 5.141157811567517, 52.074267112719895 ], [ 5.141188546985922, 52.074256648949465 ], [ 5.140410684951092, 52.072875788825762 ], [ 5.140361013081088, 52.072858723431075 ], [ 5.141157811567517, 52.074267112719895 ] ] ] ] } },
{ "type": "Feature", "properties": { "fid": 752, "id": null, "FUNCTIE": "04_Talut1", "Info": null, "Verhaal": null }, "geometry": { "type": "MultiPolygon", "coordinates": [ [ [ [ 5.141211422462563, 52.074230136595595 ], [ 5.141216548635578, 52.074166113767816 ], [ 5.141201012781227, 52.074163478630936 ], [ 5.141053104223167, 52.073946048375191 ], [ 5.140454144866426, 52.072875998034547 ], [ 5.140429071838793, 52.072875877339115 ], [ 5.141200924990644, 52.074241158362156 ], [ 5.141211422462563, 52.074230136595595 ] ] ] ] } },
{ "type": "Feature", "properties": { "fid": 753, "id": null, "FUNCTIE": "04_Talut1", "Info": null, "Verhaal": null }, "geometry": { "type": "MultiPolygon", "coordinates": [ [ [ [ 5.140454144866426, 52.072875998034547 ], [ 5.140608027409481, 52.072743032592683 ], [ 5.140616112304949, 52.07267797109067 ], [ 5.140361013081088, 52.072858723431075 ], [ 5.140410684951092, 52.072875788825762 ], [ 5.140429071838793, 52.072875877339115 ], [ 5.140454144866426, 52.072875998034547 ] ] ] ] } },
{ "type": "Feature", "properties": { "fid": 754, "id": null, "FUNCTIE": "04_Talut1", "Info": null, "Verhaal": null }, "geometry": { "type": "MultiPolygon", "coordinates": [ [ [ [ 5.140607940108886, 52.072743735124909 ], [ 5.141290623387007, 52.073967051970342 ], [ 5.141297118543457, 52.073985629726877 ], [ 5.141298763749394, 52.074026739371433 ], [ 5.141293920117832, 52.074060977609889 ], [ 5.141275398430144, 52.07409986185386 ], [ 5.141216548635578, 52.074166113767816 ], [ 5.141211422462563, 52.074230136595595 ], [ 5.141304814373993, 52.07412088988054 ], [ 5.141322458273319, 52.074097505247259 ], [ 5.141334612334804, 52.074073828007471 ], [ 5.141342654572461, 52.07404647330376 ], [ 5.141342767130633, 52.074015101820528 ], [ 5.141338160128881, 52.073990604668779 ], [ 5.141325481556473, 52.073950487222206 ], [ 5.140616112304949, 52.07267797109067 ], [ 5.140607940108886, 52.072743735124909 ] ] ] ] } },
{ "type": "Feature", "properties": { "fid": 760, "id": null, "FUNCTIE": "04_Talut1", "Info": null, "Verhaal": null }, "geometry": { "type": "MultiPolygon", "coordinates": [ [ [ [ 5.137402351188419, 52.072694395353615 ], [ 5.137402650716386, 52.072670708008687 ], [ 5.137383918733798, 52.072660278291181 ], [ 5.137277858698282, 52.072741390087387 ], [ 5.13725113434888, 52.072756126804912 ], [ 5.137295932373385, 52.072778795333996 ], [ 5.137402351188419, 52.072694395353615 ] ] ] ] } },
{ "type": "Feature", "properties": { "fid": 761, "id": null, "FUNCTIE": "05_Talut2", "Info": null, "Verhaal": null }, "geometry": { "type": "MultiPolygon", "coordinates": [ [ [ [ 5.136921469995997, 52.070469134307579 ], [ 5.135356364009049, 52.070518096938727 ], [ 5.134656722677716, 52.070780955380442 ], [ 5.136559388403593, 52.070741873622417 ], [ 5.136921469995997, 52.070469134307579 ] ] ] ] } },
{ "type": "Feature", "properties": { "fid": 762, "id": null, "FUNCTIE": "05_Talut2", "Info": null, "Verhaal": null }, "geometry": { "type": "MultiPolygon", "coordinates": [ [ [ [ 5.137336970014713, 52.071799157491625 ], [ 5.137722344665203, 52.071556664466819 ], [ 5.136921459332729, 52.070469142339803 ], [ 5.136559008540603, 52.07074215975333 ], [ 5.137336970014713, 52.071799157491625 ] ] ] ] } },
{ "type": "Feature", "properties": { "fid": 763, "id": null, "FUNCTIE": "05_Talut2", "Info": null, "Verhaal": null }, "geometry": { "type": "MultiPolygon", "coordinates": [ [ [ [ 5.13434928703813, 52.070378351406347 ], [ 5.134656722677716, 52.070780955380442 ], [ 5.135356364009049, 52.070518096938727 ], [ 5.134922424840143, 52.069936257830648 ], [ 5.134788167469975, 52.070068442125475 ], [ 5.134665163016002, 52.070165439596998 ], [ 5.134526914480966, 52.070261678704838 ], [ 5.13434928703813, 52.070378351406347 ] ] ] ] } },
{ "type": "Feature", "properties": { "fid": 764, "id": null, "FUNCTIE": "04_Talut1", "Info": null, "Verhaal": null }, "geometry": { "type": "MultiPolygon", "coordinates": [ [ [ [ 5.134148096570199, 52.070491198794336 ], [ 5.134349367662391, 52.070378457722065 ], [ 5.134532043032975, 52.07025813536405 ], [ 5.134105465236528, 52.070487058651359 ], [ 5.134148096570199, 52.070491198794336 ] ] ] ] } },
{ "type": "Feature", "properties": { "fid": 765, "id": null, "FUNCTIE": "04_Talut1", "Info": null, "Verhaal": null }, "geometry": { "type": "MultiPolygon", "coordinates": [ [ [ [ 5.134147469676727, 52.070491137913677 ], [ 5.134105465236528, 52.070487058651359 ], [ 5.13405174288957, 52.070510815345493 ], [ 5.134327649530266, 52.070871077581167 ], [ 5.134346385991913, 52.070885099161352 ], [ 5.134369441325513, 52.070901771046728 ], [ 5.134404365236542, 52.070919132874131 ], [ 5.134430333214405, 52.070929239865272 ], [ 5.134454925480633, 52.070936930183905 ], [ 5.134490858874842, 52.070945223463191 ], [ 5.134525488112937, 52.070950085223686 ], [ 5.13455762650532, 52.070952097780705 ], [ 5.134593109173399, 52.070951817572372 ], [ 5.134615190402544, 52.070950229868927 ], [ 5.134640922540839, 52.070946729552524 ], [ 5.134684509216406, 52.070937870985453 ], [ 5.134712419034302, 52.070927888481371 ], [ 5.134783542227137, 52.070904613042146 ], [ 5.134862865481564, 52.0708861717969 ], [ 5.13491020890109, 52.070878466431935 ], [ 5.1349802140726, 52.070873551085462 ], [ 5.13634255316108, 52.070839770392446 ], [ 5.136413863051526, 52.070847945759652 ], [ 5.136444900367863, 52.070857800261066 ], [ 5.136474157292384, 52.070872994768784 ], [ 5.136486216300418, 52.070881741209533 ], [ 5.136507003858219, 52.070902398961977 ], [ 5.137132458284622, 52.071743100776715 ], [ 5.137157455466941, 52.071780778176475 ], [ 5.137163117252634, 52.071798491356418 ], [ 5.137161345195573, 52.071820213858274 ], [ 5.137152212447294, 52.071843717425914 ], [ 5.136819944799684, 52.07238387870953 ], [ 5.136816847154822, 52.072393453130005 ], [ 5.136818932898068, 52.072402921864182 ], [ 5.136836625188063, 52.072413089628697 ], [ 5.136956569793176, 52.072469176047747 ], [ 5.136975056498347, 52.072449556599778 ], [ 5.136894016533279, 52.072403066743838 ], [ 5.13726483238425, 52.071804626615481 ], [ 5.13651044624058, 52.070787496945613 ], [ 5.134906140995428, 52.070830439197103 ], [ 5.134844080124276, 52.070837710268073 ], [ 5.134811796568551, 52.070844883088441 ], [ 5.134775522521044, 52.070853904601215 ], [ 5.13472274510122, 52.070873593250823 ], [ 5.134696092935714, 52.070884232985442 ], [ 5.134643489156767, 52.0708968126104 ], [ 5.134592946692654, 52.070904178745707 ], [ 5.134564879881607, 52.070904584112924 ], [ 5.13453696399719, 52.070900587990302 ], [ 5.134536716858162, 52.070900355677772 ], [ 5.134536810451958, 52.070879888126854 ], [ 5.134478947170236, 52.070864320771079 ], [ 5.13444431010025, 52.070849761472061 ], [ 5.134433641324241, 52.070843588025319 ], [ 5.134412325477821, 52.070827010526166 ], [ 5.134388098168108, 52.070802182406652 ], [ 5.134356673874217, 52.07076160148921 ], [ 5.134147469676727, 52.070491137913677 ] ] ] ] } },
{ "type": "Feature", "properties": { "fid": 779, "id": null, "FUNCTIE": "04_Talut1", "Info": null, "Verhaal": null }, "geometry": { "type": "MultiPolygon", "coordinates": [ [ [ [ 5.136284143208774, 52.072173835849185 ], [ 5.136321389659749, 52.072168659224083 ], [ 5.136362301568815, 52.07214542585249 ], [ 5.136358202631869, 52.072131669703708 ], [ 5.136284143208774, 52.072173835849185 ] ] ] ] } },
{ "type": "Feature", "properties": { "fid": 780, "id": null, "FUNCTIE": "04_Talut1", "Info": null, "Verhaal": null }, "geometry": { "type": "MultiPolygon", "coordinates": [ [ [ [ 5.136362301568815, 52.07214542585249 ], [ 5.13653606134297, 52.072249387998767 ], [ 5.13657373109959, 52.072258575003815 ], [ 5.136358202631869, 52.072131669703708 ], [ 5.136362301568815, 52.07214542585249 ] ] ] ] } },
{ "type": "Feature", "properties": { "fid": 781, "id": null, "FUNCTIE": "04_Talut1", "Info": null, "Verhaal": null }, "geometry": { "type": "MultiPolygon", "coordinates": [ [ [ [ 5.136321389659749, 52.072168659224083 ], [ 5.136284143208774, 52.072173835849185 ], [ 5.136535666632675, 52.072320076100709 ], [ 5.136510197717618, 52.072286976439393 ], [ 5.136321389659749, 52.072168659224083 ] ] ] ] } },
{ "type": "Feature", "properties": { "fid": 782, "id": null, "FUNCTIE": "04_Talut1", "Info": null, "Verhaal": null }, "geometry": { "type": "MultiPolygon", "coordinates": [ [ [ [ 5.136510197717618, 52.072286976439393 ], [ 5.136535666632675, 52.072320076100709 ], [ 5.13657373109959, 52.072258575003815 ], [ 5.13653606134297, 52.072249387998767 ], [ 5.136510197717618, 52.072286976439393 ] ] ] ] } },
{ "type": "Feature", "properties": { "fid": 783, "id": null, "FUNCTIE": "04_Talut1", "Info": null, "Verhaal": null }, "geometry": { "type": "MultiPolygon", "coordinates": [ [ [ [ 5.136297513348844, 52.071215750790458 ], [ 5.136212108045599, 52.071245986421971 ], [ 5.136191797355513, 52.071249035347385 ], [ 5.136106731369543, 52.071271986042085 ], [ 5.136173439274075, 52.071265994649877 ], [ 5.136278846227925, 52.071236744030351 ], [ 5.136297513348844, 52.071215750790458 ] ] ] ] } },
{ "type": "Feature", "properties": { "fid": 784, "id": null, "FUNCTIE": "04_Talut1", "Info": null, "Verhaal": null }, "geometry": { "type": "MultiPolygon", "coordinates": [ [ [ [ 5.136106731369543, 52.071271986042085 ], [ 5.136119748368587, 52.071290884422439 ], [ 5.136142117653907, 52.07132336062768 ], [ 5.136197030787168, 52.071297025037623 ], [ 5.136173439274075, 52.071265994649877 ], [ 5.136106731369543, 52.071271986042085 ] ] ] ] } },
{ "type": "Feature", "properties": { "fid": 785, "id": null, "FUNCTIE": "04_Talut1", "Info": null, "Verhaal": null }, "geometry": { "type": "MultiPolygon", "coordinates": [ [ [ [ 5.136197030787168, 52.071297025037623 ], [ 5.136142117653907, 52.07132336062768 ], [ 5.136164626286564, 52.071324704659482 ], [ 5.136177738543914, 52.071314444409055 ], [ 5.136250044450647, 52.071297139678599 ], [ 5.136258304099734, 52.071291184087897 ], [ 5.136351617371549, 52.071272856306749 ], [ 5.136317008115314, 52.071268129533188 ], [ 5.136197030787168, 52.071297025037623 ] ] ] ] } },
{ "type": "Feature", "properties": { "fid": 786, "id": null, "FUNCTIE": "04_Talut1", "Info": null, "Verhaal": null }, "geometry": { "type": "MultiPolygon", "coordinates": [ [ [ [ 5.136164626286564, 52.071324704659482 ], [ 5.136196216696709, 52.071366145522902 ], [ 5.136205870328559, 52.07135111722674 ], [ 5.136177738543914, 52.071314444409055 ], [ 5.136164626286564, 52.071324704659482 ] ] ] ] } },
{ "type": "Feature", "properties": { "fid": 787, "id": null, "FUNCTIE": "04_Talut1", "Info": null, "Verhaal": null }, "geometry": { "type": "MultiPolygon", "coordinates": [ [ [ [ 5.136205870328559, 52.07135111722674 ], [ 5.136196216696709, 52.071366145522902 ], [ 5.136257967843234, 52.071340527917897 ], [ 5.136276083639168, 52.071331634494328 ], [ 5.136205870328559, 52.07135111722674 ] ] ] ] } },
{ "type": "Feature", "properties": { "fid": 788, "id": null, "FUNCTIE": "05_Talut2", "Info": null, "Verhaal": null }, "geometry": { "type": "MultiPolygon", "coordinates": [ [ [ [ 5.136329102222632, 52.071380109976715 ], [ 5.136418427878159, 52.071356691676677 ], [ 5.13635218018038, 52.071272933172523 ], [ 5.136258304099734, 52.071291184087897 ], [ 5.136329102222632, 52.071380109976715 ] ] ] ] } },
{ "type": "Feature", "properties": { "fid": 789, "id": null, "FUNCTIE": "04_Talut1", "Info": null, "Verhaal": null }, "geometry": { "type": "MultiPolygon", "coordinates": [ [ [ [ 5.136329102222632, 52.071380109976715 ], [ 5.136312649678365, 52.071380074413504 ], [ 5.13629281900594, 52.071384812057602 ], [ 5.136222753611857, 52.071400957055438 ], [ 5.136205921661912, 52.071409727327868 ], [ 5.136277513454592, 52.071404218686837 ], [ 5.136380725921371, 52.071372646146926 ], [ 5.136418207855153, 52.071356779142192 ], [ 5.136329102222632, 52.071380109976715 ] ] ] ] } },
{ "type": "Feature", "properties": { "fid": 790, "id": null, "FUNCTIE": "04_Talut1", "Info": null, "Verhaal": null }, "geometry": { "type": "MultiPolygon", "coordinates": [ [ [ [ 5.136277513454592, 52.071404218686837 ], [ 5.136205921661912, 52.071409727327868 ], [ 5.136246373379945, 52.071467120315162 ], [ 5.13630136650819, 52.071436376138877 ], [ 5.136277513454592, 52.071404218686837 ] ] ] ] } },
{ "type": "Feature", "properties": { "fid": 791, "id": null, "FUNCTIE": "04_Talut1", "Info": null, "Verhaal": null }, "geometry": { "type": "MultiPolygon", "coordinates": [ [ [ [ 5.13630136650819, 52.071436376138877 ], [ 5.136246373379945, 52.071467120315162 ], [ 5.136271285697084, 52.071464493568293 ], [ 5.136289246360957, 52.071454937557803 ], [ 5.136351267034918, 52.071436347610479 ], [ 5.136362134260263, 52.071428058565601 ], [ 5.136470977946249, 52.071409920726758 ], [ 5.136413572016009, 52.071405084567651 ], [ 5.13630136650819, 52.071436376138877 ] ] ] ] } },
{ "type": "Feature", "properties": { "fid": 792, "id": null, "FUNCTIE": "05_Talut2", "Info": null, "Verhaal": null }, "geometry": { "type": "MultiPolygon", "coordinates": [ [ [ [ 5.13639987420669, 52.071473764272561 ], [ 5.136482792498771, 52.071440706906799 ], [ 5.136470977946249, 52.071409920726758 ], [ 5.136362134260263, 52.071428058565601 ], [ 5.13639987420669, 52.071473764272561 ] ] ] ] } },
{ "type": "Feature", "properties": { "fid": 793, "id": null, "FUNCTIE": "04_Talut1", "Info": null, "Verhaal": null }, "geometry": { "type": "MultiPolygon", "coordinates": [ [ [ [ 5.13639987420669, 52.071473764272561 ], [ 5.136379471897225, 52.071471467141116 ], [ 5.136312025508116, 52.071491756154096 ], [ 5.136287045232804, 52.071490209583246 ], [ 5.13627085788037, 52.071497142396645 ], [ 5.136350317338573, 52.07149506110494 ], [ 5.136467562277301, 52.071459265724201 ], [ 5.136482792498771, 52.071440706906799 ], [ 5.13639987420669, 52.071473764272561 ] ] ] ] } },
{ "type": "Feature", "properties": { "fid": 794, "id": null, "FUNCTIE": "04_Talut1", "Info": null, "Verhaal": null }, "geometry": { "type": "MultiPolygon", "coordinates": [ [ [ [ 5.136350317338573, 52.07149506110494 ], [ 5.136270914126062, 52.071497217707005 ], [ 5.136318242289995, 52.071560266608408 ], [ 5.136370421863785, 52.0715266471788 ], [ 5.136350317338573, 52.07149506110494 ] ] ] ] } },
{ "type": "Feature", "properties": { "fid": 795, "id": null, "FUNCTIE": "04_Talut1", "Info": null, "Verhaal": null }, "geometry": { "type": "MultiPolygon", "coordinates": [ [ [ [ 5.136287045232804, 52.071490209583246 ], [ 5.136312025508116, 52.071491756154096 ], [ 5.136289246360957, 52.071454937557803 ], [ 5.136271285697084, 52.071464493568293 ], [ 5.136287045232804, 52.071490209583246 ], [ 5.136287045232804, 52.071490209583246 ] ] ] ] } },
{ "type": "Feature", "properties": { "fid": 796, "id": null, "FUNCTIE": "04_Talut1", "Info": null, "Verhaal": null }, "geometry": { "type": "MultiPolygon", "coordinates": [ [ [ [ 5.13629281900594, 52.071384812057602 ], [ 5.136257967843234, 52.071340527917897 ], [ 5.136196216696709, 52.071366145522902 ], [ 5.136222753611857, 52.071400957055438 ], [ 5.13629281900594, 52.071384812057602 ] ] ] ] } },
{ "type": "Feature", "properties": { "fid": 797, "id": null, "FUNCTIE": "04_Talut1", "Info": null, "Verhaal": null }, "geometry": { "type": "MultiPolygon", "coordinates": [ [ [ [ 5.136051033102404, 52.071245378559674 ], [ 5.136005289261308, 52.07124667672884 ], [ 5.136040591075313, 52.071257296192059 ], [ 5.136063749063629, 52.071265298625228 ], [ 5.136079263814216, 52.071271306017401 ], [ 5.136097835132788, 52.071279247616573 ], [ 5.136111574153174, 52.071286168825822 ], [ 5.136119748368587, 52.071290884422439 ], [ 5.136106731369543, 52.071271986042085 ], [ 5.136051033102404, 52.071245378559674 ] ] ] ] } },
{ "type": "Feature", "properties": { "fid": 798, "id": null, "FUNCTIE": "05_Talut2", "Info": null, "Verhaal": null }, "geometry": { "type": "MultiPolygon", "coordinates": [ [ [ [ 5.13604250698384, 52.071174896623631 ], [ 5.136065527939856, 52.071180595109396 ], [ 5.136085321384519, 52.071187062073051 ], [ 5.136108891458246, 52.071194867251506 ], [ 5.136125257293852, 52.071200994080336 ], [ 5.136145735773175, 52.07120994668108 ], [ 5.136161961768734, 52.071217140507287 ], [ 5.136177131932509, 52.071224929942538 ], [ 5.13619580882, 52.071235581521705 ], [ 5.136212108045599, 52.071245986421971 ], [ 5.136297513348844, 52.071215750790458 ], [ 5.136276325807936, 52.07120103341768 ], [ 5.136255559160358, 52.071188683596368 ], [ 5.136231026862574, 52.071175853771919 ], [ 5.136202589741407, 52.071162996351958 ], [ 5.136176661954214, 52.071152895744916 ], [ 5.13614981005176, 52.071143868084462 ], [ 5.136117749940547, 52.071134798405893 ], [ 5.1360823708647, 52.071126741509069 ], [ 5.136043202704855, 52.071120011011516 ], [ 5.13604250698384, 52.071174896623631 ] ] ] ] } },
{ "type": "Feature", "properties": { "fid": 799, "id": null, "FUNCTIE": "04_Talut1", "Info": null, "Verhaal": null }, "geometry": { "type": "MultiPolygon", "coordinates": [ [ [ [ 5.136043202704855, 52.071120011011516 ], [ 5.136013416720407, 52.071137523707129 ], [ 5.136021437409089, 52.071205584583147 ], [ 5.136051033102404, 52.071245378559674 ], [ 5.136042637398451, 52.071188328796893 ], [ 5.13604250698384, 52.071174896623631 ], [ 5.136043202704855, 52.071120011011516 ] ] ] ] } },
{ "type": "Feature", "properties": { "fid": 800, "id": null, "FUNCTIE": "04_Talut1", "Info": null, "Verhaal": null }, "geometry": { "type": "MultiPolygon", "coordinates": [ [ [ [ 5.135969026878466, 52.071206597662034 ], [ 5.135943199596579, 52.071248440793617 ], [ 5.136005289261308, 52.07124667672884 ], [ 5.136051033102404, 52.071245378559674 ], [ 5.136021437409089, 52.071205584583147 ], [ 5.135969026878466, 52.071206597662034 ] ] ] ] } },
{ "type": "Feature", "properties": { "fid": 801, "id": null, "FUNCTIE": "04_Talut1", "Info": null, "Verhaal": null }, "geometry": { "type": "MultiPolygon", "coordinates": [ [ [ [ 5.135943651363479, 52.071248427958317 ], [ 5.135969026878466, 52.071206597662034 ], [ 5.135964397123545, 52.071129596492952 ], [ 5.135937090767583, 52.071103639472263 ], [ 5.135955856533617, 52.071164512311604 ], [ 5.135943614868185, 52.071174249003796 ], [ 5.13594944566182, 52.071221200064976 ], [ 5.135942354703954, 52.071236072484162 ], [ 5.135943651363479, 52.071248427958317 ] ] ] ] } },
{ "type": "Feature", "properties": { "fid": 802, "id": null, "FUNCTIE": "04_Talut1", "Info": null, "Verhaal": null }, "geometry": { "type": "MultiPolygon", "coordinates": [ [ [ [ 5.13594944566182, 52.071221200064976 ], [ 5.135882416965596, 52.071221054936125 ], [ 5.135893301951276, 52.071235966277982 ], [ 5.135942354703954, 52.071236072484162 ], [ 5.13594944566182, 52.071221200064976 ] ] ] ] } },
{ "type": "Feature", "properties": { "fid": 803, "id": null, "FUNCTIE": "05_Talut2", "Info": null, "Verhaal": null }, "geometry": { "type": "MultiPolygon", "coordinates": [ [ [ [ 5.135870534780014, 52.071166580612889 ], [ 5.135955856533617, 52.071164512311604 ], [ 5.135937909197378, 52.071103641244243 ], [ 5.135874160704518, 52.071103845133749 ], [ 5.135870534780014, 52.071166580612889 ] ] ] ] } },
{ "type": "Feature", "properties": { "fid": 804, "id": null, "FUNCTIE": "04_Talut1", "Info": null, "Verhaal": null }, "geometry": { "type": "MultiPolygon", "coordinates": [ [ [ [ 5.135844261561074, 52.071127604994302 ], [ 5.135860761279662, 52.07120861629064 ], [ 5.135892928401661, 52.071248340005432 ], [ 5.135893300824475, 52.071236167549259 ], [ 5.135882416965596, 52.071221054936125 ], [ 5.135877798398877, 52.071175275854948 ], [ 5.135870534780014, 52.071166580612889 ], [ 5.135874160704518, 52.071103845133749 ], [ 5.135844261561074, 52.071127604994302 ] ] ] ] } },
{ "type": "Feature", "properties": { "fid": 805, "id": null, "FUNCTIE": "04_Talut1", "Info": null, "Verhaal": null }, "geometry": { "type": "MultiPolygon", "coordinates": [ [ [ [ 5.135798389497732, 52.071209607720959 ], [ 5.135773494158713, 52.071250301695606 ], [ 5.135892928401661, 52.071248340005432 ], [ 5.135860761279662, 52.07120861629064 ], [ 5.135798389497732, 52.071209607720959 ] ] ] ] } },
{ "type": "Feature", "properties": { "fid": 806, "id": null, "FUNCTIE": "04_Talut1", "Info": null, "Verhaal": null }, "geometry": { "type": "MultiPolygon", "coordinates": [ [ [ [ 5.135773494158713, 52.071250301695606 ], [ 5.135798389497732, 52.071209607720959 ], [ 5.135790574867832, 52.071128976302994 ], [ 5.135758742296422, 52.071107759280856 ], [ 5.135774244680645, 52.071168625091083 ], [ 5.135769327804941, 52.071176124590195 ], [ 5.135773946018804, 52.071221946519557 ], [ 5.135766096040792, 52.071235932025154 ], [ 5.135773494158713, 52.071250301695606 ] ] ] ] } },
{ "type": "Feature", "properties": { "fid": 807, "id": null, "FUNCTIE": "05_Talut2", "Info": null, "Verhaal": null }, "geometry": { "type": "MultiPolygon", "coordinates": [ [ [ [ 5.135774244680645, 52.071168625091083 ], [ 5.135758742296422, 52.071107759280856 ], [ 5.135705288001299, 52.071107643452812 ], [ 5.135695041637904, 52.071166200430611 ], [ 5.135774244680645, 52.071168625091083 ] ] ] ] } },
{ "type": "Feature", "properties": { "fid": 808, "id": null, "FUNCTIE": "04_Talut1", "Info": null, "Verhaal": null }, "geometry": { "type": "MultiPolygon", "coordinates": [ [ [ [ 5.135706896258402, 52.07122555632143 ], [ 5.135717887384589, 52.071239840875229 ], [ 5.13576747591081, 52.071235820142341 ], [ 5.135773946018804, 52.071221946519557 ], [ 5.135706896258402, 52.07122555632143 ] ] ] ] } },
{ "type": "Feature", "properties": { "fid": 809, "id": null, "FUNCTIE": "04_Talut1", "Info": null, "Verhaal": null }, "geometry": { "type": "MultiPolygon", "coordinates": [ [ [ [ 5.135717887384589, 52.071239840875229 ], [ 5.135706896258402, 52.07122555632143 ], [ 5.13570106782665, 52.071178229732887 ], [ 5.135695041637904, 52.071166200430611 ], [ 5.135705288001299, 52.071107643452812 ], [ 5.135670905856309, 52.071133886273515 ], [ 5.13568014367851, 52.07121498413359 ], [ 5.135717721541924, 52.071251114296565 ], [ 5.135717887384589, 52.071239840875229 ] ] ] ] } },
{ "type": "Feature", "properties": { "fid": 810, "id": null, "FUNCTIE": "02_Maaiveld", "Info": null, "Verhaal": null }, "geometry": { "type": "MultiPolygon", "coordinates": [ [ [ [ 5.13568014367851, 52.07121498413359 ], [ 5.135671742739038, 52.071133865169877 ], [ 5.135616158024376, 52.071134237923282 ], [ 5.135624083291349, 52.07121486262718 ], [ 5.13568014367851, 52.07121498413359 ] ] ] ] } },
{ "type": "Feature", "properties": { "fid": 811, "id": null, "FUNCTIE": "04_Talut1", "Info": null, "Verhaal": null }, "geometry": { "type": "MultiPolygon", "coordinates": [ [ [ [ 5.135624083291349, 52.07121486262718 ], [ 5.135602353997133, 52.071253857261439 ], [ 5.135717721541924, 52.071251114296565 ], [ 5.13568014367851, 52.07121498413359 ], [ 5.135624083291349, 52.07121486262718 ] ] ] ] } },
{ "type": "Feature", "properties": { "fid": 812, "id": null, "FUNCTIE": "04_Talut1", "Info": null, "Verhaal": null }, "geometry": { "type": "MultiPolygon", "coordinates": [ [ [ [ 5.135624083291349, 52.07121486262718 ], [ 5.135616158024376, 52.071134237923282 ], [ 5.135592333917693, 52.071111696219361 ], [ 5.135613346464462, 52.071173533512436 ], [ 5.135602463799358, 52.071181861369972 ], [ 5.135607227446418, 52.071225340302597 ], [ 5.135594741929316, 52.071241051915841 ], [ 5.135602353997133, 52.071253857261439 ], [ 5.135624083291349, 52.07121486262718 ] ] ] ] } },
{ "type": "Feature", "properties": { "fid": 813, "id": null, "FUNCTIE": "05_Talut2", "Info": null, "Verhaal": null }, "geometry": { "type": "MultiPolygon", "coordinates": [ [ [ [ 5.135613346464462, 52.071173533512436 ], [ 5.135591929545569, 52.071111313613535 ], [ 5.135537621144699, 52.071111427504626 ], [ 5.135522563599253, 52.071173336678761 ], [ 5.135613346464462, 52.071173533512436 ] ] ] ] } },
{ "type": "Feature", "properties": { "fid": 814, "id": null, "FUNCTIE": "04_Talut1", "Info": null, "Verhaal": null }, "geometry": { "type": "MultiPolygon", "coordinates": [ [ [ [ 5.135535044279365, 52.071227797312879 ], [ 5.135543461967349, 52.071240238172798 ], [ 5.135594741929316, 52.071241051915841 ], [ 5.135607227446418, 52.071225340302597 ], [ 5.135535044279365, 52.071227797312879 ] ] ] ] } },
{ "type": "Feature", "properties": { "fid": 815, "id": null, "FUNCTIE": "04_Talut1", "Info": null, "Verhaal": null }, "geometry": { "type": "MultiPolygon", "coordinates": [ [ [ [ 5.135543461967349, 52.071240238172798 ], [ 5.135535044279365, 52.071227797312879 ], [ 5.135529121707116, 52.071181702350366 ], [ 5.135522563599253, 52.071173336678761 ], [ 5.135537621144699, 52.071111427504626 ], [ 5.135502988877039, 52.071137732590529 ], [ 5.135514368324113, 52.071220257366917 ], [ 5.135541880185623, 52.071253751993531 ], [ 5.135543461967349, 52.071240238172798 ] ] ] ] } },
{ "type": "Feature", "properties": { "fid": 816, "id": null, "FUNCTIE": "04_Talut1", "Info": null, "Verhaal": null }, "geometry": { "type": "MultiPolygon", "coordinates": [ [ [ [ 5.135514368324113, 52.071220257366917 ], [ 5.135455870501232, 52.071220130494993 ], [ 5.135434940707649, 52.071257848890085 ], [ 5.135541880185623, 52.071253751993531 ], [ 5.135514368324113, 52.071220257366917 ] ] ] ] } },
{ "type": "Feature", "properties": { "fid": 817, "id": null, "FUNCTIE": "04_Talut1", "Info": null, "Verhaal": null }, "geometry": { "type": "MultiPolygon", "coordinates": [ [ [ [ 5.135455870501232, 52.071220130494993 ], [ 5.135450656607341, 52.07113861102826 ], [ 5.135414811913096, 52.071117532543134 ], [ 5.1354402906065, 52.071173158235609 ], [ 5.135435365244518, 52.071182159736075 ], [ 5.135435215705975, 52.071208820459589 ], [ 5.135435004406538, 52.071246492262901 ], [ 5.135434940707649, 52.071257848890085 ], [ 5.135455870501232, 52.071220130494993 ] ] ] ] } },
{ "type": "Feature", "properties": { "fid": 818, "id": null, "FUNCTIE": "05_Talut2", "Info": null, "Verhaal": null }, "geometry": { "type": "MultiPolygon", "coordinates": [ [ [ [ 5.1354402906065, 52.071173158235609 ], [ 5.135415082118655, 52.071117573269355 ], [ 5.135101487623558, 52.071124335212957 ], [ 5.135095346792209, 52.071181421644617 ], [ 5.1354402906065, 52.071173158235609 ] ] ] ] } },
{ "type": "Feature", "properties": { "fid": 819, "id": null, "FUNCTIE": "04_Talut1", "Info": null, "Verhaal": null }, "geometry": { "type": "MultiPolygon", "coordinates": [ [ [ [ 5.135101487623558, 52.071124335212957 ], [ 5.135073629476619, 52.07114232165182 ], [ 5.135082885548206, 52.071230210598706 ], [ 5.135116802638739, 52.071267084041068 ], [ 5.135116892714891, 52.071251045620606 ], [ 5.135106102122331, 52.071219371300131 ], [ 5.13510628560686, 52.071186702515078 ], [ 5.135095346792209, 52.071181421644617 ], [ 5.135101487623558, 52.071124335212957 ] ] ] ] } },
{ "type": "Feature", "properties": { "fid": 820, "id": null, "FUNCTIE": "04_Talut1", "Info": null, "Verhaal": null }, "geometry": { "type": "MultiPolygon", "coordinates": [ [ [ [ 5.135106102122331, 52.071219371300131 ], [ 5.135116890226165, 52.071251488748615 ], [ 5.135435002585765, 52.071246816881455 ], [ 5.135435215705975, 52.071208820459589 ], [ 5.135106102122331, 52.071219371300131 ] ] ] ] } },
{ "type": "Feature", "properties": { "fid": 821, "id": null, "FUNCTIE": "04_Talut1", "Info": null, "Verhaal": null }, "geometry": { "type": "MultiPolygon", "coordinates": [ [ [ [ 5.135082885548206, 52.071230210598706 ], [ 5.135033190523951, 52.071234100695612 ], [ 5.13500276129941, 52.071270534404917 ], [ 5.135116728147614, 52.071267086294874 ], [ 5.135082885548206, 52.071230210598706 ] ] ] ] } },
{ "type": "Feature", "properties": { "fid": 822, "id": null, "FUNCTIE": "04_Talut1", "Info": null, "Verhaal": null }, "geometry": { "type": "MultiPolygon", "coordinates": [ [ [ [ 5.13500276129941, 52.071270534404917 ], [ 5.135033190523951, 52.071234100695612 ], [ 5.135023454034447, 52.071142948773819 ], [ 5.134996079798075, 52.071127483289509 ], [ 5.135015791936487, 52.071186505920501 ], [ 5.135008759685165, 52.071191747750738 ], [ 5.135008481183568, 52.07124131418886 ], [ 5.134999793121345, 52.071261771105711 ], [ 5.13500276129941, 52.071270534404917 ] ] ] ] } },
{ "type": "Feature", "properties": { "fid": 823, "id": null, "FUNCTIE": "05_Talut2", "Info": null, "Verhaal": null }, "geometry": { "type": "MultiPolygon", "coordinates": [ [ [ [ 5.134923037535884, 52.071191561453389 ], [ 5.135015791936487, 52.071186505920501 ], [ 5.134996079798075, 52.071127483289509 ], [ 5.134884935967135, 52.071127002468508 ], [ 5.134923037535884, 52.071191561453389 ] ] ] ] } },
{ "type": "Feature", "properties": { "fid": 824, "id": null, "FUNCTIE": "05_Talut2", "Info": null, "Verhaal": null }, "geometry": { "type": "MultiPolygon", "coordinates": [ [ [ [ 5.134884935967135, 52.071127002468508 ], [ 5.134812956897542, 52.071165116891166 ], [ 5.13487088555374, 52.071219986687268 ], [ 5.134923037535884, 52.071191561453389 ], [ 5.134884935967135, 52.071127002468508 ] ] ] ] } },
{ "type": "Feature", "properties": { "fid": 825, "id": null, "FUNCTIE": "04_Talut1", "Info": null, "Verhaal": null }, "geometry": { "type": "MultiPolygon", "coordinates": [ [ [ [ 5.134812956897542, 52.071165116891166 ], [ 5.134821101238085, 52.071203960215932 ], [ 5.134897505004958, 52.071254215780378 ], [ 5.134944299710637, 52.071270852071535 ], [ 5.134922685065489, 52.071254270513599 ], [ 5.134883051506223, 52.07122376821556 ], [ 5.13487088555374, 52.071219986687268 ], [ 5.134812956897542, 52.071165116891166 ] ] ] ] } },
{ "type": "Feature", "properties": { "fid": 826, "id": null, "FUNCTIE": "04_Talut1", "Info": null, "Verhaal": null }, "geometry": { "type": "MultiPolygon", "coordinates": [ [ [ [ 5.134922685065489, 52.071254270513599 ], [ 5.134944299710637, 52.071270852071535 ], [ 5.134999793121345, 52.071261771105711 ], [ 5.135008481183568, 52.07124131418886 ], [ 5.134922685065489, 52.071254270513599 ] ] ] ] } },
{ "type": "Feature", "properties": { "fid": 827, "id": null, "FUNCTIE": "04_Talut1", "Info": null, "Verhaal": null }, "geometry": { "type": "MultiPolygon", "coordinates": [ [ [ [ 5.134944299710637, 52.071270852071535 ], [ 5.134897505004958, 52.071254215780378 ], [ 5.1348571926664, 52.071271026002634 ], [ 5.13487119641966, 52.07131149394494 ], [ 5.134902483574349, 52.071306970440496 ], [ 5.13495685453389, 52.071279617857385 ], [ 5.134944299710637, 52.071270852071535 ] ] ] ] } },
{ "type": "Feature", "properties": { "fid": 828, "id": null, "FUNCTIE": "04_Talut1", "Info": null, "Verhaal": null }, "geometry": { "type": "MultiPolygon", "coordinates": [ [ [ [ 5.13487119641966, 52.07131149394494 ], [ 5.1348571926664, 52.071271026002634 ], [ 5.134786654179839, 52.071222318286516 ], [ 5.134738795387977, 52.071210880016608 ], [ 5.134792791210891, 52.071237090248751 ], [ 5.13479272785913, 52.071248355351166 ], [ 5.134841277681917, 52.071283758672685 ], [ 5.134850321724196, 52.071297703930298 ], [ 5.13487119641966, 52.07131149394494 ] ] ] ] } },
{ "type": "Feature", "properties": { "fid": 829, "id": null, "FUNCTIE": "05_Talut2", "Info": null, "Verhaal": null }, "geometry": { "type": "MultiPolygon", "coordinates": [ [ [ [ 5.134792791210891, 52.071237090248751 ], [ 5.134737965491772, 52.071210752489904 ], [ 5.134311545594509, 52.071426800893882 ], [ 5.134391887605515, 52.071443498259505 ], [ 5.134686400816754, 52.071301358914717 ], [ 5.134792791210891, 52.071237090248751 ] ] ] ] } },
{ "type": "Feature", "properties": { "fid": 830, "id": null, "FUNCTIE": "04_Talut1", "Info": null, "Verhaal": null }, "geometry": { "type": "MultiPolygon", "coordinates": [ [ [ [ 5.134793591797549, 52.071311442577198 ], [ 5.134792300221678, 52.071324396945656 ], [ 5.134850321724196, 52.071297703930298 ], [ 5.134841277681917, 52.071283758672685 ], [ 5.134793591797549, 52.071311442577198 ] ] ] ] } },
{ "type": "Feature", "properties": { "fid": 831, "id": null, "FUNCTIE": "04_Talut1", "Info": null, "Verhaal": null }, "geometry": { "type": "MultiPolygon", "coordinates": [ [ [ [ 5.134792300221678, 52.071324396945656 ], [ 5.134793591797549, 52.071311442577198 ], [ 5.134767783164367, 52.071292611048989 ], [ 5.134792300221678, 52.071324396945656 ] ] ] ] } },
{ "type": "Feature", "properties": { "fid": 832, "id": null, "FUNCTIE": "04_Talut1", "Info": null, "Verhaal": null }, "geometry": { "type": "MultiPolygon", "coordinates": [ [ [ [ 5.134468699091909, 52.071476647090435 ], [ 5.134483799116369, 52.071485046068005 ], [ 5.134745872871539, 52.071346763574603 ], [ 5.134714320785729, 52.071321033377657 ], [ 5.134708206113901, 52.071324775157223 ], [ 5.134730028822761, 52.071345100062047 ], [ 5.134468699091909, 52.071476647090435 ] ] ] ] } },
{ "type": "Feature", "properties": { "fid": 833, "id": null, "FUNCTIE": "04_Talut1", "Info": null, "Verhaal": null }, "geometry": { "type": "MultiPolygon", "coordinates": [ [ [ [ 5.134483799116369, 52.071485046068005 ], [ 5.134468699091909, 52.071476647090435 ], [ 5.134453902432046, 52.071468416846223 ], [ 5.134391824149559, 52.071454763368983 ], [ 5.134391887605515, 52.071443498259505 ], [ 5.134313196688431, 52.071425964363492 ], [ 5.134273058831516, 52.071433101130985 ], [ 5.134483799116369, 52.071485046068005 ] ] ] ] } },
{ "type": "Feature", "properties": { "fid": 834, "id": null, "FUNCTIE": "04_Talut1", "Info": null, "Verhaal": null }, "geometry": { "type": "MultiPolygon", "coordinates": [ [ [ [ 5.134754089849887, 52.071342427885341 ], [ 5.134851460167428, 52.07137534929668 ], [ 5.134863460755509, 52.071378829518764 ], [ 5.134878961355837, 52.071381663575067 ], [ 5.135543596511009, 52.07136789713595 ], [ 5.135014960834156, 52.071334425606551 ], [ 5.134930808639417, 52.071341622821272 ], [ 5.134847025544461, 52.071333613582738 ], [ 5.134754089849887, 52.071342427885341 ] ] ] ] } },
{ "type": "Feature", "properties": { "fid": 835, "id": null, "FUNCTIE": "04_Talut1", "Info": null, "Verhaal": null }, "geometry": { "type": "MultiPolygon", "coordinates": [ [ [ [ 5.135050474236959, 52.071302150400911 ], [ 5.135584163188699, 52.071332556061627 ], [ 5.135960425142743, 52.07132047667249 ], [ 5.135805732731765, 52.071655533026195 ], [ 5.136031586000152, 52.071350551146715 ], [ 5.136033217337054, 52.071339607945347 ], [ 5.136029299950372, 52.0713249968992 ], [ 5.136024077281879, 52.071316891742825 ], [ 5.13601521797735, 52.071307632246949 ], [ 5.136003167634111, 52.07129872724834 ], [ 5.135992695664883, 52.071293059022018 ], [ 5.135978217930942, 52.071287347843452 ], [ 5.135960510850652, 52.071282664412053 ], [ 5.135944816011887, 52.071280045686485 ], [ 5.135926718009416, 52.071278305142933 ], [ 5.135903989074252, 52.071277973733523 ], [ 5.135886729777394, 52.071279004652595 ], [ 5.135050474236959, 52.071302150400911 ] ] ] ] } },
{ "type": "Feature", "properties": { "fid": 836, "id": null, "FUNCTIE": "04_Talut1", "Info": null, "Verhaal": null }, "geometry": { "type": "MultiPolygon", "coordinates": [ [ [ [ 5.135858156515381, 52.071673816092719 ], [ 5.136111976176939, 52.0714309166557 ], [ 5.136231679956786, 52.07160186983797 ], [ 5.136465394573899, 52.071828199553508 ], [ 5.136317890695065, 52.071615708183188 ], [ 5.136150308958788, 52.071390192190741 ], [ 5.136141763867555, 52.071381430043033 ], [ 5.13613508930504, 52.071375752459865 ], [ 5.136128291009226, 52.071370898094536 ], [ 5.136121014891722, 52.071367807800186 ], [ 5.136112463473164, 52.071366203730086 ], [ 5.136092122986388, 52.071368123723026 ], [ 5.135858156515381, 52.071673816092719 ] ] ] ] } },
{ "type": "Feature", "properties": { "fid": 837, "id": null, "FUNCTIE": "04_Talut1", "Info": null, "Verhaal": null }, "geometry": { "type": "MultiPolygon", "coordinates": [ [ [ [ 5.136179989953974, 52.071623065126325 ], [ 5.136359668204912, 52.071869391162799 ], [ 5.136251915837545, 52.072062010401297 ], [ 5.136343086381984, 52.072125253844625 ], [ 5.136359063237263, 52.072115064625457 ], [ 5.136387031337005, 52.072131731981905 ], [ 5.13637640406125, 52.07210833042938 ], [ 5.136370099955037, 52.07209432884634 ], [ 5.136367551066782, 52.072088656829656 ], [ 5.136361649424226, 52.072081130351563 ], [ 5.136350535373487, 52.072072115309687 ], [ 5.136342803857525, 52.072067714846519 ], [ 5.136337379623383, 52.072065219505809 ], [ 5.136331488494493, 52.0720628048321 ], [ 5.136326812284948, 52.072060724440178 ], [ 5.136322464337251, 52.072056891706467 ], [ 5.136324011635781, 52.072051010013354 ], [ 5.136326328872594, 52.072048684334263 ], [ 5.136329263955956, 52.072045832864738 ], [ 5.136334388776806, 52.072039984395495 ], [ 5.13641149579307, 52.071895610133588 ], [ 5.136415488929904, 52.07189147546147 ], [ 5.13642086053718, 52.071881054033277 ], [ 5.136422905474332, 52.071871138765509 ], [ 5.136421344893182, 52.071854010471618 ], [ 5.136407542160677, 52.071835400522325 ], [ 5.136179989953974, 52.071623065126325 ] ] ] ] } },
{ "type": "Feature", "properties": { "fid": 838, "id": null, "FUNCTIE": "04_Talut1", "Info": null, "Verhaal": null }, "geometry": { "type": "MultiPolygon", "coordinates": [ [ [ [ 5.13637640406125, 52.07210833042938 ], [ 5.136387031337005, 52.072131731981905 ], [ 5.136437911275929, 52.072162061611238 ], [ 5.136441737707849, 52.072160971202564 ], [ 5.136463848957452, 52.072123342764478 ], [ 5.136400932057126, 52.072106356266133 ], [ 5.13637640406125, 52.07210833042938 ] ] ] ] } },
{ "type": "Feature", "properties": { "fid": 839, "id": null, "FUNCTIE": "04_Talut1", "Info": null, "Verhaal": null }, "geometry": { "type": "MultiPolygon", "coordinates": [ [ [ [ 5.136437911275929, 52.072162061611238 ], [ 5.136545055508598, 52.072225924161103 ], [ 5.136516017869174, 52.072195100130017 ], [ 5.136458522143056, 52.07215618818222 ], [ 5.136441737707849, 52.072160971202564 ], [ 5.136437911275929, 52.072162061611238 ] ] ] ] } },
{ "type": "Feature", "properties": { "fid": 840, "id": null, "FUNCTIE": "05_Talut2", "Info": null, "Verhaal": null }, "geometry": { "type": "MultiPolygon", "coordinates": [ [ [ [ 5.136458522143056, 52.07215618818222 ], [ 5.136516017869174, 52.072195100130017 ], [ 5.136579531083062, 52.072098600034948 ], [ 5.136504034492649, 52.072081184929921 ], [ 5.136458522143056, 52.07215618818222 ] ] ] ] } },
{ "type": "Feature", "properties": { "fid": 841, "id": null, "FUNCTIE": "04_Talut1", "Info": null, "Verhaal": null }, "geometry": { "type": "MultiPolygon", "coordinates": [ [ [ [ 5.136487194186792, 52.072081148566703 ], [ 5.136504034492649, 52.072081184929921 ], [ 5.136579531083062, 52.072098600034948 ], [ 5.136548872610424, 52.072075729509727 ], [ 5.13642959463189, 52.072053424361364 ], [ 5.136373663908306, 52.072059625953329 ], [ 5.136401574522568, 52.072068196390447 ], [ 5.136429533051129, 52.072064448020555 ], [ 5.136487194186792, 52.072081148566703 ] ] ] ] } },
{ "type": "Feature", "properties": { "fid": 842, "id": null, "FUNCTIE": "04_Talut1", "Info": null, "Verhaal": null }, "geometry": { "type": "MultiPolygon", "coordinates": [ [ [ [ 5.136400932057126, 52.072106356266133 ], [ 5.136429533051129, 52.072064448020555 ], [ 5.136401574522568, 52.072068196390447 ], [ 5.13637640406125, 52.07210833042938 ], [ 5.136400932057126, 52.072106356266133 ] ] ] ] } },
{ "type": "Feature", "properties": { "fid": 843, "id": null, "FUNCTIE": "04_Talut1", "Info": null, "Verhaal": null }, "geometry": { "type": "MultiPolygon", "coordinates": [ [ [ [ 5.136373663908306, 52.072059625953329 ], [ 5.13642959463189, 52.072053424361364 ], [ 5.136453476728538, 52.072023059823415 ], [ 5.136407017109026, 52.071994608892233 ], [ 5.136373663908306, 52.072059625953329 ] ] ] ] } },
{ "type": "Feature", "properties": { "fid": 844, "id": null, "FUNCTIE": "04_Talut1", "Info": null, "Verhaal": null }, "geometry": { "type": "MultiPolygon", "coordinates": [ [ [ [ 5.136453476728538, 52.072023059823415 ], [ 5.136569459006344, 52.072046553660961 ], [ 5.136610671579272, 52.072046753434925 ], [ 5.136525918293033, 52.072029412129929 ], [ 5.136518996399706, 52.072020645825809 ], [ 5.136442615180841, 52.072003885476072 ], [ 5.136422826611591, 52.071993899757516 ], [ 5.136406960463253, 52.071994713312961 ], [ 5.136453476728538, 52.072023059823415 ] ] ] ] } },
{ "type": "Feature", "properties": { "fid": 845, "id": null, "FUNCTIE": "04_Talut1", "Info": null, "Verhaal": null }, "geometry": { "type": "MultiPolygon", "coordinates": [ [ [ [ 5.136422826611591, 52.071993899757516 ], [ 5.136442615180841, 52.072003885476072 ], [ 5.136464747267576, 52.071969011068227 ], [ 5.136438208535634, 52.071965956885798 ], [ 5.136422826611591, 52.071993899757516 ] ] ] ] } },
{ "type": "Feature", "properties": { "fid": 846, "id": null, "FUNCTIE": "05_Talut2", "Info": null, "Verhaal": null }, "geometry": { "type": "MultiPolygon", "coordinates": [ [ [ [ 5.136525918293033, 52.072029412129929 ], [ 5.136610671579272, 52.072046753434925 ], [ 5.136631140623797, 52.07201440483437 ], [ 5.136554042394208, 52.071984411940001 ], [ 5.136525918293033, 52.072029412129929 ] ] ] ] } },
{ "type": "Feature", "properties": { "fid": 847, "id": null, "FUNCTIE": "04_Talut1", "Info": null, "Verhaal": null }, "geometry": { "type": "MultiPolygon", "coordinates": [ [ [ [ 5.136424336182638, 52.071962755104153 ], [ 5.136438952011488, 52.071966230414745 ], [ 5.136464747267576, 52.071969011068227 ], [ 5.136537541110153, 52.071984376314056 ], [ 5.136554042394208, 52.071984411940001 ], [ 5.136631140623797, 52.07201440483437 ], [ 5.136616773019155, 52.071990354967191 ], [ 5.136490377152331, 52.071962494912874 ], [ 5.136424336182638, 52.071962755104153 ] ] ] ] } },
{ "type": "Feature", "properties": { "fid": 848, "id": null, "FUNCTIE": "04_Talut1", "Info": null, "Verhaal": null }, "geometry": { "type": "MultiPolygon", "coordinates": [ [ [ [ 5.136490377152331, 52.071962494912874 ], [ 5.136510653833778, 52.071932498214629 ], [ 5.136465104218074, 52.07189860419755 ], [ 5.136424336182638, 52.071962755104153 ], [ 5.136490377152331, 52.071962494912874 ] ] ] ] } },
{ "type": "Feature", "properties": { "fid": 849, "id": null, "FUNCTIE": "04_Talut1", "Info": null, "Verhaal": null }, "geometry": { "type": "MultiPolygon", "coordinates": [ [ [ [ 5.136510653833778, 52.071932498214629 ], [ 5.136631244879727, 52.07196004037214 ], [ 5.136674603148545, 52.071948356512657 ], [ 5.136579181352182, 52.071940531826854 ], [ 5.136569152484525, 52.071932624518311 ], [ 5.136543609645448, 52.071923557191475 ], [ 5.136487324474251, 52.071903709711734 ], [ 5.136465104218074, 52.07189860419755 ], [ 5.136510653833778, 52.071932498214629 ] ] ] ] } },
{ "type": "Feature", "properties": { "fid": 850, "id": null, "FUNCTIE": "05_Talut2", "Info": null, "Verhaal": null }, "geometry": { "type": "MultiPolygon", "coordinates": [ [ [ [ 5.136579181352182, 52.071940531826854 ], [ 5.136674396155116, 52.07194840698962 ], [ 5.136764738043874, 52.071805360197978 ], [ 5.136653919105805, 52.071811892915242 ], [ 5.136579181352182, 52.071940531826854 ] ] ] ] } },
{ "type": "Feature", "properties": { "fid": 851, "id": null, "FUNCTIE": "04_Talut1", "Info": null, "Verhaal": null }, "geometry": { "type": "MultiPolygon", "coordinates": [ [ [ [ 5.136543609645448, 52.071923557191475 ], [ 5.136587115521476, 52.071856593274944 ], [ 5.136520976709512, 52.071848587688997 ], [ 5.136487324474251, 52.071903709711734 ], [ 5.136543609645448, 52.071923557191475 ] ] ] ] } },
{ "type": "Feature", "properties": { "fid": 852, "id": null, "FUNCTIE": "04_Talut1", "Info": null, "Verhaal": null }, "geometry": { "type": "MultiPolygon", "coordinates": [ [ [ [ 5.136520976709512, 52.071848587688997 ], [ 5.136587115521476, 52.071856593274944 ], [ 5.136544049942336, 52.071844701560522 ], [ 5.136520976709512, 52.071848587688997 ] ] ] ] } },
{ "type": "Feature", "properties": { "fid": 853, "id": null, "FUNCTIE": "04_Talut1", "Info": null, "Verhaal": null }, "geometry": { "type": "MultiPolygon", "coordinates": [ [ [ [ 5.136520976709512, 52.071848587688997 ], [ 5.136544049942336, 52.071844701560522 ], [ 5.136557653555072, 52.071795727203238 ], [ 5.136533219725038, 52.071812636817704 ], [ 5.136520976709512, 52.071848587688997 ] ] ] ] } },
{ "type": "Feature", "properties": { "fid": 854, "id": null, "FUNCTIE": "05_Talut2", "Info": null, "Verhaal": null }, "geometry": { "type": "MultiPolygon", "coordinates": [ [ [ [ 5.136653919105805, 52.071811892915242 ], [ 5.136764738043874, 52.071805360197978 ], [ 5.136715613910593, 52.071747506117887 ], [ 5.136625213915281, 52.071769399776997 ], [ 5.136653919105805, 52.071811892915242 ] ] ] ] } },
{ "type": "Feature", "properties": { "fid": 855, "id": null, "FUNCTIE": "04_Talut1", "Info": null, "Verhaal": null }, "geometry": { "type": "MultiPolygon", "coordinates": [ [ [ [ 5.136533219725038, 52.071812636817704 ], [ 5.136557653555072, 52.071795727203238 ], [ 5.136615716020239, 52.071778391453918 ], [ 5.136625213915281, 52.071769399776997 ], [ 5.136715613910593, 52.071747506117887 ], [ 5.136671770494273, 52.071746859405806 ], [ 5.136562698666597, 52.071778840259149 ], [ 5.13652097573713, 52.071814610616563 ], [ 5.136533219725038, 52.071812636817704 ] ] ] ] } },
{ "type": "Feature", "properties": { "fid": 856, "id": null, "FUNCTIE": "04_Talut1", "Info": null, "Verhaal": null }, "geometry": { "type": "MultiPolygon", "coordinates": [ [ [ [ 5.136644965070334, 52.071714715877953 ], [ 5.13668038011157, 52.071686511784833 ], [ 5.136591341365436, 52.071723815246017 ], [ 5.136578266971423, 52.071723787019224 ], [ 5.136558018350144, 52.071730389689968 ], [ 5.136480437192239, 52.071741666458244 ], [ 5.136466016285903, 52.071752286579944 ], [ 5.136533924270389, 52.07174667223979 ], [ 5.136644965070334, 52.071714715877953 ] ] ] ] } },
{ "type": "Feature", "properties": { "fid": 857, "id": null, "FUNCTIE": "04_Talut1", "Info": null, "Verhaal": null }, "geometry": { "type": "MultiPolygon", "coordinates": [ [ [ [ 5.136533924270389, 52.07174667223979 ], [ 5.136466016285903, 52.071752286579944 ], [ 5.13652097573713, 52.071814610616563 ], [ 5.136562698666597, 52.071778840259149 ], [ 5.136533924270389, 52.07174667223979 ] ] ] ] } },
{ "type": "Feature", "properties": { "fid": 858, "id": null, "FUNCTIE": "05_Talut2", "Info": null, "Verhaal": null }, "geometry": { "type": "MultiPolygon", "coordinates": [ [ [ [ 5.136591341365436, 52.071723815246017 ], [ 5.13668038011157, 52.071686511784833 ], [ 5.136626002624094, 52.071628096480694 ], [ 5.136530552511361, 52.071642802686597 ], [ 5.136591341365436, 52.071723815246017 ] ] ] ] } },
{ "type": "Feature", "properties": { "fid": 859, "id": null, "FUNCTIE": "04_Talut1", "Info": null, "Verhaal": null }, "geometry": { "type": "MultiPolygon", "coordinates": [ [ [ [ 5.136497567390985, 52.071657029249621 ], [ 5.136437996957711, 52.071684317651417 ], [ 5.136480437192239, 52.071741666458244 ], [ 5.136558018350144, 52.071730389689968 ], [ 5.136497567390985, 52.071657029249621 ] ] ] ] } },
{ "type": "Feature", "properties": { "fid": 860, "id": null, "FUNCTIE": "04_Talut1", "Info": null, "Verhaal": null }, "geometry": { "type": "MultiPolygon", "coordinates": [ [ [ [ 5.136438139869984, 52.071684510766751 ], [ 5.136497567390985, 52.071657029249621 ], [ 5.136523977290242, 52.071650012842895 ], [ 5.136530552511361, 52.071642802686597 ], [ 5.136626144903674, 52.071628249325521 ], [ 5.13658046981609, 52.0716194175805 ], [ 5.136466490175742, 52.07165696212639 ], [ 5.136417418574603, 52.071687464511371 ], [ 5.136438139869984, 52.071684510766751 ] ] ] ] } },
{ "type": "Feature", "properties": { "fid": 861, "id": null, "FUNCTIE": "04_Talut1", "Info": null, "Verhaal": null }, "geometry": { "type": "MultiPolygon", "coordinates": [ [ [ [ 5.136466490175742, 52.07165696212639 ], [ 5.136444730523373, 52.071625190380409 ], [ 5.136367643316182, 52.071625023828531 ], [ 5.136417418574603, 52.071687464511371 ], [ 5.136466490175742, 52.07165696212639 ] ] ] ] } },
{ "type": "Feature", "properties": { "fid": 862, "id": null, "FUNCTIE": "04_Talut1", "Info": null, "Verhaal": null }, "geometry": { "type": "MultiPolygon", "coordinates": [ [ [ [ 5.136444730523373, 52.071625190380409 ], [ 5.136558815590194, 52.071587597293792 ], [ 5.136578920232821, 52.071565791471123 ], [ 5.136497874483591, 52.071602040072626 ], [ 5.13648205170478, 52.071601277552432 ], [ 5.136412379488362, 52.071618549414744 ], [ 5.13638794570647, 52.071618460246697 ], [ 5.136367643316182, 52.071625023828531 ], [ 5.136444730523373, 52.071625190380409 ] ] ] ] } },
{ "type": "Feature", "properties": { "fid": 863, "id": null, "FUNCTIE": "05_Talut2", "Info": null, "Verhaal": null }, "geometry": { "type": "MultiPolygon", "coordinates": [ [ [ [ 5.136497874483591, 52.071602040072626 ], [ 5.13657914749841, 52.071566063996727 ], [ 5.136524181572828, 52.071500808605315 ], [ 5.136436196366089, 52.07151665059704 ], [ 5.136497874483591, 52.071602040072626 ] ] ] ] } },
{ "type": "Feature", "properties": { "fid": 864, "id": null, "FUNCTIE": "04_Talut1", "Info": null, "Verhaal": null }, "geometry": { "type": "MultiPolygon", "coordinates": [ [ [ [ 5.136354683768286, 52.07154576404902 ], [ 5.136339186754372, 52.071554191256368 ], [ 5.13638794570647, 52.071618460246697 ], [ 5.136412379488362, 52.071618549414744 ], [ 5.136354683768286, 52.07154576404902 ] ] ] ] } },
{ "type": "Feature", "properties": { "fid": 865, "id": null, "FUNCTIE": "04_Talut1", "Info": null, "Verhaal": null }, "geometry": { "type": "MultiPolygon", "coordinates": [ [ [ [ 5.136339186754372, 52.071554191256368 ], [ 5.136354683768286, 52.07154576404902 ], [ 5.136424269887582, 52.071524510486242 ], [ 5.136436196366089, 52.07151665059704 ], [ 5.136524809905651, 52.071500904945331 ], [ 5.136484272496807, 52.071493653354459 ], [ 5.136370421863785, 52.0715266471788 ], [ 5.136318242289995, 52.071560266608408 ], [ 5.136339186754372, 52.071554191256368 ] ] ] ] } },
{ "type": "Feature", "properties": { "fid": 866, "id": null, "FUNCTIE": "05_Talut2", "Info": null, "Verhaal": null }, "geometry": { "type": "MultiPolygon", "coordinates": [ [ [ [ 5.134290584847443, 52.070311145786796 ], [ 5.134481863307157, 52.070205655350009 ], [ 5.134620674694669, 52.070119320753818 ], [ 5.134689333017956, 52.070061166887605 ], [ 5.134880203672939, 52.06987909487713 ], [ 5.134718474585447, 52.069675412699191 ], [ 5.134146599499247, 52.070123517657024 ], [ 5.134290584847443, 52.070311145786796 ] ] ] ] } },
{ "type": "Feature", "properties": { "fid": 867, "id": null, "FUNCTIE": "04_Talut1", "Info": null, "Verhaal": null }, "geometry": { "type": "MultiPolygon", "coordinates": [ [ [ [ 5.134290584847443, 52.070311145786796 ], [ 5.134192484496401, 52.070359579673323 ], [ 5.134084460384775, 52.070406684989187 ], [ 5.134067636308123, 52.070443438848528 ], [ 5.134300519880193, 52.070324894586051 ], [ 5.13433226541594, 52.070306410318032 ], [ 5.134444182395857, 52.070238228004115 ], [ 5.134533208988786, 52.070180526844794 ], [ 5.134620674694669, 52.070119320753818 ], [ 5.134480089273297, 52.07020673059413 ], [ 5.134290584847443, 52.070311145786796 ] ] ] ] } },
{ "type": "Feature", "properties": { "fid": 868, "id": null, "FUNCTIE": "04_Talut1", "Info": null, "Verhaal": null }, "geometry": { "type": "MultiPolygon", "coordinates": [ [ [ [ 5.134975794836106, 52.069745836763737 ], [ 5.135100984908747, 52.069627985399663 ], [ 5.135074255128647, 52.069626825324448 ], [ 5.135005425541204, 52.069676674078885 ], [ 5.134975794836106, 52.069745836763737 ] ] ] ] } },
{ "type": "Feature", "properties": { "fid": 869, "id": null, "FUNCTIE": "04_Talut1", "Info": null, "Verhaal": null }, "geometry": { "type": "MultiPolygon", "coordinates": [ [ [ [ 5.135005425541204, 52.069676674078885 ], [ 5.134566832401606, 52.067991666573626 ], [ 5.134528129119572, 52.068012079858008 ], [ 5.134975794836106, 52.069745836763737 ], [ 5.135005425541204, 52.069676674078885 ] ] ] ] } },
{ "type": "Feature", "properties": { "fid": 870, "id": null, "FUNCTIE": "04_Talut1", "Info": null, "Verhaal": null }, "geometry": { "type": "MultiPolygon", "coordinates": [ [ [ [ 5.135074255128647, 52.069626825324448 ], [ 5.135100984908747, 52.069627985399663 ], [ 5.135054161258129, 52.069445565299368 ], [ 5.134664541275479, 52.067931574385085 ], [ 5.134639329458451, 52.067942575372363 ], [ 5.135074255128647, 52.069626825324448 ] ] ] ] } },
{ "type": "Feature", "properties": { "fid": 871, "id": null, "FUNCTIE": "04_Talut1", "Info": null, "Verhaal": null }, "geometry": { "type": "MultiPolygon", "coordinates": [ [ [ [ 5.134528129119572, 52.068012079858008 ], [ 5.134566832401606, 52.067991666573626 ], [ 5.132837262341394, 52.067828718621158 ], [ 5.132835288954319, 52.067852401037904 ], [ 5.134528129119572, 52.068012079858008 ] ] ] ] } },
{ "type": "Feature", "properties": { "fid": 872, "id": null, "FUNCTIE": "04_Talut1", "Info": null, "Verhaal": null }, "geometry": { "type": "MultiPolygon", "coordinates": [ [ [ [ 5.134639329458451, 52.067942575372363 ], [ 5.134664541275479, 52.067931574385085 ], [ 5.132823270562067, 52.067746243136824 ], [ 5.132822968536196, 52.067769933715034 ], [ 5.134639329458451, 52.067942575372363 ] ] ] ] } },
{ "type": "Feature", "properties": { "fid": 873, "id": null, "FUNCTIE": "04_Talut1", "Info": null, "Verhaal": null }, "geometry": { "type": "MultiPolygon", "coordinates": [ [ [ [ 5.132837262341394, 52.067828718621158 ], [ 5.132081292397729, 52.067996018891577 ], [ 5.132072501585402, 52.068029968886265 ], [ 5.132835288954319, 52.067852401037904 ], [ 5.132837262341394, 52.067828718621158 ] ] ] ] } },
{ "type": "Feature", "properties": { "fid": 874, "id": null, "FUNCTIE": "04_Talut1", "Info": null, "Verhaal": null }, "geometry": { "type": "MultiPolygon", "coordinates": [ [ [ [ 5.132823270562067, 52.067746243136824 ], [ 5.131950499929379, 52.067950055204868 ], [ 5.132002499225257, 52.067961640547161 ], [ 5.132822968536196, 52.067769933715034 ], [ 5.132823270562067, 52.067746243136824 ] ] ] ] } },
{ "type": "Feature", "properties": { "fid": 875, "id": null, "FUNCTIE": "04_Talut1", "Info": null, "Verhaal": null }, "geometry": { "type": "MultiPolygon", "coordinates": [ [ [ [ 5.132081292397729, 52.067996018891577 ], [ 5.132002499225257, 52.067961640547161 ], [ 5.131950499929379, 52.067950055204868 ], [ 5.131921560565737, 52.067938453828575 ], [ 5.131882515351835, 52.067933241183752 ], [ 5.132130197765745, 52.068093086550093 ], [ 5.132099033245334, 52.068046580082402 ], [ 5.132072501585402, 52.068029968886265 ], [ 5.132081292397729, 52.067996018891577 ] ] ] ] } },
{ "type": "Feature", "properties": { "fid": 876, "id": null, "FUNCTIE": "04_Talut1", "Info": null, "Verhaal": null }, "geometry": { "type": "MultiPolygon", "coordinates": [ [ [ [ 5.132099033245334, 52.068046580082402 ], [ 5.132130197149071, 52.068093086145701 ], [ 5.132850952188933, 52.06792276899106 ], [ 5.132841192928353, 52.067871281136391 ], [ 5.132099033245334, 52.068046580082402 ] ] ] ] } },
{ "type": "Feature", "properties": { "fid": 877, "id": null, "FUNCTIE": "04_Talut1", "Info": null, "Verhaal": null }, "geometry": { "type": "MultiPolygon", "coordinates": [ [ [ [ 5.13285111232457, 52.067922731906876 ], [ 5.134126415322013, 52.068048012216209 ], [ 5.134167346377362, 52.06805772881539 ], [ 5.134203281189578, 52.068067952042199 ], [ 5.134224030534273, 52.068075034850196 ], [ 5.134236216266967, 52.068079686893419 ], [ 5.134254764290645, 52.068087509596239 ], [ 5.134273468495236, 52.068096410098377 ], [ 5.134298480452937, 52.068110478174042 ], [ 5.134323438513721, 52.068126547386079 ], [ 5.134357343102776, 52.068154693575551 ], [ 5.13438229066842, 52.068182236126781 ], [ 5.134397462685208, 52.068204005232936 ], [ 5.13441458692273, 52.068238219102682 ], [ 5.134657306062118, 52.069074402674048 ], [ 5.134664668005633, 52.069103298269468 ], [ 5.134663858067669, 52.069114075963569 ], [ 5.134657100830371, 52.069131281108753 ], [ 5.134646001647125, 52.069145048205058 ], [ 5.134624966840427, 52.069160464647794 ], [ 5.133801772490272, 52.069687587171963 ], [ 5.133871577920133, 52.0697007572969 ], [ 5.134772380951017, 52.069123728123984 ], [ 5.134526466314727, 52.068150719797167 ], [ 5.134520314934734, 52.068126647322394 ], [ 5.134509360375782, 52.068103248333728 ], [ 5.134504204094126, 52.068095626463688 ], [ 5.134501219772387, 52.068091716839305 ], [ 5.134497946411046, 52.068087756724601 ], [ 5.13449047781257, 52.068079730932055 ], [ 5.134481688784767, 52.068071640901472 ], [ 5.134476764886763, 52.068067600489236 ], [ 5.134471469813699, 52.068063578448267 ], [ 5.134459297987296, 52.068055378536634 ], [ 5.134452700472334, 52.068051446023865 ], [ 5.134439284749308, 52.068044369039505 ], [ 5.134432514633571, 52.068041205779402 ], [ 5.134418970124449, 52.068035582752103 ], [ 5.134405580219553, 52.068030835087114 ], [ 5.134374044274764, 52.06802230243823 ], [ 5.134352396779652, 52.068018288143897 ], [ 5.134300102979298, 52.068012729974008 ], [ 5.132841192928353, 52.067871281136391 ], [ 5.13285111232457, 52.067922731906876 ] ] ] ] } },
{ "type": "Feature", "properties": { "fid": 878, "id": null, "FUNCTIE": "04_Talut1", "Info": null, "Verhaal": null }, "geometry": { "type": "MultiPolygon", "coordinates": [ [ [ [ 5.131924816012537, 52.067938065233548 ], [ 5.132823480666814, 52.067729762734977 ], [ 5.132823732807675, 52.067709985046065 ], [ 5.131884352504999, 52.067932805421798 ], [ 5.131924816012537, 52.067938065233548 ] ] ] ] } },
{ "type": "Feature", "properties": { "fid": 879, "id": null, "FUNCTIE": "04_Talut1", "Info": null, "Verhaal": null }, "geometry": { "type": "MultiPolygon", "coordinates": [ [ [ [ 5.132823480666814, 52.067729762734977 ], [ 5.134683145672456, 52.06791671331905 ], [ 5.134711114352621, 52.067897197075553 ], [ 5.132824789213967, 52.067710089835657 ], [ 5.132823480666814, 52.067729762734977 ] ] ] ] } },
{ "type": "Feature", "properties": { "fid": 880, "id": null, "FUNCTIE": "04_Talut1", "Info": null, "Verhaal": null }, "geometry": { "type": "MultiPolygon", "coordinates": [ [ [ [ 5.134683145672456, 52.06791671331905 ], [ 5.135076979799867, 52.069426775519432 ], [ 5.135130538056821, 52.069363039867476 ], [ 5.13501277721925, 52.069089882653394 ], [ 5.134711114352621, 52.067897197075553 ], [ 5.134683145672456, 52.06791671331905 ] ] ] ] } },
{ "type": "Feature", "properties": { "fid": 881, "id": null, "FUNCTIE": "04_Talut1", "Info": null, "Verhaal": null }, "geometry": { "type": "MultiPolygon", "coordinates": [ [ [ [ 5.134779976247865, 52.069157091276239 ], [ 5.134471276474475, 52.069356974303254 ], [ 5.134539151204152, 52.069387567295102 ], [ 5.1347178573575, 52.069269429855396 ], [ 5.134779976247865, 52.069157091276239 ] ] ] ] } },
{ "type": "Feature", "properties": { "fid": 882, "id": null, "FUNCTIE": "04_Talut1", "Info": null, "Verhaal": null }, "geometry": { "type": "MultiPolygon", "coordinates": [ [ [ [ 5.134006197308365, 52.070474163022034 ], [ 5.134067108053676, 52.070443742738291 ], [ 5.134084460384775, 52.070406684989187 ], [ 5.134010217694642, 52.070253016445612 ], [ 5.134004159170706, 52.070238723745497 ], [ 5.134002374132561, 52.070224806715871 ], [ 5.134007671099662, 52.070203815009272 ], [ 5.13401839234746, 52.070187742004535 ], [ 5.134034907115984, 52.070173473457395 ], [ 5.134068694955735, 52.070156062334327 ], [ 5.134146599499247, 52.070123517657024 ], [ 5.134718474585447, 52.069675412699191 ], [ 5.134884819628793, 52.069564088767322 ], [ 5.134805885630515, 52.06957523068413 ], [ 5.133971674575754, 52.070115509534979 ], [ 5.133953343598099, 52.070129505244118 ], [ 5.133934455373385, 52.070144340122219 ], [ 5.13392634901709, 52.070152397075127 ], [ 5.133914130639119, 52.070168520590627 ], [ 5.133907617538331, 52.070180558099295 ], [ 5.133901946124715, 52.07019548667833 ], [ 5.133898533423824, 52.070213180611546 ], [ 5.133898214097418, 52.070230545452532 ], [ 5.133901222431473, 52.070249422149423 ], [ 5.13391811233136, 52.070288104926178 ], [ 5.134006197308365, 52.070474163022034 ] ] ] ] } },
{ "type": "Feature", "properties": { "fid": 883, "id": null, "FUNCTIE": "04_Talut1", "Info": null, "Verhaal": null }, "geometry": { "type": "MultiPolygon", "coordinates": [ [ [ [ 5.134805885630515, 52.06957523068413 ], [ 5.134884819628793, 52.069564088767322 ], [ 5.1347798916226, 52.06915724431677 ], [ 5.134717813325962, 52.069269883382958 ], [ 5.134805885630515, 52.06957523068413 ] ] ] ] } },
{ "type": "Feature", "properties": { "fid": 884, "id": null, "FUNCTIE": "04_Talut1", "Info": null, "Verhaal": null }, "geometry": { "type": "MultiPolygon", "coordinates": [ [ [ [ 5.134471276474475, 52.069356974303254 ], [ 5.134518047215662, 52.069491507873501 ], [ 5.134574475683208, 52.069494604563069 ], [ 5.134539151204152, 52.069387567295102 ], [ 5.134471276474475, 52.069356974303254 ] ] ] ] } },
{ "type": "Feature", "properties": { "fid": 885, "id": null, "FUNCTIE": "04_Talut1", "Info": null, "Verhaal": null }, "geometry": { "type": "MultiPolygon", "coordinates": [ [ [ [ 5.134518047215662, 52.069491507873501 ], [ 5.134035528174567, 52.069802104298894 ], [ 5.134038608400144, 52.069835762183395 ], [ 5.134574475683208, 52.069494604563069 ], [ 5.134518047215662, 52.069491507873501 ] ] ] ] } },
{ "type": "Feature", "properties": { "fid": 886, "id": null, "FUNCTIE": "04_Talut1", "Info": null, "Verhaal": null }, "geometry": { "type": "MultiPolygon", "coordinates": [ [ [ [ 5.134035528174567, 52.069802104298894 ], [ 5.134021573051146, 52.069791514576579 ], [ 5.134021746369396, 52.069760790928271 ], [ 5.133964697595903, 52.069720151324461 ], [ 5.133903154931985, 52.069720016935712 ], [ 5.133875786531504, 52.069698061429222 ], [ 5.133801772490272, 52.069687587171963 ], [ 5.134036564873175, 52.069837063171462 ], [ 5.134035528174567, 52.069802104298894 ] ] ] ] } },
{ "type": "Feature", "properties": { "fid": 887, "id": null, "FUNCTIE": "04_Talut1", "Info": null, "Verhaal": null }, "geometry": { "type": "MultiPolygon", "coordinates": [ [ [ [ 5.133903154931985, 52.069720016935712 ], [ 5.133964697595903, 52.069720151324461 ], [ 5.13442334743118, 52.069428159773061 ], [ 5.134454801370953, 52.069361068975624 ], [ 5.133903154931985, 52.069720016935712 ] ] ] ] } },
{ "type": "Feature", "properties": { "fid": 888, "id": null, "FUNCTIE": "04_Talut1", "Info": null, "Verhaal": null }, "geometry": { "type": "MultiPolygon", "coordinates": [ [ [ [ 5.13442334743118, 52.069428159773061 ], [ 5.134454128950281, 52.069480478864925 ], [ 5.134492480752359, 52.069486946073255 ], [ 5.134454801370953, 52.069361068975624 ], [ 5.13442334743118, 52.069428159773061 ] ] ] ] } },
{ "type": "Feature", "properties": { "fid": 889, "id": null, "FUNCTIE": "04_Talut1", "Info": null, "Verhaal": null }, "geometry": { "type": "MultiPolygon", "coordinates": [ [ [ [ 5.134454128950281, 52.069480478864925 ], [ 5.134021746369396, 52.069760790928271 ], [ 5.134021573051146, 52.069791514576579 ], [ 5.134492480752359, 52.069486946073255 ], [ 5.134454128950281, 52.069480478864925 ] ] ] ] } },
{ "type": "Feature", "properties": { "fid": 890, "id": null, "FUNCTIE": "04_Talut1", "Info": null, "Verhaal": null }, "geometry": { "type": "MultiPolygon", "coordinates": [ [ [ [ 5.132373970940676, 52.068224070318486 ], [ 5.132406515324456, 52.068234568692432 ], [ 5.132463884672804, 52.068218172451544 ], [ 5.132479829427349, 52.068198668052503 ], [ 5.132373970940676, 52.068224070318486 ] ] ] ] } },
{ "type": "Feature", "properties": { "fid": 891, "id": null, "FUNCTIE": "04_Talut1", "Info": null, "Verhaal": null }, "geometry": { "type": "MultiPolygon", "coordinates": [ [ [ [ 5.132406515324456, 52.068234568692432 ], [ 5.132373970940676, 52.068224070318486 ], [ 5.132593397824242, 52.068371716759714 ], [ 5.132578929931725, 52.06834609787164 ], [ 5.132406515324456, 52.068234568692432 ] ] ] ] } },
{ "type": "Feature", "properties": { "fid": 892, "id": null, "FUNCTIE": "04_Talut1", "Info": null, "Verhaal": null }, "geometry": { "type": "MultiPolygon", "coordinates": [ [ [ [ 5.132578929931725, 52.06834609787164 ], [ 5.132593397824242, 52.068371716759714 ], [ 5.132652107063517, 52.068335744961473 ], [ 5.132668013564397, 52.068324514080516 ], [ 5.132615625220007, 52.068322145979408 ], [ 5.132578929931725, 52.06834609787164 ] ] ] ] } },
{ "type": "Feature", "properties": { "fid": 893, "id": null, "FUNCTIE": "04_Talut1", "Info": null, "Verhaal": null }, "geometry": { "type": "MultiPolygon", "coordinates": [ [ [ [ 5.132615625220007, 52.068322145979408 ], [ 5.132668013564397, 52.068324514080516 ], [ 5.132646368787255, 52.068310260451852 ], [ 5.132590832164413, 52.068272900008367 ], [ 5.132521503878333, 52.068224490801221 ], [ 5.132479829427349, 52.068198668052503 ], [ 5.132463884672804, 52.068218172451544 ], [ 5.132615625220007, 52.068322145979408 ] ] ] ] } },
{ "type": "Feature", "properties": { "fid": 894, "id": null, "FUNCTIE": "05_Talut2", "Info": null, "Verhaal": null }, "geometry": { "type": "MultiPolygon", "coordinates": [ [ [ [ 5.132660811937922, 52.068189504781124 ], [ 5.132519730212328, 52.068224940480548 ], [ 5.132538541195447, 52.068235396695549 ], [ 5.132590596290489, 52.068263357127741 ], [ 5.132711772599099, 52.068236877106862 ], [ 5.132660811937922, 52.068189504781124 ] ] ] ] } },
{ "type": "Feature", "properties": { "fid": 895, "id": null, "FUNCTIE": "04_Talut1", "Info": null, "Verhaal": null }, "geometry": { "type": "MultiPolygon", "coordinates": [ [ [ [ 5.132590832164413, 52.068272900008367 ], [ 5.132590596290489, 52.068263357127741 ], [ 5.132519284727203, 52.068225053424818 ], [ 5.132590832164413, 52.068272900008367 ] ] ] ] } },
{ "type": "Feature", "properties": { "fid": 896, "id": null, "FUNCTIE": "04_Talut1", "Info": null, "Verhaal": null }, "geometry": { "type": "MultiPolygon", "coordinates": [ [ [ [ 5.132646368787255, 52.068310260451852 ], [ 5.132659371181926, 52.068308690052781 ], [ 5.132669397115182, 52.068309694715204 ], [ 5.132674277119067, 52.068310645495764 ], [ 5.1326828080182, 52.068313060059509 ], [ 5.132689997551893, 52.068316301949196 ], [ 5.132735131380152, 52.068308797839563 ], [ 5.132735262761176, 52.068285628710846 ], [ 5.132646368787255, 52.068310260451852 ] ] ] ] } },
{ "type": "Feature", "properties": { "fid": 897, "id": null, "FUNCTIE": "04_Talut1", "Info": null, "Verhaal": null }, "geometry": { "type": "MultiPolygon", "coordinates": [ [ [ [ 5.132735264639071, 52.068308961359477 ], [ 5.132751153281717, 52.068274379085267 ], [ 5.132699257369065, 52.068202537426536 ], [ 5.132660811937922, 52.068189504781124 ], [ 5.132711772599099, 52.068236877106862 ], [ 5.132703788287984, 52.06824798906888 ], [ 5.132731825060564, 52.068286584617439 ], [ 5.132735264639071, 52.068308961359477 ] ] ] ] } },
{ "type": "Feature", "properties": { "fid": 898, "id": null, "FUNCTIE": "04_Talut1", "Info": null, "Verhaal": null }, "geometry": { "type": "MultiPolygon", "coordinates": [ [ [ [ 5.13280484504179, 52.068263982240936 ], [ 5.132751153281717, 52.068274379085267 ], [ 5.132735131380152, 52.068308797839563 ], [ 5.132738005397978, 52.068311685346657 ], [ 5.132741376650528, 52.068314049990512 ], [ 5.132745286003983, 52.068316010185143 ], [ 5.132746198107341, 52.068316378472829 ], [ 5.132751605408996, 52.068318029674167 ], [ 5.132757136231514, 52.068318943377427 ], [ 5.132762037972136, 52.068319205447125 ], [ 5.132768269418953, 52.06831885188474 ], [ 5.132852184672729, 52.068297059931382 ], [ 5.13280484504179, 52.068263982240936 ] ] ] ] } },
{ "type": "Feature", "properties": { "fid": 899, "id": null, "FUNCTIE": "04_Talut1", "Info": null, "Verhaal": null }, "geometry": { "type": "MultiPolygon", "coordinates": [ [ [ [ 5.13280484504179, 52.068263982240936 ], [ 5.132852184990522, 52.068297003861872 ], [ 5.132852217280972, 52.068291306718578 ], [ 5.132838885293054, 52.068278409678626 ], [ 5.132806263766613, 52.06822868763868 ], [ 5.132791682805931, 52.068221146123456 ], [ 5.132757657756962, 52.068168468308507 ], [ 5.132751634473192, 52.068189514926956 ], [ 5.13280484504179, 52.068263982240936 ] ] ] ] } },
{ "type": "Feature", "properties": { "fid": 900, "id": null, "FUNCTIE": "04_Talut1", "Info": null, "Verhaal": null }, "geometry": { "type": "MultiPolygon", "coordinates": [ [ [ [ 5.132838885293054, 52.068278409678626 ], [ 5.132852217280972, 52.068291306718578 ], [ 5.132897551729431, 52.068286215160391 ], [ 5.13290960454607, 52.068271722279825 ], [ 5.132838885293054, 52.068278409678626 ] ] ] ] } },
{ "type": "Feature", "properties": { "fid": 901, "id": null, "FUNCTIE": "05_Talut2", "Info": null, "Verhaal": null }, "geometry": { "type": "MultiPolygon", "coordinates": [ [ [ [ 5.132868554235016, 52.06820404084322 ], [ 5.132863169286668, 52.068142539313321 ], [ 5.132757782273901, 52.068168033219948 ], [ 5.132791682805931, 52.068221146123456 ], [ 5.132868554235016, 52.06820404084322 ] ] ] ] } },
{ "type": "Feature", "properties": { "fid": 902, "id": null, "FUNCTIE": "05_Talut2", "Info": null, "Verhaal": null }, "geometry": { "type": "MultiPolygon", "coordinates": [ [ [ [ 5.132868554235016, 52.06820404084322 ], [ 5.13293188453278, 52.068210938934087 ], [ 5.132924938727656, 52.068146336398655 ], [ 5.132863169286668, 52.068142539313321 ], [ 5.132868554235016, 52.06820404084322 ] ] ] ] } },
{ "type": "Feature", "properties": { "fid": 903, "id": null, "FUNCTIE": "04_Talut1", "Info": null, "Verhaal": null }, "geometry": { "type": "MultiPolygon", "coordinates": [ [ [ [ 5.132924938727656, 52.068146336398655 ], [ 5.13293188453278, 52.068210938934087 ], [ 5.132919651453957, 52.068219173262143 ], [ 5.13290960454607, 52.068271722279825 ], [ 5.132897337397469, 52.068285984543046 ], [ 5.132902461055171, 52.068291220224708 ], [ 5.132931612200334, 52.068259003304497 ], [ 5.132946682507944, 52.068180179779525 ], [ 5.132924938727656, 52.068146336398655 ] ] ] ] } },
{ "type": "Feature", "properties": { "fid": 904, "id": null, "FUNCTIE": "04_Talut1", "Info": null, "Verhaal": null }, "geometry": { "type": "MultiPolygon", "coordinates": [ [ [ [ 5.132999985312673, 52.068184404720192 ], [ 5.132984006831815, 52.068260244758982 ], [ 5.132999723504087, 52.068282434175529 ], [ 5.133007563212843, 52.068285507941937 ], [ 5.133008445329724, 52.068248657625126 ], [ 5.133013447454417, 52.068226138143828 ], [ 5.133008628246079, 52.068216364378863 ], [ 5.133036658727143, 52.068157926157404 ], [ 5.132999985312673, 52.068184404720192 ] ] ] ] } },
{ "type": "Feature", "properties": { "fid": 905, "id": null, "FUNCTIE": "04_Talut1", "Info": null, "Verhaal": null }, "geometry": { "type": "MultiPolygon", "coordinates": [ [ [ [ 5.132984006831815, 52.068260244758982 ], [ 5.132931612200334, 52.068259003304497 ], [ 5.132902461055171, 52.068291220224708 ], [ 5.132977273361884, 52.068297332981885 ], [ 5.13298286038623, 52.068297092708107 ], [ 5.132990482905652, 52.06829572917777 ], [ 5.132996296691026, 52.068293690909016 ], [ 5.133000629786564, 52.068291366611177 ], [ 5.13300201432109, 52.068290417091696 ], [ 5.133007563212843, 52.068285507941937 ], [ 5.132999723504087, 52.068282434175529 ], [ 5.132984006831815, 52.068260244758982 ] ] ] ] } },
{ "type": "Feature", "properties": { "fid": 906, "id": null, "FUNCTIE": "04_Talut1", "Info": null, "Verhaal": null }, "geometry": { "type": "MultiPolygon", "coordinates": [ [ [ [ 5.133007563212843, 52.068285507941937 ], [ 5.133257844336392, 52.068309532905737 ], [ 5.133266504073979, 52.06827250476794 ], [ 5.133008445329724, 52.068248657625126 ], [ 5.133007563212843, 52.068285507941937 ] ] ] ] } },
{ "type": "Feature", "properties": { "fid": 907, "id": null, "FUNCTIE": "05_Talut2", "Info": null, "Verhaal": null }, "geometry": { "type": "MultiPolygon", "coordinates": [ [ [ [ 5.133008628246079, 52.068216364378863 ], [ 5.133283284060515, 52.068242500936911 ], [ 5.133279291142015, 52.068180150770679 ], [ 5.133036658727143, 52.068157926157404 ], [ 5.133008628246079, 52.068216364378863 ] ] ] ] } },
{ "type": "Feature", "properties": { "fid": 908, "id": null, "FUNCTIE": "04_Talut1", "Info": null, "Verhaal": null }, "geometry": { "type": "MultiPolygon", "coordinates": [ [ [ [ 5.133295892688093, 52.068275573701428 ], [ 5.133310202744383, 52.068210346093053 ], [ 5.133279291142015, 52.068180150770679 ], [ 5.133283284060515, 52.068242500936911 ], [ 5.133272887487889, 52.068249237292868 ], [ 5.133266504073979, 52.06827250476794 ], [ 5.133257844336392, 52.068309532905737 ], [ 5.133295892688093, 52.068275573701428 ] ] ] ] } },
{ "type": "Feature", "properties": { "fid": 909, "id": null, "FUNCTIE": "04_Talut1", "Info": null, "Verhaal": null }, "geometry": { "type": "MultiPolygon", "coordinates": [ [ [ [ 5.133295892688093, 52.068275573701428 ], [ 5.133257844336392, 52.068309532905737 ], [ 5.133362669053934, 52.06831959506529 ], [ 5.133337304321507, 52.068279502438635 ], [ 5.133295892688093, 52.068275573701428 ] ] ] ] } },
{ "type": "Feature", "properties": { "fid": 910, "id": null, "FUNCTIE": "04_Talut1", "Info": null, "Verhaal": null }, "geometry": { "type": "MultiPolygon", "coordinates": [ [ [ [ 5.133337304321507, 52.068279502438635 ], [ 5.133362669053934, 52.06831959506529 ], [ 5.133362895504838, 52.068279558489174 ], [ 5.133362997922919, 52.068261450919337 ], [ 5.133358801585338, 52.068249425492198 ], [ 5.133377672090689, 52.068192681248007 ], [ 5.133347718738083, 52.068216020234715 ], [ 5.133337304321507, 52.068279502438635 ] ] ] ] } },
{ "type": "Feature", "properties": { "fid": 911, "id": null, "FUNCTIE": "04_Talut1", "Info": null, "Verhaal": null }, "geometry": { "type": "MultiPolygon", "coordinates": [ [ [ [ 5.132646368787255, 52.068310260451852 ], [ 5.132668013564397, 52.068324514080516 ], [ 5.132652107063517, 52.068335744961473 ], [ 5.132677319895823, 52.068351802490227 ], [ 5.132684114867659, 52.068355437940916 ], [ 5.132695714287952, 52.068361133197627 ], [ 5.132706179729327, 52.068366003866615 ], [ 5.132715907330058, 52.068370202823409 ], [ 5.132727842720227, 52.06837402744398 ], [ 5.132740091330057, 52.068376128713481 ], [ 5.132764366115043, 52.068376799258722 ], [ 5.132837288435325, 52.068368091242874 ], [ 5.132873026225807, 52.068362327764675 ], [ 5.132892181305045, 52.068359483307219 ], [ 5.132913071508633, 52.06835774442402 ], [ 5.1329306729728, 52.068357290733168 ], [ 5.132943824446398, 52.068357566313729 ], [ 5.132956399324828, 52.06835824849815 ], [ 5.132963956662454, 52.068359007854106 ], [ 5.132974919791259, 52.068360711000473 ], [ 5.132985632630644, 52.068363139860196 ], [ 5.133005107635138, 52.068369746122585 ], [ 5.133025897347048, 52.068379606829431 ], [ 5.13326652993124, 52.068511327585021 ], [ 5.133082311599439, 52.068367633721792 ], [ 5.133042009437137, 52.068343587251526 ], [ 5.133027844968279, 52.068337368191351 ], [ 5.133020118544858, 52.06833485974439 ], [ 5.133004033505103, 52.068331039725983 ], [ 5.132993127510395, 52.068328937167493 ], [ 5.132981874469801, 52.068326877761933 ], [ 5.132972038142526, 52.068325356484998 ], [ 5.132963727003613, 52.068324398481089 ], [ 5.132952620078195, 52.06832367810707 ], [ 5.13292076673151, 52.068325958703987 ], [ 5.132786040045771, 52.068343385909522 ], [ 5.132767592229816, 52.068344307871889 ], [ 5.132756096275155, 52.06834320967512 ], [ 5.132748986277268, 52.068342017626243 ], [ 5.132732051575109, 52.068338055917792 ], [ 5.132722598993033, 52.068335575813407 ], [ 5.132710979317922, 52.068331409452753 ], [ 5.132706240891644, 52.068328753849329 ], [ 5.132695933544385, 52.068319839856791 ], [ 5.132689997551893, 52.068316301949196 ], [ 5.1326828080182, 52.068313060059509 ], [ 5.132674277119067, 52.068310645495764 ], [ 5.132669397115182, 52.068309694715204 ], [ 5.132659371181926, 52.068308690052781 ], [ 5.132646368787255, 52.068310260451852 ] ] ] ] } },
{ "type": "Feature", "properties": { "fid": 912, "id": null, "FUNCTIE": "04_Talut1", "Info": null, "Verhaal": null }, "geometry": { "type": "MultiPolygon", "coordinates": [ [ [ [ 5.133308779373902, 52.068484037075834 ], [ 5.133229935901182, 52.068369588982272 ], [ 5.133144067887466, 52.068332664316877 ], [ 5.133137103679812, 52.068336809058877 ], [ 5.133137279701141, 52.068343143877435 ], [ 5.133143143908526, 52.068351091003777 ], [ 5.133153885531379, 52.068362232334749 ], [ 5.133169933936143, 52.068374590883437 ], [ 5.133308779373902, 52.068484037075834 ] ] ] ] } },
{ "type": "Feature", "properties": { "fid": 913, "id": null, "FUNCTIE": "04_Talut1", "Info": null, "Verhaal": null }, "geometry": { "type": "MultiPolygon", "coordinates": [ [ [ [ 5.133143245951287, 52.068333065919347 ], [ 5.133229935901182, 52.068369588982272 ], [ 5.133407172033268, 52.068388322190295 ], [ 5.133645402004554, 52.068434686369336 ], [ 5.133730835497653, 52.068439996781152 ], [ 5.133716552693913, 52.068426044201971 ], [ 5.133698177717035, 52.068416802617769 ], [ 5.133654929345784, 52.068398943523931 ], [ 5.133634058284112, 52.068393375483907 ], [ 5.133540900205632, 52.068368522449937 ], [ 5.133450199802412, 52.068357020744401 ], [ 5.133224225736445, 52.068336704321112 ], [ 5.133184941831577, 52.06833317241643 ], [ 5.133154551345751, 52.068330573421022 ], [ 5.133143245951287, 52.068333065919347 ] ] ] ] } },
{ "type": "Feature", "properties": { "fid": 914, "id": null, "FUNCTIE": "04_Talut1", "Info": null, "Verhaal": null }, "geometry": { "type": "MultiPolygon", "coordinates": [ [ [ [ 5.133645402004554, 52.068434686369336 ], [ 5.133389294183915, 52.068646518745815 ], [ 5.133730430929754, 52.068439462245507 ], [ 5.133645402004554, 52.068434686369336 ] ] ] ] } },
{ "type": "Feature", "properties": { "fid": 915, "id": null, "FUNCTIE": "04_Talut1", "Info": null, "Verhaal": null }, "geometry": { "type": "MultiPolygon", "coordinates": [ [ [ [ 5.133426476617239, 52.068673146093083 ], [ 5.133779581556096, 52.068522463681475 ], [ 5.13377495774841, 52.068469016036524 ], [ 5.133426476617239, 52.068673146093083 ] ] ] ] } },
{ "type": "Feature", "properties": { "fid": 916, "id": null, "FUNCTIE": "04_Talut1", "Info": null, "Verhaal": null }, "geometry": { "type": "MultiPolygon", "coordinates": [ [ [ [ 5.133362669053934, 52.06831959506529 ], [ 5.13345505772165, 52.068328463403141 ], [ 5.133474031654917, 52.068291054934669 ], [ 5.133362895504838, 52.068279558489174 ], [ 5.133362669053934, 52.06831959506529 ] ] ] ] } },
{ "type": "Feature", "properties": { "fid": 917, "id": null, "FUNCTIE": "04_Talut1", "Info": null, "Verhaal": null }, "geometry": { "type": "MultiPolygon", "coordinates": [ [ [ [ 5.13345505772165, 52.068328463403141 ], [ 5.133551456410347, 52.068337716579734 ], [ 5.133580484705353, 52.068308356177873 ], [ 5.133562332078723, 52.068300189066413 ], [ 5.133474031654917, 52.068291054934669 ], [ 5.13345505772165, 52.068328463403141 ] ] ] ] } },
{ "type": "Feature", "properties": { "fid": 918, "id": null, "FUNCTIE": "04_Talut1", "Info": null, "Verhaal": null }, "geometry": { "type": "MultiPolygon", "coordinates": [ [ [ [ 5.133551456410347, 52.068337716579734 ], [ 5.133577090057948, 52.068330262375596 ], [ 5.133580484705353, 52.068308356177873 ], [ 5.133551456410347, 52.068337716579734 ] ] ] ] } },
{ "type": "Feature", "properties": { "fid": 919, "id": null, "FUNCTIE": "04_Talut1", "Info": null, "Verhaal": null }, "geometry": { "type": "MultiPolygon", "coordinates": [ [ [ [ 5.133551456410347, 52.068337716579734 ], [ 5.133665489078554, 52.068353303145301 ], [ 5.133692777044922, 52.068345159826549 ], [ 5.133577090057948, 52.068330262375596 ], [ 5.133551456410347, 52.068337716579734 ] ] ] ] } },
{ "type": "Feature", "properties": { "fid": 920, "id": null, "FUNCTIE": "05_Talut2", "Info": null, "Verhaal": null }, "geometry": { "type": "MultiPolygon", "coordinates": [ [ [ [ 5.133358801585338, 52.068249425492198 ], [ 5.13347512010764, 52.06826019439977 ], [ 5.133590817506038, 52.068273214874509 ], [ 5.133766147091702, 52.06830063491968 ], [ 5.133794497782497, 52.068243619813316 ], [ 5.133487704320425, 52.06820088787326 ], [ 5.133378012219016, 52.068192390445482 ], [ 5.133358801585338, 52.068249425492198 ] ] ] ] } },
{ "type": "Feature", "properties": { "fid": 921, "id": null, "FUNCTIE": "04_Talut1", "Info": null, "Verhaal": null }, "geometry": { "type": "MultiPolygon", "coordinates": [ [ [ [ 5.133665489078554, 52.068353303145301 ], [ 5.133658639274791, 52.068373640749257 ], [ 5.133731586726064, 52.068340739398522 ], [ 5.133807990942353, 52.068273759771067 ], [ 5.133794497782497, 52.068243619813316 ], [ 5.133766147091702, 52.06830063491968 ], [ 5.133746619366471, 52.068305849318754 ], [ 5.133692777044922, 52.068345159826549 ], [ 5.133665489078554, 52.068353303145301 ] ] ] ] } },
{ "type": "Feature", "properties": { "fid": 922, "id": null, "FUNCTIE": "04_Talut1", "Info": null, "Verhaal": null }, "geometry": { "type": "MultiPolygon", "coordinates": [ [ [ [ 5.133658582000343, 52.068373800260865 ], [ 5.133765566100449, 52.068403522638306 ], [ 5.13378047166077, 52.068353612640983 ], [ 5.133731586726064, 52.068340739398522 ], [ 5.133658582000343, 52.068373800260865 ] ] ] ] } },
{ "type": "Feature", "properties": { "fid": 923, "id": null, "FUNCTIE": "04_Talut1", "Info": null, "Verhaal": null }, "geometry": { "type": "MultiPolygon", "coordinates": [ [ [ [ 5.133765615949715, 52.068403492132852 ], [ 5.133780357726279, 52.068394606819169 ], [ 5.133786671935115, 52.068380432573008 ], [ 5.133831750915818, 52.06833607685914 ], [ 5.133826299719656, 52.068325719023044 ], [ 5.133889367638957, 52.068276872327658 ], [ 5.133857323868946, 52.068287235636483 ], [ 5.13378047166077, 52.068353612640983 ], [ 5.133765615949715, 52.068403492132852 ] ] ] ] } },
{ "type": "Feature", "properties": { "fid": 924, "id": null, "FUNCTIE": "04_Talut1", "Info": null, "Verhaal": null }, "geometry": { "type": "MultiPolygon", "coordinates": [ [ [ [ 5.133832530156114, 52.068423265031456 ], [ 5.133841944294871, 52.068411708406948 ], [ 5.133786671935115, 52.068380432573008 ], [ 5.133780357726279, 52.068394606819169 ], [ 5.133832530156114, 52.068423265031456 ] ] ] ] } },
{ "type": "Feature", "properties": { "fid": 925, "id": null, "FUNCTIE": "04_Talut1", "Info": null, "Verhaal": null }, "geometry": { "type": "MultiPolygon", "coordinates": [ [ [ [ 5.133832530156114, 52.068423265031456 ], [ 5.13387053747543, 52.068475849510385 ], [ 5.13392979932065, 52.06845382425886 ], [ 5.133905598353201, 52.068423355120323 ], [ 5.133841944294871, 52.068411708406948 ], [ 5.133832530156114, 52.068423265031456 ] ] ] ] } },
{ "type": "Feature", "properties": { "fid": 926, "id": null, "FUNCTIE": "04_Talut1", "Info": null, "Verhaal": null }, "geometry": { "type": "MultiPolygon", "coordinates": [ [ [ [ 5.13387053747543, 52.068475849510385 ], [ 5.133880755399119, 52.068475871842182 ], [ 5.133962659879498, 52.068461425251257 ], [ 5.133985842832377, 52.068457327356718 ], [ 5.133993869815702, 52.068450546065471 ], [ 5.134101684774536, 52.068444812578591 ], [ 5.134055889825562, 52.068431322933343 ], [ 5.13392979932065, 52.06845382425886 ], [ 5.13387053747543, 52.068475849510385 ] ] ] ] } },
{ "type": "Feature", "properties": { "fid": 927, "id": null, "FUNCTIE": "04_Talut1", "Info": null, "Verhaal": null }, "geometry": { "type": "MultiPolygon", "coordinates": [ [ [ [ 5.133905598353201, 52.068423355120323 ], [ 5.134032703871202, 52.068403661855584 ], [ 5.134050836347107, 52.06838311826494 ], [ 5.133957125697042, 52.06840538821033 ], [ 5.133934977603047, 52.068398634744561 ], [ 5.133841944294871, 52.068411708406948 ], [ 5.133905598353201, 52.068423355120323 ] ] ] ] } },
{ "type": "Feature", "properties": { "fid": 928, "id": null, "FUNCTIE": "05_Talut2", "Info": null, "Verhaal": null }, "geometry": { "type": "MultiPolygon", "coordinates": [ [ [ [ 5.133957125697042, 52.06840538821033 ], [ 5.134050836347107, 52.06838311826494 ], [ 5.13404098366836, 52.068371638387383 ], [ 5.134032049635478, 52.068362315474417 ], [ 5.134018738398294, 52.068349907734564 ], [ 5.1340095275633, 52.068342163886122 ], [ 5.133999343116987, 52.068334266433865 ], [ 5.133979777215187, 52.06832072232573 ], [ 5.13397546773966, 52.068317987890325 ], [ 5.1339625650919, 52.068310270715031 ], [ 5.133954028459367, 52.068305520551874 ], [ 5.133945584673217, 52.068301076295732 ], [ 5.133933169468947, 52.068294965132282 ], [ 5.133925110574736, 52.068291248933775 ], [ 5.133917266747703, 52.068287809274395 ], [ 5.133902363976119, 52.068281726009864 ], [ 5.133889367638957, 52.068276872327658 ], [ 5.133826299719656, 52.068325719023044 ], [ 5.133849966221022, 52.06833362256851 ], [ 5.13386504342319, 52.068339659132697 ], [ 5.133874527920246, 52.068343909202817 ], [ 5.13388097877446, 52.068347019963674 ], [ 5.133887501272062, 52.068350361398281 ], [ 5.133903930780789, 52.06835976242801 ], [ 5.133918835250009, 52.06836974967112 ], [ 5.133929043166785, 52.068377601573538 ], [ 5.133939814731185, 52.068387032117322 ], [ 5.13395151668463, 52.068399065253296 ], [ 5.133957125697042, 52.06840538821033 ] ] ] ] } },
{ "type": "Feature", "properties": { "fid": 929, "id": null, "FUNCTIE": "04_Talut1", "Info": null, "Verhaal": null }, "geometry": { "type": "MultiPolygon", "coordinates": [ [ [ [ 5.133880755399119, 52.068475871842182 ], [ 5.133902741160783, 52.068513046862002 ], [ 5.133987359066082, 52.068512255893559 ], [ 5.133962659879498, 52.068461425251257 ], [ 5.133880755399119, 52.068475871842182 ] ] ] ] } },
{ "type": "Feature", "properties": { "fid": 930, "id": null, "FUNCTIE": "04_Talut1", "Info": null, "Verhaal": null }, "geometry": { "type": "MultiPolygon", "coordinates": [ [ [ [ 5.133902741160783, 52.068513046862002 ], [ 5.13391792635936, 52.068572912299807 ], [ 5.133940062773394, 52.068578138729208 ], [ 5.13392940730633, 52.068523292074751 ], [ 5.133902741160783, 52.068513046862002 ] ] ] ] } },
{ "type": "Feature", "properties": { "fid": 931, "id": null, "FUNCTIE": "05_Talut2", "Info": null, "Verhaal": null }, "geometry": { "type": "MultiPolygon", "coordinates": [ [ [ [ 5.13403757949087, 52.068575349421778 ], [ 5.134137613025353, 52.068556041668394 ], [ 5.134135337162611, 52.068539345167267 ], [ 5.134132281194907, 52.068523894510633 ], [ 5.13412722600641, 52.068504813015537 ], [ 5.134121912609417, 52.068488925453686 ], [ 5.134115143300156, 52.06847205298304 ], [ 5.134108715024375, 52.068458233255789 ], [ 5.134101684774536, 52.068444812578591 ], [ 5.133993206181795, 52.068450581356501 ], [ 5.134001845220996, 52.068461864092527 ], [ 5.134012243704583, 52.068477713027349 ], [ 5.134020575825812, 52.068493236111408 ], [ 5.134025557950274, 52.068504547386837 ], [ 5.134030767831335, 52.068519393811115 ], [ 5.134033782415752, 52.068530811341901 ], [ 5.134036597474302, 52.068546852823104 ], [ 5.134037518802368, 52.068556744063919 ], [ 5.134037797194572, 52.06856370194086 ], [ 5.13403757949087, 52.068575349421778 ] ] ] ] } },
{ "type": "Feature", "properties": { "fid": 932, "id": null, "FUNCTIE": "04_Talut1", "Info": null, "Verhaal": null }, "geometry": { "type": "MultiPolygon", "coordinates": [ [ [ [ 5.13391792635936, 52.068572912299807 ], [ 5.133904836392921, 52.068577275560138 ], [ 5.133976561122305, 52.068589484375032 ], [ 5.134098713120059, 52.068575378009669 ], [ 5.134137613025353, 52.068556041668394 ], [ 5.13403757949087, 52.068575349421778 ], [ 5.13402495885943, 52.068570888728949 ], [ 5.133940065642882, 52.068578139424176 ], [ 5.13391792635936, 52.068572912299807 ] ] ] ] } },
{ "type": "Feature", "properties": { "fid": 933, "id": null, "FUNCTIE": "04_Talut1", "Info": null, "Verhaal": null }, "geometry": { "type": "MultiPolygon", "coordinates": [ [ [ [ 5.133904729475821, 52.06857731119868 ], [ 5.133922606373001, 52.06864869664868 ], [ 5.133984900898426, 52.068623298247886 ], [ 5.133976561122305, 52.068589484375032 ], [ 5.133904729475821, 52.06857731119868 ] ] ] ] } },
{ "type": "Feature", "properties": { "fid": 934, "id": null, "FUNCTIE": "04_Talut1", "Info": null, "Verhaal": null }, "geometry": { "type": "MultiPolygon", "coordinates": [ [ [ [ 5.134106787049041, 52.068609823866176 ], [ 5.133984900898426, 52.068623298247886 ], [ 5.133922606373001, 52.06864869664868 ], [ 5.133939667285778, 52.068648733924825 ], [ 5.133959040651831, 52.068643147055681 ], [ 5.134039568610705, 52.068633568290231 ], [ 5.134052535179417, 52.068623445972698 ], [ 5.134154287008037, 52.06862441915726 ], [ 5.134106787049041, 52.068609823866176 ] ] ] ] } },
{ "type": "Feature", "properties": { "fid": 935, "id": null, "FUNCTIE": "04_Talut1", "Info": null, "Verhaal": null }, "geometry": { "type": "MultiPolygon", "coordinates": [ [ [ [ 5.133939674867609, 52.068648759794399 ], [ 5.133948036709137, 52.06867729076567 ], [ 5.133968898283571, 52.068682593442588 ], [ 5.133959040651831, 52.068643147055681 ], [ 5.133939674867609, 52.068648759794399 ] ] ] ] } },
{ "type": "Feature", "properties": { "fid": 936, "id": null, "FUNCTIE": "04_Talut1", "Info": null, "Verhaal": null }, "geometry": { "type": "MultiPolygon", "coordinates": [ [ [ [ 5.133948036709137, 52.06867729076567 ], [ 5.133933379156622, 52.068683266859402 ], [ 5.134000332193668, 52.068696180369393 ], [ 5.134124734863136, 52.06867842768191 ], [ 5.134161395587295, 52.068660483367545 ], [ 5.134061305663354, 52.068675129542314 ], [ 5.134045561578298, 52.06867149567249 ], [ 5.133968898283571, 52.068682593442588 ], [ 5.133948036709137, 52.06867729076567 ] ] ] ] } },
{ "type": "Feature", "properties": { "fid": 937, "id": null, "FUNCTIE": "05_Talut2", "Info": null, "Verhaal": null }, "geometry": { "type": "MultiPolygon", "coordinates": [ [ [ [ 5.134061305663354, 52.068675129542314 ], [ 5.134161395587295, 52.068660483367545 ], [ 5.134154287008037, 52.06862441915726 ], [ 5.134052535179417, 52.068623445972698 ], [ 5.134061305663354, 52.068675129542314 ] ] ] ] } },
{ "type": "Feature", "properties": { "fid": 938, "id": null, "FUNCTIE": "04_Talut1", "Info": null, "Verhaal": null }, "geometry": { "type": "MultiPolygon", "coordinates": [ [ [ [ 5.134006250614385, 52.068727735910151 ], [ 5.134000332193668, 52.068696180369393 ], [ 5.133933379156622, 52.068683266859402 ], [ 5.133954991080762, 52.068751656409596 ], [ 5.134006250614385, 52.068727735910151 ] ] ] ] } },
{ "type": "Feature", "properties": { "fid": 939, "id": null, "FUNCTIE": "04_Talut1", "Info": null, "Verhaal": null }, "geometry": { "type": "MultiPolygon", "coordinates": [ [ [ [ 5.134006250614385, 52.068727735910151 ], [ 5.133954929011909, 52.068751656273989 ], [ 5.133968530786976, 52.068751797154512 ], [ 5.133984207329816, 52.068746230511934 ], [ 5.134065922609774, 52.068734625359411 ], [ 5.134080571686371, 52.068730151259494 ], [ 5.134180512736267, 52.068728116397629 ], [ 5.134135503575437, 52.068713748872739 ], [ 5.134006250614385, 52.068727735910151 ] ] ] ] } },
{ "type": "Feature", "properties": { "fid": 940, "id": null, "FUNCTIE": "04_Talut1", "Info": null, "Verhaal": null }, "geometry": { "type": "MultiPolygon", "coordinates": [ [ [ [ 5.133998897769965, 52.06879023325822 ], [ 5.133984207329816, 52.068746230511934 ], [ 5.133968530786976, 52.068751797154512 ], [ 5.133975446500557, 52.06878622553505 ], [ 5.133998897769965, 52.06879023325822 ] ] ] ] } },
{ "type": "Feature", "properties": { "fid": 941, "id": null, "FUNCTIE": "05_Talut2", "Info": null, "Verhaal": null }, "geometry": { "type": "MultiPolygon", "coordinates": [ [ [ [ 5.13410219354696, 52.068785815801725 ], [ 5.134194852965946, 52.068770830150775 ], [ 5.134179904106333, 52.068727922114988 ], [ 5.134080571686371, 52.068730151259494 ], [ 5.13410219354696, 52.068785815801725 ] ] ] ] } },
{ "type": "Feature", "properties": { "fid": 942, "id": null, "FUNCTIE": "04_Talut1", "Info": null, "Verhaal": null }, "geometry": { "type": "MultiPolygon", "coordinates": [ [ [ [ 5.134194895087676, 52.068770955614298 ], [ 5.13410219354696, 52.068785815801725 ], [ 5.134081508139048, 52.068780471281244 ], [ 5.133998897769965, 52.06879023325822 ], [ 5.133975446500557, 52.06878622553505 ], [ 5.133960801382375, 52.068790806375425 ], [ 5.134031389806363, 52.068807398366708 ], [ 5.134155783828047, 52.068791232148421 ], [ 5.134194895087676, 52.068770955614298 ] ] ] ] } },
{ "type": "Feature", "properties": { "fid": 943, "id": null, "FUNCTIE": "04_Talut1", "Info": null, "Verhaal": null }, "geometry": { "type": "MultiPolygon", "coordinates": [ [ [ [ 5.134036086448956, 52.068838951239762 ], [ 5.134031389806363, 52.068807398366708 ], [ 5.133960801382375, 52.068790806375425 ], [ 5.13398349084194, 52.06886401880913 ], [ 5.134036086448956, 52.068838951239762 ] ] ] ] } },
{ "type": "Feature", "properties": { "fid": 944, "id": null, "FUNCTIE": "04_Talut1", "Info": null, "Verhaal": null }, "geometry": { "type": "MultiPolygon", "coordinates": [ [ [ [ 5.134036086448956, 52.068838951239762 ], [ 5.1339835418501, 52.068864183397686 ], [ 5.133999449858569, 52.068864504456151 ], [ 5.134018909062414, 52.068859548682966 ], [ 5.134096969825033, 52.068847720848474 ], [ 5.134110766434146, 52.068840788823024 ], [ 5.134210429911403, 52.068835787077063 ], [ 5.134164093239076, 52.068823307078723 ], [ 5.134036086448956, 52.068838951239762 ] ] ] ] } },
{ "type": "Feature", "properties": { "fid": 945, "id": null, "FUNCTIE": "04_Talut1", "Info": null, "Verhaal": null }, "geometry": { "type": "MultiPolygon", "coordinates": [ [ [ [ 5.133998785967544, 52.068864216692909 ], [ 5.134008899266705, 52.068905732177427 ], [ 5.134034465364643, 52.068910294097925 ], [ 5.134018909062414, 52.068859548682966 ], [ 5.133998785967544, 52.068864216692909 ] ] ] ] } },
{ "type": "Feature", "properties": { "fid": 946, "id": null, "FUNCTIE": "05_Talut2", "Info": null, "Verhaal": null }, "geometry": { "type": "MultiPolygon", "coordinates": [ [ [ [ 5.13413015429214, 52.068905996928592 ], [ 5.134222926638147, 52.068884786272051 ], [ 5.134210373344678, 52.068835576642847 ], [ 5.134110766434146, 52.068840788823024 ], [ 5.13413015429214, 52.068905996928592 ] ] ] ] } },
{ "type": "Feature", "properties": { "fid": 947, "id": null, "FUNCTIE": "04_Talut1", "Info": null, "Verhaal": null }, "geometry": { "type": "MultiPolygon", "coordinates": [ [ [ [ 5.134008718350689, 52.068904942842451 ], [ 5.133993385056871, 52.068909370675136 ], [ 5.134057560292249, 52.068920858734721 ], [ 5.134188050989501, 52.068906954295542 ], [ 5.134223382650255, 52.068884497590176 ], [ 5.13413015429214, 52.068905996928592 ], [ 5.134114406948417, 52.068901456464488 ], [ 5.134034465364643, 52.068910294097925 ], [ 5.134008718350689, 52.068904942842451 ] ] ] ] } },
{ "type": "Feature", "properties": { "fid": 948, "id": null, "FUNCTIE": "04_Talut1", "Info": null, "Verhaal": null }, "geometry": { "type": "MultiPolygon", "coordinates": [ [ [ [ 5.133993037159202, 52.068909452266404 ], [ 5.134008509490806, 52.06897482468721 ], [ 5.134069573069999, 52.068951676568432 ], [ 5.134057560292249, 52.068920858734721 ], [ 5.133993037159202, 52.068909452266404 ] ] ] ] } },
{ "type": "Feature", "properties": { "fid": 949, "id": null, "FUNCTIE": "04_Talut1", "Info": null, "Verhaal": null }, "geometry": { "type": "MultiPolygon", "coordinates": [ [ [ [ 5.134193898626827, 52.068937384114015 ], [ 5.134069573069999, 52.068951676568432 ], [ 5.134008719236342, 52.068974825145247 ], [ 5.134022982618274, 52.068974856293657 ], [ 5.134057301905159, 52.068966670070608 ], [ 5.134124382437957, 52.068957053327928 ], [ 5.134139035816038, 52.068951828211027 ], [ 5.134236544303815, 52.068949036952141 ], [ 5.134193898626827, 52.068937384114015 ] ] ] ] } },
{ "type": "Feature", "properties": { "fid": 950, "id": null, "FUNCTIE": "04_Talut1", "Info": null, "Verhaal": null }, "geometry": { "type": "MultiPolygon", "coordinates": [ [ [ [ 5.134004683015672, 52.069005608733534 ], [ 5.134022879049992, 52.069019916957203 ], [ 5.134057301905159, 52.068966670070608 ], [ 5.134023133237285, 52.068974856622617 ], [ 5.134004683015672, 52.069005608733534 ] ] ] ] } },
{ "type": "Feature", "properties": { "fid": 951, "id": null, "FUNCTIE": "05_Talut2", "Info": null, "Verhaal": null }, "geometry": { "type": "MultiPolygon", "coordinates": [ [ [ [ 5.134155775043843, 52.06900894186537 ], [ 5.134255546820076, 52.069030790844508 ], [ 5.134236544303815, 52.068949036952141 ], [ 5.134139035816038, 52.068951828211027 ], [ 5.134155775043843, 52.06900894186537 ] ] ] ] } },
{ "type": "Feature", "properties": { "fid": 952, "id": null, "FUNCTIE": "05_Talut2", "Info": null, "Verhaal": null }, "geometry": { "type": "MultiPolygon", "coordinates": [ [ [ [ 5.134155775043843, 52.06900894186537 ], [ 5.134078708081996, 52.069060593657554 ], [ 5.134155288113799, 52.069095307500213 ], [ 5.134255546820076, 52.069030790844508 ], [ 5.134155775043843, 52.06900894186537 ] ] ] ] } },
{ "type": "Feature", "properties": { "fid": 953, "id": null, "FUNCTIE": "04_Talut1", "Info": null, "Verhaal": null }, "geometry": { "type": "MultiPolygon", "coordinates": [ [ [ [ 5.134004044051386, 52.069005175906057 ], [ 5.134000362790416, 52.069003268440575 ], [ 5.133996624900678, 52.06900201309962 ], [ 5.134010612085235, 52.069034159451661 ], [ 5.134104314925725, 52.069087710720147 ], [ 5.134155264778996, 52.069095304022497 ], [ 5.134078708081996, 52.069060593657554 ], [ 5.134073033381109, 52.069050818075702 ], [ 5.134022879049992, 52.069019916957203 ], [ 5.134004044051386, 52.069005175906057 ] ] ] ] } },
{ "type": "Feature", "properties": { "fid": 954, "id": null, "FUNCTIE": "04_Talut1", "Info": null, "Verhaal": null }, "geometry": { "type": "MultiPolygon", "coordinates": [ [ [ [ 5.133968420445471, 52.069060352828785 ], [ 5.134010612085235, 52.069034159451661 ], [ 5.133997455734285, 52.06900224236842 ], [ 5.133993892995593, 52.069001442065328 ], [ 5.133990815585149, 52.069001113617844 ], [ 5.133985795010091, 52.069001246416128 ], [ 5.133981295880043, 52.069002080390405 ], [ 5.133977989550218, 52.069003197353176 ], [ 5.133973095910365, 52.069006004524176 ], [ 5.133971436952021, 52.069007502388132 ], [ 5.133907476600243, 52.069050853462265 ], [ 5.133968420445471, 52.069060352828785 ] ] ] ] } },
{ "type": "Feature", "properties": { "fid": 955, "id": null, "FUNCTIE": "04_Talut1", "Info": null, "Verhaal": null }, "geometry": { "type": "MultiPolygon", "coordinates": [ [ [ [ 5.133968420445471, 52.069060352828785 ], [ 5.133907294955875, 52.069050217338201 ], [ 5.133919634564437, 52.069059771430773 ], [ 5.133947077152952, 52.069063310270558 ], [ 5.134000515485837, 52.069095720624439 ], [ 5.13401757657102, 52.069095757881151 ], [ 5.134078229469264, 52.069145457292692 ], [ 5.134068720170897, 52.069113176224839 ], [ 5.133968420445471, 52.069060352828785 ] ] ] ] } },
{ "type": "Feature", "properties": { "fid": 956, "id": null, "FUNCTIE": "04_Talut1", "Info": null, "Verhaal": null }, "geometry": { "type": "MultiPolygon", "coordinates": [ [ [ [ 5.13389826159518, 52.069090991188084 ], [ 5.133947077152952, 52.069063310270558 ], [ 5.133919634564437, 52.069059771430773 ], [ 5.133870392439444, 52.069092241527748 ], [ 5.13389826159518, 52.069090991188084 ] ] ] ] } },
{ "type": "Feature", "properties": { "fid": 957, "id": null, "FUNCTIE": "04_Talut1", "Info": null, "Verhaal": null }, "geometry": { "type": "MultiPolygon", "coordinates": [ [ [ [ 5.13389826159518, 52.069090991188084 ], [ 5.133870392439444, 52.069092241527748 ], [ 5.133926110083197, 52.06910757435444 ], [ 5.13389826159518, 52.069090991188084 ] ] ] ] } },
{ "type": "Feature", "properties": { "fid": 958, "id": null, "FUNCTIE": "04_Talut1", "Info": null, "Verhaal": null }, "geometry": { "type": "MultiPolygon", "coordinates": [ [ [ [ 5.133893049713634, 52.069135289688589 ], [ 5.13392606346363, 52.06911583541762 ], [ 5.133926110083197, 52.06910757435444 ], [ 5.133870392439444, 52.069092241527748 ], [ 5.133851179212485, 52.06910456236929 ], [ 5.133893049713634, 52.069135289688589 ] ] ] ] } },
{ "type": "Feature", "properties": { "fid": 959, "id": null, "FUNCTIE": "04_Talut1", "Info": null, "Verhaal": null }, "geometry": { "type": "MultiPolygon", "coordinates": [ [ [ [ 5.133851179212485, 52.06910456236929 ], [ 5.133874689416486, 52.069149518862368 ], [ 5.133893049713634, 52.069135289688589 ], [ 5.133851179212485, 52.06910456236929 ] ] ] ] } },
{ "type": "Feature", "properties": { "fid": 960, "id": null, "FUNCTIE": "04_Talut1", "Info": null, "Verhaal": null }, "geometry": { "type": "MultiPolygon", "coordinates": [ [ [ [ 5.133874689416486, 52.069149518862368 ], [ 5.133945506838045, 52.069191792073816 ], [ 5.133994187825516, 52.069199954878052 ], [ 5.133918488792252, 52.069162381803132 ], [ 5.13391491292821, 52.069148182565009 ], [ 5.133893049713634, 52.069135289688589 ], [ 5.133874689416486, 52.069149518862368 ] ] ] ] } },
{ "type": "Feature", "properties": { "fid": 961, "id": null, "FUNCTIE": "05_Talut2", "Info": null, "Verhaal": null }, "geometry": { "type": "MultiPolygon", "coordinates": [ [ [ [ 5.133918488792252, 52.069162381803132 ], [ 5.133994187825516, 52.069199954878052 ], [ 5.134078229469264, 52.069145457292692 ], [ 5.13401757657102, 52.069095757881151 ], [ 5.133918488792252, 52.069162381803132 ] ] ] ] } },
{ "type": "Feature", "properties": { "fid": 962, "id": null, "FUNCTIE": "04_Talut1", "Info": null, "Verhaal": null }, "geometry": { "type": "MultiPolygon", "coordinates": [ [ [ [ 5.133842894265732, 52.069168975784692 ], [ 5.133874689416486, 52.069149518862368 ], [ 5.133851179212485, 52.06910456236929 ], [ 5.133775958954175, 52.069152798672683 ], [ 5.133842894265732, 52.069168975784692 ] ] ] ] } },
{ "type": "Feature", "properties": { "fid": 963, "id": null, "FUNCTIE": "04_Talut1", "Info": null, "Verhaal": null }, "geometry": { "type": "MultiPolygon", "coordinates": [ [ [ [ 5.133775958954175, 52.069152798672683 ], [ 5.133789311765044, 52.069162099555363 ], [ 5.133850645921792, 52.06919903332723 ], [ 5.133867097726736, 52.069199069272535 ], [ 5.133932449014487, 52.06924263181169 ], [ 5.133912129781423, 52.06921267432206 ], [ 5.133842894265732, 52.069168975784692 ], [ 5.133775958954175, 52.069152798672683 ] ] ] ] } },
{ "type": "Feature", "properties": { "fid": 964, "id": null, "FUNCTIE": "05_Talut2", "Info": null, "Verhaal": null }, "geometry": { "type": "MultiPolygon", "coordinates": [ [ [ [ 5.133867097726736, 52.069199069272535 ], [ 5.133723997918406, 52.069290380403132 ], [ 5.133755527709083, 52.069360161363406 ], [ 5.133932449014487, 52.06924263181169 ], [ 5.133867097726736, 52.069199069272535 ] ] ] ] } },
{ "type": "Feature", "properties": { "fid": 965, "id": null, "FUNCTIE": "04_Talut1", "Info": null, "Verhaal": null }, "geometry": { "type": "MultiPolygon", "coordinates": [ [ [ [ 5.133689990114345, 52.069270028645469 ], [ 5.133665126598271, 52.069267845057695 ], [ 5.133777833557132, 52.069417713441567 ], [ 5.133755527709083, 52.069360161363406 ], [ 5.133723997918406, 52.069290380403132 ], [ 5.133706966440064, 52.06928508606498 ], [ 5.133689990114345, 52.069270028645469 ] ] ] ] } },
{ "type": "Feature", "properties": { "fid": 966, "id": null, "FUNCTIE": "04_Talut1", "Info": null, "Verhaal": null }, "geometry": { "type": "MultiPolygon", "coordinates": [ [ [ [ 5.13365905973159, 52.069260501173922 ], [ 5.133665126598271, 52.069267845057695 ], [ 5.133689990114345, 52.069270028645469 ], [ 5.133775618255558, 52.069213133977726 ], [ 5.133743651171127, 52.069191289286536 ], [ 5.133716178537287, 52.069191133799521 ], [ 5.133706315054546, 52.069197218276962 ], [ 5.133704851109682, 52.069198467361474 ], [ 5.133700445010458, 52.069203486827725 ], [ 5.133698398450652, 52.069206664256676 ], [ 5.133694808024077, 52.069212741338198 ], [ 5.133692210620817, 52.069217544219207 ], [ 5.133691216697376, 52.069222294641747 ], [ 5.133690836520049, 52.069226923217535 ], [ 5.133690458486557, 52.06923152569162 ], [ 5.13369019190104, 52.069234830041168 ], [ 5.133687359399792, 52.06924593923975 ], [ 5.133685174042444, 52.069249271416581 ], [ 5.133681198709772, 52.069253487563572 ], [ 5.133677808793014, 52.06925615126098 ], [ 5.13367423629853, 52.069258410354841 ], [ 5.13365905973159, 52.069260501173922 ] ] ] ] } },
{ "type": "Feature", "properties": { "fid": 967, "id": null, "FUNCTIE": "04_Talut1", "Info": null, "Verhaal": null }, "geometry": { "type": "MultiPolygon", "coordinates": [ [ [ [ 5.133716178537287, 52.069191133799521 ], [ 5.133743651171127, 52.069191289286536 ], [ 5.133789311765044, 52.069162099555363 ], [ 5.133775958954175, 52.069152798672683 ], [ 5.133716178537287, 52.069191133799521 ] ] ] ] } },
{ "type": "Feature", "properties": { "fid": 968, "id": null, "FUNCTIE": "04_Talut1", "Info": null, "Verhaal": null }, "geometry": { "type": "MultiPolygon", "coordinates": [ [ [ [ 5.133831943925766, 52.068734114200424 ], [ 5.133967330452895, 52.068960465468393 ], [ 5.133841138677254, 52.068516540496042 ], [ 5.133837815327198, 52.068507295509569 ], [ 5.133835225013973, 52.06850107640993 ], [ 5.133832192774211, 52.068496014741314 ], [ 5.133829140240714, 52.068492236122715 ], [ 5.133823615678389, 52.068487170123547 ], [ 5.133815660074807, 52.068481278631424 ], [ 5.13380697514732, 52.068475831749396 ], [ 5.133799663342369, 52.068472348886232 ], [ 5.133788510606983, 52.06846876725433 ], [ 5.1337826511849, 52.068468370687555 ], [ 5.133776407282337, 52.068468784568218 ], [ 5.13377495774841, 52.068469016036524 ], [ 5.133779581556096, 52.068522463681475 ], [ 5.133831943925766, 52.068734114200424 ] ] ] ] } },
{ "type": "Feature", "properties": { "fid": 969, "id": null, "FUNCTIE": "04_Talut1", "Info": null, "Verhaal": null }, "geometry": { "type": "MultiPolygon", "coordinates": [ [ [ [ 5.133902741160783, 52.068513046862002 ], [ 5.13392940730633, 52.068523292074751 ], [ 5.133987359066082, 52.068512255893559 ], [ 5.133902741160783, 52.068513046862002 ] ] ] ] } },
{ "type": "Feature", "properties": { "fid": 970, "id": null, "FUNCTIE": "04_Talut1", "Info": null, "Verhaal": null }, "geometry": { "type": "MultiPolygon", "coordinates": [ [ [ [ 5.133778257258028, 52.068745780469669 ], [ 5.133843869585016, 52.068993944160709 ], [ 5.133927749570814, 52.068994800106431 ], [ 5.133778257258028, 52.068745780469669 ] ] ] ] } },
{ "type": "Feature", "properties": { "fid": 971, "id": null, "FUNCTIE": "04_Talut1", "Info": null, "Verhaal": null }, "geometry": { "type": "MultiPolygon", "coordinates": [ [ [ [ 5.133843419904261, 52.068992243355133 ], [ 5.133735538150761, 52.069090119995778 ], [ 5.133652041996013, 52.069142768879779 ], [ 5.133629452553431, 52.069156153067389 ], [ 5.133620071512776, 52.069164968564017 ], [ 5.133613346797592, 52.069175294342763 ], [ 5.13361114090794, 52.069182783744644 ], [ 5.133612431244004, 52.069196412436284 ], [ 5.133615809027798, 52.069205508510663 ], [ 5.133624131055248, 52.06921895714801 ], [ 5.133634251106233, 52.069231658188649 ], [ 5.133640532409649, 52.069239256696463 ], [ 5.13365905973159, 52.069260501173922 ], [ 5.13367423629853, 52.069258410354841 ], [ 5.133679076176561, 52.069255226380427 ], [ 5.133683744257169, 52.069250977611802 ], [ 5.133688156753729, 52.069244334997286 ], [ 5.13369017532226, 52.069235274250588 ], [ 5.133690756331506, 52.069227899495367 ], [ 5.133685627679933, 52.069218653407042 ], [ 5.133681626746215, 52.069211645766607 ], [ 5.133676868642709, 52.069202827339673 ], [ 5.133676257826983, 52.069193470857066 ], [ 5.133681151161801, 52.069183010307789 ], [ 5.133691823126567, 52.069174188361202 ], [ 5.133789929926018, 52.069112086497434 ], [ 5.133927749570814, 52.068994800106431 ], [ 5.133843419904261, 52.068992243355133 ] ] ] ] } },
{ "type": "Feature", "properties": { "fid": 972, "id": null, "FUNCTIE": "04_Talut1", "Info": null, "Verhaal": null }, "geometry": { "type": "MultiPolygon", "coordinates": [ [ [ [ 5.133545209915162, 52.069269970817821 ], [ 5.133575220770338, 52.069281281864505 ], [ 5.133633931997842, 52.069269906075654 ], [ 5.13364258562981, 52.069248145552905 ], [ 5.133545209915162, 52.069269970817821 ] ] ] ] } },
{ "type": "Feature", "properties": { "fid": 973, "id": null, "FUNCTIE": "04_Talut1", "Info": null, "Verhaal": null }, "geometry": { "type": "MultiPolygon", "coordinates": [ [ [ [ 5.133633931997842, 52.069269906075654 ], [ 5.133730639685722, 52.06940905534826 ], [ 5.133769537411879, 52.069426732757726 ], [ 5.133642986827068, 52.06924870993263 ], [ 5.133633931997842, 52.069269906075654 ] ] ] ] } },
{ "type": "Feature", "properties": { "fid": 974, "id": null, "FUNCTIE": "04_Talut1", "Info": null, "Verhaal": null }, "geometry": { "type": "MultiPolygon", "coordinates": [ [ [ [ 5.133730639685722, 52.06940905534826 ], [ 5.133681715165572, 52.069440491051218 ], [ 5.133684012423789, 52.069478751288884 ], [ 5.133769537411879, 52.069426732757726 ], [ 5.133730639685722, 52.06940905534826 ] ] ] ] } },
{ "type": "Feature", "properties": { "fid": 975, "id": null, "FUNCTIE": "04_Talut1", "Info": null, "Verhaal": null }, "geometry": { "type": "MultiPolygon", "coordinates": [ [ [ [ 5.133681715165572, 52.069440491051218 ], [ 5.133576587312865, 52.069281796912058 ], [ 5.133545978058865, 52.069270260330185 ], [ 5.133683936123854, 52.069478797696434 ], [ 5.133681715165572, 52.069440491051218 ] ] ] ] } },
{ "type": "Feature", "properties": { "fid": 1013, "id": null, "FUNCTIE": "04_Talut1", "Info": null, "Verhaal": null }, "geometry": { "type": "MultiPolygon", "coordinates": [ [ [ [ 5.143256864340926, 52.076713356698782 ], [ 5.143271688505513, 52.07673198305821 ], [ 5.14416268307925, 52.075718602243647 ], [ 5.144090218879665, 52.075760708017675 ], [ 5.143256864340926, 52.076713356698782 ] ] ] ] } },
{ "type": "Feature", "properties": { "fid": 1014, "id": null, "FUNCTIE": "04_Talut1", "Info": null, "Verhaal": null }, "geometry": { "type": "MultiPolygon", "coordinates": [ [ [ [ 5.14416268307925, 52.075718602243647 ], [ 5.14383923039137, 52.075763983297513 ], [ 5.143874219106429, 52.075775502124117 ], [ 5.143916128509135, 52.075768716936906 ], [ 5.143951021777071, 52.075787875737028 ], [ 5.144090218879665, 52.075760708017675 ], [ 5.14416268307925, 52.075718602243647 ] ] ] ] } },
{ "type": "Feature", "properties": { "fid": 1015, "id": null, "FUNCTIE": "04_Talut1", "Info": null, "Verhaal": null }, "geometry": { "type": "MultiPolygon", "coordinates": [ [ [ [ 5.143271688505513, 52.07673198305821 ], [ 5.143256864340926, 52.076713356698782 ], [ 5.143152490094359, 52.076699609131325 ], [ 5.143087847507069, 52.076716671198774 ], [ 5.143047697341586, 52.076716479001462 ], [ 5.143014419506984, 52.076701887692806 ], [ 5.142940894791623, 52.076694832681468 ], [ 5.142919062877017, 52.076701431140897 ], [ 5.142898987794791, 52.076701335014867 ], [ 5.142880304609601, 52.07670639983661 ], [ 5.142837185566808, 52.076701039064169 ], [ 5.142766808806122, 52.076719895636387 ], [ 5.143271688505513, 52.07673198305821 ] ] ] ] } },
{ "type": "Feature", "properties": { "fid": 1016, "id": null, "FUNCTIE": "05_Talut2", "Info": null, "Verhaal": null }, "geometry": { "type": "MultiPolygon", "coordinates": [ [ [ [ 5.143740293724821, 52.075782429410346 ], [ 5.14383923039137, 52.075763983297513 ], [ 5.14416268307925, 52.075718602243647 ], [ 5.143271688505513, 52.07673198305821 ], [ 5.143376966624986, 52.076741764499161 ], [ 5.144300054780218, 52.075703606917372 ], [ 5.142386035929033, 52.074834057812126 ], [ 5.142361354053584, 52.074816780455556 ], [ 5.142333772872658, 52.074811126361666 ], [ 5.142267575172523, 52.074801586528267 ], [ 5.142157747265957, 52.074794792141176 ], [ 5.142094799707486, 52.074795998661877 ], [ 5.142017351381968, 52.074802970306564 ], [ 5.141942260475607, 52.074814406552541 ], [ 5.141857839807171, 52.074832944125255 ], [ 5.141818910218613, 52.074845625019393 ], [ 5.14174566365415, 52.074874177689694 ], [ 5.141825695672722, 52.074904560482366 ], [ 5.143740293724821, 52.075782429410346 ] ] ] ] } },
{ "type": "Feature", "properties": { "fid": 1017, "id": null, "FUNCTIE": "05_Talut2", "Info": null, "Verhaal": null }, "geometry": { "type": "MultiPolygon", "coordinates": [ [ [ [ 5.137336974010709, 52.071799160422316 ], [ 5.137603966475809, 52.071952856575365 ], [ 5.137753589614432, 52.071849466019131 ], [ 5.137927486176623, 52.071682188345584 ], [ 5.137722344665203, 52.071556664466819 ], [ 5.137336974010709, 52.071799160422316 ] ] ] ] } },
{ "type": "Feature", "properties": { "fid": 1018, "id": null, "FUNCTIE": "04_Talut1", "Info": null, "Verhaal": null }, "geometry": { "type": "MultiPolygon", "coordinates": [ [ [ [ 5.141214833959916, 52.07513142541238 ], [ 5.141229555159705, 52.075157248323201 ], [ 5.141258449997543, 52.075187234704799 ], [ 5.141298790156631, 52.075216392763799 ], [ 5.14133366352034, 52.075233813277514 ], [ 5.141358128202607, 52.07524130303414 ], [ 5.141410533310093, 52.07525597595609 ], [ 5.141456289225457, 52.07526062392833 ], [ 5.141493537807102, 52.075264407695734 ], [ 5.141517113311508, 52.075262246362307 ], [ 5.141531257807474, 52.07526067605145 ], [ 5.142173787233019, 52.075180322554885 ], [ 5.143473589129155, 52.075778412289417 ], [ 5.143498252682088, 52.075811396073092 ], [ 5.143504219095442, 52.075869012448287 ], [ 5.142766808806122, 52.076719895636387 ], [ 5.142837185566808, 52.076701039064169 ], [ 5.143628425501908, 52.075794953514681 ], [ 5.142177569491906, 52.075145317765362 ], [ 5.141611606322627, 52.075218828269165 ], [ 5.141546955389615, 52.075217202439248 ], [ 5.14148800977191, 52.075209994110459 ], [ 5.141476605791644, 52.075186247343481 ], [ 5.141331937815385, 52.075124777375315 ], [ 5.141281879793306, 52.075117326297104 ], [ 5.141214833959916, 52.07513142541238 ] ] ] ] } },
{ "type": "Feature", "properties": { "fid": 1019, "id": null, "FUNCTIE": "04_Talut1", "Info": null, "Verhaal": null }, "geometry": { "type": "MultiPolygon", "coordinates": [ [ [ [ 5.14200261030196, 52.076817145722885 ], [ 5.142033579010697, 52.076762894114026 ], [ 5.142006955932414, 52.076619584188492 ], [ 5.141963827312749, 52.076599963693418 ], [ 5.14200261030196, 52.076817145722885 ] ] ] ] } },
{ "type": "Feature", "properties": { "fid": 1020, "id": null, "FUNCTIE": "04_Talut1", "Info": null, "Verhaal": null }, "geometry": { "type": "MultiPolygon", "coordinates": [ [ [ [ 5.14200261030196, 52.076817145722885 ], [ 5.142124278580019, 52.076761897441351 ], [ 5.142094535336359, 52.076737434224455 ], [ 5.142033579010697, 52.076762894114026 ], [ 5.14200261030196, 52.076817145722885 ] ] ] ] } },
{ "type": "Feature", "properties": { "fid": 1021, "id": null, "FUNCTIE": "04_Talut1", "Info": null, "Verhaal": null }, "geometry": { "type": "MultiPolygon", "coordinates": [ [ [ [ 5.141963827312749, 52.076599963693418 ], [ 5.142006955932414, 52.076619584188492 ], [ 5.142069516439473, 52.076614733777745 ], [ 5.142090116103915, 52.076592647843235 ], [ 5.141963827312749, 52.076599963693418 ] ] ] ] } },
{ "type": "Feature", "properties": { "fid": 1022, "id": null, "FUNCTIE": "04_Talut1", "Info": null, "Verhaal": null }, "geometry": { "type": "MultiPolygon", "coordinates": [ [ [ [ 5.142069516439473, 52.076614733777745 ], [ 5.142094535336359, 52.076737434224455 ], [ 5.142124278580019, 52.076761897441351 ], [ 5.142090116103915, 52.076592647843235 ], [ 5.142069516439473, 52.076614733777745 ] ] ] ] } },
{ "type": "Feature", "properties": { "fid": 1023, "id": null, "FUNCTIE": "04_Talut1", "Info": null, "Verhaal": null }, "geometry": { "type": "MultiPolygon", "coordinates": [ [ [ [ 5.142233478670354, 52.076153010673082 ], [ 5.142263968120168, 52.076388016766849 ], [ 5.14234091658776, 52.076393657269882 ], [ 5.142233478670354, 52.076153010673082 ] ] ] ] } },
{ "type": "Feature", "properties": { "fid": 1024, "id": null, "FUNCTIE": "04_Talut1", "Info": null, "Verhaal": null }, "geometry": { "type": "MultiPolygon", "coordinates": [ [ [ [ 5.142396984230031, 52.076364259504047 ], [ 5.142400689446396, 52.076283603256314 ], [ 5.142283925251712, 52.076129560534504 ], [ 5.142396984230031, 52.076364259504047 ] ] ] ] } },
{ "type": "Feature", "properties": { "fid": 1025, "id": null, "FUNCTIE": "04_Talut1", "Info": null, "Verhaal": null }, "geometry": { "type": "MultiPolygon", "coordinates": [ [ [ [ 5.142400689446396, 52.076283603256314 ], [ 5.142396984230031, 52.076364259504047 ], [ 5.142694707922146, 52.076007661327388 ], [ 5.142710413789271, 52.075987077279507 ], [ 5.142710486636867, 52.075981260669664 ], [ 5.142710639616755, 52.075969045789137 ], [ 5.142705033964579, 52.075964365365948 ], [ 5.142705084958373, 52.075960293739136 ], [ 5.142688158734462, 52.075954977382501 ], [ 5.142634900629552, 52.076003511952678 ], [ 5.142400689446396, 52.076283603256314 ] ] ] ] } },
{ "type": "Feature", "properties": { "fid": 1026, "id": null, "FUNCTIE": "04_Talut1", "Info": null, "Verhaal": null }, "geometry": { "type": "MultiPolygon", "coordinates": [ [ [ [ 5.142263968120168, 52.076388016766849 ], [ 5.14226390356611, 52.07639316689464 ], [ 5.142245373237475, 52.076404409017975 ], [ 5.142220182062032, 52.076413559028595 ], [ 5.142146176821302, 52.076449257253408 ], [ 5.14212092102255, 52.07646355737436 ], [ 5.142095769964342, 52.076485377771121 ], [ 5.142083731058575, 52.076496341840169 ], [ 5.142059888564095, 52.076531250485729 ], [ 5.142043734926284, 52.076551774773833 ], [ 5.142043244283729, 52.076590902278973 ], [ 5.142094283315549, 52.076588070260875 ], [ 5.142101865267452, 52.076560621451193 ], [ 5.142109304918983, 52.076543206227072 ], [ 5.142114516527155, 52.076530433892131 ], [ 5.142137515318389, 52.076503204434729 ], [ 5.142153745645384, 52.076488739845203 ], [ 5.142170898085263, 52.076476024765313 ], [ 5.14234091658776, 52.076393657269882 ], [ 5.142263968120168, 52.076388016766849 ] ] ] ] } },
{ "type": "Feature", "properties": { "fid": 1027, "id": null, "FUNCTIE": "04_Talut1", "Info": null, "Verhaal": null }, "geometry": { "type": "MultiPolygon", "coordinates": [ [ [ [ 5.141440627102077, 52.075648655104217 ], [ 5.141447775841693, 52.075618488053536 ], [ 5.141306480439765, 52.075488018419676 ], [ 5.141244323066084, 52.075463467815645 ], [ 5.141440627102077, 52.075648655104217 ] ] ] ] } },
{ "type": "Feature", "properties": { "fid": 1028, "id": null, "FUNCTIE": "04_Talut1", "Info": null, "Verhaal": null }, "geometry": { "type": "MultiPolygon", "coordinates": [ [ [ [ 5.141440627102077, 52.075648655104217 ], [ 5.14153238879344, 52.07561273709269 ], [ 5.141483074154902, 52.075603206237865 ], [ 5.141447775841693, 52.075618488053536 ], [ 5.141440627102077, 52.075648655104217 ] ] ] ] } },
{ "type": "Feature", "properties": { "fid": 1029, "id": null, "FUNCTIE": "04_Talut1", "Info": null, "Verhaal": null }, "geometry": { "type": "MultiPolygon", "coordinates": [ [ [ [ 5.141306480439765, 52.075488018419676 ], [ 5.141355085957876, 52.075483616485243 ], [ 5.141366120620209, 52.075460336618974 ], [ 5.141356101356279, 52.075450724200813 ], [ 5.141244323066084, 52.075463467815645 ], [ 5.141306480439765, 52.075488018419676 ] ] ] ] } },
{ "type": "Feature", "properties": { "fid": 1030, "id": null, "FUNCTIE": "04_Talut1", "Info": null, "Verhaal": null }, "geometry": { "type": "MultiPolygon", "coordinates": [ [ [ [ 5.141355085957876, 52.075483616485243 ], [ 5.141483074154902, 52.075603206237865 ], [ 5.14153238879344, 52.07561273709269 ], [ 5.141519174030378, 52.07560142540769 ], [ 5.141512798656692, 52.075595205840848 ], [ 5.141366120620209, 52.075460336618974 ], [ 5.141355085957876, 52.075483616485243 ] ] ] ] } },
{ "type": "Feature", "properties": { "fid": 1031, "id": null, "FUNCTIE": "04_Talut1", "Info": null, "Verhaal": null }, "geometry": { "type": "MultiPolygon", "coordinates": [ [ [ [ 5.141515367248144, 52.075627065848536 ], [ 5.141550987492439, 52.075653234039727 ], [ 5.141580947709143, 52.075663678752228 ], [ 5.141610946716424, 52.075671033380381 ], [ 5.141630967601784, 52.075674219752322 ], [ 5.141651014339405, 52.075675346070049 ], [ 5.141682788395541, 52.075674468500637 ], [ 5.14183180968941, 52.075655612044017 ], [ 5.141884756599002, 52.075611576077421 ], [ 5.141697149898857, 52.075634945724957 ], [ 5.141664110486967, 52.075634787135463 ], [ 5.14164806277186, 52.075634710102975 ], [ 5.141618843085891, 52.075631079658066 ], [ 5.141607559420535, 52.075627508465786 ], [ 5.141583176115494, 52.075614620931987 ], [ 5.141578877498659, 52.075611391875512 ], [ 5.141564449756736, 52.075602315402854 ], [ 5.141553169663418, 52.075598460437362 ], [ 5.141527019834033, 52.07559833488569 ], [ 5.141544779261479, 52.075615090996379 ], [ 5.141515367248144, 52.075627065848536 ] ] ] ] } },
{ "type": "Feature", "properties": { "fid": 1032, "id": null, "FUNCTIE": "04_Talut1", "Info": null, "Verhaal": null }, "geometry": { "type": "MultiPolygon", "coordinates": [ [ [ [ 5.14183180968941, 52.075655612044017 ], [ 5.142064966169172, 52.075859657799285 ], [ 5.141884756599002, 52.075611576077421 ], [ 5.14183180968941, 52.075655612044017 ] ] ] ] } },
{ "type": "Feature", "properties": { "fid": 1033, "id": null, "FUNCTIE": "04_Talut1", "Info": null, "Verhaal": null }, "geometry": { "type": "MultiPolygon", "coordinates": [ [ [ [ 5.141950319062069, 52.075603634581149 ], [ 5.142125313239092, 52.075846556106342 ], [ 5.142020962984251, 52.075635917844032 ], [ 5.141950319062069, 52.075603634581149 ] ] ] ] } },
{ "type": "Feature", "properties": { "fid": 1034, "id": null, "FUNCTIE": "04_Talut1", "Info": null, "Verhaal": null }, "geometry": { "type": "MultiPolygon", "coordinates": [ [ [ [ 5.141950319062069, 52.075603634581149 ], [ 5.142020962984251, 52.075635917844032 ], [ 5.142038474736497, 52.075592956336479 ], [ 5.141950319062069, 52.075603634581149 ] ] ] ] } },
{ "type": "Feature", "properties": { "fid": 1035, "id": null, "FUNCTIE": "04_Talut1", "Info": null, "Verhaal": null }, "geometry": { "type": "MultiPolygon", "coordinates": [ [ [ [ 5.14217959241486, 52.076050773655219 ], [ 5.142634900629552, 52.076003511952678 ], [ 5.142688158734462, 52.075954977382501 ], [ 5.14217959241486, 52.076050773655219 ] ] ] ] } },
{ "type": "Feature", "properties": { "fid": 1036, "id": null, "FUNCTIE": "04_Talut1", "Info": null, "Verhaal": null }, "geometry": { "type": "MultiPolygon", "coordinates": [ [ [ [ 5.14216002330028, 52.076011536501149 ], [ 5.142671596777708, 52.075920577974529 ], [ 5.142579419437058, 52.075895087011418 ], [ 5.14216002330028, 52.076011536501149 ] ] ] ] } },
{ "type": "Feature", "properties": { "fid": 1037, "id": null, "FUNCTIE": "04_Talut1", "Info": null, "Verhaal": null }, "geometry": { "type": "MultiPolygon", "coordinates": [ [ [ [ 5.142579419437058, 52.075895087011418 ], [ 5.142671596777708, 52.075920577974529 ], [ 5.142676396852361, 52.075914202318394 ], [ 5.142676484274771, 52.075907222386924 ], [ 5.142670958771807, 52.07589614369143 ], [ 5.142663559868864, 52.075883892627807 ], [ 5.14265704667279, 52.075876299374336 ], [ 5.142636648298693, 52.075863986021808 ], [ 5.142038474736497, 52.075592956336479 ], [ 5.142020962984251, 52.075635917844032 ], [ 5.142579419437058, 52.075895087011418 ] ] ] ] } },
{ "type": "Feature", "properties": { "fid": 1038, "id": null, "FUNCTIE": "05_Talut2", "Info": null, "Verhaal": null }, "geometry": { "type": "MultiPolygon", "coordinates": [ [ [ [ 5.142116705276672, 52.076702000074903 ], [ 5.142625231707759, 52.076456679595907 ], [ 5.142556209196242, 52.076413366985356 ], [ 5.142118543363197, 52.076619861796623 ], [ 5.142116705276672, 52.076702000074903 ] ] ] ] } },
{ "type": "Feature", "properties": { "fid": 1039, "id": null, "FUNCTIE": "04_Talut1", "Info": null, "Verhaal": null }, "geometry": { "type": "MultiPolygon", "coordinates": [ [ [ [ 5.142450047168059, 52.076380410496249 ], [ 5.142109304918983, 52.076543206227072 ], [ 5.142098931157332, 52.076568751134424 ], [ 5.142094283315549, 52.076588070260875 ], [ 5.142096280860621, 52.076598220152249 ], [ 5.142508742472953, 52.076399115197027 ], [ 5.142501334653804, 52.076389927070338 ], [ 5.142485344197543, 52.076386959987566 ], [ 5.142456273085602, 52.076383857800295 ], [ 5.142450047168059, 52.076380410496249 ] ] ] ] } },
{ "type": "Feature", "properties": { "fid": 1040, "id": null, "FUNCTIE": "04_Talut1", "Info": null, "Verhaal": null }, "geometry": { "type": "MultiPolygon", "coordinates": [ [ [ [ 5.142501334653804, 52.076389927070338 ], [ 5.142508742472953, 52.076399115197027 ], [ 5.142537863301293, 52.07641130291978 ], [ 5.142544993212109, 52.076407905284078 ], [ 5.142501334653804, 52.076389927070338 ] ] ] ] } },
{ "type": "Feature", "properties": { "fid": 1041, "id": null, "FUNCTIE": "05_Talut2", "Info": null, "Verhaal": null }, "geometry": { "type": "MultiPolygon", "coordinates": [ [ [ [ 5.142556209196242, 52.076413366985356 ], [ 5.142625231707759, 52.076456679595907 ], [ 5.142673145629888, 52.076399902916698 ], [ 5.142594373233793, 52.076369513626901 ], [ 5.142556209196242, 52.076413366985356 ] ] ] ] } },
{ "type": "Feature", "properties": { "fid": 1042, "id": null, "FUNCTIE": "04_Talut1", "Info": null, "Verhaal": null }, "geometry": { "type": "MultiPolygon", "coordinates": [ [ [ [ 5.142486822038618, 52.076347366427214 ], [ 5.142456273085602, 52.076383857800295 ], [ 5.142485344197543, 52.076386959987566 ], [ 5.142519409758878, 52.076348295159335 ], [ 5.142486822038618, 52.076347366427214 ] ] ] ] } },
{ "type": "Feature", "properties": { "fid": 1043, "id": null, "FUNCTIE": "04_Talut1", "Info": null, "Verhaal": null }, "geometry": { "type": "MultiPolygon", "coordinates": [ [ [ [ 5.142579318597945, 52.076370214058493 ], [ 5.142594373233793, 52.076369513626901 ], [ 5.142673145629888, 52.076399902916698 ], [ 5.142649815251366, 52.076378268387032 ], [ 5.142532855290311, 52.076336771110661 ], [ 5.142471912596247, 52.076336479060188 ], [ 5.142486822038618, 52.076347366427214 ], [ 5.142519409758878, 52.076348295159335 ], [ 5.142579318597945, 52.076370214058493 ] ] ] ] } },
{ "type": "Feature", "properties": { "fid": 1044, "id": null, "FUNCTIE": "04_Talut1", "Info": null, "Verhaal": null }, "geometry": { "type": "MultiPolygon", "coordinates": [ [ [ [ 5.142532855290311, 52.076336771110661 ], [ 5.142561478373731, 52.076308323352983 ], [ 5.142524051738307, 52.076278013962337 ], [ 5.142471912596247, 52.076336479060188 ], [ 5.142532855290311, 52.076336771110661 ] ] ] ] } },
{ "type": "Feature", "properties": { "fid": 1045, "id": null, "FUNCTIE": "04_Talut1", "Info": null, "Verhaal": null }, "geometry": { "type": "MultiPolygon", "coordinates": [ [ [ [ 5.142524051738307, 52.076278013962337 ], [ 5.142561478373731, 52.076308323352983 ], [ 5.142675674732316, 52.076348725771275 ], [ 5.142720986575087, 52.076348942839417 ], [ 5.142630884884176, 52.076324107214923 ], [ 5.142623877095458, 52.076316347987316 ], [ 5.14259994101597, 52.076307156285694 ], [ 5.142524051738307, 52.076278013962337 ] ] ] ] } },
{ "type": "Feature", "properties": { "fid": 1046, "id": null, "FUNCTIE": "04_Talut1", "Info": null, "Verhaal": null }, "geometry": { "type": "MultiPolygon", "coordinates": [ [ [ [ 5.14258141860656, 52.076202577468692 ], [ 5.142651934227064, 52.076209095858111 ], [ 5.142673678959715, 52.076177524869927 ], [ 5.142633110485782, 52.07614642789887 ], [ 5.14258141860656, 52.076202577468692 ] ] ] ] } },
{ "type": "Feature", "properties": { "fid": 1047, "id": null, "FUNCTIE": "04_Talut1", "Info": null, "Verhaal": null }, "geometry": { "type": "MultiPolygon", "coordinates": [ [ [ [ 5.142601172433903, 52.07620885264253 ], [ 5.142564824134123, 52.076247985377755 ], [ 5.142590158973124, 52.076244337868047 ], [ 5.142622675961932, 52.07621204593574 ], [ 5.142601172433903, 52.07620885264253 ] ] ] ] } },
{ "type": "Feature", "properties": { "fid": 1048, "id": null, "FUNCTIE": "05_Talut2", "Info": null, "Verhaal": null }, "geometry": { "type": "MultiPolygon", "coordinates": [ [ [ [ 5.142630884884176, 52.076324107214923 ], [ 5.142720986575087, 52.076348942839417 ], [ 5.142788049650294, 52.076270735110739 ], [ 5.142713899185634, 52.076236432498376 ], [ 5.142630884884176, 52.076324107214923 ] ] ] ] } },
{ "type": "Feature", "properties": { "fid": 1049, "id": null, "FUNCTIE": "04_Talut1", "Info": null, "Verhaal": null }, "geometry": { "type": "MultiPolygon", "coordinates": [ [ [ [ 5.14258141860656, 52.076202577468692 ], [ 5.142601172433903, 52.07620885264253 ], [ 5.142622675961932, 52.07621204593574 ], [ 5.142697600534542, 52.076236354417937 ], [ 5.142713899185634, 52.076236432498376 ], [ 5.142788049650294, 52.076270735110739 ], [ 5.142771329223293, 52.076248974725644 ], [ 5.142651934227064, 52.076209095858111 ], [ 5.14258141860656, 52.076202577468692 ] ] ] ] } },
{ "type": "Feature", "properties": { "fid": 1050, "id": null, "FUNCTIE": "04_Talut1", "Info": null, "Verhaal": null }, "geometry": { "type": "MultiPolygon", "coordinates": [ [ [ [ 5.142673678959715, 52.076177524869927 ], [ 5.142795313145265, 52.076218417262581 ], [ 5.142835904873168, 52.07621861168461 ], [ 5.142745779679093, 52.07619370786086 ], [ 5.142739602882513, 52.076186338904428 ], [ 5.142668601376868, 52.076159731547506 ], [ 5.142652679290905, 52.076149611917977 ], [ 5.142633110485782, 52.07614642789887 ], [ 5.142673678959715, 52.076177524869927 ] ] ] ] } },
{ "type": "Feature", "properties": { "fid": 1051, "id": null, "FUNCTIE": "05_Talut2", "Info": null, "Verhaal": null }, "geometry": { "type": "MultiPolygon", "coordinates": [ [ [ [ 5.142745779679093, 52.07619370786086 ], [ 5.142835904873168, 52.07621861168461 ], [ 5.142873237690046, 52.076177490075679 ], [ 5.142789617869852, 52.076145501285474 ], [ 5.142745779679093, 52.07619370786086 ] ] ] ] } },
{ "type": "Feature", "properties": { "fid": 1052, "id": null, "FUNCTIE": "05_Talut2", "Info": null, "Verhaal": null }, "geometry": { "type": "MultiPolygon", "coordinates": [ [ [ [ 5.142828468269273, 52.076098627558331 ], [ 5.142924868665212, 52.076125384712405 ], [ 5.14294589133378, 52.076105126032374 ], [ 5.142961204074898, 52.076088511962077 ], [ 5.14296910796034, 52.076076621625987 ], [ 5.142975657457904, 52.076065131562451 ], [ 5.142988264256893, 52.076038433925781 ], [ 5.142995159174077, 52.076015538435371 ], [ 5.1429992597366, 52.075989624137236 ], [ 5.142898825455705, 52.075987007260153 ], [ 5.142887483811597, 52.075991588329636 ], [ 5.142888373762532, 52.076027130568377 ], [ 5.142883080034688, 52.076040363238377 ], [ 5.142874782510758, 52.07605410524102 ], [ 5.142865241775202, 52.076065648017867 ], [ 5.142843647735618, 52.076087948971505 ], [ 5.142828468269273, 52.076098627558331 ] ] ] ] } },
{ "type": "Feature", "properties": { "fid": 1053, "id": null, "FUNCTIE": "04_Talut1", "Info": null, "Verhaal": null }, "geometry": { "type": "MultiPolygon", "coordinates": [ [ [ [ 5.142652679290905, 52.076149611917977 ], [ 5.142668601376868, 52.076159731547506 ], [ 5.14270402809028, 52.076123590717756 ], [ 5.142678496060682, 52.076123468397306 ], [ 5.142652679290905, 52.076149611917977 ] ] ] ] } },
{ "type": "Feature", "properties": { "fid": 1054, "id": null, "FUNCTIE": "04_Talut1", "Info": null, "Verhaal": null }, "geometry": { "type": "MultiPolygon", "coordinates": [ [ [ [ 5.142678496060682, 52.076123468397306 ], [ 5.14270402809028, 52.076123590717756 ], [ 5.142776454737663, 52.076147114621136 ], [ 5.142789617869852, 52.076145501285474 ], [ 5.142873237690046, 52.076177490075679 ], [ 5.142851793960082, 52.076155973693844 ], [ 5.142731737740595, 52.076113550888145 ], [ 5.142662741780383, 52.076116439832909 ], [ 5.142678496060682, 52.076123468397306 ] ] ] ] } },
{ "type": "Feature", "properties": { "fid": 1055, "id": null, "FUNCTIE": "04_Talut1", "Info": null, "Verhaal": null }, "geometry": { "type": "MultiPolygon", "coordinates": [ [ [ [ 5.142731737740595, 52.076113550888145 ], [ 5.1427579353612, 52.076082903022026 ], [ 5.142718699641976, 52.076053357596351 ], [ 5.142662741780383, 52.076116439832909 ], [ 5.142731737740595, 52.076113550888145 ] ] ] ] } },
{ "type": "Feature", "properties": { "fid": 1056, "id": null, "FUNCTIE": "04_Talut1", "Info": null, "Verhaal": null }, "geometry": { "type": "MultiPolygon", "coordinates": [ [ [ [ 5.142718699641976, 52.076053357596351 ], [ 5.1427579353612, 52.076082903022026 ], [ 5.142877632678218, 52.076128066974846 ], [ 5.142924868665212, 52.076125384712405 ], [ 5.142828468269273, 52.076098627558331 ], [ 5.142819789390577, 52.076090815888257 ], [ 5.142758090149191, 52.076070542725425 ], [ 5.14273747869251, 52.07605560407444 ], [ 5.142718699641976, 52.076053357596351 ] ] ] ] } },
{ "type": "Feature", "properties": { "fid": 1057, "id": null, "FUNCTIE": "04_Talut1", "Info": null, "Verhaal": null }, "geometry": { "type": "MultiPolygon", "coordinates": [ [ [ [ 5.14273747869251, 52.07605560407444 ], [ 5.142758090149191, 52.076070542725425 ], [ 5.142765841378489, 52.0760647178124 ], [ 5.142781840090457, 52.07604980560685 ], [ 5.142788192102079, 52.076043280174055 ], [ 5.14279765585824, 52.076031331446707 ], [ 5.14279813564627, 52.076026798602491 ], [ 5.14279921680837, 52.076013879320691 ], [ 5.142799787565504, 52.076001893066739 ], [ 5.142778196040847, 52.076008061286807 ], [ 5.142774936700192, 52.076018499412768 ], [ 5.142765329764916, 52.076034266857413 ], [ 5.142748837703198, 52.076049639150909 ], [ 5.14273747869251, 52.07605560407444 ] ] ] ] } },
{ "type": "Feature", "properties": { "fid": 1058, "id": null, "FUNCTIE": "04_Talut1", "Info": null, "Verhaal": null }, "geometry": { "type": "MultiPolygon", "coordinates": [ [ [ [ 5.142759583580933, 52.076007725590607 ], [ 5.142778196040847, 52.076008061286807 ], [ 5.142799787565504, 52.076001893066739 ], [ 5.142879330489468, 52.075992461484972 ], [ 5.142887483811597, 52.075991588329636 ], [ 5.142898825455705, 52.075987007260153 ], [ 5.1429992597366, 52.075989624137236 ], [ 5.142947587948496, 52.075969599045933 ], [ 5.142829928079529, 52.075982041883989 ], [ 5.142759583580933, 52.076007725590607 ] ] ] ] } },
{ "type": "Feature", "properties": { "fid": 1059, "id": null, "FUNCTIE": "04_Talut1", "Info": null, "Verhaal": null }, "geometry": { "type": "MultiPolygon", "coordinates": [ [ [ [ 5.142759583580933, 52.076007725590607 ], [ 5.142829928079529, 52.075982041883989 ], [ 5.142815308883457, 52.075947979010976 ], [ 5.142775260577761, 52.075935035309236 ], [ 5.142760851300469, 52.075941342214129 ], [ 5.142759534832612, 52.075955179965327 ], [ 5.142759583580933, 52.076007725590607 ] ] ] ] } },
{ "type": "Feature", "properties": { "fid": 1060, "id": null, "FUNCTIE": "04_Talut1", "Info": null, "Verhaal": null }, "geometry": { "type": "MultiPolygon", "coordinates": [ [ [ [ 5.142932906483213, 52.075935790386104 ], [ 5.142977514163933, 52.075916808048355 ], [ 5.142889563405993, 52.075932110810335 ], [ 5.14287634939731, 52.075928957263741 ], [ 5.142870536569868, 52.075929635990697 ], [ 5.142800080086694, 52.075937862722306 ], [ 5.142798766550757, 52.075942632494723 ], [ 5.142815308883457, 52.075947979010976 ], [ 5.142932906483213, 52.075935790386104 ] ] ] ] } },
{ "type": "Feature", "properties": { "fid": 1061, "id": null, "FUNCTIE": "04_Talut1", "Info": null, "Verhaal": null }, "geometry": { "type": "MultiPolygon", "coordinates": [ [ [ [ 5.142775260577761, 52.075935035309236 ], [ 5.142798766550757, 52.075942632494723 ], [ 5.142800080086694, 52.075937862722306 ], [ 5.142798933587868, 52.07592929302151 ], [ 5.142795166351129, 52.075922797536514 ], [ 5.142788679016199, 52.075907838710663 ], [ 5.14278316148696, 52.075900354583304 ], [ 5.142771289450038, 52.075882872711347 ], [ 5.142754475728772, 52.075899788588622 ], [ 5.142762907709906, 52.075907940959496 ], [ 5.142769173839852, 52.075917139131029 ], [ 5.142775363804025, 52.07592679208345 ], [ 5.142775260577761, 52.075935035309236 ] ] ] ] } },
{ "type": "Feature", "properties": { "fid": 1062, "id": null, "FUNCTIE": "05_Talut2", "Info": null, "Verhaal": null }, "geometry": { "type": "MultiPolygon", "coordinates": [ [ [ [ 5.142889563405993, 52.075932110810335 ], [ 5.142977514163933, 52.075916808048355 ], [ 5.142977594256829, 52.075910409779638 ], [ 5.142967538062026, 52.075884185318856 ], [ 5.142957175148323, 52.075865998365735 ], [ 5.142941557911946, 52.075847995771909 ], [ 5.142924762784975, 52.075832209555315 ], [ 5.142834121756726, 52.075855043248801 ], [ 5.142860708163985, 52.075880210776155 ], [ 5.142876658904632, 52.075904236677744 ], [ 5.142889563405993, 52.075932110810335 ] ] ] ] } },
{ "type": "Feature", "properties": { "fid": 1063, "id": null, "FUNCTIE": "04_Talut1", "Info": null, "Verhaal": null }, "geometry": { "type": "MultiPolygon", "coordinates": [ [ [ [ 5.142754475728772, 52.075899788588622 ], [ 5.142771289450038, 52.075882872711347 ], [ 5.142831414484864, 52.07586333156371 ], [ 5.142834121756726, 52.075855043248801 ], [ 5.142924762784975, 52.075832209555315 ], [ 5.142888935044623, 52.075828547788845 ], [ 5.142771474165799, 52.075868122154937 ], [ 5.142732997406033, 52.075902839574844 ], [ 5.142754475728772, 52.075899788588622 ] ] ] ] } },
{ "type": "Feature", "properties": { "fid": 1064, "id": null, "FUNCTIE": "04_Talut1", "Info": null, "Verhaal": null }, "geometry": { "type": "MultiPolygon", "coordinates": [ [ [ [ 5.142732997406033, 52.075902839574844 ], [ 5.142771474165799, 52.075868122154937 ], [ 5.142749977186153, 52.075836769465575 ], [ 5.142679231898282, 52.075838595442818 ], [ 5.142732997406033, 52.075902839574844 ] ] ] ] } },
{ "type": "Feature", "properties": { "fid": 1065, "id": null, "FUNCTIE": "04_Talut1", "Info": null, "Verhaal": null }, "geometry": { "type": "MultiPolygon", "coordinates": [ [ [ [ 5.142679231898282, 52.075838595442818 ], [ 5.142749977186153, 52.075836769465575 ], [ 5.142864719152112, 52.075802255498338 ], [ 5.142883846444528, 52.075782569460117 ], [ 5.142795655320144, 52.075814140288401 ], [ 5.142781466046324, 52.075814072316092 ], [ 5.1427554341624, 52.075823254740534 ], [ 5.142689681305908, 52.075833410246318 ], [ 5.142679231898282, 52.075838595442818 ] ] ] ] } },
{ "type": "Feature", "properties": { "fid": 1066, "id": null, "FUNCTIE": "04_Talut1", "Info": null, "Verhaal": null }, "geometry": { "type": "MultiPolygon", "coordinates": [ [ [ [ 5.142689681305908, 52.075833410246318 ], [ 5.1427554341624, 52.075823254740534 ], [ 5.142752277356828, 52.075818869382161 ], [ 5.142748008645947, 52.075814034419615 ], [ 5.142740582432457, 52.075807768652261 ], [ 5.142730673328797, 52.075801613373727 ], [ 5.142620846399725, 52.075751643007834 ], [ 5.142591116573331, 52.075788729075029 ], [ 5.142689681305908, 52.075833410246318 ] ] ] ] } },
{ "type": "Feature", "properties": { "fid": 1067, "id": null, "FUNCTIE": "05_Talut2", "Info": null, "Verhaal": null }, "geometry": { "type": "MultiPolygon", "coordinates": [ [ [ [ 5.142642871311101, 52.075726735628429 ], [ 5.142771640359747, 52.075789330138733 ], [ 5.142778837491742, 52.075794282069459 ], [ 5.142792932619676, 52.075805401809916 ], [ 5.142795655320144, 52.075814140288401 ], [ 5.142883846444528, 52.075782569460117 ], [ 5.142883933833334, 52.075775589531048 ], [ 5.142869823555904, 52.07576119972336 ], [ 5.142848681633569, 52.075746366208477 ], [ 5.142709503779539, 52.07568284602106 ], [ 5.142642871311101, 52.075726735628429 ] ] ] ] } },
{ "type": "Feature", "properties": { "fid": 1068, "id": null, "FUNCTIE": "04_Talut1", "Info": null, "Verhaal": null }, "geometry": { "type": "MultiPolygon", "coordinates": [ [ [ [ 5.142591116573331, 52.075788729075029 ], [ 5.142620846399725, 52.075751643007834 ], [ 5.142638258438748, 52.075735438961296 ], [ 5.142642871311101, 52.075726735628429 ], [ 5.142709503779539, 52.07568284602106 ], [ 5.142668853640751, 52.075693432026846 ], [ 5.142585831556884, 52.07575845556503 ], [ 5.142577762342746, 52.075799717300661 ], [ 5.142591116573331, 52.075788729075029 ] ] ] ] } },
{ "type": "Feature", "properties": { "fid": 1069, "id": null, "FUNCTIE": "04_Talut1", "Info": null, "Verhaal": null }, "geometry": { "type": "MultiPolygon", "coordinates": [ [ [ [ 5.142577762342746, 52.075799717300661 ], [ 5.142585831556884, 52.07575845556503 ], [ 5.142540352626078, 52.075738328505032 ], [ 5.142488579318719, 52.075759734561863 ], [ 5.142577762342746, 52.075799717300661 ] ] ] ] } },
{ "type": "Feature", "properties": { "fid": 1070, "id": null, "FUNCTIE": "04_Talut1", "Info": null, "Verhaal": null }, "geometry": { "type": "MultiPolygon", "coordinates": [ [ [ [ 5.142488579318719, 52.075759734561863 ], [ 5.142540352626078, 52.075738328505032 ], [ 5.142624654657116, 52.075673714023075 ], [ 5.142629731571472, 52.075645235260254 ], [ 5.142586552907934, 52.07570087113676 ], [ 5.142568617232801, 52.07570078518328 ], [ 5.142520002076917, 52.07573823097129 ], [ 5.142498164913293, 52.075748146587586 ], [ 5.142488579318719, 52.075759734561863 ] ] ] ] } },
{ "type": "Feature", "properties": { "fid": 1071, "id": null, "FUNCTIE": "04_Talut1", "Info": null, "Verhaal": null }, "geometry": { "type": "MultiPolygon", "coordinates": [ [ [ [ 5.142498164913293, 52.075748146587586 ], [ 5.142520002076917, 52.07573823097129 ], [ 5.142445819268203, 52.075706595277246 ], [ 5.142439968605121, 52.075721473189766 ], [ 5.142498164913293, 52.075748146587586 ] ] ] ] } },
{ "type": "Feature", "properties": { "fid": 1072, "id": null, "FUNCTIE": "05_Talut2", "Info": null, "Verhaal": null }, "geometry": { "type": "MultiPolygon", "coordinates": [ [ [ [ 5.142489840085292, 52.075659107220545 ], [ 5.142586552907934, 52.07570087113676 ], [ 5.142629731571472, 52.075645235260254 ], [ 5.142557460327815, 52.075611732259652 ], [ 5.142489840085292, 52.075659107220545 ] ] ] ] } },
{ "type": "Feature", "properties": { "fid": 1073, "id": null, "FUNCTIE": "04_Talut1", "Info": null, "Verhaal": null }, "geometry": { "type": "MultiPolygon", "coordinates": [ [ [ [ 5.142494472545043, 52.075666109774318 ], [ 5.142489840085292, 52.075659107220545 ], [ 5.142557460327815, 52.075611732259652 ], [ 5.142518124959877, 52.075623205823575 ], [ 5.142435661391913, 52.075688514013073 ], [ 5.142431375269581, 52.075729212180441 ], [ 5.142439968605121, 52.075721473189766 ], [ 5.142445819268203, 52.075706595277246 ], [ 5.142494472545043, 52.075666109774318 ] ] ] ] } },
{ "type": "Feature", "properties": { "fid": 1074, "id": null, "FUNCTIE": "04_Talut1", "Info": null, "Verhaal": null }, "geometry": { "type": "MultiPolygon", "coordinates": [ [ [ [ 5.142435661391913, 52.075688514013073 ], [ 5.142393415405579, 52.075669697228513 ], [ 5.142333725807335, 52.075686861944668 ], [ 5.142431375269581, 52.075729212180441 ], [ 5.142435661391913, 52.075688514013073 ] ] ] ] } },
{ "type": "Feature", "properties": { "fid": 1075, "id": null, "FUNCTIE": "04_Talut1", "Info": null, "Verhaal": null }, "geometry": { "type": "MultiPolygon", "coordinates": [ [ [ [ 5.142333725807335, 52.075686861944668 ], [ 5.142393415405579, 52.075669697228513 ], [ 5.142473555329167, 52.075602604669754 ], [ 5.14248053487187, 52.07557297163936 ], [ 5.142425992190105, 52.075631434621663 ], [ 5.142409944501153, 52.075631357692949 ], [ 5.142362263979471, 52.07566954788691 ], [ 5.142343296851017, 52.075676437304729 ], [ 5.142333725807335, 52.075686861944668 ] ] ] ] } },
{ "type": "Feature", "properties": { "fid": 627, "id": null, "FUNCTIE": "04_Talut1", "Info": null, "Verhaal": null }, "geometry": { "type": "MultiPolygon", "coordinates": [ [ [ [ 5.13876693053624, 52.116229748997121 ], [ 5.138770083996972, 52.11624164720255 ], [ 5.138815198578961, 52.11623381378098 ], [ 5.138812045106754, 52.116221915577405 ], [ 5.13876693053624, 52.116229748997121 ] ] ] ] } },
{ "type": "Feature", "properties": { "fid": 628, "id": null, "FUNCTIE": "04_Talut1", "Info": null, "Verhaal": null }, "geometry": { "type": "MultiPolygon", "coordinates": [ [ [ [ 5.141119823969606, 52.115726775707003 ], [ 5.141114799359981, 52.115762440022181 ], [ 5.142047671948052, 52.115159385733442 ], [ 5.14098744535666, 52.114770716478183 ], [ 5.141006556687476, 52.114807917244299 ], [ 5.141982441880034, 52.115166683285828 ], [ 5.141119823969606, 52.115726775707003 ] ] ] ] } },
{ "type": "Feature", "properties": { "fid": 629, "id": null, "FUNCTIE": "04_Talut1", "Info": null, "Verhaal": null }, "geometry": { "type": "MultiPolygon", "coordinates": [ [ [ [ 5.141067138078991, 52.11564788487555 ], [ 5.141088721399296, 52.115674685636122 ], [ 5.141670289567902, 52.115292386170502 ], [ 5.141566810733757, 52.115229741499327 ], [ 5.141569168197511, 52.115240151491918 ], [ 5.141629293018664, 52.11528338273925 ], [ 5.141067138078991, 52.11564788487555 ] ] ] ] } },
{ "type": "Feature", "properties": { "fid": 630, "id": null, "FUNCTIE": "04_Talut1", "Info": null, "Verhaal": null }, "geometry": { "type": "MultiPolygon", "coordinates": [ [ [ [ 5.140979557641898, 52.114888129322246 ], [ 5.141586736484355, 52.115118299324621 ], [ 5.141555153648134, 52.11515390868319 ], [ 5.141567233916333, 52.115152447224794 ], [ 5.141635155132607, 52.115094616335789 ], [ 5.140991833655971, 52.114850993636743 ], [ 5.140979557641898, 52.114888129322246 ] ] ] ] } },
{ "type": "Feature", "properties": { "fid": 631, "id": null, "FUNCTIE": "04_Talut1", "Info": null, "Verhaal": null }, "geometry": { "type": "MultiPolygon", "coordinates": [ [ [ [ 5.14098744535666, 52.114770716478183 ], [ 5.140943015051462, 52.114947511372534 ], [ 5.141446569601775, 52.115141792470709 ], [ 5.14117338887788, 52.115205144010027 ], [ 5.141555153648134, 52.11515390868319 ], [ 5.140967257130739, 52.114929724295457 ], [ 5.141006556687476, 52.114807917244299 ], [ 5.14098744535666, 52.114770716478183 ] ] ] ] } },
{ "type": "Feature", "properties": { "fid": 632, "id": null, "FUNCTIE": "04_Talut1", "Info": null, "Verhaal": null }, "geometry": { "type": "MultiPolygon", "coordinates": [ [ [ [ 5.141114799359981, 52.115762440022181 ], [ 5.141119823969606, 52.115726775707003 ], [ 5.141088721399296, 52.115674685636122 ], [ 5.141067138078991, 52.11564788487555 ], [ 5.141036051937357, 52.115592821930008 ], [ 5.141569168197511, 52.115240151491918 ], [ 5.141566810733757, 52.115229741499327 ], [ 5.141187573871495, 52.115260171892821 ], [ 5.14151597745879, 52.115253419477618 ], [ 5.141007111129357, 52.115586816163756 ], [ 5.141114799359981, 52.115762440022181 ] ] ] ] } },
{ "type": "Feature", "properties": { "fid": 633, "id": null, "FUNCTIE": "04_Talut1", "Info": null, "Verhaal": null }, "geometry": { "type": "MultiPolygon", "coordinates": [ [ [ [ 5.138786984613505, 52.114352900120316 ], [ 5.14071300628421, 52.114184487547782 ], [ 5.140573802410423, 52.114911565865746 ], [ 5.140064444172829, 52.115041314175635 ], [ 5.140310712254606, 52.115919821581308 ], [ 5.140761207157148, 52.115958413590072 ], [ 5.141246291956164, 52.11673435346114 ], [ 5.140025773062264, 52.116801189194796 ], [ 5.139772711249535, 52.116570758308384 ], [ 5.13928924954237, 52.116670829442135 ], [ 5.139260023279636, 52.116716352983296 ], [ 5.139753154590568, 52.116614320136165 ], [ 5.139996580298155, 52.116840767159744 ], [ 5.141333051572305, 52.116764261922839 ], [ 5.140806451522804, 52.115926796547754 ], [ 5.140365593031234, 52.115892188583437 ], [ 5.14012871973395, 52.11506126722702 ], [ 5.140628398482722, 52.114935462392104 ], [ 5.140774399104335, 52.114142994567992 ], [ 5.138738839433601, 52.114327034244312 ], [ 5.138786984613505, 52.114352900120316 ] ] ] ] } },
{ "type": "Feature", "properties": { "fid": 634, "id": null, "FUNCTIE": "04_Talut1", "Info": null, "Verhaal": null }, "geometry": { "type": "MultiPolygon", "coordinates": [ [ [ [ 5.138799663807667, 52.114388601417701 ], [ 5.138792371218013, 52.114397504847624 ], [ 5.140604073351772, 52.114236286862912 ], [ 5.140482253463485, 52.114875205481496 ], [ 5.139960026534094, 52.115003440142267 ], [ 5.140241942047966, 52.115985082385215 ], [ 5.140686034418842, 52.116017220070873 ], [ 5.141100102176747, 52.116681034199914 ], [ 5.140080873549834, 52.116733918026796 ], [ 5.139819018783922, 52.116492568332163 ], [ 5.139253349462921, 52.116613278431501 ], [ 5.139273470452191, 52.116613320409073 ], [ 5.13981817568893, 52.116499503344571 ], [ 5.140077599591767, 52.116743820887116 ], [ 5.141117767837043, 52.116688503018807 ], [ 5.140702998387782, 52.116005859166613 ], [ 5.140246031647462, 52.115973199296917 ], [ 5.139974480318283, 52.115009416026282 ], [ 5.14049669363621, 52.114883658681769 ], [ 5.140622629895169, 52.114227902223661 ], [ 5.138799663807667, 52.114388601417701 ] ] ] ] } },
{ "type": "Feature", "properties": { "fid": 635, "id": null, "FUNCTIE": "04_Talut1", "Info": null, "Verhaal": null }, "geometry": { "type": "MultiPolygon", "coordinates": [ [ [ [ 5.138779961663408, 52.11445842326912 ], [ 5.139222018825321, 52.114419213463798 ], [ 5.139031322543133, 52.11441138269543 ], [ 5.138951606278858, 52.114418648249284 ], [ 5.138779961663408, 52.11445842326912 ] ] ] ] } },
{ "type": "Feature", "properties": { "fid": 636, "id": null, "FUNCTIE": "04_Talut1", "Info": null, "Verhaal": null }, "geometry": { "type": "MultiPolygon", "coordinates": [ [ [ [ 5.139026592445983, 52.114393535428682 ], [ 5.139217329742539, 52.114393934054995 ], [ 5.140422708628756, 52.114287935528793 ], [ 5.14032339281643, 52.114785688485362 ], [ 5.140359551737341, 52.114796168790846 ], [ 5.140468729075357, 52.114261275177043 ], [ 5.139026592445983, 52.114393535428682 ] ] ] ] } },
{ "type": "Feature", "properties": { "fid": 637, "id": null, "FUNCTIE": "04_Talut1", "Info": null, "Verhaal": null }, "geometry": { "type": "MultiPolygon", "coordinates": [ [ [ [ 5.139791516828405, 52.114912415848323 ], [ 5.140359551737341, 52.114796168790846 ], [ 5.14032339281643, 52.114785688485362 ], [ 5.139791516828405, 52.114912415848323 ] ] ] ] } },
{ "type": "Feature", "properties": { "fid": 638, "id": null, "FUNCTIE": "04_Talut1", "Info": null, "Verhaal": null }, "geometry": { "type": "MultiPolygon", "coordinates": [ [ [ [ 5.138782623060758, 52.11441383538105 ], [ 5.138763176126791, 52.114437577859 ], [ 5.138946884440404, 52.114399314546624 ], [ 5.138782623060758, 52.11441383538105 ] ] ] ] } },
{ "type": "Feature", "properties": { "fid": 639, "id": null, "FUNCTIE": "04_Talut1", "Info": null, "Verhaal": null }, "geometry": { "type": "MultiPolygon", "coordinates": [ [ [ [ 5.138738839433601, 52.114327034244312 ], [ 5.138763176126791, 52.114437577859 ], [ 5.138782623060758, 52.11441383538105 ], [ 5.138780274527885, 52.114401938877663 ], [ 5.138792371218013, 52.114397504847624 ], [ 5.138799663807667, 52.114388601417701 ], [ 5.138786984613505, 52.114352900120316 ], [ 5.138738839433601, 52.114327034244312 ] ] ] ] } },
{ "type": "Feature", "properties": { "fid": 640, "id": null, "FUNCTIE": "04_Talut1", "Info": null, "Verhaal": null }, "geometry": { "type": "MultiPolygon", "coordinates": [ [ [ [ 5.14057947864539, 52.116074970414509 ], [ 5.140125719543681, 52.116044298697034 ], [ 5.139813041670556, 52.114949621888883 ], [ 5.140356981916028, 52.11482440593327 ], [ 5.139786556801778, 52.114936188676502 ], [ 5.139776858113496, 52.114943600705871 ], [ 5.140099070158739, 52.116060594213572 ], [ 5.14057947864539, 52.116074970414509 ] ] ] ] } },
{ "type": "Feature", "properties": { "fid": 641, "id": null, "FUNCTIE": "04_Talut1", "Info": null, "Verhaal": null }, "geometry": { "type": "MultiPolygon", "coordinates": [ [ [ [ 5.140106166220389, 52.116087365054014 ], [ 5.140567128367875, 52.116125484020657 ], [ 5.140849539665585, 52.116580923056041 ], [ 5.140223993223815, 52.1166138130802 ], [ 5.139969381971459, 52.11637247880855 ], [ 5.140206911556358, 52.116646479475754 ], [ 5.140921795394708, 52.116613774675741 ], [ 5.140593826620269, 52.116100269815632 ], [ 5.140106166220389, 52.116087365054014 ] ] ] ] } },
{ "type": "Feature", "properties": { "fid": 642, "id": null, "FUNCTIE": "04_Talut1", "Info": null, "Verhaal": null }, "geometry": { "type": "MultiPolygon", "coordinates": [ [ [ [ 5.139260023279636, 52.116716352983296 ], [ 5.13928924954237, 52.116670829442135 ], [ 5.139273470452191, 52.116613320409073 ], [ 5.139253349462921, 52.116613278431501 ], [ 5.139236472485894, 52.116608783865203 ], [ 5.139207827028936, 52.116549266040636 ], [ 5.139877466971675, 52.116402016538174 ], [ 5.140129622482482, 52.116650778176592 ], [ 5.139896897739987, 52.116381246679275 ], [ 5.139164398631725, 52.116543229600985 ], [ 5.139260023279636, 52.116716352983296 ] ] ] ] } },
{ "type": "Feature", "properties": { "fid": 643, "id": null, "FUNCTIE": "04_Talut1", "Info": null, "Verhaal": null }, "geometry": { "type": "MultiPolygon", "coordinates": [ [ [ [ 5.138831466619831, 52.117365533466639 ], [ 5.138779977903922, 52.117361462015779 ], [ 5.139814103882021, 52.117821445507097 ], [ 5.140081319454736, 52.11723733019695 ], [ 5.140049027177302, 52.117255100480868 ], [ 5.139795027732742, 52.11777780322177 ], [ 5.138831466619831, 52.117365533466639 ] ] ] ] } },
{ "type": "Feature", "properties": { "fid": 644, "id": null, "FUNCTIE": "04_Talut1", "Info": null, "Verhaal": null }, "geometry": { "type": "MultiPolygon", "coordinates": [ [ [ [ 5.138934696410587, 52.11732809226779 ], [ 5.138908875265744, 52.117339929968132 ], [ 5.139531974731427, 52.117606809098497 ], [ 5.139548137543628, 52.117594951143374 ], [ 5.138934696410587, 52.11732809226779 ] ] ] ] } },
{ "type": "Feature", "properties": { "fid": 645, "id": null, "FUNCTIE": "04_Talut1", "Info": null, "Verhaal": null }, "geometry": { "type": "MultiPolygon", "coordinates": [ [ [ [ 5.13993308504121, 52.117262787133747 ], [ 5.139799602776842, 52.117532052666235 ], [ 5.139825325364646, 52.117538051991382 ], [ 5.139968498460359, 52.117262860783228 ], [ 5.13993308504121, 52.117262787133747 ] ] ] ] } },
{ "type": "Feature", "properties": { "fid": 646, "id": null, "FUNCTIE": "04_Talut1", "Info": null, "Verhaal": null }, "geometry": { "type": "MultiPolygon", "coordinates": [ [ [ [ 5.138779977903922, 52.117361462015779 ], [ 5.138831466619831, 52.117365533466639 ], [ 5.138908875265744, 52.117339929968132 ], [ 5.139031520082129, 52.117284691805331 ], [ 5.139609645859649, 52.117533639208354 ], [ 5.13951416859485, 52.117333264797963 ], [ 5.139564770892777, 52.117497870903449 ], [ 5.139028421312941, 52.117262884030026 ], [ 5.138779977903922, 52.117361462015779 ] ] ] ] } },
{ "type": "Feature", "properties": { "fid": 647, "id": null, "FUNCTIE": "04_Talut1", "Info": null, "Verhaal": null }, "geometry": { "type": "MultiPolygon", "coordinates": [ [ [ [ 5.140081319454736, 52.11723733019695 ], [ 5.14006202490082, 52.117233326220003 ], [ 5.139810824276566, 52.117248659239273 ], [ 5.139700139702084, 52.11747040565762 ], [ 5.139588291609591, 52.117319545646403 ], [ 5.139703140388996, 52.117510050622599 ], [ 5.139830064170887, 52.117262572820245 ], [ 5.139968498460359, 52.117262860783228 ], [ 5.140049027177302, 52.117255100480868 ], [ 5.140081319454736, 52.11723733019695 ] ] ] ] } },
{ "type": "Feature", "properties": { "fid": 648, "id": null, "FUNCTIE": "04_Talut1", "Info": null, "Verhaal": null }, "geometry": { "type": "MultiPolygon", "coordinates": [ [ [ [ 5.139840061216995, 52.117201153633332 ], [ 5.139927006805721, 52.117197370640369 ], [ 5.140104150039033, 52.117183865420621 ], [ 5.140169247422104, 52.117055174989311 ], [ 5.139905148517472, 52.117074445219863 ], [ 5.139895413859223, 52.1170882985109 ], [ 5.140020980943442, 52.117086577735478 ], [ 5.140037056041775, 52.117090575028129 ], [ 5.140133703185237, 52.117078884329089 ], [ 5.14008809674024, 52.117175904315197 ], [ 5.140007611874192, 52.11717573698887 ], [ 5.139981834866684, 52.117179647256741 ], [ 5.139846598382442, 52.117183329820207 ], [ 5.139840061216995, 52.117201153633332 ] ] ] ] } },
{ "type": "Feature", "properties": { "fid": 649, "id": null, "FUNCTIE": "04_Talut1", "Info": null, "Verhaal": null }, "geometry": { "type": "MultiPolygon", "coordinates": [ [ [ [ 5.139981834866684, 52.117179647256741 ], [ 5.140007611874192, 52.11717573698887 ], [ 5.140037056041775, 52.117090575028129 ], [ 5.140020980943442, 52.117086577735478 ], [ 5.139981834866684, 52.117179647256741 ] ] ] ] } },
{ "type": "Feature", "properties": { "fid": 650, "id": null, "FUNCTIE": "04_Talut1", "Info": null, "Verhaal": null }, "geometry": { "type": "MultiPolygon", "coordinates": [ [ [ [ 5.139895413859223, 52.1170882985109 ], [ 5.139846598382442, 52.117183329820207 ], [ 5.139862706294182, 52.117181381399533 ], [ 5.139911510804908, 52.117088331997415 ], [ 5.139895413859223, 52.1170882985109 ] ] ] ] } },
{ "type": "Feature", "properties": { "fid": 651, "id": null, "FUNCTIE": "04_Talut1", "Info": null, "Verhaal": null }, "geometry": { "type": "MultiPolygon", "coordinates": [ [ [ [ 5.137217057910043, 52.114740045331764 ], [ 5.135680607212592, 52.115609844541275 ], [ 5.136421955472332, 52.116024646614797 ], [ 5.136912439009469, 52.11596473638739 ], [ 5.137560421301866, 52.116672165323351 ], [ 5.137315592713326, 52.116844079523545 ], [ 5.137550552208247, 52.117577395646457 ], [ 5.138692786556755, 52.117118987919099 ], [ 5.138662896714565, 52.116848391007935 ], [ 5.139034393440652, 52.116765430460497 ], [ 5.138974996872974, 52.116736072868221 ], [ 5.138607510726659, 52.116821519029045 ], [ 5.138632538156553, 52.117098051608799 ], [ 5.137604012231551, 52.117516563208504 ], [ 5.137390377239583, 52.116856128373712 ], [ 5.137640092532603, 52.116673819110481 ], [ 5.136968212955528, 52.115921746718932 ], [ 5.136446341567442, 52.115981590897455 ], [ 5.135762724574383, 52.115605559050792 ], [ 5.13721843273476, 52.114782164358246 ], [ 5.137217057910043, 52.114740045331764 ] ] ] ] } },
{ "type": "Feature", "properties": { "fid": 652, "id": null, "FUNCTIE": "04_Talut1", "Info": null, "Verhaal": null }, "geometry": { "type": "MultiPolygon", "coordinates": [ [ [ [ 5.137784898185897, 52.11668601473766 ], [ 5.137021779639819, 52.115841591038084 ], [ 5.136485397452194, 52.115905864136799 ], [ 5.135900399934434, 52.115596931706605 ], [ 5.137268912010349, 52.114822404833802 ], [ 5.137252027575888, 52.114819396384654 ], [ 5.135878661287458, 52.1155983721629 ], [ 5.136475664665877, 52.115919221687342 ], [ 5.137016884313849, 52.115853472357998 ], [ 5.137748705038289, 52.116681479411326 ], [ 5.137477209669682, 52.116872661853286 ], [ 5.137660019029994, 52.117431952818848 ], [ 5.138543331714079, 52.117074081786726 ], [ 5.138508720917685, 52.116784151039383 ], [ 5.138929375948729, 52.116689897565351 ], [ 5.138934320197786, 52.116669097566799 ], [ 5.138477439175057, 52.116764761692316 ], [ 5.13847980424142, 52.116773685358758 ], [ 5.138507154709759, 52.11706657383796 ], [ 5.137679476226364, 52.117406723918513 ], [ 5.137510996704243, 52.116875705748093 ], [ 5.137784898185897, 52.11668601473766 ] ] ] ] } },
{ "type": "Feature", "properties": { "fid": 653, "id": null, "FUNCTIE": "04_Talut1", "Info": null, "Verhaal": null }, "geometry": { "type": "MultiPolygon", "coordinates": [ [ [ [ 5.137217057910043, 52.114740045331764 ], [ 5.13721843273476, 52.114782164358246 ], [ 5.137252027575888, 52.114819396384654 ], [ 5.137268912010349, 52.114822404833802 ], [ 5.137285721886091, 52.114838791188824 ], [ 5.137196114471789, 52.114887655443795 ], [ 5.137324377616908, 52.114834413197904 ], [ 5.137217057910043, 52.114740045331764 ] ] ] ] } },
{ "type": "Feature", "properties": { "fid": 654, "id": null, "FUNCTIE": "04_Talut1", "Info": null, "Verhaal": null }, "geometry": { "type": "MultiPolygon", "coordinates": [ [ [ [ 5.136989964125484, 52.115052712873464 ], [ 5.137341162668379, 52.11485525884671 ], [ 5.137181453821899, 52.114918840063673 ], [ 5.137111211354361, 52.114958826334799 ], [ 5.136989964125484, 52.115052712873464 ] ] ] ] } },
{ "type": "Feature", "properties": { "fid": 655, "id": null, "FUNCTIE": "04_Talut1", "Info": null, "Verhaal": null }, "geometry": { "type": "MultiPolygon", "coordinates": [ [ [ [ 5.136970737060125, 52.115036816861227 ], [ 5.137089539452999, 52.114948375518708 ], [ 5.136028625478714, 52.115551122845929 ], [ 5.136490824899589, 52.115798850856848 ], [ 5.137079663233592, 52.115708923083034 ], [ 5.136519104732646, 52.115779091149584 ], [ 5.136076160129415, 52.115542304636811 ], [ 5.136970737060125, 52.115036816861227 ] ] ] ] } },
{ "type": "Feature", "properties": { "fid": 656, "id": null, "FUNCTIE": "04_Talut1", "Info": null, "Verhaal": null }, "geometry": { "type": "MultiPolygon", "coordinates": [ [ [ [ 5.13652933203925, 52.115821228944405 ], [ 5.137080224835646, 52.11575252690114 ], [ 5.137905566836741, 52.116696673100407 ], [ 5.137653421581406, 52.116881950689368 ], [ 5.137936963991284, 52.116695252503774 ], [ 5.137102076774234, 52.115730771595935 ], [ 5.13652933203925, 52.115821228944405 ] ] ] ] } },
{ "type": "Feature", "properties": { "fid": 657, "id": null, "FUNCTIE": "04_Talut1", "Info": null, "Verhaal": null }, "geometry": { "type": "MultiPolygon", "coordinates": [ [ [ [ 5.137962573018608, 52.116721566893759 ], [ 5.137660532851844, 52.11690574889014 ], [ 5.137769542972584, 52.117276104883992 ], [ 5.138355219645834, 52.117033553890145 ], [ 5.138281236042054, 52.116732144440014 ], [ 5.138321514986739, 52.117015645882958 ], [ 5.137801957611078, 52.11723653409878 ], [ 5.137697602712779, 52.116897403472187 ], [ 5.137962573018608, 52.116721566893759 ] ] ] ] } },
{ "type": "Feature", "properties": { "fid": 658, "id": null, "FUNCTIE": "04_Talut1", "Info": null, "Verhaal": null }, "geometry": { "type": "MultiPolygon", "coordinates": [ [ [ [ 5.138398780447196, 52.117015807635788 ], [ 5.138366519195486, 52.116737773358274 ], [ 5.138910462990169, 52.116617021910166 ], [ 5.138934320197786, 52.116669097566799 ], [ 5.138929375948729, 52.116689897565351 ], [ 5.138974996872974, 52.116736072868221 ], [ 5.139034393440652, 52.116765430460497 ], [ 5.138932339048057, 52.116590806963877 ], [ 5.138327977453656, 52.116721341673035 ], [ 5.138398780447196, 52.117015807635788 ] ] ] ] } },
{ "type": "Feature", "properties": { "fid": 659, "id": null, "FUNCTIE": "04_Talut1", "Info": null, "Verhaal": null }, "geometry": { "type": "MultiPolygon", "coordinates": [ [ [ [ 5.136980316198073, 52.114185595619134 ], [ 5.137632293530867, 52.114170617440514 ], [ 5.137644514384326, 52.114143887037436 ], [ 5.136886304130484, 52.114158641250832 ], [ 5.137652839213965, 52.114817266633224 ], [ 5.138440939461956, 52.114639060111266 ], [ 5.138240195007294, 52.113831497397683 ], [ 5.137717119732892, 52.11411282423748 ], [ 5.137750797133034, 52.114135191774594 ], [ 5.138208478096665, 52.113890888795311 ], [ 5.138378313161144, 52.114612172773718 ], [ 5.137672386225928, 52.114775687089498 ], [ 5.136980316198073, 52.114185595619134 ] ] ] ] } },
{ "type": "Feature", "properties": { "fid": 660, "id": null, "FUNCTIE": "04_Talut1", "Info": null, "Verhaal": null }, "geometry": { "type": "MultiPolygon", "coordinates": [ [ [ [ 5.137644514384326, 52.114143887037436 ], [ 5.137632293530867, 52.114170617440514 ], [ 5.13765625546694, 52.114203369726617 ], [ 5.1376778443978, 52.114228684767902 ], [ 5.137170763311746, 52.114238022769825 ], [ 5.137624908470938, 52.114629915100039 ], [ 5.137912587564481, 52.114565115740369 ], [ 5.137759412904234, 52.114322502577338 ], [ 5.137871749171644, 52.114527868716209 ], [ 5.137617921685792, 52.114583820436522 ], [ 5.137228642555371, 52.114250036293441 ], [ 5.137701922179408, 52.114240626985953 ], [ 5.137644514384326, 52.114143887037436 ] ] ] ] } },
{ "type": "Feature", "properties": { "fid": 661, "id": null, "FUNCTIE": "04_Talut1", "Info": null, "Verhaal": null }, "geometry": { "type": "MultiPolygon", "coordinates": [ [ [ [ 5.137948853310643, 52.114556273191432 ], [ 5.138258293892593, 52.114485572934484 ], [ 5.138132963854209, 52.114011132684965 ], [ 5.137784234814345, 52.114200665842361 ], [ 5.13777478393561, 52.11416348473476 ], [ 5.137750797133034, 52.114135191774594 ], [ 5.137717119732892, 52.11411282423748 ], [ 5.137781721213651, 52.114218497958618 ], [ 5.138108654931544, 52.114040810645456 ], [ 5.138215040904704, 52.114448320979236 ], [ 5.137941857936626, 52.114511664998858 ], [ 5.137819855539098, 52.114307765085613 ], [ 5.137948853310643, 52.114556273191432 ] ] ] ] } },
{ "type": "Feature", "properties": { "fid": 662, "id": null, "FUNCTIE": "04_Talut1", "Info": null, "Verhaal": null }, "geometry": { "type": "MultiPolygon", "coordinates": [ [ [ [ 5.102067381581878, 52.128968836075877 ], [ 5.102067189902156, 52.128998876580134 ], [ 5.102082701859371, 52.12902711238538 ], [ 5.102088047192156, 52.129031756491649 ], [ 5.102095274789859, 52.129036239746803 ], [ 5.10212267766534, 52.129048937993602 ], [ 5.102180584375886, 52.129109551135542 ], [ 5.102210448421465, 52.129114880448668 ], [ 5.102067381581878, 52.128968836075877 ] ] ] ] } },
{ "type": "Feature", "properties": { "fid": 663, "id": null, "FUNCTIE": "04_Talut1", "Info": null, "Verhaal": null }, "geometry": { "type": "MultiPolygon", "coordinates": [ [ [ [ 5.103026025356842, 52.129436118162587 ], [ 5.103026120278364, 52.129421191809037 ], [ 5.102945305756726, 52.129464001951675 ], [ 5.103026025356842, 52.129436118162587 ] ] ] ] } },
{ "type": "Feature", "properties": { "fid": 664, "id": null, "FUNCTIE": "04_Talut1", "Info": null, "Verhaal": null }, "geometry": { "type": "MultiPolygon", "coordinates": [ [ [ [ 5.102489358737839, 52.12964430176735 ], [ 5.102519457833798, 52.129647727085398 ], [ 5.102602123852586, 52.129601738546022 ], [ 5.102489358737839, 52.12964430176735 ] ] ] ] } },
{ "type": "Feature", "properties": { "fid": 665, "id": null, "FUNCTIE": "04_Talut1", "Info": null, "Verhaal": null }, "geometry": { "type": "MultiPolygon", "coordinates": [ [ [ [ 5.102066451932449, 52.129114532520063 ], [ 5.1019826857911, 52.129141742423194 ], [ 5.101968781491339, 52.129159012718937 ], [ 5.102066451932449, 52.129114532520063 ] ] ] ] } },
{ "type": "Feature", "properties": { "fid": 666, "id": null, "FUNCTIE": "04_Talut1", "Info": null, "Verhaal": null }, "geometry": { "type": "MultiPolygon", "coordinates": [ [ [ [ 5.101922066585733, 52.129318462047536 ], [ 5.101981312463568, 52.129356907524006 ], [ 5.101922184462542, 52.129299997694297 ], [ 5.101922066585733, 52.129318462047536 ] ] ] ] } },
{ "type": "Feature", "properties": { "fid": 667, "id": null, "FUNCTIE": "04_Talut1", "Info": null, "Verhaal": null }, "geometry": { "type": "MultiPolygon", "coordinates": [ [ [ [ 5.087889702520888, 52.119487323657943 ], [ 5.088520084976452, 52.119728498755208 ], [ 5.088999915952918, 52.119311391421782 ], [ 5.088733444251304, 52.119203320780201 ], [ 5.08854020164691, 52.119274179107428 ], [ 5.088564602431408, 52.119274240886462 ], [ 5.088590293495933, 52.119263791565878 ], [ 5.088614719358759, 52.119260098269116 ], [ 5.088651400782838, 52.11924817470323 ], [ 5.08866238112955, 52.119248202494049 ], [ 5.088677031623324, 52.11924673752074 ], [ 5.088728418671074, 52.119225087811614 ], [ 5.08895227925986, 52.119319532267717 ], [ 5.08851662556152, 52.119698448966297 ], [ 5.087926414495016, 52.119470894240251 ], [ 5.087897625162468, 52.119032973147924 ], [ 5.088654291186161, 52.118998090426985 ], [ 5.088664152922309, 52.119165594141322 ], [ 5.088606690812219, 52.11918347331541 ], [ 5.08859564024218, 52.119193959702727 ], [ 5.08855402852042, 52.11921338102664 ], [ 5.088544238112156, 52.119217862393306 ], [ 5.08851120174292, 52.119232048233336 ], [ 5.088495255928666, 52.119244775292792 ], [ 5.088704371901072, 52.119172018021438 ], [ 5.088691042600847, 52.118975652664346 ], [ 5.087861159979452, 52.119012602917564 ], [ 5.087889702520888, 52.119487323657943 ] ] ] ] } },
{ "type": "Feature", "properties": { "fid": 668, "id": null, "FUNCTIE": "04_Talut1", "Info": null, "Verhaal": null }, "geometry": { "type": "MultiPolygon", "coordinates": [ [ [ [ 5.088184687272823, 52.119378377749946 ], [ 5.08821659242658, 52.119369451891544 ], [ 5.088201069444126, 52.11911669422183 ], [ 5.088167641615013, 52.119095946978291 ], [ 5.088184687272823, 52.119378377749946 ] ] ] ] } },
{ "type": "Feature", "properties": { "fid": 669, "id": null, "FUNCTIE": "04_Talut1", "Info": null, "Verhaal": null }, "geometry": { "type": "MultiPolygon", "coordinates": [ [ [ [ 5.088184687272823, 52.119378377749946 ], [ 5.088565852785041, 52.119525040512826 ], [ 5.088550551767953, 52.119496392154119 ], [ 5.08821659242658, 52.119369451891544 ], [ 5.088184687272823, 52.119378377749946 ] ] ] ] } },
{ "type": "Feature", "properties": { "fid": 670, "id": null, "FUNCTIE": "04_Talut1", "Info": null, "Verhaal": null }, "geometry": { "type": "MultiPolygon", "coordinates": [ [ [ [ 5.088167641615013, 52.119095946978291 ], [ 5.08820105351122, 52.119116684332937 ], [ 5.088237884775301, 52.119125687244072 ], [ 5.088276533102507, 52.119138190302849 ], [ 5.088309559639518, 52.119152126067625 ], [ 5.088349510563971, 52.119174710094612 ], [ 5.088379260393123, 52.119197930993209 ], [ 5.088400277881881, 52.119220236727195 ], [ 5.088410163552029, 52.119233832352684 ], [ 5.088414031785605, 52.119240075257252 ], [ 5.088417256149477, 52.119245871579061 ], [ 5.088423610008524, 52.119260006216741 ], [ 5.088426367828544, 52.119269112933836 ], [ 5.088424224320061, 52.119262995203201 ], [ 5.088416863133834, 52.11924494655252 ], [ 5.088408380033232, 52.119228246046276 ], [ 5.088388508754023, 52.119198680342997 ], [ 5.088365531809926, 52.119173879844979 ], [ 5.088340370524993, 52.119153426304528 ], [ 5.088300548349554, 52.119129981623544 ], [ 5.088260993837597, 52.119113964959624 ], [ 5.088214045222982, 52.119101724338719 ], [ 5.088167641615013, 52.119095946978291 ] ] ] ] } },
{ "type": "Feature", "properties": { "fid": 671, "id": null, "FUNCTIE": "04_Talut1", "Info": null, "Verhaal": null }, "geometry": { "type": "MultiPolygon", "coordinates": [ [ [ [ 5.088550551767953, 52.119496392154119 ], [ 5.088565845492024, 52.119525026857985 ], [ 5.088575848268289, 52.119496708740932 ], [ 5.088581361323751, 52.119465517326248 ], [ 5.088580784814655, 52.119437324499557 ], [ 5.088578537630272, 52.119424331618504 ], [ 5.088570774713057, 52.119400511044084 ], [ 5.088552906892545, 52.119370067520819 ], [ 5.088530687610299, 52.119345767794584 ], [ 5.088500353136218, 52.119322534329527 ], [ 5.08846865033356, 52.119305577992456 ], [ 5.08849969708699, 52.119326488179681 ], [ 5.08852037534386, 52.119345484646807 ], [ 5.088535989140378, 52.119364947126734 ], [ 5.088547161065311, 52.119384471936634 ], [ 5.088556952357904, 52.119412992962054 ], [ 5.088560251508737, 52.11943938350695 ], [ 5.088558183279002, 52.119468901991503 ], [ 5.088550551767953, 52.119496392154119 ] ] ] ] } },
{ "type": "Feature", "properties": { "fid": 672, "id": null, "FUNCTIE": "04_Talut1", "Info": null, "Verhaal": null }, "geometry": { "type": "MultiPolygon", "coordinates": [ [ [ [ 5.088265846321841, 52.119082950702406 ], [ 5.088324322119385, 52.11909051619169 ], [ 5.088530946086601, 52.1190815030115 ], [ 5.088550822855147, 52.119069367758826 ], [ 5.088265846321841, 52.119082950702406 ] ] ] ] } },
{ "type": "Feature", "properties": { "fid": 673, "id": null, "FUNCTIE": "04_Talut1", "Info": null, "Verhaal": null }, "geometry": { "type": "MultiPolygon", "coordinates": [ [ [ [ 5.088564602431408, 52.119274240886462 ], [ 5.08854020164691, 52.119274179107428 ], [ 5.088646397389257, 52.119321268406843 ], [ 5.088700566663949, 52.119329352616226 ], [ 5.088564602431408, 52.119274240886462 ] ] ] ] } },
{ "type": "Feature", "properties": { "fid": 674, "id": null, "FUNCTIE": "04_Talut1", "Info": null, "Verhaal": null }, "geometry": { "type": "MultiPolygon", "coordinates": [ [ [ [ 5.088611659729812, 52.119496546854684 ], [ 5.088798640864882, 52.119335958454208 ], [ 5.088769358547134, 52.119338798316257 ], [ 5.088645551637921, 52.119447890326299 ], [ 5.088611659729812, 52.119496546854684 ] ] ] ] } },
{ "type": "Feature", "properties": { "fid": 675, "id": null, "FUNCTIE": "04_Talut1", "Info": null, "Verhaal": null }, "geometry": { "type": "MultiPolygon", "coordinates": [ [ [ [ 5.088590293495933, 52.119263791565878 ], [ 5.088769358547134, 52.119338798316257 ], [ 5.088798640864882, 52.119335958454208 ], [ 5.088614719358759, 52.119260098269116 ], [ 5.088590293495933, 52.119263791565878 ] ] ] ] } },
{ "type": "Feature", "properties": { "fid": 676, "id": null, "FUNCTIE": "04_Talut1", "Info": null, "Verhaal": null }, "geometry": { "type": "MultiPolygon", "coordinates": [ [ [ [ 5.088503032986795, 52.119137062151211 ], [ 5.088489051600291, 52.11916883655055 ], [ 5.088495273731738, 52.119244761083372 ], [ 5.08851119726297, 52.119232051809014 ], [ 5.088503032986795, 52.119137062151211 ] ] ] ] } },
{ "type": "Feature", "properties": { "fid": 677, "id": null, "FUNCTIE": "04_Talut1", "Info": null, "Verhaal": null }, "geometry": { "type": "MultiPolygon", "coordinates": [ [ [ [ 5.088544238112156, 52.119217862393306 ], [ 5.088557623754062, 52.119210843661811 ], [ 5.088550822855147, 52.119069367758826 ], [ 5.088530946086601, 52.1190815030115 ], [ 5.088544238112156, 52.119217862393306 ] ] ] ] } },
{ "type": "Feature", "properties": { "fid": 678, "id": null, "FUNCTIE": "04_Talut1", "Info": null, "Verhaal": null }, "geometry": { "type": "MultiPolygon", "coordinates": [ [ [ [ 5.102067383067558, 52.128968840081875 ], [ 5.101548514244933, 52.129195896272236 ], [ 5.101592416655321, 52.12920050870693 ], [ 5.102067191387838, 52.128998880586188 ], [ 5.102067383067558, 52.128968840081875 ] ] ] ] } },
{ "type": "Feature", "properties": { "fid": 679, "id": null, "FUNCTIE": "04_Talut1", "Info": null, "Verhaal": null }, "geometry": { "type": "MultiPolygon", "coordinates": [ [ [ [ 5.101548515730105, 52.129195900278447 ], [ 5.102288508559645, 52.12988712578133 ], [ 5.102296598719591, 52.129862361523855 ], [ 5.101592418140537, 52.129200512713076 ], [ 5.101548515730105, 52.129195900278447 ] ] ] ] } },
{ "type": "Feature", "properties": { "fid": 680, "id": null, "FUNCTIE": "04_Talut1", "Info": null, "Verhaal": null }, "geometry": { "type": "MultiPolygon", "coordinates": [ [ [ [ 5.102288508559645, 52.12988712578133 ], [ 5.103463154006672, 52.12939728482668 ], [ 5.103418021352751, 52.129394172178337 ], [ 5.102296598719591, 52.129862361523855 ], [ 5.102288508559645, 52.12988712578133 ] ] ] ] } },
{ "type": "Feature", "properties": { "fid": 681, "id": null, "FUNCTIE": "04_Talut1", "Info": null, "Verhaal": null }, "geometry": { "type": "MultiPolygon", "coordinates": [ [ [ [ 5.103418022839809, 52.129394176184597 ], [ 5.103463155493773, 52.129397288832969 ], [ 5.10313132113692, 52.129098869997947 ], [ 5.103125019219072, 52.129125351424491 ], [ 5.103418022839809, 52.129394176184597 ] ] ] ] } },
{ "type": "Feature", "properties": { "fid": 682, "id": null, "FUNCTIE": "04_Talut1", "Info": null, "Verhaal": null }, "geometry": { "type": "MultiPolygon", "coordinates": [ [ [ [ 5.102181720920504, 52.12965090803317 ], [ 5.102181720920504, 52.12965090803317 ], [ 5.102186728783302, 52.129634500221634 ], [ 5.101875243339683, 52.129340667289888 ], [ 5.101845700928139, 52.129337283845089 ], [ 5.102181720920504, 52.12965090803317 ] ] ] ] } },
{ "type": "Feature", "properties": { "fid": 683, "id": null, "FUNCTIE": "04_Talut1", "Info": null, "Verhaal": null }, "geometry": { "type": "MultiPolygon", "coordinates": [ [ [ [ 5.101921172486526, 52.129113143187254 ], [ 5.10195308603965, 52.129119144137981 ], [ 5.10212267766534, 52.129048937993602 ], [ 5.102095274789859, 52.129036239746803 ], [ 5.101921172486526, 52.129113143187254 ] ] ] ] } },
{ "type": "Feature", "properties": { "fid": 684, "id": null, "FUNCTIE": "04_Talut1", "Info": null, "Verhaal": null }, "geometry": { "type": "MultiPolygon", "coordinates": [ [ [ [ 5.102532149907422, 52.129686239902163 ], [ 5.103067321515255, 52.129461598189344 ], [ 5.103048790444665, 52.12945935801185 ], [ 5.10254028617049, 52.129669181528456 ], [ 5.102532149907422, 52.129686239902163 ] ] ] ] } },
{ "type": "Feature", "properties": { "fid": 685, "id": null, "FUNCTIE": "04_Talut1", "Info": null, "Verhaal": null }, "geometry": { "type": "MultiPolygon", "coordinates": [ [ [ [ 5.101968782976932, 52.129159016725104 ], [ 5.101982687276704, 52.129141746429354 ], [ 5.101953087525225, 52.129119148144078 ], [ 5.101921172486526, 52.129113143187254 ], [ 5.101968782976932, 52.129159016725104 ] ] ] ] } },
{ "type": "Feature", "properties": { "fid": 686, "id": null, "FUNCTIE": "04_Talut1", "Info": null, "Verhaal": null }, "geometry": { "type": "MultiPolygon", "coordinates": [ [ [ [ 5.102180585861689, 52.129109555141639 ], [ 5.102101668983969, 52.129142038015971 ], [ 5.101991595143662, 52.129180070196703 ], [ 5.10189431430088, 52.129221516824067 ], [ 5.101951025257137, 52.129226911123403 ], [ 5.102210449907297, 52.129114884454758 ], [ 5.102180585861689, 52.129109555141639 ] ] ] ] } },
{ "type": "Feature", "properties": { "fid": 687, "id": null, "FUNCTIE": "04_Talut1", "Info": null, "Verhaal": null }, "geometry": { "type": "MultiPolygon", "coordinates": [ [ [ [ 5.101951026742714, 52.129226915129586 ], [ 5.101894315786401, 52.129221520830242 ], [ 5.101961654811738, 52.129282516613507 ], [ 5.102036386316546, 52.129332260861048 ], [ 5.102129759434205, 52.12942315133597 ], [ 5.102132970188344, 52.129400086445578 ], [ 5.101951026742714, 52.129226915129586 ] ] ] ] } },
{ "type": "Feature", "properties": { "fid": 688, "id": null, "FUNCTIE": "04_Talut1", "Info": null, "Verhaal": null }, "geometry": { "type": "MultiPolygon", "coordinates": [ [ [ [ 5.102132970188344, 52.129400086445578 ], [ 5.102129760919976, 52.129423155342224 ], [ 5.102245402183527, 52.129374823236944 ], [ 5.102132970188344, 52.129400086445578 ] ] ] ] } },
{ "type": "Feature", "properties": { "fid": 689, "id": null, "FUNCTIE": "04_Talut1", "Info": null, "Verhaal": null }, "geometry": { "type": "MultiPolygon", "coordinates": [ [ [ [ 5.102154641274005, 52.129446326790671 ], [ 5.102188788631201, 52.129449788897041 ], [ 5.102272076753432, 52.129401924530185 ], [ 5.102154641274005, 52.129446326790671 ] ] ] ] } },
{ "type": "Feature", "properties": { "fid": 690, "id": null, "FUNCTIE": "04_Talut1", "Info": null, "Verhaal": null }, "geometry": { "type": "MultiPolygon", "coordinates": [ [ [ [ 5.102188790117027, 52.129449792903387 ], [ 5.102154642759794, 52.129446330796988 ], [ 5.102252883650079, 52.129541193150217 ], [ 5.102300088324314, 52.129602140104254 ], [ 5.102363767504409, 52.129663126814123 ], [ 5.102373137742137, 52.129628977839893 ], [ 5.102188790117027, 52.129449792903387 ] ] ] ] } },
{ "type": "Feature", "properties": { "fid": 691, "id": null, "FUNCTIE": "04_Talut1", "Info": null, "Verhaal": null }, "geometry": { "type": "MultiPolygon", "coordinates": [ [ [ [ 5.102363767504409, 52.129663126814123 ], [ 5.102462900894086, 52.129618304664255 ], [ 5.102560239480542, 52.129567845420155 ], [ 5.102747429148774, 52.129492818969901 ], [ 5.102723049052241, 52.129488629553151 ], [ 5.102373137742137, 52.129628977839893 ], [ 5.102363767504409, 52.129663126814123 ] ] ] ] } },
{ "type": "Feature", "properties": { "fid": 692, "id": null, "FUNCTIE": "04_Talut1", "Info": null, "Verhaal": null }, "geometry": { "type": "MultiPolygon", "coordinates": [ [ [ [ 5.102723049052241, 52.129488629553151 ], [ 5.10274743063516, 52.12949282297626 ], [ 5.102677056160697, 52.129429191741345 ], [ 5.102723049052241, 52.129488629553151 ] ] ] ] } },
{ "type": "Feature", "properties": { "fid": 693, "id": null, "FUNCTIE": "04_Talut1", "Info": null, "Verhaal": null }, "geometry": { "type": "MultiPolygon", "coordinates": [ [ [ [ 5.10272106888219, 52.129416530466472 ], [ 5.10278964730064, 52.12947451797266 ], [ 5.102786706424898, 52.129457240017778 ], [ 5.10272106888219, 52.129416530466472 ] ] ] ] } },
{ "type": "Feature", "properties": { "fid": 694, "id": null, "FUNCTIE": "04_Talut1", "Info": null, "Verhaal": null }, "geometry": { "type": "MultiPolygon", "coordinates": [ [ [ [ 5.10278964730064, 52.12947451797266 ], [ 5.102907084596, 52.12942974226231 ], [ 5.103006099904351, 52.129403319462028 ], [ 5.10311071633336, 52.129359636511602 ], [ 5.103058295274462, 52.12935124900612 ], [ 5.102786706424898, 52.129457240017778 ], [ 5.10278964730064, 52.12947451797266 ] ] ] ] } },
{ "type": "Feature", "properties": { "fid": 695, "id": null, "FUNCTIE": "04_Talut1", "Info": null, "Verhaal": null }, "geometry": { "type": "MultiPolygon", "coordinates": [ [ [ [ 5.101922188919198, 52.129300009712992 ], [ 5.101845700928139, 52.129337283845089 ], [ 5.101875244825186, 52.129340671296156 ], [ 5.101922068071285, 52.129318466053768 ], [ 5.101922188919198, 52.129300009712992 ] ] ] ] } },
{ "type": "Feature", "properties": { "fid": 696, "id": null, "FUNCTIE": "04_Talut1", "Info": null, "Verhaal": null }, "geometry": { "type": "MultiPolygon", "coordinates": [ [ [ [ 5.102199643112338, 52.129565852347888 ], [ 5.102235332206074, 52.129614375608504 ], [ 5.102264860236176, 52.129617830537775 ], [ 5.102199643112338, 52.129565852347888 ] ] ] ] } },
{ "type": "Feature", "properties": { "fid": 697, "id": null, "FUNCTIE": "04_Talut1", "Info": null, "Verhaal": null }, "geometry": { "type": "MultiPolygon", "coordinates": [ [ [ [ 5.102235333691952, 52.1296143796149 ], [ 5.102186730269133, 52.129634504228058 ], [ 5.102181720920504, 52.12965090803317 ], [ 5.102264861722086, 52.129617834544192 ], [ 5.102235333691952, 52.1296143796149 ] ] ] ] } },
{ "type": "Feature", "properties": { "fid": 698, "id": null, "FUNCTIE": "04_Talut1", "Info": null, "Verhaal": null }, "geometry": { "type": "MultiPolygon", "coordinates": [ [ [ [ 5.103131322623677, 52.129098874004022 ], [ 5.103030334053843, 52.129142392881278 ], [ 5.102904214496949, 52.129212276246562 ], [ 5.102946926735882, 52.129209412683565 ], [ 5.103027775364622, 52.129161166393331 ], [ 5.103044522658728, 52.129158444568297 ], [ 5.10305675992298, 52.129157237547361 ], [ 5.103068088590425, 52.129154504271114 ], [ 5.103125022192571, 52.129125359436678 ], [ 5.103131322623677, 52.129098874004022 ] ] ] ] } },
{ "type": "Feature", "properties": { "fid": 699, "id": null, "FUNCTIE": "04_Talut1", "Info": null, "Verhaal": null }, "geometry": { "type": "MultiPolygon", "coordinates": [ [ [ [ 5.103058295274462, 52.12935124900612 ], [ 5.10311071633336, 52.129359636511602 ], [ 5.103043397111724, 52.12929526182738 ], [ 5.102979638734398, 52.129246663521741 ], [ 5.102946928222456, 52.129209416689726 ], [ 5.102904215983481, 52.129212280252723 ], [ 5.103058295274462, 52.12935124900612 ] ] ] ] } },
{ "type": "Feature", "properties": { "fid": 700, "id": null, "FUNCTIE": "04_Talut1", "Info": null, "Verhaal": null }, "geometry": { "type": "MultiPolygon", "coordinates": [ [ [ [ 5.103067324488665, 52.129461606201978 ], [ 5.103067321515255, 52.129461598189344 ], [ 5.103026121765027, 52.129421195815318 ], [ 5.103026026843508, 52.129436122168897 ], [ 5.103048791931353, 52.129459362018174 ], [ 5.103067324488665, 52.129461606201978 ] ] ] ] } },
{ "type": "Feature", "properties": { "fid": 701, "id": null, "FUNCTIE": "04_Talut1", "Info": null, "Verhaal": null }, "geometry": { "type": "MultiPolygon", "coordinates": [ [ [ [ 5.102532151393601, 52.12968624390863 ], [ 5.102540287656677, 52.129669185534887 ], [ 5.102519459319962, 52.129647731091843 ], [ 5.10248936171011, 52.129644309780204 ], [ 5.102532151393601, 52.12968624390863 ] ] ] ] } },
{ "type": "Feature", "properties": { "fid": 702, "id": null, "FUNCTIE": "04_Talut1", "Info": null, "Verhaal": null }, "geometry": { "type": "MultiPolygon", "coordinates": [ [ [ [ 5.103029190332068, 52.129226508901226 ], [ 5.103089266330047, 52.129278474253915 ], [ 5.10309968720684, 52.129261042040376 ], [ 5.103029190332068, 52.129226508901226 ] ] ] ] } },
{ "type": "Feature", "properties": { "fid": 703, "id": null, "FUNCTIE": "04_Talut1", "Info": null, "Verhaal": null }, "geometry": { "type": "MultiPolygon", "coordinates": [ [ [ [ 5.103089266330047, 52.129278474253915 ], [ 5.103152740348472, 52.129256869810654 ], [ 5.103129702880677, 52.129252665295013 ], [ 5.10309968720684, 52.129261042040376 ], [ 5.103089266330047, 52.129278474253915 ] ] ] ] } },
{ "type": "Feature", "properties": { "fid": 704, "id": null, "FUNCTIE": "04_Talut1", "Info": null, "Verhaal": null }, "geometry": { "type": "MultiPolygon", "coordinates": [ [ [ [ 5.10302777833793, 52.129161174405631 ], [ 5.103129704367437, 52.129252669301202 ], [ 5.103152740348472, 52.129256869810654 ], [ 5.103044522658728, 52.129158444568297 ], [ 5.10302777833793, 52.129161174405631 ] ] ] ] } },
{ "type": "Feature", "properties": { "fid": 705, "id": null, "FUNCTIE": "04_Talut1", "Info": null, "Verhaal": null }, "geometry": { "type": "MultiPolygon", "coordinates": [ [ [ [ 5.151326080218763, 52.080714912827894 ], [ 5.151370842359512, 52.080721988448779 ], [ 5.152291846936618, 52.080532575484526 ], [ 5.152291846518634, 52.080532655119441 ], [ 5.152324144378159, 52.080508767823588 ], [ 5.152324144668442, 52.080507866310441 ], [ 5.151326080218763, 52.080714912827894 ] ] ] ] } },
{ "type": "Feature", "properties": { "fid": 706, "id": null, "FUNCTIE": "04_Talut1", "Info": null, "Verhaal": null }, "geometry": { "type": "MultiPolygon", "coordinates": [ [ [ [ 5.152056072164405, 52.081110214268413 ], [ 5.1520749677112, 52.081098857984529 ], [ 5.152079550179491, 52.080836371129003 ], [ 5.152091241020337, 52.080754146359887 ], [ 5.152055497112713, 52.080822449989618 ], [ 5.152053987259638, 52.081109819788594 ], [ 5.152056072164405, 52.081110214268413 ] ] ] ] } },
{ "type": "Feature", "properties": { "fid": 707, "id": null, "FUNCTIE": "04_Talut1", "Info": null, "Verhaal": null }, "geometry": { "type": "MultiPolygon", "coordinates": [ [ [ [ 5.154332650594618, 52.08142385562082 ], [ 5.15361769607566, 52.081974057379789 ], [ 5.153669158710211, 52.081973166445344 ], [ 5.154410347576806, 52.081408824078764 ], [ 5.154332650594618, 52.08142385562082 ] ] ] ] } },
{ "type": "Feature", "properties": { "fid": 708, "id": null, "FUNCTIE": "04_Talut1", "Info": null, "Verhaal": null }, "geometry": { "type": "MultiPolygon", "coordinates": [ [ [ [ 5.153744686244586, 52.082512613845104 ], [ 5.15369682084286, 52.082508745576483 ], [ 5.15427154330713, 52.08305250119755 ], [ 5.154339743739585, 52.083083355059131 ], [ 5.153744359656971, 52.082512882456221 ], [ 5.153744686244586, 52.082512613845104 ] ] ] ] } },
{ "type": "Feature", "properties": { "fid": 709, "id": null, "FUNCTIE": "04_Talut1", "Info": null, "Verhaal": null }, "geometry": { "type": "MultiPolygon", "coordinates": [ [ [ [ 5.152395915718902, 52.083382727830248 ], [ 5.154339737364064, 52.08308335534862 ], [ 5.154271493889584, 52.083052513904633 ], [ 5.153340082164562, 52.083213928698406 ], [ 5.153070551657361, 52.083255245363326 ], [ 5.152437985803275, 52.083334267009185 ], [ 5.152395915718902, 52.083382727830248 ] ] ] ] } },
{ "type": "Feature", "properties": { "fid": 710, "id": null, "FUNCTIE": "04_Talut1", "Info": null, "Verhaal": null }, "geometry": { "type": "MultiPolygon", "coordinates": [ [ [ [ 5.146271916880374, 52.09592580312777 ], [ 5.146332984642983, 52.095937819540652 ], [ 5.146915380424726, 52.094739978626329 ], [ 5.147628670910266, 52.094935658887202 ], [ 5.147372854068351, 52.095238363177835 ], [ 5.148100534180548, 52.095755132600054 ], [ 5.148493731831469, 52.095637019702728 ], [ 5.149476798196748, 52.095934310817228 ], [ 5.148759552612339, 52.096479854170454 ], [ 5.148305662908572, 52.096512624591824 ], [ 5.148146197590033, 52.096849218846074 ], [ 5.148213698335254, 52.096863229159339 ], [ 5.148353708803548, 52.096554341519912 ], [ 5.148794706602099, 52.096525508494061 ], [ 5.149573414785776, 52.095918651251147 ], [ 5.148494005578928, 52.095585491644762 ], [ 5.148113711036946, 52.095697685152651 ], [ 5.147453318250275, 52.095234563654152 ], [ 5.147728525151717, 52.09491604378789 ], [ 5.146870629664103, 52.094684394672562 ], [ 5.146271916880374, 52.09592580312777 ] ] ] ] } },
{ "type": "Feature", "properties": { "fid": 711, "id": null, "FUNCTIE": "04_Talut1", "Info": null, "Verhaal": null }, "geometry": { "type": "MultiPolygon", "coordinates": [ [ [ [ 5.14719721582031, 52.09513841547372 ], [ 5.147323500344775, 52.094990033045988 ], [ 5.147087356588275, 52.094922662458245 ], [ 5.147055960175255, 52.094927057490338 ], [ 5.146940273981642, 52.094898579268012 ], [ 5.146427821510433, 52.095954364318843 ], [ 5.146474418259704, 52.095965855542161 ], [ 5.146978695614408, 52.094934331534127 ], [ 5.147245383700466, 52.095006223948886 ], [ 5.147044635774368, 52.095239674622206 ], [ 5.14719721582031, 52.09513841547372 ] ] ] ] } },
{ "type": "Feature", "properties": { "fid": 712, "id": null, "FUNCTIE": "04_Talut1", "Info": null, "Verhaal": null }, "geometry": { "type": "MultiPolygon", "coordinates": [ [ [ [ 5.147055960175255, 52.094927057490338 ], [ 5.14706723536908, 52.094924603200035 ], [ 5.147101338981412, 52.094865216769598 ], [ 5.146940666156565, 52.094825250821117 ], [ 5.146935789268069, 52.094834654735848 ], [ 5.147087618755918, 52.09487361167826 ], [ 5.147055960175255, 52.094927057490338 ] ] ] ] } },
{ "type": "Feature", "properties": { "fid": 713, "id": null, "FUNCTIE": "04_Talut1", "Info": null, "Verhaal": null }, "geometry": { "type": "MultiPolygon", "coordinates": [ [ [ [ 5.146950427876204, 52.094804956604378 ], [ 5.146940666156565, 52.094825250821117 ], [ 5.147101338981412, 52.094865216769598 ], [ 5.14706723536908, 52.094924603200035 ], [ 5.147087356588275, 52.094922662458245 ], [ 5.147130351195103, 52.094855366709773 ], [ 5.146950427876204, 52.094804956604378 ] ] ] ] } },
{ "type": "Feature", "properties": { "fid": 714, "id": null, "FUNCTIE": "04_Talut1", "Info": null, "Verhaal": null }, "geometry": { "type": "MultiPolygon", "coordinates": [ [ [ [ 5.147162077383254, 52.095240905552423 ], [ 5.147225209384871, 52.095168696198435 ], [ 5.147238170233619, 52.095151876762706 ], [ 5.147071880491152, 52.095259549029088 ], [ 5.147162077383254, 52.095240905552423 ] ] ] ] } },
{ "type": "Feature", "properties": { "fid": 715, "id": null, "FUNCTIE": "04_Talut1", "Info": null, "Verhaal": null }, "geometry": { "type": "MultiPolygon", "coordinates": [ [ [ [ 5.14806088736513, 52.095949275314119 ], [ 5.148521765101727, 52.095811481198531 ], [ 5.148618139927544, 52.095841404931484 ], [ 5.148907491045553, 52.095888565890164 ], [ 5.148526770700104, 52.095777799572538 ], [ 5.148102971485598, 52.095901796019945 ], [ 5.147162077383254, 52.095240905552423 ], [ 5.147071880491152, 52.095259549029088 ], [ 5.14806088736513, 52.095949275314119 ] ] ] ] } },
{ "type": "Feature", "properties": { "fid": 716, "id": null, "FUNCTIE": "04_Talut1", "Info": null, "Verhaal": null }, "geometry": { "type": "MultiPolygon", "coordinates": [ [ [ [ 5.147283043622433, 52.095184669286525 ], [ 5.147260546057348, 52.095179668664159 ], [ 5.147202245982427, 52.095250896970057 ], [ 5.148067829220933, 52.095854159613914 ], [ 5.14849645999299, 52.095729182195562 ], [ 5.148928558860561, 52.095859871497225 ], [ 5.14894630906429, 52.095849998135236 ], [ 5.148499756707025, 52.095714324866712 ], [ 5.148071136642034, 52.095837320438058 ], [ 5.147226378908361, 52.09525094626315 ], [ 5.147283043622433, 52.095184669286525 ] ] ] ] } },
{ "type": "Feature", "properties": { "fid": 717, "id": null, "FUNCTIE": "04_Talut1", "Info": null, "Verhaal": null }, "geometry": { "type": "MultiPolygon", "coordinates": [ [ [ [ 5.148928364443663, 52.095896535686634 ], [ 5.148973707271355, 52.095841135262475 ], [ 5.14894630906429, 52.095849998135236 ], [ 5.148928558860561, 52.095859871497225 ], [ 5.148907491045553, 52.095888565890164 ], [ 5.148928364443663, 52.095896535686634 ] ] ] ] } },
{ "type": "Feature", "properties": { "fid": 718, "id": null, "FUNCTIE": "04_Talut1", "Info": null, "Verhaal": null }, "geometry": { "type": "MultiPolygon", "coordinates": [ [ [ [ 5.148608391942094, 52.095859221972937 ], [ 5.149032442666594, 52.095990885430723 ], [ 5.148699613572235, 52.096253799306915 ], [ 5.148975569640133, 52.096096800199419 ], [ 5.149124201486938, 52.095981161981818 ], [ 5.14891218105732, 52.095914339702119 ], [ 5.148608391942094, 52.095859221972937 ] ] ] ] } },
{ "type": "Feature", "properties": { "fid": 719, "id": null, "FUNCTIE": "04_Talut1", "Info": null, "Verhaal": null }, "geometry": { "type": "MultiPolygon", "coordinates": [ [ [ [ 5.14866065291491, 52.096319121993055 ], [ 5.148139180405742, 52.096353736412539 ], [ 5.147917952886618, 52.096807135283441 ], [ 5.147995107029238, 52.096821165370756 ], [ 5.148206590773365, 52.096384592488285 ], [ 5.148681389719816, 52.096352855873924 ], [ 5.148981873855141, 52.096121586347891 ], [ 5.148722074973666, 52.096265736099582 ], [ 5.14866065291491, 52.096319121993055 ] ] ] ] } },
{ "type": "Feature", "properties": { "fid": 720, "id": null, "FUNCTIE": "04_Talut1", "Info": null, "Verhaal": null }, "geometry": { "type": "MultiPolygon", "coordinates": [ [ [ [ 5.148999629404551, 52.096110722046475 ], [ 5.148981873855141, 52.096121586347891 ], [ 5.149026796660495, 52.096145459816611 ], [ 5.149052512620216, 52.096150466593599 ], [ 5.14908307625519, 52.096151519445549 ], [ 5.148999629404551, 52.096110722046475 ] ] ] ] } },
{ "type": "Feature", "properties": { "fid": 721, "id": null, "FUNCTIE": "04_Talut1", "Info": null, "Verhaal": null }, "geometry": { "type": "MultiPolygon", "coordinates": [ [ [ [ 5.148698824601301, 52.096402438020171 ], [ 5.14820148997207, 52.096436110794073 ], [ 5.148017616042836, 52.096824183966454 ], [ 5.148032080472202, 52.096827186196364 ], [ 5.148214292668349, 52.09644901898875 ], [ 5.148703556624239, 52.09642028445905 ], [ 5.149052512620216, 52.096150466593599 ], [ 5.149026796660495, 52.096145459816611 ], [ 5.148698824601301, 52.096402438020171 ] ] ] ] } },
{ "type": "Feature", "properties": { "fid": 722, "id": null, "FUNCTIE": "04_Talut1", "Info": null, "Verhaal": null }, "geometry": { "type": "MultiPolygon", "coordinates": [ [ [ [ 5.144882190872477, 52.096153833186634 ], [ 5.144920384192567, 52.096159302355026 ], [ 5.144956109795268, 52.096161756620077 ], [ 5.144989581208129, 52.096161782015493 ], [ 5.145029317008554, 52.096158922554309 ], [ 5.145063856017741, 52.096153789650629 ], [ 5.145098133202987, 52.096146179838989 ], [ 5.14513358158247, 52.096135889313977 ], [ 5.145168408730674, 52.096123320127759 ], [ 5.14520160877198, 52.096108221619666 ], [ 5.145235440229001, 52.096089679435501 ], [ 5.145267890427157, 52.096069638565972 ], [ 5.145295949880925, 52.096049441104576 ], [ 5.145335309254534, 52.096014792321753 ], [ 5.145373352731703, 52.095969719528242 ], [ 5.145411335400034, 52.095932441744509 ], [ 5.145467183148265, 52.09588684193109 ], [ 5.145511369649026, 52.095856295647067 ], [ 5.145559114393663, 52.0958336716945 ], [ 5.145584731325932, 52.095824792940689 ], [ 5.145610775834423, 52.095817884753409 ], [ 5.145664482570024, 52.095809384319253 ], [ 5.145720686347378, 52.095807735105957 ], [ 5.14579527364672, 52.095700873245612 ], [ 5.146350010633856, 52.094554584048218 ], [ 5.14637060654769, 52.09452417745571 ], [ 5.146406258015431, 52.094484665388386 ], [ 5.146448919218222, 52.094449030625192 ], [ 5.146500134613391, 52.094416076285739 ], [ 5.146559993063389, 52.094386836460522 ], [ 5.146623007028302, 52.094363950412756 ], [ 5.146695501848538, 52.094345196834531 ], [ 5.146769881055101, 52.094332773022565 ], [ 5.146809934192783, 52.094328656002595 ], [ 5.146850104422854, 52.094326480416321 ], [ 5.14692263892497, 52.094326804024313 ], [ 5.147001580319031, 52.094332946512246 ], [ 5.147065058750752, 52.09434245709155 ], [ 5.147132550816972, 52.094357469598243 ], [ 5.148065514201874, 52.094638568135984 ], [ 5.148102128692106, 52.094651242417278 ], [ 5.148134704509815, 52.094664567049172 ], [ 5.14817442556841, 52.094683820253927 ], [ 5.148207216766878, 52.094702842253824 ], [ 5.14823905817625, 52.094724685075214 ], [ 5.148269612679615, 52.094749481372723 ], [ 5.148299014351992, 52.094778328421903 ], [ 5.148319499287548, 52.094802719950373 ], [ 5.148341265083028, 52.09483499967542 ], [ 5.148355498191132, 52.094862948238621 ], [ 5.148365982953324, 52.094893608618186 ], [ 5.148371433451275, 52.094922440559849 ], [ 5.148373119559849, 52.094952872160789 ], [ 5.148371111985313, 52.094980712735229 ], [ 5.148364683660037, 52.095012190174344 ], [ 5.148354333825801, 52.09504210118088 ], [ 5.148339513511607, 52.095072219066964 ], [ 5.148321706869738, 52.095099884207428 ], [ 5.149926322337226, 52.095640604630688 ], [ 5.150014776387714, 52.095682023313934 ], [ 5.150081511159995, 52.095720531485533 ], [ 5.150131303135397, 52.095758744827648 ], [ 5.150174132353512, 52.09580204609879 ], [ 5.150207968526549, 52.095848037401517 ], [ 5.150230203059257, 52.095891968995801 ], [ 5.150246348857452, 52.095942949677827 ], [ 5.150253889167232, 52.095996165536711 ], [ 5.15025163383132, 52.096041054708614 ], [ 5.150240085603118, 52.096087865117816 ], [ 5.150219843779924, 52.096132432650741 ], [ 5.150187355141449, 52.096180019720251 ], [ 5.150168817589629, 52.096201278795462 ], [ 5.150157520159514, 52.096209183269089 ], [ 5.149191670962646, 52.097021882740613 ], [ 5.149348568473784, 52.09704983542936 ], [ 5.149249151632771, 52.097007059098196 ], [ 5.150136330072604, 52.096266594896854 ], [ 5.15016101450651, 52.096248179679435 ], [ 5.150178475043002, 52.096232280959875 ], [ 5.150209356056608, 52.096195677030437 ], [ 5.150229497140026, 52.096168178225504 ], [ 5.150246697192176, 52.09613837371711 ], [ 5.150259579711643, 52.096109157316405 ], [ 5.150271517710451, 52.096073922627546 ], [ 5.150279604065712, 52.096036693537556 ], [ 5.150282865326719, 52.096002529889262 ], [ 5.150281889960196, 52.095969871410645 ], [ 5.150273698249014, 52.095923729396169 ], [ 5.150256911554751, 52.095876250010534 ], [ 5.150236199229418, 52.095838242490679 ], [ 5.150203815291202, 52.095796071207133 ], [ 5.15016252328763, 52.095754386855667 ], [ 5.150112576320482, 52.095714378667864 ], [ 5.150057850152973, 52.095679227127675 ], [ 5.150002732931316, 52.095650924927256 ], [ 5.149928993486058, 52.095621841789672 ], [ 5.148359307334972, 52.095093075825382 ], [ 5.148387547692663, 52.095035780775454 ], [ 5.148396390702356, 52.095006791516433 ], [ 5.148401450732881, 52.094977495305415 ], [ 5.148402707818057, 52.094947839634784 ], [ 5.148400082206106, 52.094918414748975 ], [ 5.148392709856521, 52.094886328730659 ], [ 5.148382452595624, 52.094858536073147 ], [ 5.148368699804682, 52.094831297388311 ], [ 5.148352750918766, 52.094806722602449 ], [ 5.148334316309225, 52.094783653328889 ], [ 5.14830955407543, 52.094758116996964 ], [ 5.148278191578914, 52.094731465236656 ], [ 5.148237474660669, 52.094701611923959 ], [ 5.148205432175176, 52.094681151927162 ], [ 5.148170108632891, 52.094662094244441 ], [ 5.14812565349049, 52.094642391605859 ], [ 5.148074544175342, 52.094624430641922 ], [ 5.147117587224066, 52.094334792723679 ], [ 5.14705602892834, 52.094320713241736 ], [ 5.146990350964305, 52.094310994028596 ], [ 5.146926730139433, 52.094306408727128 ], [ 5.146863895573721, 52.094306351820777 ], [ 5.146775236386608, 52.094313078474869 ], [ 5.146702765159267, 52.094324069692441 ], [ 5.146630729494928, 52.094340664715872 ], [ 5.146563776345129, 52.09436266431824 ], [ 5.146527142330989, 52.094378002781561 ], [ 5.146495940349411, 52.094393205006945 ], [ 5.146440267825279, 52.094426300479242 ], [ 5.14638680610425, 52.094466778794647 ], [ 5.146365038984213, 52.094487430028629 ], [ 5.146348357559621, 52.094506435475893 ], [ 5.146332209567114, 52.094529312168675 ], [ 5.145769556129178, 52.095692915875475 ], [ 5.145695347520786, 52.095787495787711 ], [ 5.145634123046249, 52.095791790843371 ], [ 5.145577776483037, 52.095802146719123 ], [ 5.145523474622628, 52.095819341280318 ], [ 5.145480475633561, 52.095840062892194 ], [ 5.145444064975813, 52.09586638802049 ], [ 5.145373473428307, 52.095927525910447 ], [ 5.145337644876802, 52.095964543904458 ], [ 5.145302598304639, 52.096007304847568 ], [ 5.145266263785409, 52.096042088224152 ], [ 5.145231182404188, 52.096067722985104 ], [ 5.145186252822599, 52.096091484257677 ], [ 5.145146093454686, 52.096107044144759 ], [ 5.145093636918258, 52.096123284269126 ], [ 5.145051838445795, 52.096134257223341 ], [ 5.145016249331388, 52.096141130171489 ], [ 5.144973789621579, 52.096146369259763 ], [ 5.14492879617114, 52.096148852449112 ], [ 5.144884259107462, 52.096148594215265 ], [ 5.144842019480931, 52.096145825212204 ], [ 5.144882190872477, 52.096153833186634 ] ] ] ] } },
{ "type": "Feature", "properties": { "fid": 723, "id": null, "FUNCTIE": "04_Talut1", "Info": null, "Verhaal": null }, "geometry": { "type": "MultiPolygon", "coordinates": [ [ [ [ 5.147225209384871, 52.095168696198435 ], [ 5.147260546057348, 52.095179668664159 ], [ 5.147283043622433, 52.095184669286525 ], [ 5.147318464975652, 52.095179786935006 ], [ 5.147238170233619, 52.095151876762706 ], [ 5.147225209384871, 52.095168696198435 ] ] ] ] } },
{ "type": "Feature", "properties": { "fid": 724, "id": null, "FUNCTIE": "04_Talut1", "Info": null, "Verhaal": null }, "geometry": { "type": "MultiPolygon", "coordinates": [ [ [ [ 5.147895174695313, 52.096854653899484 ], [ 5.147719425322016, 52.097226888530528 ], [ 5.148104577696307, 52.097413968287242 ], [ 5.148116805868995, 52.097534887491747 ], [ 5.148196230356341, 52.097727290735925 ], [ 5.148162552209147, 52.097404176740781 ], [ 5.147806297141572, 52.097229047251659 ], [ 5.147978743489346, 52.096872660795292 ], [ 5.147895174695313, 52.096854653899484 ] ] ] ] } },
{ "type": "Feature", "properties": { "fid": 725, "id": null, "FUNCTIE": "04_Talut1", "Info": null, "Verhaal": null }, "geometry": { "type": "MultiPolygon", "coordinates": [ [ [ [ 5.148084605908729, 52.097538785794669 ], [ 5.148112058701308, 52.097822249724217 ], [ 5.147668103486532, 52.097799546090698 ], [ 5.147931697515725, 52.097851611212256 ], [ 5.148169759606241, 52.097863986344187 ], [ 5.148170455523065, 52.097733183996993 ], [ 5.148084605908729, 52.097538785794669 ] ] ] ] } },
{ "type": "Feature", "properties": { "fid": 726, "id": null, "FUNCTIE": "04_Talut1", "Info": null, "Verhaal": null }, "geometry": { "type": "MultiPolygon", "coordinates": [ [ [ [ 5.147661561994841, 52.09781935153589 ], [ 5.147532898426432, 52.097809180134291 ], [ 5.147309031066185, 52.097549098037028 ], [ 5.145850130645402, 52.097768084563796 ], [ 5.145897717968379, 52.097895022508226 ], [ 5.145911079451468, 52.097803883417058 ], [ 5.147289469686505, 52.097596623184749 ], [ 5.14751341120239, 52.097842832340277 ], [ 5.147905880333232, 52.097865431838997 ], [ 5.147661561994841, 52.09781935153589 ] ] ] ] } },
{ "type": "Feature", "properties": { "fid": 727, "id": null, "FUNCTIE": "04_Talut1", "Info": null, "Verhaal": null }, "geometry": { "type": "MultiPolygon", "coordinates": [ [ [ [ 5.145801840555337, 52.097771949255176 ], [ 5.145778015422564, 52.098013689808795 ], [ 5.145504629309094, 52.097987364131797 ], [ 5.145950553752408, 52.097044904604999 ], [ 5.145905546233124, 52.097036884758673 ], [ 5.14544981768672, 52.09800707035042 ], [ 5.145572024725031, 52.098021194527412 ], [ 5.145584896482851, 52.098021220957811 ], [ 5.145600954195487, 52.098027199572137 ], [ 5.145832507341256, 52.098053439212727 ], [ 5.145852656324966, 52.097896911967865 ], [ 5.145801840555337, 52.097771949255176 ] ] ] ] } },
{ "type": "Feature", "properties": { "fid": 728, "id": null, "FUNCTIE": "04_Talut1", "Info": null, "Verhaal": null }, "geometry": { "type": "MultiPolygon", "coordinates": [ [ [ [ 5.145748009357692, 52.097010797012445 ], [ 5.145217335766862, 52.09815325178306 ], [ 5.146104989609147, 52.098248222092984 ], [ 5.14614541326617, 52.09791138525928 ], [ 5.147114781720263, 52.097768690130998 ], [ 5.147322760574649, 52.097991084599293 ], [ 5.148477678528731, 52.098052889605597 ], [ 5.148410876344929, 52.097301623674298 ], [ 5.148080300869876, 52.097138438419051 ], [ 5.148184474229444, 52.096912716593316 ], [ 5.148120180705685, 52.096900694659695 ], [ 5.148002987877246, 52.097154136200082 ], [ 5.148349610436423, 52.097325281765009 ], [ 5.148410354957488, 52.098005188001594 ], [ 5.147364784060918, 52.097955496469176 ], [ 5.147150432909273, 52.097721197820547 ], [ 5.146081214303799, 52.097881525519099 ], [ 5.146040917868837, 52.098194580034495 ], [ 5.145294769432993, 52.098115755220505 ], [ 5.145812313367431, 52.097020838407666 ], [ 5.145748009357692, 52.097010797012445 ] ] ] ] } },
{ "type": "Feature", "properties": { "fid": 729, "id": null, "FUNCTIE": "04_Talut1", "Info": null, "Verhaal": null }, "geometry": { "type": "MultiPolygon", "coordinates": [ [ [ [ 5.145378628171245, 52.098080253700722 ], [ 5.145576433130872, 52.0980989924266 ], [ 5.145600954195487, 52.098027199572137 ], [ 5.145584896482851, 52.098021220957811 ], [ 5.145564485795698, 52.098076671727327 ], [ 5.145388391385383, 52.098059959474305 ], [ 5.145378628171245, 52.098080253700722 ] ] ] ] } },
{ "type": "Feature", "properties": { "fid": 730, "id": null, "FUNCTIE": "04_Talut1", "Info": null, "Verhaal": null }, "geometry": { "type": "MultiPolygon", "coordinates": [ [ [ [ 5.145391670686877, 52.098048570392393 ], [ 5.145388391385383, 52.098059959474305 ], [ 5.145564485795698, 52.098076671727327 ], [ 5.145558918374191, 52.09806476900583 ], [ 5.145391670686877, 52.098048570392393 ] ] ] ] } },
{ "type": "Feature", "properties": { "fid": 731, "id": null, "FUNCTIE": "04_Talut1", "Info": null, "Verhaal": null }, "geometry": { "type": "MultiPolygon", "coordinates": [ [ [ [ 5.145897717968379, 52.097895022508226 ], [ 5.14599260958177, 52.097902153653997 ], [ 5.145961298653766, 52.09789019818146 ], [ 5.145973717144023, 52.097824821597307 ], [ 5.14720555555045, 52.097643026134477 ], [ 5.147426249863127, 52.097894679017699 ], [ 5.147899164759721, 52.097917937893762 ], [ 5.147915971733606, 52.097934322551488 ], [ 5.147923568294547, 52.0978674496872 ], [ 5.147905880333232, 52.097865431838997 ], [ 5.147899243934065, 52.09790307398476 ], [ 5.147440825689359, 52.097876871827125 ], [ 5.147212899057339, 52.097623717814827 ], [ 5.145956886922478, 52.097812895809717 ], [ 5.145944420504334, 52.097887190755237 ], [ 5.145898573027312, 52.097885610329982 ], [ 5.145897717968379, 52.097895022508226 ] ] ] ] } },
{ "type": "Feature", "properties": { "fid": 732, "id": null, "FUNCTIE": "04_Talut1", "Info": null, "Verhaal": null }, "geometry": { "type": "MultiPolygon", "coordinates": [ [ [ [ 5.148008482114167, 52.096877675972074 ], [ 5.147991596376146, 52.096876155219732 ], [ 5.147845122706109, 52.09718948877623 ], [ 5.148218274045762, 52.097364157009551 ], [ 5.148247806349219, 52.097710549564432 ], [ 5.148269519258402, 52.097712080068852 ], [ 5.148240026310649, 52.09735825557938 ], [ 5.14786689870677, 52.097179128248435 ], [ 5.148008482114167, 52.096877675972074 ] ] ] ] } },
{ "type": "Feature", "properties": { "fid": 733, "id": null, "FUNCTIE": "04_Talut1", "Info": null, "Verhaal": null }, "geometry": { "type": "MultiPolygon", "coordinates": [ [ [ [ 5.148196230356341, 52.097727290735925 ], [ 5.148298440824407, 52.097719570831607 ], [ 5.148269519258402, 52.097712080068852 ], [ 5.148247806349219, 52.097710549564432 ], [ 5.14819470311497, 52.097711928102555 ], [ 5.148196230356341, 52.097727290735925 ] ] ] ] } },
{ "type": "Feature", "properties": { "fid": 734, "id": null, "FUNCTIE": "04_Talut1", "Info": null, "Verhaal": null }, "geometry": { "type": "MultiPolygon", "coordinates": [ [ [ [ 5.14582453381583, 52.096543230850706 ], [ 5.14572961852235, 52.096541054081172 ], [ 5.145600164411649, 52.096678528688173 ], [ 5.146514693905526, 52.096856791217022 ], [ 5.146774959096581, 52.096327171878414 ], [ 5.145845949433423, 52.096150863129608 ], [ 5.145835412076385, 52.096315337282583 ], [ 5.145925329807559, 52.096349213765343 ], [ 5.145929228957629, 52.096222381647408 ], [ 5.146666992786161, 52.096358661033257 ], [ 5.146460346335296, 52.096790287095907 ], [ 5.145727434229583, 52.096648071006221 ], [ 5.14582453381583, 52.096543230850706 ] ] ] ] } },
{ "type": "Feature", "properties": { "fid": 735, "id": null, "FUNCTIE": "04_Talut1", "Info": null, "Verhaal": null }, "geometry": { "type": "MultiPolygon", "coordinates": [ [ [ [ 5.145558918374191, 52.09806476900583 ], [ 5.145564485795698, 52.098076671727327 ], [ 5.145584896482851, 52.098021220957811 ], [ 5.145572024725031, 52.098021194527412 ], [ 5.145558918374191, 52.09806476900583 ] ] ] ] } },
{ "type": "Feature", "properties": { "fid": 736, "id": null, "FUNCTIE": "04_Talut1", "Info": null, "Verhaal": null }, "geometry": { "type": "MultiPolygon", "coordinates": [ [ [ [ 5.151620622026887, 52.08215935175825 ], [ 5.151675757630098, 52.082074241021125 ], [ 5.151634146785462, 52.082034520270064 ], [ 5.151436194408752, 52.082361134989064 ], [ 5.151620622026887, 52.08215935175825 ] ] ] ] } },
{ "type": "Feature", "properties": { "fid": 737, "id": null, "FUNCTIE": "04_Talut1", "Info": null, "Verhaal": null }, "geometry": { "type": "MultiPolygon", "coordinates": [ [ [ [ 5.152004952843247, 52.081597622751154 ], [ 5.152034938973235, 52.081631132002023 ], [ 5.152035164385262, 52.08163101703483 ], [ 5.152568590245156, 52.081741083234661 ], [ 5.152684352673523, 52.081723595085165 ], [ 5.152684490645323, 52.081723476890573 ], [ 5.152478850801189, 52.081677484419664 ], [ 5.15229881096297, 52.081657307050662 ], [ 5.152004952843247, 52.081597622751154 ] ] ] ] } },
{ "type": "Feature", "properties": { "fid": 738, "id": null, "FUNCTIE": "04_Talut1", "Info": null, "Verhaal": null }, "geometry": { "type": "MultiPolygon", "coordinates": [ [ [ [ 5.1524141973741, 52.083255175201977 ], [ 5.152395915718902, 52.083382727830248 ], [ 5.152437997432338, 52.083334253613579 ], [ 5.152460738657033, 52.083290699451197 ], [ 5.152436642566433, 52.083284705834188 ], [ 5.152444773359806, 52.083267876037077 ], [ 5.1524141973741, 52.083255175201977 ] ] ] ] } },
{ "type": "Feature", "properties": { "fid": 739, "id": null, "FUNCTIE": "04_Talut1", "Info": null, "Verhaal": null }, "geometry": { "type": "MultiPolygon", "coordinates": [ [ [ [ 5.153178584879697, 52.082739165769844 ], [ 5.153164125694593, 52.082739152986385 ], [ 5.15314240363541, 52.082740596278278 ], [ 5.152856677956681, 52.08247544763627 ], [ 5.152832551115663, 52.082475399680604 ], [ 5.153123102047837, 52.082740557960854 ], [ 5.153111007456095, 52.082746479591599 ], [ 5.153103652732873, 52.082768761148706 ], [ 5.153178601884847, 52.082739181719724 ], [ 5.153178584879697, 52.082739165769844 ] ] ] ] } },
{ "type": "Feature", "properties": { "fid": 740, "id": null, "FUNCTIE": "04_Talut1", "Info": null, "Verhaal": null }, "geometry": { "type": "MultiPolygon", "coordinates": [ [ [ [ 5.152840146919549, 52.082867827189915 ], [ 5.152955956773226, 52.082868057325257 ], [ 5.152985002586048, 52.082850278099578 ], [ 5.152840146919549, 52.082867827189915 ] ] ] ] } },
{ "type": "Feature", "properties": { "fid": 741, "id": null, "FUNCTIE": "04_Talut1", "Info": null, "Verhaal": null }, "geometry": { "type": "MultiPolygon", "coordinates": [ [ [ [ 5.152986613033906, 52.082891978022019 ], [ 5.153003996562029, 52.082897734303174 ], [ 5.152985002586048, 52.082850278099578 ], [ 5.152955956773226, 52.082868057325257 ], [ 5.152955925652961, 52.082874002905839 ], [ 5.152475477608871, 52.082933990259299 ], [ 5.152489914883769, 52.082941451052683 ], [ 5.152980029371393, 52.082878510021757 ], [ 5.152987197477729, 52.082891901956195 ], [ 5.152986613033906, 52.082891978022019 ] ] ] ] } },
{ "type": "Feature", "properties": { "fid": 742, "id": null, "FUNCTIE": "04_Talut1", "Info": null, "Verhaal": null }, "geometry": { "type": "MultiPolygon", "coordinates": [ [ [ [ 5.153267096377514, 52.083194198961692 ], [ 5.15323495438443, 52.083190048893144 ], [ 5.153234953743841, 52.083190171423659 ], [ 5.152436642566433, 52.083284705834188 ], [ 5.152460738657033, 52.083290699451197 ], [ 5.152655475528459, 52.083271270116811 ], [ 5.152867940801984, 52.083243944302367 ], [ 5.153094876967378, 52.083217639713709 ], [ 5.153267096377514, 52.083194198961692 ] ] ] ] } },
{ "type": "Feature", "properties": { "fid": 744, "id": null, "FUNCTIE": "04_Talut1", "Info": null, "Verhaal": null }, "geometry": { "type": "MultiPolygon", "coordinates": [ [ [ [ 5.153127241055281, 52.083178045680661 ], [ 5.153111196497423, 52.0831928836039 ], [ 5.153214100471746, 52.083179229698651 ], [ 5.153167485603238, 52.083173191540617 ], [ 5.153127247658675, 52.083178066367701 ], [ 5.153127241055281, 52.083178045680661 ] ] ] ] } },
{ "type": "Feature", "properties": { "fid": 746, "id": null, "FUNCTIE": "04_Talut1", "Info": null, "Verhaal": null }, "geometry": { "type": "MultiPolygon", "coordinates": [ [ [ [ 5.154117303412205, 52.081474619184796 ], [ 5.154144643312358, 52.081469712966864 ], [ 5.153246464346872, 52.081296011522859 ], [ 5.153256044901392, 52.081309408231483 ], [ 5.154117303412205, 52.081474619184796 ] ] ] ] } },
{ "type": "Feature", "properties": { "fid": 747, "id": null, "FUNCTIE": "04_Talut1", "Info": null, "Verhaal": null }, "geometry": { "type": "MultiPolygon", "coordinates": [ [ [ [ 5.151579700556753, 52.081818962039939 ], [ 5.151574938754639, 52.081778448640321 ], [ 5.151574372097221, 52.081778738156331 ], [ 5.151038275206345, 52.081565604275141 ], [ 5.151579700556753, 52.081818962039939 ] ] ] ] } },
{ "type": "Feature", "properties": { "fid": 748, "id": null, "FUNCTIE": "04_Talut1", "Info": null, "Verhaal": null }, "geometry": { "type": "MultiPolygon", "coordinates": [ [ [ [ 5.152738745206545, 52.081856155207767 ], [ 5.152715605095343, 52.08185661982079 ], [ 5.152333111000573, 52.08217068259551 ], [ 5.152341101223595, 52.082180607917017 ], [ 5.152738745206545, 52.081856155207767 ] ] ] ] } },
{ "type": "Feature", "properties": { "fid": 749, "id": null, "FUNCTIE": "04_Talut1", "Info": null, "Verhaal": null }, "geometry": { "type": "MultiPolygon", "coordinates": [ [ [ [ 5.151539072709818, 52.082373231946434 ], [ 5.15165917254367, 52.082169338183178 ], [ 5.151481157989628, 52.082375098057234 ], [ 5.151539072709818, 52.082373231946434 ] ] ] ] } },
{ "type": "Feature", "properties": { "fid": 750, "id": null, "FUNCTIE": "04_Talut1", "Info": null, "Verhaal": null }, "geometry": { "type": "MultiPolygon", "coordinates": [ [ [ [ 5.15318260845118, 52.08127065695453 ], [ 5.153166621423336, 52.081258759554665 ], [ 5.153166237980724, 52.081258692030318 ], [ 5.153169151673379, 52.081316667841293 ], [ 5.153178864338368, 52.081304795832231 ], [ 5.153182259926698, 52.08127061511982 ], [ 5.15318260845118, 52.08127065695453 ] ] ] ] } },
{ "type": "Feature", "properties": { "fid": 751, "id": null, "FUNCTIE": "04_Talut1", "Info": null, "Verhaal": null }, "geometry": { "type": "MultiPolygon", "coordinates": [ [ [ [ 5.152489595264854, 52.083002393250723 ], [ 5.152438780154461, 52.083030533886038 ], [ 5.153467349390145, 52.08288839553208 ], [ 5.153402260672382, 52.082877861611458 ], [ 5.152489595264854, 52.083002393250723 ] ] ] ] } },
{ "type": "Feature", "properties": { "fid": 752, "id": null, "FUNCTIE": "04_Talut1", "Info": null, "Verhaal": null }, "geometry": { "type": "MultiPolygon", "coordinates": [ [ [ [ 5.153220886697631, 52.083111859222171 ], [ 5.15315964012248, 52.083135520234805 ], [ 5.153167485603238, 52.083173191540617 ], [ 5.153214100471746, 52.083179229698651 ], [ 5.153210976768827, 52.083161386573494 ], [ 5.15322393786971, 52.08314357536814 ], [ 5.153220886697631, 52.083111859222171 ] ] ] ] } },
{ "type": "Feature", "properties": { "fid": 753, "id": null, "FUNCTIE": "04_Talut1", "Info": null, "Verhaal": null }, "geometry": { "type": "MultiPolygon", "coordinates": [ [ [ [ 5.152214273334589, 52.080751429686167 ], [ 5.15219736381196, 52.08076030357573 ], [ 5.152206759899385, 52.081115079083027 ], [ 5.152219658372626, 52.081109159146131 ], [ 5.152215102974812, 52.080751420465241 ], [ 5.152214273334589, 52.080751429686167 ] ] ] ] } },
{ "type": "Feature", "properties": { "fid": 754, "id": null, "FUNCTIE": "04_Talut1", "Info": null, "Verhaal": null }, "geometry": { "type": "MultiPolygon", "coordinates": [ [ [ [ 5.151956637163864, 52.081492355325068 ], [ 5.151952583411614, 52.081502103872289 ], [ 5.152482441841316, 52.081606143844994 ], [ 5.152469470497188, 52.081625936833795 ], [ 5.15246875116397, 52.08162584469153 ], [ 5.152497072085885, 52.081644176772265 ], [ 5.152529190079282, 52.081586418087561 ], [ 5.151940637814149, 52.08146457674686 ], [ 5.151946123847522, 52.081473643739521 ], [ 5.152506666945911, 52.081587364197013 ], [ 5.15249535081329, 52.081598242017918 ], [ 5.151956637163864, 52.081492355325068 ] ] ] ] } },
{ "type": "Feature", "properties": { "fid": 755, "id": null, "FUNCTIE": "04_Talut1", "Info": null, "Verhaal": null }, "geometry": { "type": "MultiPolygon", "coordinates": [ [ [ [ 5.153661687518204, 52.083097869033125 ], [ 5.153631178144005, 52.083087899196073 ], [ 5.15322393786971, 52.08314357536814 ], [ 5.153210976768827, 52.083161386573494 ], [ 5.153661687518204, 52.083097869033125 ] ] ] ] } },
{ "type": "Feature", "properties": { "fid": 756, "id": null, "FUNCTIE": "04_Talut1", "Info": null, "Verhaal": null }, "geometry": { "type": "MultiPolygon", "coordinates": [ [ [ [ 5.15364912175584, 52.083050335704201 ], [ 5.153631404356442, 52.083048283000842 ], [ 5.153676168995776, 52.083096906775317 ], [ 5.15368106165008, 52.083084034241054 ], [ 5.15364912175584, 52.083050335704201 ] ] ] ] } },
{ "type": "Feature", "properties": { "fid": 757, "id": null, "FUNCTIE": "04_Talut1", "Info": null, "Verhaal": null }, "geometry": { "type": "MultiPolygon", "coordinates": [ [ [ [ 5.153853966238197, 52.082795397743091 ], [ 5.153886196109565, 52.082802522462565 ], [ 5.153616112314457, 52.082584471636224 ], [ 5.153646817853727, 52.082556786131057 ], [ 5.153646615946309, 52.082556673454 ], [ 5.153619390420908, 52.082557674247376 ], [ 5.153619468877635, 52.082557722894414 ], [ 5.153556475131682, 52.08260813604425 ], [ 5.153554659734544, 52.082647770063495 ], [ 5.153616014045653, 52.082603299309554 ], [ 5.153856285981602, 52.082795026563211 ], [ 5.153853966238197, 52.082795397743091 ] ] ] ] } },
{ "type": "Feature", "properties": { "fid": 758, "id": null, "FUNCTIE": "04_Talut1", "Info": null, "Verhaal": null }, "geometry": { "type": "MultiPolygon", "coordinates": [ [ [ [ 5.151756096976749, 52.083313077055209 ], [ 5.151786736402831, 52.08329827412841 ], [ 5.151756576605058, 52.083221911498818 ], [ 5.151756096976749, 52.083313077055209 ] ] ] ] } },
{ "type": "Feature", "properties": { "fid": 759, "id": null, "FUNCTIE": "04_Talut1", "Info": null, "Verhaal": null }, "geometry": { "type": "MultiPolygon", "coordinates": [ [ [ [ 5.153513233998556, 52.081984633401952 ], [ 5.153511406372002, 52.081968770901781 ], [ 5.153457094415862, 52.081926172021234 ], [ 5.153436189918986, 52.081925139636347 ], [ 5.153513084409779, 52.081984748497156 ], [ 5.153513233998556, 52.081984633401952 ] ] ] ] } },
{ "type": "Feature", "properties": { "fid": 760, "id": null, "FUNCTIE": "04_Talut1", "Info": null, "Verhaal": null }, "geometry": { "type": "MultiPolygon", "coordinates": [ [ [ [ 5.149705219621914, 52.082776730464658 ], [ 5.149669220132853, 52.082817138091499 ], [ 5.150332626429438, 52.082619037042612 ], [ 5.150351591736284, 52.082610869245059 ], [ 5.15037250194602, 52.082599436323527 ], [ 5.150388190273162, 52.08258852718177 ], [ 5.15040289332633, 52.082575467696302 ], [ 5.150415719986185, 52.082560123420038 ], [ 5.150422770265415, 52.082548570043265 ], [ 5.150427764977588, 52.082537208937637 ], [ 5.150431832032559, 52.082520938330561 ], [ 5.150432573719907, 52.08250587624125 ], [ 5.150430872767433, 52.08249234133261 ], [ 5.150427611901314, 52.082480652267506 ], [ 5.15042110817313, 52.08246613787076 ], [ 5.150103846672732, 52.081916648832568 ], [ 5.150093249415503, 52.081901546209998 ], [ 5.150079102457622, 52.08188690997126 ], [ 5.150058892557626, 52.081871650100922 ], [ 5.150039187880139, 52.081860710341253 ], [ 5.150007399228123, 52.081848411892587 ], [ 5.14997231999596, 52.081840281551081 ], [ 5.149934126332419, 52.081836505435859 ], [ 5.149899187248736, 52.0818370694222 ], [ 5.149162542896844, 52.081921541773255 ], [ 5.149223574893693, 52.081939501907861 ], [ 5.149904434120324, 52.08185907358677 ], [ 5.149934258645199, 52.081858566235027 ], [ 5.14996480012209, 52.081861701280054 ], [ 5.149991216738422, 52.081867902287726 ], [ 5.150016967080477, 52.081875952480836 ], [ 5.150033664163054, 52.081885378378971 ], [ 5.150046921952964, 52.081897621183948 ], [ 5.150056602440497, 52.08190743469607 ], [ 5.150065398858676, 52.081919505098639 ], [ 5.150072855620644, 52.081936260265891 ], [ 5.1503815082251, 52.082473919762471 ], [ 5.150386474476803, 52.082485609500161 ], [ 5.150389194964984, 52.082496925828259 ], [ 5.150389132460376, 52.082517972270601 ], [ 5.150386045646254, 52.082529884437669 ], [ 5.150380188801735, 52.082542449687452 ], [ 5.15036389466439, 52.082563070390165 ], [ 5.150339644357005, 52.082581615308463 ], [ 5.150308735281934, 52.082596376296614 ], [ 5.149705219621914, 52.082776730464658 ] ] ] ] } },
{ "type": "Feature", "properties": { "fid": 761, "id": null, "FUNCTIE": "04_Talut1", "Info": null, "Verhaal": null }, "geometry": { "type": "MultiPolygon", "coordinates": [ [ [ [ 5.149674939819616, 52.082357600010511 ], [ 5.149759914034176, 52.082712527881341 ], [ 5.149774474327809, 52.082696702153946 ], [ 5.149716306469485, 52.082443914246809 ], [ 5.149692653822248, 52.082353671932687 ], [ 5.149674939819616, 52.082357600010511 ] ] ] ] } },
{ "type": "Feature", "properties": { "fid": 762, "id": null, "FUNCTIE": "04_Talut1", "Info": null, "Verhaal": null }, "geometry": { "type": "MultiPolygon", "coordinates": [ [ [ [ 5.150073279254342, 52.082463441512637 ], [ 5.150295508378739, 52.082414341216207 ], [ 5.150289142758703, 52.082401446198489 ], [ 5.150256994681162, 52.08239741783553 ], [ 5.150218805728409, 52.08239511146806 ], [ 5.150191074347075, 52.082392330639955 ], [ 5.149980114904951, 52.082439471533171 ], [ 5.150073279254342, 52.082463441512637 ] ] ] ] } },
{ "type": "Feature", "properties": { "fid": 763, "id": null, "FUNCTIE": "04_Talut1", "Info": null, "Verhaal": null }, "geometry": { "type": "MultiPolygon", "coordinates": [ [ [ [ 5.149636742016426, 52.082281220627642 ], [ 5.14965446125191, 52.082276301625463 ], [ 5.149576056660912, 52.08219586076217 ], [ 5.149353673913542, 52.081974449285887 ], [ 5.149323150466322, 52.081967451122672 ], [ 5.149636742016426, 52.082281220627642 ] ] ] ] } },
{ "type": "Feature", "properties": { "fid": 764, "id": null, "FUNCTIE": "04_Talut1", "Info": null, "Verhaal": null }, "geometry": { "type": "MultiPolygon", "coordinates": [ [ [ [ 5.149789715558878, 52.082097709270059 ], [ 5.150007079777954, 52.082055784040371 ], [ 5.150022844787201, 52.08204020843975 ], [ 5.150040959430813, 52.082036528850658 ], [ 5.15005069277349, 52.082020941113718 ], [ 5.150072430333355, 52.082016525601318 ], [ 5.150066453817304, 52.082006108704689 ], [ 5.149841824321527, 52.082053221856292 ], [ 5.149789715558878, 52.082097709270059 ] ] ] ] } },
{ "type": "Feature", "properties": { "fid": 765, "id": null, "FUNCTIE": "04_Talut1", "Info": null, "Verhaal": null }, "geometry": { "type": "MultiPolygon", "coordinates": [ [ [ [ 5.150256994681162, 52.08239741783553 ], [ 5.15005069277349, 52.082020941113718 ], [ 5.150040959430813, 52.082036528850658 ], [ 5.150239306944791, 52.082396391348126 ], [ 5.150256994681162, 52.08239741783553 ] ] ] ] } },
{ "type": "Feature", "properties": { "fid": 766, "id": null, "FUNCTIE": "04_Talut1", "Info": null, "Verhaal": null }, "geometry": { "type": "MultiPolygon", "coordinates": [ [ [ [ 5.150191074347075, 52.082392330639955 ], [ 5.150218805728409, 52.08239511146806 ], [ 5.150022844787201, 52.08204020843975 ], [ 5.150007079777954, 52.082055784040371 ], [ 5.150191074347075, 52.082392330639955 ] ] ] ] } },
{ "type": "Feature", "properties": { "fid": 767, "id": null, "FUNCTIE": "04_Talut1", "Info": null, "Verhaal": null }, "geometry": { "type": "MultiPolygon", "coordinates": [ [ [ [ 5.151154197692019, 52.082828721962464 ], [ 5.151225019996009, 52.082814693460399 ], [ 5.151224702623234, 52.082814562645744 ], [ 5.151258746893324, 52.082764092812951 ], [ 5.151387476150576, 52.082449231267844 ], [ 5.151154197692019, 52.082828721962464 ] ] ] ] } },
{ "type": "Feature", "properties": { "fid": 768, "id": null, "FUNCTIE": "04_Talut1", "Info": null, "Verhaal": null }, "geometry": { "type": "MultiPolygon", "coordinates": [ [ [ [ 5.151426032085495, 52.082458226838646 ], [ 5.151287647050199, 52.082774060046134 ], [ 5.151467747531364, 52.082478129059275 ], [ 5.151426032085495, 52.082458226838646 ] ] ] ] } },
{ "type": "Feature", "properties": { "fid": 769, "id": null, "FUNCTIE": "04_Talut1", "Info": null, "Verhaal": null }, "geometry": { "type": "MultiPolygon", "coordinates": [ [ [ [ 5.151866487388287, 52.08298202091764 ], [ 5.151886540717337, 52.082976511259176 ], [ 5.151886547423834, 52.082976417742969 ], [ 5.151427640533051, 52.082783302034933 ], [ 5.151409809608427, 52.082791137618401 ], [ 5.151409801761115, 52.082791150384296 ], [ 5.151866487388287, 52.08298202091764 ] ] ] ] } },
{ "type": "Feature", "properties": { "fid": 770, "id": null, "FUNCTIE": "04_Talut1", "Info": null, "Verhaal": null }, "geometry": { "type": "MultiPolygon", "coordinates": [ [ [ [ 5.151825329900136, 52.082993328950465 ], [ 5.151846266213299, 52.082987576691835 ], [ 5.151846278249534, 52.082987237712885 ], [ 5.15138565386584, 52.082795065852302 ], [ 5.151358268142812, 52.082802938600736 ], [ 5.151825336811909, 52.082993141552166 ], [ 5.151825329900136, 52.082993328950465 ] ] ] ] } },
{ "type": "Feature", "properties": { "fid": 771, "id": null, "FUNCTIE": "04_Talut1", "Info": null, "Verhaal": null }, "geometry": { "type": "MultiPolygon", "coordinates": [ [ [ [ 5.152018692252137, 52.082929116258953 ], [ 5.15196388960239, 52.082950807623625 ], [ 5.151928292286844, 52.083602775357484 ], [ 5.151927697082572, 52.083602793956153 ], [ 5.151986028095313, 52.08363818594129 ], [ 5.152018692252137, 52.082929116258953 ] ] ] ] } },
{ "type": "Feature", "properties": { "fid": 772, "id": null, "FUNCTIE": "04_Talut1", "Info": null, "Verhaal": null }, "geometry": { "type": "MultiPolygon", "coordinates": [ [ [ [ 5.150410503205713, 52.082872386733698 ], [ 5.150358864345917, 52.082903993111493 ], [ 5.150419535362645, 52.082989335847508 ], [ 5.150410503205713, 52.082872386733698 ] ] ] ] } },
{ "type": "Feature", "properties": { "fid": 773, "id": null, "FUNCTIE": "04_Talut1", "Info": null, "Verhaal": null }, "geometry": { "type": "MultiPolygon", "coordinates": [ [ [ [ 5.150352904311887, 52.080687250885369 ], [ 5.150406380007631, 52.080696084871413 ], [ 5.150438175274021, 52.080682467447232 ], [ 5.150438227695642, 52.080672558144258 ], [ 5.150441486414365, 52.080664637161547 ], [ 5.150451164500198, 52.08065970586442 ], [ 5.150451231112386, 52.080646819794666 ], [ 5.150352904311887, 52.080687250885369 ] ] ] ] } },
{ "type": "Feature", "properties": { "fid": 774, "id": null, "FUNCTIE": "04_Talut1", "Info": null, "Verhaal": null }, "geometry": { "type": "MultiPolygon", "coordinates": [ [ [ [ 5.14991084426002, 52.080599890351749 ], [ 5.149955337249488, 52.080600503739454 ], [ 5.149956088610266, 52.080600241219592 ], [ 5.149914522693082, 52.080552592411429 ], [ 5.149904793563808, 52.080567436943262 ], [ 5.149906349411689, 52.080577349483164 ], [ 5.149901466454661, 52.080588240004772 ], [ 5.14991084426002, 52.080599890351749 ] ] ] ] } },
{ "type": "Feature", "properties": { "fid": 775, "id": null, "FUNCTIE": "04_Talut1", "Info": null, "Verhaal": null }, "geometry": { "type": "MultiPolygon", "coordinates": [ [ [ [ 5.150448299177991, 52.083025067464199 ], [ 5.150857211590762, 52.083566941293427 ], [ 5.150863687436729, 52.083559026751153 ], [ 5.150825366197511, 52.083505439153484 ], [ 5.150742698432801, 52.083320958485388 ], [ 5.150563826476849, 52.083078810166676 ], [ 5.150448299177991, 52.083025067464199 ] ] ] ] } },
{ "type": "Feature", "properties": { "fid": 776, "id": null, "FUNCTIE": "04_Talut1", "Info": null, "Verhaal": null }, "geometry": { "type": "MultiPolygon", "coordinates": [ [ [ [ 5.149901467986235, 52.080588243980543 ], [ 5.149906349411689, 52.080577349483164 ], [ 5.149316510318042, 52.080796149738852 ], [ 5.149334197400217, 52.080797176364634 ], [ 5.149901467986235, 52.080588243980543 ] ] ] ] } },
{ "type": "Feature", "properties": { "fid": 777, "id": null, "FUNCTIE": "04_Talut1", "Info": null, "Verhaal": null }, "geometry": { "type": "MultiPolygon", "coordinates": [ [ [ [ 5.150442704062488, 52.082866505755256 ], [ 5.150451736302469, 52.082983454866778 ], [ 5.150474087205068, 52.083015209838422 ], [ 5.150596069374447, 52.083065001707212 ], [ 5.150442704062488, 52.082866505755256 ] ] ] ] } },
{ "type": "Feature", "properties": { "fid": 778, "id": null, "FUNCTIE": "04_Talut1", "Info": null, "Verhaal": null }, "geometry": { "type": "MultiPolygon", "coordinates": [ [ [ [ 5.149904793563808, 52.080567436943262 ], [ 5.149914522693082, 52.080552592411429 ], [ 5.149279596242918, 52.080781211140973 ], [ 5.149299070511099, 52.080786579089391 ], [ 5.149904793563808, 52.080567436943262 ] ] ] ] } },
{ "type": "Feature", "properties": { "fid": 779, "id": null, "FUNCTIE": "04_Talut1", "Info": null, "Verhaal": null }, "geometry": { "type": "MultiPolygon", "coordinates": [ [ [ [ 5.149564855985878, 52.081582466579164 ], [ 5.149577681284131, 52.081590419953656 ], [ 5.149299072042076, 52.08078658306529 ], [ 5.149279597773877, 52.080781215116886 ], [ 5.149564855985878, 52.081582466579164 ] ] ] ] } },
{ "type": "Feature", "properties": { "fid": 780, "id": null, "FUNCTIE": "04_Talut1", "Info": null, "Verhaal": null }, "geometry": { "type": "MultiPolygon", "coordinates": [ [ [ [ 5.151689868863087, 52.083054201488046 ], [ 5.151641501910811, 52.083076994045143 ], [ 5.151641527362415, 52.083077004408075 ], [ 5.1516266878175, 52.083451550222087 ], [ 5.151625276463997, 52.083451597403474 ], [ 5.151684491624474, 52.083484125726628 ], [ 5.151694974505403, 52.083312954986305 ], [ 5.151682575965927, 52.083223745587496 ], [ 5.151689868863087, 52.083054201488046 ] ] ] ] } },
{ "type": "Feature", "properties": { "fid": 781, "id": null, "FUNCTIE": "04_Talut1", "Info": null, "Verhaal": null }, "geometry": { "type": "MultiPolygon", "coordinates": [ [ [ [ 5.150857211590762, 52.083566941293427 ], [ 5.151529687824429, 52.083544504772661 ], [ 5.151552133695136, 52.083558422799427 ], [ 5.151549125424785, 52.083518779173744 ], [ 5.151516882493659, 52.083532587892982 ], [ 5.150863687436729, 52.083559026751153 ], [ 5.150857211590762, 52.083566941293427 ] ] ] ] } },
{ "type": "Feature", "properties": { "fid": 782, "id": null, "FUNCTIE": "04_Talut1", "Info": null, "Verhaal": null }, "geometry": { "type": "MultiPolygon", "coordinates": [ [ [ [ 5.151404361013367, 52.08351848975709 ], [ 5.151516882493659, 52.083532587892982 ], [ 5.151549125424785, 52.083518779173744 ], [ 5.151404361013367, 52.08351848975709 ] ] ] ] } },
{ "type": "Feature", "properties": { "fid": 783, "id": null, "FUNCTIE": "04_Talut1", "Info": null, "Verhaal": null }, "geometry": { "type": "MultiPolygon", "coordinates": [ [ [ [ 5.153111170251669, 52.081331047219464 ], [ 5.153142867236822, 52.081310720109222 ], [ 5.153142643929444, 52.081310669578464 ], [ 5.15313950820808, 52.080988384463836 ], [ 5.153110048638927, 52.080999852695093 ], [ 5.153110492115791, 52.080999945849975 ], [ 5.153111170251669, 52.081331047219464 ] ] ] ] } },
{ "type": "Feature", "properties": { "fid": 784, "id": null, "FUNCTIE": "04_Talut1", "Info": null, "Verhaal": null }, "geometry": { "type": "MultiPolygon", "coordinates": [ [ [ [ 5.14912546669395, 52.080731389022233 ], [ 5.149189842716923, 52.08075376017608 ], [ 5.149189672158928, 52.080753279327034 ], [ 5.150236879706386, 52.08037100794931 ], [ 5.150243278233793, 52.080321583786322 ], [ 5.149125452375223, 52.080731348968826 ], [ 5.14912546669395, 52.080731389022233 ] ] ] ] } },
{ "type": "Feature", "properties": { "fid": 785, "id": null, "FUNCTIE": "04_Talut1", "Info": null, "Verhaal": null }, "geometry": { "type": "MultiPolygon", "coordinates": [ [ [ [ 5.152155474235644, 52.080774097217521 ], [ 5.152139507853726, 52.08075227263565 ], [ 5.15213745921184, 52.080835499628641 ], [ 5.152155474235644, 52.080774097217521 ] ] ] ] } },
{ "type": "Feature", "properties": { "fid": 786, "id": null, "FUNCTIE": "04_Talut1", "Info": null, "Verhaal": null }, "geometry": { "type": "MultiPolygon", "coordinates": [ [ [ [ 5.151875896432058, 52.080720032704733 ], [ 5.151999886960533, 52.080692529801027 ], [ 5.151967708706604, 52.080694447486593 ], [ 5.151875896432058, 52.080720032704733 ] ] ] ] } },
{ "type": "Feature", "properties": { "fid": 787, "id": null, "FUNCTIE": "04_Talut1", "Info": null, "Verhaal": null }, "geometry": { "type": "MultiPolygon", "coordinates": [ [ [ [ 5.149593774514199, 52.081588466532224 ], [ 5.149683783142804, 52.081600539177643 ], [ 5.149573288551805, 52.081508654518593 ], [ 5.149593774514199, 52.081588466532224 ] ] ] ] } },
{ "type": "Feature", "properties": { "fid": 788, "id": null, "FUNCTIE": "04_Talut1", "Info": null, "Verhaal": null }, "geometry": { "type": "MultiPolygon", "coordinates": [ [ [ [ 5.151961370424011, 52.080676601879532 ], [ 5.151959823000458, 52.08066470352999 ], [ 5.151423654620348, 52.080772636025202 ], [ 5.151421988801468, 52.08078353304245 ], [ 5.151961370424011, 52.080676601879532 ] ] ] ] } },
{ "type": "Feature", "properties": { "fid": 789, "id": null, "FUNCTIE": "04_Talut1", "Info": null, "Verhaal": null }, "geometry": { "type": "MultiPolygon", "coordinates": [ [ [ [ 5.149549477955712, 52.081449150084012 ], [ 5.149595878183275, 52.081343708413264 ], [ 5.149510223693433, 52.081117601272581 ], [ 5.14935960369845, 52.080858661977651 ], [ 5.149334195869204, 52.080797172388728 ], [ 5.149316508787046, 52.080796145762953 ], [ 5.149549477955712, 52.081449150084012 ] ] ] ] } },
{ "type": "Feature", "properties": { "fid": 790, "id": null, "FUNCTIE": "04_Talut1", "Info": null, "Verhaal": null }, "geometry": { "type": "MultiPolygon", "coordinates": [ [ [ [ 5.151417273246398, 52.080762713856046 ], [ 5.151963109024702, 52.080651831828895 ], [ 5.151972820331371, 52.080639955942338 ], [ 5.151423769467828, 52.080750835557772 ], [ 5.151417273246398, 52.080762713856046 ] ] ] ] } },
{ "type": "Feature", "properties": { "fid": 791, "id": null, "FUNCTIE": "04_Talut1", "Info": null, "Verhaal": null }, "geometry": { "type": "MultiPolygon", "coordinates": [ [ [ [ 5.151967708706604, 52.080694447486593 ], [ 5.151999890027903, 52.080692537752711 ], [ 5.151972820331371, 52.080639955942338 ], [ 5.151963110558349, 52.080651835804694 ], [ 5.151959824534102, 52.080664707505811 ], [ 5.151961371957659, 52.080676605855359 ], [ 5.151967708706604, 52.080694447486593 ] ] ] ] } },
{ "type": "Feature", "properties": { "fid": 792, "id": null, "FUNCTIE": "04_Talut1", "Info": null, "Verhaal": null }, "geometry": { "type": "MultiPolygon", "coordinates": [ [ [ [ 5.150511439666374, 52.080949399332411 ], [ 5.150561433963357, 52.08094759476613 ], [ 5.15038931378439, 52.080797314478311 ], [ 5.15030293249431, 52.080707956273208 ], [ 5.150141098226237, 52.080568189517948 ], [ 5.150118679269928, 52.080619597163739 ], [ 5.150511439666374, 52.080949399332411 ] ] ] ] } },
{ "type": "Feature", "properties": { "fid": 1077, "id": null, "FUNCTIE": "04_Talut1", "Info": null, "Verhaal": null }, "geometry": { "type": "MultiPolygon", "coordinates": [ [ [ [ 5.143087847507069, 52.076716671198774 ], [ 5.143152490094359, 52.076699609131325 ], [ 5.143951021777071, 52.075787875737028 ], [ 5.143916128509135, 52.075768716936906 ], [ 5.143087847507069, 52.076716671198774 ] ] ] ] } },
{ "type": "Feature", "properties": { "fid": 1078, "id": null, "FUNCTIE": "04_Talut1", "Info": null, "Verhaal": null }, "geometry": { "type": "MultiPolygon", "coordinates": [ [ [ [ 5.143874219106429, 52.075775502124117 ], [ 5.14383923039137, 52.075763983297513 ], [ 5.143014419506984, 52.076701887692806 ], [ 5.143047697341586, 52.076716479001462 ], [ 5.143874219106429, 52.075775502124117 ] ] ] ] } },
{ "type": "Feature", "properties": { "fid": 1079, "id": null, "FUNCTIE": "04_Talut1", "Info": null, "Verhaal": null }, "geometry": { "type": "MultiPolygon", "coordinates": [ [ [ [ 5.142919062877017, 52.076701431140897 ], [ 5.142940894791623, 52.076694832681468 ], [ 5.143740293724821, 52.075782429410346 ], [ 5.143723564870903, 52.075782349405912 ], [ 5.142919062877017, 52.076701431140897 ] ] ] ] } },
{ "type": "Feature", "properties": { "fid": 1080, "id": null, "FUNCTIE": "04_Talut1", "Info": null, "Verhaal": null }, "geometry": { "type": "MultiPolygon", "coordinates": [ [ [ [ 5.143723564870903, 52.075782349405912 ], [ 5.143740293724821, 52.075782429410346 ], [ 5.141825695672722, 52.074904560482366 ], [ 5.14174566365415, 52.074874177689694 ], [ 5.143723564870903, 52.075782349405912 ] ] ] ] } },
{ "type": "Feature", "properties": { "fid": 1081, "id": null, "FUNCTIE": "04_Talut1", "Info": null, "Verhaal": null }, "geometry": { "type": "MultiPolygon", "coordinates": [ [ [ [ 5.142188503161202, 52.075128090502751 ], [ 5.143662220994892, 52.07580035264526 ], [ 5.142880304609601, 52.07670639983661 ], [ 5.142898987794791, 52.076701335014867 ], [ 5.143675619841175, 52.075798356561073 ], [ 5.141715802706276, 52.07488421241171 ], [ 5.141697096998746, 52.074891462504873 ], [ 5.142188503161202, 52.075128090502751 ] ] ] ] } },
{ "type": "Feature", "properties": { "fid": 1082, "id": null, "FUNCTIE": "05_Talut2", "Info": null, "Verhaal": null }, "geometry": { "type": "MultiPolygon", "coordinates": [ [ [ [ 5.14217959241486, 52.076050773655219 ], [ 5.142688158734462, 52.075954977382501 ], [ 5.142671596777708, 52.075920577974529 ], [ 5.14216002330028, 52.076011536501149 ], [ 5.14217959241486, 52.076050773655219 ] ] ] ] } },
{ "type": "Feature", "properties": { "fid": 1083, "id": null, "FUNCTIE": "05_Talut2", "Info": null, "Verhaal": null }, "geometry": { "type": "MultiPolygon", "coordinates": [ [ [ [ 5.142233478670354, 52.076153010673082 ], [ 5.14234091658776, 52.076393657269882 ], [ 5.142396984230031, 52.076364259504047 ], [ 5.142283925251712, 52.076129560534504 ], [ 5.142233478670354, 52.076153010673082 ] ] ] ] } },
{ "type": "Feature", "properties": { "fid": 1084, "id": null, "FUNCTIE": "05_Talut2", "Info": null, "Verhaal": null }, "geometry": { "type": "MultiPolygon", "coordinates": [ [ [ [ 5.142064966169172, 52.075859657799285 ], [ 5.142125313239092, 52.075846556106342 ], [ 5.141950319062069, 52.075603634581149 ], [ 5.141884756599002, 52.075611576077421 ], [ 5.142064966169172, 52.075859657799285 ] ] ] ] } },
{ "type": "Feature", "properties": { "fid": 1085, "id": null, "FUNCTIE": "04_Talut1", "Info": null, "Verhaal": null }, "geometry": { "type": "MultiPolygon", "coordinates": [ [ [ [ 5.142116705276672, 52.076702000074903 ], [ 5.142118543363197, 52.076619861796623 ], [ 5.142556209196242, 52.076413366985356 ], [ 5.142544993212109, 52.076407905284078 ], [ 5.142537863301293, 52.07641130291978 ], [ 5.142100510915755, 52.076619713819781 ], [ 5.142116705276672, 52.076702000074903 ] ] ] ] } },
{ "type": "Feature", "properties": { "fid": 1086, "id": null, "FUNCTIE": "04_Talut1", "Info": null, "Verhaal": null }, "geometry": { "type": "MultiPolygon", "coordinates": [ [ [ [ 5.142556209196242, 52.076413366985356 ], [ 5.142594373233793, 52.076369513626901 ], [ 5.142579318597945, 52.076370214058493 ], [ 5.142544993212109, 52.076407905284078 ], [ 5.142556209196242, 52.076413366985356 ] ] ] ] } },
{ "type": "Feature", "properties": { "fid": 1087, "id": null, "FUNCTIE": "04_Talut1", "Info": null, "Verhaal": null }, "geometry": { "type": "MultiPolygon", "coordinates": [ [ [ [ 5.142630884884176, 52.076324107214923 ], [ 5.142713899185634, 52.076236432498376 ], [ 5.142697600534542, 52.076236354417937 ], [ 5.142665068811723, 52.076271856458355 ], [ 5.142623877095458, 52.076316347987316 ], [ 5.142630884884176, 52.076324107214923 ] ] ] ] } },
{ "type": "Feature", "properties": { "fid": 1088, "id": null, "FUNCTIE": "04_Talut1", "Info": null, "Verhaal": null }, "geometry": { "type": "MultiPolygon", "coordinates": [ [ [ [ 5.142745779679093, 52.07619370786086 ], [ 5.142789617869852, 52.076145501285474 ], [ 5.142776454737663, 52.076147114621136 ], [ 5.142739602882513, 52.076186338904428 ], [ 5.142745779679093, 52.07619370786086 ] ] ] ] } },
{ "type": "Feature", "properties": { "fid": 805, "id": null, "FUNCTIE": "05_Talut2", "Info": null, "Verhaal": null }, "geometry": { "type": "MultiPolygon", "coordinates": [ [ [ [ 5.141119823969606, 52.115726775707003 ], [ 5.141982441880034, 52.115166683285828 ], [ 5.141006556687476, 52.114807917244299 ], [ 5.140991833655971, 52.114850993636743 ], [ 5.141854444846707, 52.115172364706112 ], [ 5.141088721399296, 52.115674685636122 ], [ 5.141119823969606, 52.115726775707003 ] ] ] ] } },
{ "type": "Feature", "properties": { "fid": 806, "id": null, "FUNCTIE": "05_Talut2", "Info": null, "Verhaal": null }, "geometry": { "type": "MultiPolygon", "coordinates": [ [ [ [ 5.141555153648134, 52.11515390868319 ], [ 5.14117338887788, 52.115205144010027 ], [ 5.141187573871495, 52.115260171892821 ], [ 5.141566810733757, 52.115229741499327 ], [ 5.141555153648134, 52.11515390868319 ] ] ] ] } },
{ "type": "Feature", "properties": { "fid": 807, "id": null, "FUNCTIE": "05_Talut2", "Info": null, "Verhaal": null }, "geometry": { "type": "MultiPolygon", "coordinates": [ [ [ [ 5.138799663807667, 52.114388601417701 ], [ 5.140622629895169, 52.114227902223661 ], [ 5.14049669363621, 52.114883658681769 ], [ 5.139974480318283, 52.115009416026282 ], [ 5.140246031647462, 52.115973199296917 ], [ 5.140702998387782, 52.116005859166613 ], [ 5.141117767837043, 52.116688503018807 ], [ 5.140077599591767, 52.116743820887116 ], [ 5.13981817568893, 52.116499503344571 ], [ 5.139273470452191, 52.116613320409073 ], [ 5.13928924954237, 52.116670829442135 ], [ 5.139772711249535, 52.116570758308384 ], [ 5.140025773062264, 52.116801189194796 ], [ 5.141246291956164, 52.11673435346114 ], [ 5.140761207157148, 52.115958413590072 ], [ 5.140310712254606, 52.115919821581308 ], [ 5.140064444172829, 52.115041314175635 ], [ 5.140573802410423, 52.114911565865746 ], [ 5.14071300628421, 52.114184487547782 ], [ 5.138786984613505, 52.114352900120316 ], [ 5.138799663807667, 52.114388601417701 ] ] ] ] } },
{ "type": "Feature", "properties": { "fid": 808, "id": null, "FUNCTIE": "05_Talut2", "Info": null, "Verhaal": null }, "geometry": { "type": "MultiPolygon", "coordinates": [ [ [ [ 5.139222018825321, 52.114419213463798 ], [ 5.139217329742539, 52.114393934054995 ], [ 5.139026592445983, 52.114393535428682 ], [ 5.139031322543133, 52.11441138269543 ], [ 5.139222018825321, 52.114419213463798 ] ] ] ] } },
{ "type": "Feature", "properties": { "fid": 809, "id": null, "FUNCTIE": "05_Talut2", "Info": null, "Verhaal": null }, "geometry": { "type": "MultiPolygon", "coordinates": [ [ [ [ 5.138951606278858, 52.114418648249284 ], [ 5.138946884440404, 52.114399314546624 ], [ 5.138763176126791, 52.114437577859 ], [ 5.138779961663408, 52.11445842326912 ], [ 5.138951606278858, 52.114418648249284 ] ] ] ] } },
{ "type": "Feature", "properties": { "fid": 810, "id": null, "FUNCTIE": "05_Talut2", "Info": null, "Verhaal": null }, "geometry": { "type": "MultiPolygon", "coordinates": [ [ [ [ 5.140356981916028, 52.11482440593327 ], [ 5.140359551737341, 52.114796168790846 ], [ 5.139791516828405, 52.114912415848323 ], [ 5.139786556801778, 52.114936188676502 ], [ 5.140356981916028, 52.11482440593327 ] ] ] ] } },
{ "type": "Feature", "properties": { "fid": 811, "id": null, "FUNCTIE": "05_Talut2", "Info": null, "Verhaal": null }, "geometry": { "type": "MultiPolygon", "coordinates": [ [ [ [ 5.14057947864539, 52.116074970414509 ], [ 5.140099070158739, 52.116060594213572 ], [ 5.140106166220389, 52.116087365054014 ], [ 5.140593826620269, 52.116100269815632 ], [ 5.14057947864539, 52.116074970414509 ] ] ] ] } },
{ "type": "Feature", "properties": { "fid": 812, "id": null, "FUNCTIE": "05_Talut2", "Info": null, "Verhaal": null }, "geometry": { "type": "MultiPolygon", "coordinates": [ [ [ [ 5.140129622482482, 52.116650778176592 ], [ 5.140206911556358, 52.116646479475754 ], [ 5.139969381971459, 52.11637247880855 ], [ 5.139896897739987, 52.116381246679275 ], [ 5.140129622482482, 52.116650778176592 ] ] ] ] } },
{ "type": "Feature", "properties": { "fid": 813, "id": null, "FUNCTIE": "05_Talut2", "Info": null, "Verhaal": null }, "geometry": { "type": "MultiPolygon", "coordinates": [ [ [ [ 5.138908875265744, 52.117339929968132 ], [ 5.138831466619831, 52.117365533466639 ], [ 5.139795027732742, 52.11777780322177 ], [ 5.140049027177302, 52.117255100480868 ], [ 5.139968498460359, 52.117262860783228 ], [ 5.139750371069979, 52.117702396725235 ], [ 5.138908875265744, 52.117339929968132 ] ] ] ] } },
{ "type": "Feature", "properties": { "fid": 814, "id": null, "FUNCTIE": "05_Talut2", "Info": null, "Verhaal": null }, "geometry": { "type": "MultiPolygon", "coordinates": [ [ [ [ 5.13951416859485, 52.117333264797963 ], [ 5.139609645859649, 52.117533639208354 ], [ 5.139703140388996, 52.117510050622599 ], [ 5.139588291609591, 52.117319545646403 ], [ 5.13951416859485, 52.117333264797963 ] ] ] ] } },
{ "type": "Feature", "properties": { "fid": 815, "id": null, "FUNCTIE": "05_Talut2", "Info": null, "Verhaal": null }, "geometry": { "type": "MultiPolygon", "coordinates": [ [ [ [ 5.140037056041775, 52.117090575028129 ], [ 5.140007611874192, 52.11717573698887 ], [ 5.14008809674024, 52.117175904315197 ], [ 5.140133703185237, 52.117078884329089 ], [ 5.140037056041775, 52.117090575028129 ] ] ] ] } },
{ "type": "Feature", "properties": { "fid": 816, "id": null, "FUNCTIE": "05_Talut2", "Info": null, "Verhaal": null }, "geometry": { "type": "MultiPolygon", "coordinates": [ [ [ [ 5.137252027575888, 52.114819396384654 ], [ 5.13721843273476, 52.114782164358246 ], [ 5.135762724574383, 52.115605559050792 ], [ 5.136446341567442, 52.115981590897455 ], [ 5.136968212955528, 52.115921746718932 ], [ 5.137640092532603, 52.116673819110481 ], [ 5.137390377239583, 52.116856128373712 ], [ 5.137604012231551, 52.117516563208504 ], [ 5.138632538156553, 52.117098051608799 ], [ 5.138607510726659, 52.116821519029045 ], [ 5.138974996872974, 52.116736072868221 ], [ 5.138929375948729, 52.116689897565351 ], [ 5.138508720917685, 52.116784151039383 ], [ 5.138543331714079, 52.117074081786726 ], [ 5.137660019029994, 52.117431952818848 ], [ 5.137477209669682, 52.116872661853286 ], [ 5.137748705038289, 52.116681479411326 ], [ 5.137016884313849, 52.115853472357998 ], [ 5.136475664665877, 52.115919221687342 ], [ 5.135878661287458, 52.1155983721629 ], [ 5.137252027575888, 52.114819396384654 ] ] ] ] } },
{ "type": "Feature", "properties": { "fid": 817, "id": null, "FUNCTIE": "05_Talut2", "Info": null, "Verhaal": null }, "geometry": { "type": "MultiPolygon", "coordinates": [ [ [ [ 5.137079663233592, 52.115708923083034 ], [ 5.136490824899589, 52.115798850856848 ], [ 5.13652933203925, 52.115821228944405 ], [ 5.137102076774234, 52.115730771595935 ], [ 5.137079663233592, 52.115708923083034 ] ] ] ] } },
{ "type": "Feature", "properties": { "fid": 818, "id": null, "FUNCTIE": "05_Talut2", "Info": null, "Verhaal": null }, "geometry": { "type": "MultiPolygon", "coordinates": [ [ [ [ 5.137962573018608, 52.116721566893759 ], [ 5.137936963991284, 52.116695252503774 ], [ 5.137653421581406, 52.116881950689368 ], [ 5.137660532851844, 52.11690574889014 ], [ 5.137962573018608, 52.116721566893759 ] ] ] ] } },
{ "type": "Feature", "properties": { "fid": 819, "id": null, "FUNCTIE": "05_Talut2", "Info": null, "Verhaal": null }, "geometry": { "type": "MultiPolygon", "coordinates": [ [ [ [ 5.138398780447196, 52.117015807635788 ], [ 5.138327977453656, 52.116721341673035 ], [ 5.138281236042054, 52.116732144440014 ], [ 5.138355219645834, 52.117033553890145 ], [ 5.138398780447196, 52.117015807635788 ] ] ] ] } },
{ "type": "Feature", "properties": { "fid": 820, "id": null, "FUNCTIE": "05_Talut2", "Info": null, "Verhaal": null }, "geometry": { "type": "MultiPolygon", "coordinates": [ [ [ [ 5.136989964125484, 52.115052712873464 ], [ 5.137111211354361, 52.114958826334799 ], [ 5.137181453821899, 52.114918840063673 ], [ 5.137341162668379, 52.11485525884671 ], [ 5.137351625201778, 52.114855280864759 ], [ 5.137324377616908, 52.114834413197904 ], [ 5.137196114471789, 52.114887655443795 ], [ 5.137089539452999, 52.114948375518708 ], [ 5.136970737060125, 52.115036816861227 ], [ 5.136989964125484, 52.115052712873464 ] ] ] ] } },
{ "type": "Feature", "properties": { "fid": 821, "id": null, "FUNCTIE": "05_Talut2", "Info": null, "Verhaal": null }, "geometry": { "type": "MultiPolygon", "coordinates": [ [ [ [ 5.13765625546694, 52.114203369726617 ], [ 5.137632293530867, 52.114170617440514 ], [ 5.136980316198073, 52.114185595619134 ], [ 5.137672386225928, 52.114775687089498 ], [ 5.138378313161144, 52.114612172773718 ], [ 5.138208478096665, 52.113890888795311 ], [ 5.137750797133034, 52.114135191774594 ], [ 5.13777478393561, 52.11416348473476 ], [ 5.138171940598387, 52.113948783627841 ], [ 5.138327808476322, 52.114576392115403 ], [ 5.137682333406622, 52.114723682214013 ], [ 5.137091220847232, 52.11421407195845 ], [ 5.13765625546694, 52.114203369726617 ] ] ] ] } },
{ "type": "Feature", "properties": { "fid": 822, "id": null, "FUNCTIE": "05_Talut2", "Info": null, "Verhaal": null }, "geometry": { "type": "MultiPolygon", "coordinates": [ [ [ [ 5.137759412904234, 52.114322502577338 ], [ 5.137912587564481, 52.114565115740369 ], [ 5.137948853310643, 52.114556273191432 ], [ 5.137819855539098, 52.114307765085613 ], [ 5.137759412904234, 52.114322502577338 ] ] ] ] } },
{ "type": "Feature", "properties": { "fid": 823, "id": null, "FUNCTIE": "05_Talut2", "Info": null, "Verhaal": null }, "geometry": { "type": "MultiPolygon", "coordinates": [ [ [ [ 5.148608391942094, 52.095859221972937 ], [ 5.14891218105732, 52.095914339702119 ], [ 5.148928364443663, 52.095896535686634 ], [ 5.148907491045553, 52.095888565890164 ], [ 5.148618139927544, 52.095841404931484 ], [ 5.148608391942094, 52.095859221972937 ] ] ] ] } },
{ "type": "Feature", "properties": { "fid": 824, "id": null, "FUNCTIE": "05_Talut2", "Info": null, "Verhaal": null }, "geometry": { "type": "MultiPolygon", "coordinates": [ [ [ [ 5.148722074973666, 52.096265736099582 ], [ 5.148999629404551, 52.096110722046475 ], [ 5.148975569640133, 52.096096800199419 ], [ 5.148699613572235, 52.096253799306915 ], [ 5.148722074973666, 52.096265736099582 ] ] ] ] } },
{ "type": "Feature", "properties": { "fid": 825, "id": null, "FUNCTIE": "05_Talut2", "Info": null, "Verhaal": null }, "geometry": { "type": "MultiPolygon", "coordinates": [ [ [ [ 5.148032080472202, 52.096827186196364 ], [ 5.148068837577899, 52.096831178064399 ], [ 5.148235084548022, 52.096472348249542 ], [ 5.148713117982504, 52.096437645226729 ], [ 5.14908307625519, 52.096151519445549 ], [ 5.149052512620216, 52.096150466593599 ], [ 5.148703556624239, 52.09642028445905 ], [ 5.148214292668349, 52.09644901898875 ], [ 5.148032080472202, 52.096827186196364 ] ] ] ] } },
{ "type": "Feature", "properties": { "fid": 1089, "id": null, "FUNCTIE": "04_Talut1", "Info": null, "Verhaal": null }, "geometry": { "type": "MultiPolygon", "coordinates": [ [ [ [ 5.142828468269273, 52.076098627558331 ], [ 5.142843647735618, 52.076087948971505 ], [ 5.142865241775202, 52.076065648017867 ], [ 5.142874782510758, 52.07605410524102 ], [ 5.142883080034688, 52.076040363238377 ], [ 5.142888373762532, 52.076027130568377 ], [ 5.142888525289242, 52.076015027780201 ], [ 5.142887483811597, 52.075991588329636 ], [ 5.142879330489468, 52.075992461484972 ], [ 5.142879048523399, 52.076014982392607 ], [ 5.142875111364286, 52.076027839614724 ], [ 5.142862879386812, 52.076054048231761 ], [ 5.142852935324678, 52.076064816511277 ], [ 5.142819789390577, 52.076090815888257 ], [ 5.142828468269273, 52.076098627558331 ] ] ] ] } },
{ "type": "Feature", "properties": { "fid": 827, "id": null, "FUNCTIE": "05_Talut2", "Info": null, "Verhaal": null }, "geometry": { "type": "MultiPolygon", "coordinates": [ [ [ [ 5.149249090043764, 52.097007032605724 ], [ 5.149348610556739, 52.097049841171682 ], [ 5.149376166025313, 52.097011264181376 ], [ 5.150264794372957, 52.096287766881346 ], [ 5.150295979477171, 52.096256798626563 ], [ 5.15032266321082, 52.096225801315342 ], [ 5.150359512621272, 52.09617264677118 ], [ 5.150376373848461, 52.096141422057393 ], [ 5.150390943438607, 52.09610734813306 ], [ 5.150402284407906, 52.096070611811463 ], [ 5.150409459777031, 52.096031399905719 ], [ 5.150411532571472, 52.095989899228606 ], [ 5.150410362700019, 52.095968348979611 ], [ 5.150399853395903, 52.095912226617493 ], [ 5.150388311780305, 52.095879215931021 ], [ 5.150373941890455, 52.095847687876713 ], [ 5.150353549224436, 52.095811833616139 ], [ 5.150336107978998, 52.095786183631276 ], [ 5.150290644369107, 52.095732462530918 ], [ 5.150262021829515, 52.095705178976544 ], [ 5.150231912850867, 52.095680313170568 ], [ 5.150168052008627, 52.095636681184537 ], [ 5.150091990585883, 52.095595030985358 ], [ 5.150009918643275, 52.095559603055683 ], [ 5.148527371317293, 52.095062351990059 ], [ 5.148508097201473, 52.095053389683663 ], [ 5.148517426960383, 52.095016283081549 ], [ 5.148522480664182, 52.094979527207819 ], [ 5.148523138797469, 52.094938102267157 ], [ 5.148519635362351, 52.094904424201999 ], [ 5.14851183906347, 52.094868863866061 ], [ 5.148503871348766, 52.094844268746002 ], [ 5.148487186618985, 52.094806279935909 ], [ 5.148467627026935, 52.094771315129584 ], [ 5.148448091041086, 52.09474292276429 ], [ 5.148427195765212, 52.094717944143824 ], [ 5.148400631704759, 52.094691581712382 ], [ 5.14836748735743, 52.094664416342852 ], [ 5.148330704872182, 52.094639410627657 ], [ 5.148294107879238, 52.094618448186544 ], [ 5.148250646853738, 52.094597431711435 ], [ 5.148212274629132, 52.094581675046776 ], [ 5.148128146075003, 52.094553750170888 ], [ 5.148083042488722, 52.094542098407516 ], [ 5.14804049249708, 52.094533010074393 ], [ 5.147183136469017, 52.094269326367943 ], [ 5.147130415632693, 52.094256136375712 ], [ 5.147074171154743, 52.094245188863212 ], [ 5.147007661230843, 52.094236086845349 ], [ 5.146931753850605, 52.094230522847099 ], [ 5.146866012651373, 52.094229736495862 ], [ 5.14679049150625, 52.094233416626324 ], [ 5.146712384322425, 52.094242494292999 ], [ 5.146640815510659, 52.094255820851991 ], [ 5.146578515581998, 52.094271897462903 ], [ 5.14651340069156, 52.094294074279439 ], [ 5.146465769287441, 52.094313779531433 ], [ 5.146413886759559, 52.094339074875393 ], [ 5.146373787224328, 52.094361943640692 ], [ 5.14633020610985, 52.094390994002083 ], [ 5.14628926573065, 52.094423492001333 ], [ 5.146258851314868, 52.094452150724429 ], [ 5.146232467280702, 52.094481880118877 ], [ 5.146211704655441, 52.094511285060861 ], [ 5.146200896178486, 52.094530085831629 ], [ 5.145626328498343, 52.095700545772225 ], [ 5.14561824048632, 52.095713370545461 ], [ 5.145560140379161, 52.095715402021142 ], [ 5.145507175257895, 52.095719349827867 ], [ 5.145450471175232, 52.09572587487564 ], [ 5.145391176334151, 52.095735092020448 ], [ 5.145341027764402, 52.095745146459599 ], [ 5.145290876758621, 52.095757769347323 ], [ 5.145248719729915, 52.095770558470221 ], [ 5.145203247168234, 52.095786863483092 ], [ 5.1451605928386, 52.095804686957223 ], [ 5.145121442661034, 52.095823457620163 ], [ 5.14508189573049, 52.095845178380074 ], [ 5.145047736176569, 52.095866605991496 ], [ 5.145008112291076, 52.095895034491754 ], [ 5.144965172141947, 52.095929760731941 ], [ 5.144893616702864, 52.095995546974642 ], [ 5.144863167643459, 52.096016431891748 ], [ 5.144832561870659, 52.096034043966142 ], [ 5.144783320266864, 52.096057468326705 ], [ 5.144729036064676, 52.096077502772225 ], [ 5.144671653389888, 52.096093292570927 ], [ 5.144606190695455, 52.096105775251736 ], [ 5.144848138007638, 52.096145786997226 ], [ 5.144888018792424, 52.096148393362391 ], [ 5.144948838091466, 52.096148061224149 ], [ 5.14500132338992, 52.09614348753535 ], [ 5.145055045688357, 52.096134361477247 ], [ 5.145099400176925, 52.096123061660549 ], [ 5.145145782587884, 52.09610712747169 ], [ 5.145196120963755, 52.096085268095948 ], [ 5.145229529748136, 52.096067792076823 ], [ 5.145262188266583, 52.096046300189052 ], [ 5.145289437813303, 52.096022425655399 ], [ 5.145362418257735, 52.095937523798824 ], [ 5.145396771058222, 52.095901154319534 ], [ 5.145441731647072, 52.095863983738653 ], [ 5.145482385498614, 52.095837813029199 ], [ 5.145529415726315, 52.095816391791558 ], [ 5.145580310004921, 52.095801157237489 ], [ 5.145607527146802, 52.095795644180619 ], [ 5.145640177821836, 52.095791091085921 ], [ 5.145700045429582, 52.095787655240748 ], [ 5.145769507513872, 52.095692983732938 ], [ 5.146303984000438, 52.094574422354633 ], [ 5.146330840484509, 52.094530605709423 ], [ 5.146361259776232, 52.094493765960443 ], [ 5.146392027508382, 52.094463999355121 ], [ 5.146416782499362, 52.094443753335653 ], [ 5.146460887608301, 52.094413603087453 ], [ 5.146495294019495, 52.09439412781078 ], [ 5.146536865884179, 52.094374273617397 ], [ 5.146574932381196, 52.094358991956064 ], [ 5.146614481405666, 52.094345573179844 ], [ 5.146661758520223, 52.09433240844556 ], [ 5.146716434109388, 52.094320711490482 ], [ 5.146762097769987, 52.094313632142473 ], [ 5.146815353641245, 52.094308297683526 ], [ 5.146865600111149, 52.094306087568071 ], [ 5.146915633437216, 52.09430646419311 ], [ 5.1469750477186, 52.094310155943745 ], [ 5.147027907493095, 52.09431649577202 ], [ 5.147070572629949, 52.09432384804736 ], [ 5.147110177167779, 52.094332588274952 ], [ 5.147151992725864, 52.094343973690805 ], [ 5.148075817023688, 52.09462505673028 ], [ 5.148123348235563, 52.094641462157654 ], [ 5.148166300331343, 52.094659664064601 ], [ 5.148198380215528, 52.094675877221512 ], [ 5.148233337038402, 52.094696708127714 ], [ 5.148267921141279, 52.094720931053956 ], [ 5.148297013752812, 52.09474481448899 ], [ 5.148328042730496, 52.09477491469903 ], [ 5.148350096234649, 52.094800350588372 ], [ 5.148369644869002, 52.094828930907397 ], [ 5.148382718766012, 52.094854257598094 ], [ 5.148392878370339, 52.094882085901119 ], [ 5.148399140673892, 52.094911900203378 ], [ 5.148401084285229, 52.094941117676143 ], [ 5.148399557464462, 52.094975549290652 ], [ 5.148394433373184, 52.095006355091861 ], [ 5.148385971191192, 52.09503582375627 ], [ 5.148375687132409, 52.095061523546619 ], [ 5.148358466138799, 52.095094775618598 ], [ 5.149872726801, 52.095603148331264 ], [ 5.14995294722309, 52.095631529680993 ], [ 5.149990502473069, 52.095646979748125 ], [ 5.150029944198378, 52.095665671121843 ], [ 5.150062201105588, 52.095683145865181 ], [ 5.15010018223323, 52.095706757680084 ], [ 5.150134807190127, 52.09573181468614 ], [ 5.150163128106708, 52.095755531561636 ], [ 5.150185580443833, 52.095777059414935 ], [ 5.15020920793481, 52.095803389823907 ], [ 5.150242117424376, 52.095850934772848 ], [ 5.150264646761468, 52.095898790983803 ], [ 5.150278661397943, 52.095950764350555 ], [ 5.150282248413872, 52.096002778351888 ], [ 5.150276929983499, 52.096049521678523 ], [ 5.150263149582046, 52.096095228286522 ], [ 5.150229250727961, 52.096160987012773 ], [ 5.150196005065123, 52.096212541928374 ], [ 5.150178475043002, 52.096232280959875 ], [ 5.15016101450651, 52.096248179679435 ], [ 5.150136245544881, 52.096266666540849 ], [ 5.149249090043764, 52.097007032605724 ] ] ] ] } },
{ "type": "Feature", "properties": { "fid": 828, "id": null, "FUNCTIE": "05_Talut2", "Info": null, "Verhaal": null }, "geometry": { "type": "MultiPolygon", "coordinates": [ [ [ [ 5.10297963724779, 52.129246659515552 ], [ 5.103043395625048, 52.129295257821155 ], [ 5.103089264843325, 52.129278470247712 ], [ 5.10302918884541, 52.129226504895037 ], [ 5.10297963724779, 52.129246659515552 ] ] ] ] } },
{ "type": "Feature", "properties": { "fid": 829, "id": null, "FUNCTIE": "05_Talut2", "Info": null, "Verhaal": null }, "geometry": { "type": "MultiPolygon", "coordinates": [ [ [ [ 5.145870171020791, 52.097032848417371 ], [ 5.145812313367431, 52.097020838407666 ], [ 5.145294769432993, 52.098115755220505 ], [ 5.146040917868837, 52.098194580034495 ], [ 5.146081214303799, 52.097881525519099 ], [ 5.147150432909273, 52.097721197820547 ], [ 5.147364784060918, 52.097955496469176 ], [ 5.148410354957488, 52.098005188001594 ], [ 5.148349610436423, 52.097325281765009 ], [ 5.148002987877246, 52.097154136200082 ], [ 5.148120180705685, 52.096900694659695 ], [ 5.148039798013699, 52.096888639969308 ], [ 5.147899910817829, 52.097173745265046 ], [ 5.148265819352852, 52.09734889407418 ], [ 5.148323724027392, 52.097957447159303 ], [ 5.14741008886745, 52.097908023753391 ], [ 5.147189354864807, 52.097663802792994 ], [ 5.14600418629653, 52.097843711922344 ], [ 5.14599260958177, 52.097902153653997 ], [ 5.145967192440689, 52.098140918147635 ], [ 5.145576433130872, 52.0980989924266 ], [ 5.145378628171245, 52.098080253700722 ], [ 5.145870171020791, 52.097032848417371 ] ] ] ] } },
{ "type": "Feature", "properties": { "fid": 1090, "id": null, "FUNCTIE": "05_Talut2", "Info": null, "Verhaal": null }, "geometry": { "type": "MultiPolygon", "coordinates": [ [ [ [ 5.142694707922146, 52.076007661327388 ], [ 5.142759583580933, 52.076007725590607 ], [ 5.142759119657688, 52.075988333124663 ], [ 5.142759534832612, 52.075955179965327 ], [ 5.142705084958373, 52.075960293739136 ], [ 5.142705033964579, 52.075964365365948 ], [ 5.142710639616755, 52.075969045789137 ], [ 5.142710413789271, 52.075987077279507 ], [ 5.142694707922146, 52.076007661327388 ] ] ] ] } },
{ "type": "Feature", "properties": { "fid": 1091, "id": null, "FUNCTIE": "04_Talut1", "Info": null, "Verhaal": null }, "geometry": { "type": "MultiPolygon", "coordinates": [ [ [ [ 5.14287634939731, 52.075928957263741 ], [ 5.142889563405993, 52.075932110810335 ], [ 5.142876658904632, 52.075904236677744 ], [ 5.142860708163985, 52.075880210776155 ], [ 5.142834121756726, 52.075855043248801 ], [ 5.142831414484864, 52.07586333156371 ], [ 5.142851675792288, 52.075883257771935 ], [ 5.142867263286542, 52.075904191676564 ], [ 5.14287634939731, 52.075928957263741 ] ] ] ] } },
{ "type": "Feature", "properties": { "fid": 832, "id": null, "FUNCTIE": "05_Talut2", "Info": null, "Verhaal": null }, "geometry": { "type": "MultiPolygon", "coordinates": [ [ [ [ 5.152977927838945, 52.082819049423094 ], [ 5.152830651783046, 52.08283808010421 ], [ 5.152840146919549, 52.082867827189915 ], [ 5.152985002586048, 52.082850278099578 ], [ 5.152977927838945, 52.082819049423094 ] ] ] ] } },
{ "type": "Feature", "properties": { "fid": 833, "id": null, "FUNCTIE": "05_Talut2", "Info": null, "Verhaal": null }, "geometry": { "type": "MultiPolygon", "coordinates": [ [ [ [ 5.145801840555337, 52.097771949255176 ], [ 5.145852656324966, 52.097896911967865 ], [ 5.145897717968379, 52.097895022508226 ], [ 5.145850130645402, 52.097768084563796 ], [ 5.145801840555337, 52.097771949255176 ] ] ] ] } },
{ "type": "Feature", "properties": { "fid": 834, "id": null, "FUNCTIE": "05_Talut2", "Info": null, "Verhaal": null }, "geometry": { "type": "MultiPolygon", "coordinates": [ [ [ [ 5.14600418629653, 52.097843711922344 ], [ 5.147189354864807, 52.097663802792994 ], [ 5.14741008886745, 52.097908023753391 ], [ 5.147915971733606, 52.097934322551488 ], [ 5.147899164759721, 52.097917937893762 ], [ 5.147426249863127, 52.097894679017699 ], [ 5.14720555555045, 52.097643026134477 ], [ 5.145973717144023, 52.097824821597307 ], [ 5.145961298653766, 52.09789019818146 ], [ 5.14599260958177, 52.097902153653997 ], [ 5.14600418629653, 52.097843711922344 ] ] ] ] } },
{ "type": "Feature", "properties": { "fid": 1092, "id": null, "FUNCTIE": "04_Talut1", "Info": null, "Verhaal": null }, "geometry": { "type": "MultiPolygon", "coordinates": [ [ [ [ 5.142781466046324, 52.075814072316092 ], [ 5.142795655320144, 52.075814140288401 ], [ 5.142792932619676, 52.075805401809916 ], [ 5.142778837491742, 52.075794282069459 ], [ 5.142768607533877, 52.075787834409375 ], [ 5.142642871311101, 52.075726735628429 ], [ 5.142638258438748, 52.075735438961296 ], [ 5.142767554290076, 52.07579655479956 ], [ 5.142775596061699, 52.075805217803072 ], [ 5.142781466046324, 52.075814072316092 ] ] ] ] } },
{ "type": "Feature", "properties": { "fid": 836, "id": null, "FUNCTIE": "05_Talut2", "Info": null, "Verhaal": null }, "geometry": { "type": "MultiPolygon", "coordinates": [ [ [ [ 5.147661561994841, 52.09781935153589 ], [ 5.147923568294547, 52.0978674496872 ], [ 5.147931697515725, 52.097851611212256 ], [ 5.147668103486532, 52.097799546090698 ], [ 5.147661561994841, 52.09781935153589 ] ] ] ] } },
{ "type": "Feature", "properties": { "fid": 837, "id": null, "FUNCTIE": "05_Talut2", "Info": null, "Verhaal": null }, "geometry": { "type": "MultiPolygon", "coordinates": [ [ [ [ 5.148084605908729, 52.097538785794669 ], [ 5.148170455523065, 52.097733183996993 ], [ 5.148196230356341, 52.097727290735925 ], [ 5.148116805868995, 52.097534887491747 ], [ 5.148084605908729, 52.097538785794669 ] ] ] ] } },
{ "type": "Feature", "properties": { "fid": 838, "id": null, "FUNCTIE": "05_Talut2", "Info": null, "Verhaal": null }, "geometry": { "type": "MultiPolygon", "coordinates": [ [ [ [ 5.148008482114167, 52.096877675972074 ], [ 5.14786689870677, 52.097179128248435 ], [ 5.148240026310649, 52.09735825557938 ], [ 5.148269519258402, 52.097712080068852 ], [ 5.148298440824407, 52.097719570831607 ], [ 5.148265819352852, 52.09734889407418 ], [ 5.147899910817829, 52.097173745265046 ], [ 5.148039798013699, 52.096888639969308 ], [ 5.148008482114167, 52.096877675972074 ] ] ] ] } },
{ "type": "Feature", "properties": { "fid": 1093, "id": null, "FUNCTIE": "04_Talut1", "Info": null, "Verhaal": null }, "geometry": { "type": "MultiPolygon", "coordinates": [ [ [ [ 5.142586552907934, 52.07570087113676 ], [ 5.142489840085292, 52.075659107220545 ], [ 5.142494472545043, 52.075666109774318 ], [ 5.142568617232801, 52.07570078518328 ], [ 5.142586552907934, 52.07570087113676 ] ] ] ] } },
{ "type": "Feature", "properties": { "fid": 840, "id": null, "FUNCTIE": "05_Talut2", "Info": null, "Verhaal": null }, "geometry": { "type": "MultiPolygon", "coordinates": [ [ [ [ 5.152976141627111, 52.082818742583221 ], [ 5.15297867908046, 52.082818754845668 ], [ 5.153072217647797, 52.082782076427499 ], [ 5.152831142187898, 52.082744437209961 ], [ 5.152811599269102, 52.082790477091251 ], [ 5.152976141627111, 52.082818742583221 ] ] ] ] } },
{ "type": "Feature", "properties": { "fid": 1094, "id": null, "FUNCTIE": "04_Talut1", "Info": null, "Verhaal": null }, "geometry": { "type": "MultiPolygon", "coordinates": [ [ [ [ 5.14220916428418, 52.075532115242396 ], [ 5.142209062204818, 52.075540258496098 ], [ 5.142409944501153, 52.075631357692949 ], [ 5.142425992190105, 52.075631434621663 ], [ 5.14220916428418, 52.075532115242396 ] ] ] ] } },
{ "type": "Feature", "properties": { "fid": 1095, "id": null, "FUNCTIE": "04_Talut1", "Info": null, "Verhaal": null }, "geometry": { "type": "MultiPolygon", "coordinates": [ [ [ [ 5.142146325988001, 52.075499238900804 ], [ 5.142082305145297, 52.075468657898739 ], [ 5.14207936856186, 52.075477394987281 ], [ 5.142130040462353, 52.075503232662598 ], [ 5.142146325988001, 52.075499238900804 ] ] ] ] } },
{ "type": "Feature", "properties": { "fid": 843, "id": null, "FUNCTIE": "05_Talut2", "Info": null, "Verhaal": null }, "geometry": { "type": "MultiPolygon", "coordinates": [ [ [ [ 5.087926415966097, 52.119470898240529 ], [ 5.088516627033204, 52.119698452966745 ], [ 5.088952280731965, 52.119319536267923 ], [ 5.088728420142947, 52.119225091811771 ], [ 5.088677033095149, 52.119246741520897 ], [ 5.088868413381959, 52.119327662012964 ], [ 5.088512588310564, 52.119639348124537 ], [ 5.088005239613394, 52.119442033460118 ], [ 5.087982798122803, 52.119065812991579 ], [ 5.088596655588216, 52.119037169512147 ], [ 5.088606692283968, 52.119183477315516 ], [ 5.088664154394116, 52.119165598141485 ], [ 5.088654292657949, 52.118998094426985 ], [ 5.0878976266335, 52.119032977147974 ], [ 5.087926415966097, 52.119470898240529 ] ] ] ] } },
{ "type": "Feature", "properties": { "fid": 1096, "id": null, "FUNCTIE": "04_Talut1", "Info": null, "Verhaal": null }, "geometry": { "type": "MultiPolygon", "coordinates": [ [ [ [ 5.14207936856186, 52.075477394987281 ], [ 5.142082305145297, 52.075468657898739 ], [ 5.141991732178496, 52.075481046451905 ], [ 5.141997050894657, 52.075490218152588 ], [ 5.14207936856186, 52.075477394987281 ] ] ] ] } },
{ "type": "Feature", "properties": { "fid": 1097, "id": null, "FUNCTIE": "04_Talut1", "Info": null, "Verhaal": null }, "geometry": { "type": "MultiPolygon", "coordinates": [ [ [ [ 5.141916997315236, 52.075493485198471 ], [ 5.141781771048524, 52.075511741409358 ], [ 5.141790647649379, 52.075519055213221 ], [ 5.14183931451306, 52.075512017563398 ], [ 5.141848170730674, 52.075510708290011 ], [ 5.141907448087224, 52.075502164821209 ], [ 5.141916997315236, 52.075493485198471 ] ] ] ] } },
{ "type": "Feature", "properties": { "fid": 1098, "id": null, "FUNCTIE": "04_Talut1", "Info": null, "Verhaal": null }, "geometry": { "type": "MultiPolygon", "coordinates": [ [ [ [ 5.141699362797829, 52.075533818870156 ], [ 5.141703263764906, 52.075523871073578 ], [ 5.141499029269441, 52.075549550912733 ], [ 5.141498947733379, 52.075556046887037 ], [ 5.141699362797829, 52.075533818870156 ] ] ] ] } },
{ "type": "Feature", "properties": { "fid": 1099, "id": null, "FUNCTIE": "04_Talut1", "Info": null, "Verhaal": null }, "geometry": { "type": "MultiPolygon", "coordinates": [ [ [ [ 5.142631562812445, 52.076269985455319 ], [ 5.142658968127459, 52.076278615927222 ], [ 5.142665068811723, 52.076271856458355 ], [ 5.142633554738093, 52.076259414446945 ], [ 5.142624564139767, 52.07626149915135 ], [ 5.142631562812445, 52.076269985455319 ] ] ] ] } },
{ "type": "Feature", "properties": { "fid": 1100, "id": null, "FUNCTIE": "04_Talut1", "Info": null, "Verhaal": null }, "geometry": { "type": "MultiPolygon", "coordinates": [ [ [ [ 5.142129206911396, 52.076765522762507 ], [ 5.142690585116974, 52.07649616023275 ], [ 5.142625231707759, 52.076456679595907 ], [ 5.142116705276672, 52.076702000074903 ], [ 5.142129206911396, 52.076765522762507 ] ] ] ] } },
{ "type": "Feature", "properties": { "fid": 1101, "id": null, "FUNCTIE": "04_Talut1", "Info": null, "Verhaal": null }, "geometry": { "type": "MultiPolygon", "coordinates": [ [ [ [ 5.142191187967018, 52.075472173296312 ], [ 5.14224172622205, 52.075495042855231 ], [ 5.142285265903829, 52.075485944504081 ], [ 5.14248053487187, 52.07557297163936 ], [ 5.142473555329167, 52.075602604669754 ], [ 5.142518124959877, 52.075623205823575 ], [ 5.142557460327815, 52.075611732259652 ], [ 5.142629731571472, 52.075645235260254 ], [ 5.142624654657116, 52.075673714023075 ], [ 5.142668853640751, 52.075693432026846 ], [ 5.142709503779539, 52.07568284602106 ], [ 5.142848681633569, 52.075746366208477 ], [ 5.142869823555904, 52.07576119972336 ], [ 5.142883933833334, 52.075775589531048 ], [ 5.142883846444528, 52.075782569460117 ], [ 5.142864719152112, 52.075802255498338 ], [ 5.142888935044623, 52.075828547788845 ], [ 5.142924762784975, 52.075832209555315 ], [ 5.142957175148323, 52.075865998365735 ], [ 5.142967538062026, 52.075884185318856 ], [ 5.142977594256829, 52.075910409779638 ], [ 5.142977514163933, 52.075916808048355 ], [ 5.142933398738332, 52.075935580912024 ], [ 5.142947587948496, 52.075969599045933 ], [ 5.1429992597366, 52.075989624137236 ], [ 5.142995159174077, 52.076015538435371 ], [ 5.142988264256893, 52.076038433925781 ], [ 5.142975657457904, 52.076065131562451 ], [ 5.14296910796034, 52.076076621625987 ], [ 5.142961204074898, 52.076088511962077 ], [ 5.14294589133378, 52.076105126032374 ], [ 5.142924868665212, 52.076125384712405 ], [ 5.142877632678218, 52.076128066974846 ], [ 5.142851793960082, 52.076155973693844 ], [ 5.142873237690046, 52.076177490075679 ], [ 5.142835904873168, 52.07621861168461 ], [ 5.142795313145265, 52.076218417262581 ], [ 5.142771329223293, 52.076248974725644 ], [ 5.142788049650294, 52.076270735110739 ], [ 5.142720986575087, 52.076348942839417 ], [ 5.142675674732316, 52.076348725771275 ], [ 5.142649815251366, 52.076378268387032 ], [ 5.142673145629888, 52.076399902916698 ], [ 5.142625231707759, 52.076456679595907 ], [ 5.142690585116974, 52.07649616023275 ], [ 5.143253671392214, 52.075851962294848 ], [ 5.142126651933623, 52.075339759853769 ], [ 5.142104306507459, 52.075403198094747 ], [ 5.142199888132053, 52.075443707326748 ], [ 5.142191187967018, 52.075472173296312 ] ] ] ] } },
{ "type": "Feature", "properties": { "fid": 1102, "id": null, "FUNCTIE": "04_Talut1", "Info": null, "Verhaal": null }, "geometry": { "type": "MultiPolygon", "coordinates": [ [ [ [ 5.141912729727923, 52.075457399562978 ], [ 5.141963968095406, 52.07545352672274 ], [ 5.141980211774709, 52.075421076488638 ], [ 5.142104306507459, 52.075403198094747 ], [ 5.142126651933623, 52.075339759853769 ], [ 5.141358856200118, 52.075439670880051 ], [ 5.141370040524466, 52.075450223440072 ], [ 5.141424406878716, 52.075494016041887 ], [ 5.141676632770021, 52.075464410222317 ], [ 5.141703747836984, 52.075485290574093 ], [ 5.141704001544842, 52.075485783781218 ], [ 5.14175384578317, 52.07548018924966 ], [ 5.141763668608011, 52.075449703882065 ], [ 5.141881848365872, 52.075435728626331 ], [ 5.141912729727923, 52.075457399562978 ] ] ] ] } },
{ "type": "Feature", "properties": { "fid": 1103, "id": null, "FUNCTIE": "04_Talut1", "Info": null, "Verhaal": null }, "geometry": { "type": "MultiPolygon", "coordinates": [ [ [ [ 5.140012847694312, 52.074291272744759 ], [ 5.140345821571558, 52.073912773599275 ], [ 5.140258964435077, 52.073907205057694 ], [ 5.140197945386709, 52.073973866960266 ], [ 5.140151089355605, 52.073977761710267 ], [ 5.140124020106967, 52.074003381543143 ], [ 5.140150402471389, 52.074032353032962 ], [ 5.140118175848444, 52.074069281009734 ], [ 5.14007304312963, 52.074069063682565 ], [ 5.140045918633142, 52.074098805601523 ], [ 5.140072358753367, 52.074123447802741 ], [ 5.139968891749461, 52.074242159633854 ], [ 5.139985786885733, 52.074266927481446 ], [ 5.140012847694312, 52.074291272744759 ] ] ] ] } },
{ "type": "Feature", "properties": { "fid": 1104, "id": null, "FUNCTIE": "04_Talut1", "Info": null, "Verhaal": null }, "geometry": { "type": "MultiPolygon", "coordinates": [ [ [ [ 5.140258964435077, 52.073907205057694 ], [ 5.140345821571558, 52.073912773599275 ], [ 5.140013559305357, 52.073318060210433 ], [ 5.139975580901278, 52.073274910975748 ], [ 5.139953008661974, 52.073252749349521 ], [ 5.139927214151344, 52.07322899984154 ], [ 5.139906120809499, 52.073211610943133 ], [ 5.139885279702162, 52.073196023351734 ], [ 5.139852733942561, 52.073172597974597 ], [ 5.139827424220697, 52.07315495736848 ], [ 5.139800997028002, 52.073138155823671 ], [ 5.139780523043532, 52.073126118105385 ], [ 5.139760616747453, 52.073115128888986 ], [ 5.13972897245017, 52.073099063968229 ], [ 5.139698287616308, 52.073084992093833 ], [ 5.139666740567505, 52.073071731725349 ], [ 5.139636619839115, 52.073059781447171 ], [ 5.139598753993788, 52.073045882152826 ], [ 5.139551299826913, 52.073028503333866 ], [ 5.138634502662941, 52.072814692391617 ], [ 5.138633815189569, 52.072877547093299 ], [ 5.138730373493422, 52.072900650603565 ], [ 5.138738690994302, 52.07292961064929 ], [ 5.138790028691944, 52.072942141979411 ], [ 5.138834109039191, 52.072920811363772 ], [ 5.138947063455135, 52.072950110753958 ], [ 5.138954049662712, 52.072978986925797 ], [ 5.139000059326503, 52.072989509847247 ], [ 5.139055441047009, 52.072972265609913 ], [ 5.139109824651492, 52.072985842306615 ], [ 5.13912675406195, 52.073016894087147 ], [ 5.139177552416555, 52.073028469614812 ], [ 5.13921220184646, 52.073008061091464 ], [ 5.139300482943796, 52.073027012318555 ], [ 5.139300348403453, 52.073059003492311 ], [ 5.139346748527439, 52.073069468536133 ], [ 5.139390477090297, 52.073049078180432 ], [ 5.139422895506332, 52.073052396650837 ], [ 5.139461319305778, 52.073057936384501 ], [ 5.139503649469321, 52.07306616345015 ], [ 5.139535881101682, 52.073074026588266 ], [ 5.139566750728886, 52.073082961012702 ], [ 5.139589182178223, 52.073090386054645 ], [ 5.139614390127504, 52.07309975034228 ], [ 5.139632290618853, 52.073107112125726 ], [ 5.139650420896285, 52.073115226941525 ], [ 5.139642057448682, 52.073140850410987 ], [ 5.139684910515504, 52.073163805258005 ], [ 5.13973854271445, 52.073152734800061 ], [ 5.139750536571844, 52.073157353242983 ], [ 5.139765987416335, 52.073164263578768 ], [ 5.139782385634589, 52.073172996729745 ], [ 5.139796086472202, 52.073181670001802 ], [ 5.139810309888132, 52.073192415177409 ], [ 5.139821494408433, 52.073202578715843 ], [ 5.139792640403249, 52.073237462630651 ], [ 5.139827020675134, 52.073265440645102 ], [ 5.139879292724121, 52.073261600775254 ], [ 5.139892418839998, 52.073276372750186 ], [ 5.13990545785207, 52.073292398436266 ], [ 5.139916897635145, 52.073307846459464 ], [ 5.139927650819939, 52.073326111401606 ], [ 5.139896470015854, 52.073355392826642 ], [ 5.139911125048474, 52.073386366039266 ], [ 5.139966195663116, 52.073393841945972 ], [ 5.139979166234282, 52.073425837120801 ], [ 5.139957124834197, 52.073450453031612 ], [ 5.139971715119241, 52.073486576359102 ], [ 5.140021771182881, 52.073494028078365 ], [ 5.140075714272629, 52.073591116059568 ], [ 5.140051985055897, 52.073616753952535 ], [ 5.140069947793311, 52.073650833335542 ], [ 5.140118293603545, 52.073661367029075 ], [ 5.140190267999523, 52.073786869175422 ], [ 5.140163218309394, 52.0738109459801 ], [ 5.140179519330773, 52.073843987256751 ], [ 5.140226258588323, 52.073849362725099 ], [ 5.140258964435077, 52.073907205057694 ] ] ] ] } },
{ "type": "Feature", "properties": { "fid": 1105, "id": null, "FUNCTIE": "04_Talut1", "Info": null, "Verhaal": null }, "geometry": { "type": "MultiPolygon", "coordinates": [ [ [ [ 5.139917904234042, 52.074190896957518 ], [ 5.139933976304989, 52.074190974370069 ], [ 5.140009147059965, 52.074098628515749 ], [ 5.139995869192539, 52.074098564568885 ], [ 5.139917904234042, 52.074190896957518 ] ] ] ] } },
{ "type": "Feature", "properties": { "fid": 854, "id": null, "FUNCTIE": "05_Talut2", "Info": null, "Verhaal": null }, "geometry": { "type": "MultiPolygon", "coordinates": [ [ [ [ 5.088426369300118, 52.119269116934014 ], [ 5.088495275203377, 52.119244765083529 ], [ 5.088483520291547, 52.119211223113965 ], [ 5.088471929068055, 52.119187505986652 ], [ 5.088456192895393, 52.119168660573145 ], [ 5.088438101998665, 52.119150532484113 ], [ 5.08841588549254, 52.119134382991746 ], [ 5.088391008440599, 52.119120758273148 ], [ 5.088359393572873, 52.119104404138795 ], [ 5.088324323590848, 52.119090520191733 ], [ 5.088265847793245, 52.119082954702463 ], [ 5.08816764308632, 52.119095950978362 ], [ 5.088214046694333, 52.119101728338791 ], [ 5.088260995308998, 52.119113968959709 ], [ 5.088300549820996, 52.119129985623651 ], [ 5.088340371996474, 52.119153430304635 ], [ 5.088365533281434, 52.1191738838451 ], [ 5.088388510225555, 52.119198684343132 ], [ 5.088408381504786, 52.119228250046419 ], [ 5.088417257621042, 52.11924587557921 ], [ 5.088423611480094, 52.119260010216927 ], [ 5.088426369300118, 52.119269116934014 ] ] ] ] } },
{ "type": "Feature", "properties": { "fid": 855, "id": null, "FUNCTIE": "05_Talut2", "Info": null, "Verhaal": null }, "geometry": { "type": "MultiPolygon", "coordinates": [ [ [ [ 5.088468651805178, 52.119305581992641 ], [ 5.088500354607867, 52.11932253832974 ], [ 5.08853068908198, 52.119345771794826 ], [ 5.088552908364249, 52.119370071521033 ], [ 5.08857077618478, 52.119400515044354 ], [ 5.088578540573738, 52.119424339619087 ], [ 5.088580786286389, 52.119437328499849 ], [ 5.088581362795489, 52.119465521326546 ], [ 5.088575849740022, 52.119496712741267 ], [ 5.088565846963749, 52.119525030858306 ], [ 5.088611661201581, 52.119496550855025 ], [ 5.088645553109719, 52.119447894326612 ], [ 5.088650297770736, 52.119419410617269 ], [ 5.088646098202459, 52.119388479308874 ], [ 5.088632199205911, 52.119358427563071 ], [ 5.088617364656711, 52.119336510468273 ], [ 5.08859811558203, 52.119315847955242 ], [ 5.088567723778702, 52.119292264066232 ], [ 5.088540203118598, 52.119274183107606 ], [ 5.088468651805178, 52.119305581992641 ] ] ] ] } },
{ "type": "Feature", "properties": { "fid": 1106, "id": null, "FUNCTIE": "04_Talut1", "Info": null, "Verhaal": null }, "geometry": { "type": "MultiPolygon", "coordinates": [ [ [ [ 5.140014952573711, 52.074035821131758 ], [ 5.14002648790618, 52.074044117385903 ], [ 5.140063389718124, 52.073994850896725 ], [ 5.140045890911465, 52.073998886977222 ], [ 5.140014952573711, 52.074035821131758 ] ] ] ] } },
{ "type": "Feature", "properties": { "fid": 1107, "id": null, "FUNCTIE": "04_Talut1", "Info": null, "Verhaal": null }, "geometry": { "type": "MultiPolygon", "coordinates": [ [ [ [ 5.14010291168513, 52.073953837718854 ], [ 5.140150389782923, 52.073900501795485 ], [ 5.140133674027513, 52.073900421307542 ], [ 5.140094683410345, 52.073943497222793 ], [ 5.14010291168513, 52.073953837718854 ] ] ] ] } },
{ "type": "Feature", "properties": { "fid": 1108, "id": null, "FUNCTIE": "04_Talut1", "Info": null, "Verhaal": null }, "geometry": { "type": "MultiPolygon", "coordinates": [ [ [ [ 5.140118979788688, 52.073872538195296 ], [ 5.140133674027513, 52.073900421307542 ], [ 5.140150389782923, 52.073900501795485 ], [ 5.140125677745835, 52.073862447829264 ], [ 5.140118979788688, 52.073872538195296 ] ] ] ] } },
{ "type": "Feature", "properties": { "fid": 1109, "id": null, "FUNCTIE": "04_Talut1", "Info": null, "Verhaal": null }, "geometry": { "type": "MultiPolygon", "coordinates": [ [ [ [ 5.140010181359146, 52.073678872881885 ], [ 5.14005100129164, 52.073747485992094 ], [ 5.140059883355525, 52.073764342301914 ], [ 5.140087971639543, 52.073812643816289 ], [ 5.140104635518369, 52.073816844411425 ], [ 5.140015748955573, 52.073662762364357 ], [ 5.140010181359146, 52.073678872881885 ] ] ] ] } },
{ "type": "Feature", "properties": { "fid": 860, "id": null, "FUNCTIE": "02_Maaiveld", "Info": null, "Verhaal": null }, "geometry": { "type": "MultiPolygon", "coordinates": [ [ [ [ 5.15368106165008, 52.083084034241054 ], [ 5.153714896558055, 52.083073200903499 ], [ 5.153673272631448, 52.083035462737485 ], [ 5.153649067916505, 52.083050278900416 ], [ 5.15368106165008, 52.083084034241054 ] ] ] ] } },
{ "type": "Feature", "properties": { "fid": 1110, "id": null, "FUNCTIE": "04_Talut1", "Info": null, "Verhaal": null }, "geometry": { "type": "MultiPolygon", "coordinates": [ [ [ [ 5.139976729000159, 52.073619481742348 ], [ 5.13998898322257, 52.073615970121523 ], [ 5.139926564904149, 52.07350284025371 ], [ 5.139909595109184, 52.073507908937827 ], [ 5.139938500545004, 52.073555948242536 ], [ 5.139976729000159, 52.073619481742348 ] ] ] ] } },
{ "type": "Feature", "properties": { "fid": 1111, "id": null, "FUNCTIE": "04_Talut1", "Info": null, "Verhaal": null }, "geometry": { "type": "MultiPolygon", "coordinates": [ [ [ [ 5.139876822450111, 52.073455432637545 ], [ 5.139888523365455, 52.073455489010392 ], [ 5.139869037901623, 52.073409855271841 ], [ 5.139857259197087, 52.073415979043936 ], [ 5.139876822450111, 52.073455432637545 ] ] ] ] } },
{ "type": "Feature", "properties": { "fid": 1112, "id": null, "FUNCTIE": "04_Talut1", "Info": null, "Verhaal": null }, "geometry": { "type": "MultiPolygon", "coordinates": [ [ [ [ 5.139825213560997, 52.073357404305234 ], [ 5.139846396863093, 52.073357173250869 ], [ 5.139843398357625, 52.073350402312819 ], [ 5.139837668696373, 52.073338627879494 ], [ 5.139830559449118, 52.073326136966379 ], [ 5.139819026109699, 52.073309067401489 ], [ 5.139806239781294, 52.073293148834587 ], [ 5.13979183636704, 52.073301324148431 ], [ 5.139801368289635, 52.073313186331504 ], [ 5.139808237008718, 52.073322971913477 ], [ 5.139813373932542, 52.073331226132588 ], [ 5.139820212988822, 52.073344022859125 ], [ 5.139825213560997, 52.073357404305234 ] ] ] ] } },
{ "type": "Feature", "properties": { "fid": 864, "id": null, "FUNCTIE": "05_Talut2", "Info": null, "Verhaal": null }, "geometry": { "type": "MultiPolygon", "coordinates": [ [ [ [ 5.102129759434205, 52.12942315133597 ], [ 5.102154641274005, 52.129446326790671 ], [ 5.102272076753432, 52.129401924530185 ], [ 5.102245402183527, 52.129374823236944 ], [ 5.102129759434205, 52.12942315133597 ] ] ] ] } },
{ "type": "Feature", "properties": { "fid": 865, "id": null, "FUNCTIE": "05_Talut2", "Info": null, "Verhaal": null }, "geometry": { "type": "MultiPolygon", "coordinates": [ [ [ [ 5.151579817914598, 52.081819960520178 ], [ 5.151579700556753, 52.081818962039939 ], [ 5.151038275206345, 52.081565604275141 ], [ 5.151009187618357, 52.081591310466067 ], [ 5.151545065530296, 52.081846063546216 ], [ 5.151579817914598, 52.081819960520178 ] ] ] ] } },
{ "type": "Feature", "properties": { "fid": 1113, "id": null, "FUNCTIE": "04_Talut1", "Info": null, "Verhaal": null }, "geometry": { "type": "MultiPolygon", "coordinates": [ [ [ [ 5.139730634075215, 52.073249526872068 ], [ 5.139745678042492, 52.073249599373227 ], [ 5.139739135278101, 52.07324206769141 ], [ 5.139728771001336, 52.073232346262344 ], [ 5.139720391222181, 52.073225829473238 ], [ 5.139708266484887, 52.073217903880725 ], [ 5.139693896404081, 52.073210232455956 ], [ 5.139680158262743, 52.073204248026499 ], [ 5.139661445377738, 52.073197792841839 ], [ 5.139654294016231, 52.073205895280104 ], [ 5.139670232376233, 52.073210679250792 ], [ 5.139682014487144, 52.073215208660358 ], [ 5.139694504648388, 52.073221136575008 ], [ 5.139706069049799, 52.073227943443491 ], [ 5.139714576920353, 52.073234029910061 ], [ 5.139720440067191, 52.073238938222197 ], [ 5.139726134725247, 52.073244455876903 ], [ 5.139730634075215, 52.073249526872068 ] ] ] ] } },
{ "type": "Feature", "properties": { "fid": 867, "id": null, "FUNCTIE": "05_Talut2", "Info": null, "Verhaal": null }, "geometry": { "type": "MultiPolygon", "coordinates": [ [ [ [ 5.101991595143662, 52.129180070196703 ], [ 5.102101667498244, 52.129142034009853 ], [ 5.102066453418137, 52.129114536526167 ], [ 5.101968784462525, 52.12915902073123 ], [ 5.101991595143662, 52.129180070196703 ] ] ] ] } },
{ "type": "Feature", "properties": { "fid": 1114, "id": null, "FUNCTIE": "04_Talut1", "Info": null, "Verhaal": null }, "geometry": { "type": "MultiPolygon", "coordinates": [ [ [ [ 5.139346205716962, 52.07311272807565 ], [ 5.139381565200725, 52.073117242408316 ], [ 5.13941782118561, 52.073123158405913 ], [ 5.139456715124652, 52.073131026238791 ], [ 5.139488716848567, 52.073138750149447 ], [ 5.139514957425699, 52.073145975780356 ], [ 5.139546838564754, 52.073155909459601 ], [ 5.139577885923313, 52.073166898697011 ], [ 5.139596315156387, 52.073163378209529 ], [ 5.139551386927725, 52.073147658922217 ], [ 5.139514258116803, 52.073136296714367 ], [ 5.139471874437146, 52.073124984513726 ], [ 5.139436110444317, 52.073116728490248 ], [ 5.139380318911513, 52.073106057778503 ], [ 5.139343021632686, 52.073100351671471 ], [ 5.139346205716962, 52.07311272807565 ] ] ] ] } },
{ "type": "Feature", "properties": { "fid": 1115, "id": null, "FUNCTIE": "04_Talut1", "Info": null, "Verhaal": null }, "geometry": { "type": "MultiPolygon", "coordinates": [ [ [ [ 5.139169495472829, 52.073074537049145 ], [ 5.139257889504385, 52.073090672289545 ], [ 5.139269623669787, 52.073088083699766 ], [ 5.139158415015001, 52.073063272222093 ], [ 5.139169495472829, 52.073074537049145 ] ] ] ] } },
{ "type": "Feature", "properties": { "fid": 1116, "id": null, "FUNCTIE": "04_Talut1", "Info": null, "Verhaal": null }, "geometry": { "type": "MultiPolygon", "coordinates": [ [ [ [ 5.139092938658235, 52.073047642934753 ], [ 5.138992925091316, 52.073025013442191 ], [ 5.138999487897862, 52.073034830946085 ], [ 5.139082844454668, 52.073052744667805 ], [ 5.139092938658235, 52.073047642934753 ] ] ] ] } },
{ "type": "Feature", "properties": { "fid": 1117, "id": null, "FUNCTIE": "04_Talut1", "Info": null, "Verhaal": null }, "geometry": { "type": "MultiPolygon", "coordinates": [ [ [ [ 5.138921212273994, 52.073011688344629 ], [ 5.138789522635403, 52.072982313113116 ], [ 5.138789415451498, 52.072990810820635 ], [ 5.138907799644131, 52.073014816773309 ], [ 5.138921212273994, 52.073011688344629 ] ] ] ] } },
{ "type": "Feature", "properties": { "fid": 1118, "id": null, "FUNCTIE": "04_Talut1", "Info": null, "Verhaal": null }, "geometry": { "type": "MultiPolygon", "coordinates": [ [ [ [ 5.138634502662941, 52.072814692391617 ], [ 5.138011817132727, 52.073013377890092 ], [ 5.138092392861014, 52.073052656606343 ], [ 5.138119031590377, 52.073052504735216 ], [ 5.138264414429508, 52.072997296783512 ], [ 5.138305712537836, 52.073008616115708 ], [ 5.138349666150284, 52.072994629074607 ], [ 5.138350075175012, 52.072966799647666 ], [ 5.138402886431947, 52.072949836465334 ], [ 5.138440633090713, 52.072964063583079 ], [ 5.13849408807249, 52.072946893578433 ], [ 5.138494420522423, 52.072920550567893 ], [ 5.138633815189569, 52.072877547093299 ], [ 5.138634502662941, 52.072814692391617 ] ] ] ] } },
{ "type": "Feature", "properties": { "fid": 1119, "id": null, "FUNCTIE": "04_Talut1", "Info": null, "Verhaal": null }, "geometry": { "type": "MultiPolygon", "coordinates": [ [ [ [ 5.138186906855968, 52.073085501487711 ], [ 5.138319064127862, 52.073039786097901 ], [ 5.138319168153049, 52.073031545892526 ], [ 5.13818701090633, 52.073077261280858 ], [ 5.138186906855968, 52.073085501487711 ] ] ] ] } },
{ "type": "Feature", "properties": { "fid": 874, "id": null, "FUNCTIE": "05_Talut2", "Info": null, "Verhaal": null }, "geometry": { "type": "MultiPolygon", "coordinates": [ [ [ [ 5.102489360223974, 52.12964430577378 ], [ 5.102602125338834, 52.129601742552445 ], [ 5.102560240966746, 52.129567849426536 ], [ 5.102462902380194, 52.129618308670672 ], [ 5.102489360223974, 52.12964430577378 ] ] ] ] } },
{ "type": "Feature", "properties": { "fid": 1120, "id": null, "FUNCTIE": "04_Talut1", "Info": null, "Verhaal": null }, "geometry": { "type": "MultiPolygon", "coordinates": [ [ [ [ 5.138387023152854, 52.073019411534091 ], [ 5.138407812213807, 52.073027853796354 ], [ 5.138459825194426, 52.073012653726124 ], [ 5.138460007191664, 52.072998233369134 ], [ 5.138387023152854, 52.073019411534091 ] ] ] ] } },
{ "type": "Feature", "properties": { "fid": 1121, "id": null, "FUNCTIE": "04_Talut1", "Info": null, "Verhaal": null }, "geometry": { "type": "MultiPolygon", "coordinates": [ [ [ [ 5.138532182647406, 52.072974889956669 ], [ 5.138550491661468, 52.072981158913777 ], [ 5.138626781034453, 52.072955775140692 ], [ 5.138626885001094, 52.072947534938478 ], [ 5.138532182647406, 52.072974889956669 ] ] ] ] } },
{ "type": "Feature", "properties": { "fid": 1122, "id": null, "FUNCTIE": "04_Talut1", "Info": null, "Verhaal": null }, "geometry": { "type": "MultiPolygon", "coordinates": [ [ [ [ 5.138626781034453, 52.072955775140692 ], [ 5.138692741948498, 52.072968454706817 ], [ 5.138702810198615, 52.072965413056863 ], [ 5.138626885001094, 52.072947534938478 ], [ 5.138626781034453, 52.072955775140692 ] ] ] ] } },
{ "type": "Feature", "properties": { "fid": 878, "id": null, "FUNCTIE": "05_Talut2", "Info": null, "Verhaal": null }, "geometry": { "type": "MultiPolygon", "coordinates": [ [ [ [ 5.102907086082545, 52.12942974626862 ], [ 5.10294530724331, 52.129464005957985 ], [ 5.103026121765027, 52.129421195815318 ], [ 5.103006101390994, 52.129403323468296 ], [ 5.102907086082545, 52.12942974626862 ] ] ] ] } },
{ "type": "Feature", "properties": { "fid": 879, "id": null, "FUNCTIE": "05_Talut2", "Info": null, "Verhaal": null }, "geometry": { "type": "MultiPolygon", "coordinates": [ [ [ [ 5.101981313949182, 52.129356911530309 ], [ 5.102036387802213, 52.129332264867294 ], [ 5.101961656297328, 52.129282520619697 ], [ 5.101922187433647, 52.129300005706774 ], [ 5.101981313949182, 52.129356911530309 ] ] ] ] } },
{ "type": "Feature", "properties": { "fid": 1123, "id": null, "FUNCTIE": "05_Talut2", "Info": null, "Verhaal": null }, "geometry": { "type": "MultiPolygon", "coordinates": [ [ [ [ 5.138574669469565, 52.073087206832511 ], [ 5.139052077733353, 52.073239042091551 ], [ 5.139116583028148, 52.073213115792136 ], [ 5.138631331741935, 52.073066016542043 ], [ 5.138574669469565, 52.073087206832511 ] ] ] ] } },
{ "type": "Feature", "properties": { "fid": 881, "id": null, "FUNCTIE": "05_Talut2", "Info": null, "Verhaal": null }, "geometry": { "type": "MultiPolygon", "coordinates": [ [ [ [ 5.102199641626496, 52.129565848341521 ], [ 5.102264858750265, 52.12961782653138 ], [ 5.102300091296199, 52.129602148117073 ], [ 5.102252885135973, 52.129541197156591 ], [ 5.102199641626496, 52.129565848341521 ] ] ] ] } },
{ "type": "Feature", "properties": { "fid": 1124, "id": null, "FUNCTIE": "05_Talut2", "Info": null, "Verhaal": null }, "geometry": { "type": "MultiPolygon", "coordinates": [ [ [ [ 5.139194673091818, 52.073504799968873 ], [ 5.139240415006609, 52.073535475542073 ], [ 5.13959368431809, 52.073323669156331 ], [ 5.139551959205757, 52.073296668448549 ], [ 5.139194673091818, 52.073504799968873 ] ] ] ] } },
{ "type": "Feature", "properties": { "fid": 1125, "id": null, "FUNCTIE": "05_Talut2", "Info": null, "Verhaal": null }, "geometry": { "type": "MultiPolygon", "coordinates": [ [ [ [ 5.1397125605349, 52.073595936420801 ], [ 5.139679131277667, 52.073633346850123 ], [ 5.13992110673181, 52.073936480720405 ], [ 5.139951465683799, 52.073899531733879 ], [ 5.1397125605349, 52.073595936420801 ] ] ] ] } },
{ "type": "Feature", "properties": { "fid": 1126, "id": null, "FUNCTIE": "05_Talut2", "Info": null, "Verhaal": null }, "geometry": { "type": "MultiPolygon", "coordinates": [ [ [ [ 5.138069268645386, 52.072699679774182 ], [ 5.138569816735731, 52.07250947200135 ], [ 5.137997250781915, 52.072181197234499 ], [ 5.137847280794761, 52.072276287476541 ], [ 5.137649069890354, 52.072456414465485 ], [ 5.138069268645386, 52.072699679774182 ] ] ] ] } },
{ "type": "Feature", "properties": { "fid": 1127, "id": null, "FUNCTIE": "04_Talut1", "Info": null, "Verhaal": null }, "geometry": { "type": "MultiPolygon", "coordinates": [ [ [ [ 5.138069268645386, 52.072699679774182 ], [ 5.138576138932895, 52.072538344991074 ], [ 5.138569816735731, 52.07250947200135 ], [ 5.138069268645386, 52.072699679774182 ] ] ] ] } },
{ "type": "Feature", "properties": { "fid": 886, "id": null, "FUNCTIE": "05_Talut2", "Info": null, "Verhaal": null }, "geometry": { "type": "MultiPolygon", "coordinates": [ [ [ [ 5.103292008530694, 52.129374969524953 ], [ 5.102313916109548, 52.129782434526938 ], [ 5.102309871832559, 52.129790295264584 ], [ 5.103302817396725, 52.129375874438423 ], [ 5.103292008530694, 52.129374969524953 ] ] ] ] } },
{ "type": "Feature", "properties": { "fid": 1128, "id": null, "FUNCTIE": "04_Talut1", "Info": null, "Verhaal": null }, "geometry": { "type": "MultiPolygon", "coordinates": [ [ [ [ 5.138576138932895, 52.072538344991074 ], [ 5.140266272092377, 52.072927627916556 ], [ 5.140292263861792, 52.072908181435309 ], [ 5.138569816735731, 52.07250947200135 ], [ 5.138576138932895, 52.072538344991074 ] ] ] ] } },
{ "type": "Feature", "properties": { "fid": 888, "id": null, "FUNCTIE": "05_Talut2", "Info": null, "Verhaal": null }, "geometry": { "type": "MultiPolygon", "coordinates": [ [ [ [ 5.101697379652694, 52.129207885107967 ], [ 5.101684619294272, 52.129205773610977 ], [ 5.102309871832559, 52.129790295264584 ], [ 5.102313916109548, 52.129782434526938 ], [ 5.102177181056134, 52.129657144901927 ], [ 5.101838694952633, 52.129340413494056 ], [ 5.101697379652694, 52.129207885107967 ] ] ] ] } },
{ "type": "Feature", "properties": { "fid": 1129, "id": null, "FUNCTIE": "04_Talut1", "Info": null, "Verhaal": null }, "geometry": { "type": "MultiPolygon", "coordinates": [ [ [ [ 5.140266272092377, 52.072927627916556 ], [ 5.141085080140321, 52.074375540892909 ], [ 5.141093077912616, 52.0743098610168 ], [ 5.140292263861792, 52.072908181435309 ], [ 5.140266272092377, 52.072927627916556 ] ] ] ] } },
{ "type": "Feature", "properties": { "fid": 1133, "id": null, "FUNCTIE": "05_Talut2", "Info": null, "Verhaal": null }, "geometry": { "type": "MultiPolygon", "coordinates": [ [ [ [ 5.137336974010709, 52.071799160422316 ], [ 5.137115595302505, 52.072148261143234 ], [ 5.137244796262621, 52.072229777785481 ], [ 5.137423256097981, 52.072115328589724 ], [ 5.137603749810029, 52.071953051558516 ], [ 5.137336974010709, 52.071799160422316 ] ] ] ] } },
{ "type": "Feature", "properties": { "fid": 1134, "id": null, "FUNCTIE": "04_Talut1", "Info": null, "Verhaal": null }, "geometry": { "type": "MultiPolygon", "coordinates": [ [ [ [ 5.137115595302505, 52.072148261143234 ], [ 5.137336974010709, 52.071799160422316 ], [ 5.137303310520356, 52.071801903724037 ], [ 5.137115595302505, 52.072148261143234 ] ] ] ] } },
{ "type": "Feature", "properties": { "fid": 1135, "id": null, "FUNCTIE": "04_Talut1", "Info": null, "Verhaal": null }, "geometry": { "type": "MultiPolygon", "coordinates": [ [ [ [ 5.137303310520356, 52.071801903724037 ], [ 5.137336970014713, 52.071799157491625 ], [ 5.136559388403593, 52.070741873622417 ], [ 5.136527428336345, 52.070765947448805 ], [ 5.137303310520356, 52.071801903724037 ] ] ] ] } },
{ "type": "Feature", "properties": { "fid": 893, "id": null, "FUNCTIE": "05_Talut2", "Info": null, "Verhaal": null }, "geometry": { "type": "MultiPolygon", "coordinates": [ [ [ [ 5.103292008530694, 52.129374969524953 ], [ 5.103302817396725, 52.129375874438423 ], [ 5.103068088590425, 52.129154504271114 ], [ 5.10305675992298, 52.129157237547361 ], [ 5.103292008530694, 52.129374969524953 ] ] ] ] } },
{ "type": "Feature", "properties": { "fid": 1136, "id": null, "FUNCTIE": "04_Talut1", "Info": null, "Verhaal": null }, "geometry": { "type": "MultiPolygon", "coordinates": [ [ [ [ 5.136559388403593, 52.070741873622417 ], [ 5.134656722677716, 52.070780955380442 ], [ 5.134654785785139, 52.070804237473396 ], [ 5.136527428336345, 52.070765947448805 ], [ 5.136559388403593, 52.070741873622417 ] ] ] ] } },
{ "type": "Feature", "properties": { "fid": 895, "id": null, "FUNCTIE": "02_Maaiveld", "Info": null, "Verhaal": null }, "geometry": { "type": "MultiPolygon", "coordinates": [ [ [ [ 5.153116169701345, 52.083143361462788 ], [ 5.153127247658675, 52.083178066367701 ], [ 5.153167485603238, 52.083173191540617 ], [ 5.15315964012248, 52.083135520234805 ], [ 5.153116169701345, 52.083143361462788 ] ] ] ] } },
{ "type": "Feature", "properties": { "fid": 896, "id": null, "FUNCTIE": "05_Talut2", "Info": null, "Verhaal": null }, "geometry": { "type": "MultiPolygon", "coordinates": [ [ [ [ 5.153267096377514, 52.083194198961692 ], [ 5.153105927964109, 52.083216246929602 ], [ 5.152873867826881, 52.0832432147308 ], [ 5.152681695986439, 52.083268240915039 ], [ 5.152460740568038, 52.083290699202884 ], [ 5.152438011926041, 52.083334225855161 ], [ 5.153070551657361, 52.083255245363326 ], [ 5.153340082164562, 52.083213928698406 ], [ 5.154271485535364, 52.083052516052817 ], [ 5.153695370551354, 52.082507303526967 ], [ 5.154000571658543, 52.082268136814342 ], [ 5.1538980841775, 52.082190668651499 ], [ 5.153859322656674, 52.082228279008739 ], [ 5.153928024391463, 52.082282928351056 ], [ 5.153643859753191, 52.08250723349758 ], [ 5.153690252921652, 52.082553890468638 ], [ 5.15366442012454, 52.082578599673539 ], [ 5.153992717719071, 52.082846829810045 ], [ 5.153962154940807, 52.08285371588795 ], [ 5.154136572571891, 52.083023489122802 ], [ 5.153776136472833, 52.083087161365242 ], [ 5.153775333100917, 52.08310411725779 ], [ 5.153265577450596, 52.083178345009401 ], [ 5.153267096377514, 52.083194198961692 ] ] ] ] } },
{ "type": "Feature", "properties": { "fid": 1137, "id": null, "FUNCTIE": "04_Talut1", "Info": null, "Verhaal": null }, "geometry": { "type": "MultiPolygon", "coordinates": [ [ [ [ 5.134656722677716, 52.070780955380442 ], [ 5.134536810451958, 52.070879888126854 ], [ 5.134536716858162, 52.070900355677772 ], [ 5.134654785785139, 52.070804237473396 ], [ 5.134656722677716, 52.070780955380442 ] ] ] ] } },
{ "type": "Feature", "properties": { "fid": 899, "id": null, "FUNCTIE": "05_Talut2", "Info": null, "Verhaal": null }, "geometry": { "type": "MultiPolygon", "coordinates": [ [ [ [ 5.152018457741775, 52.080726652056804 ], [ 5.152015763158445, 52.080727844691673 ], [ 5.151836333076826, 52.0809022788861 ], [ 5.15191340601042, 52.080927206236559 ], [ 5.152091241020337, 52.080754146359887 ], [ 5.152018457741775, 52.080726652056804 ] ] ] ] } },
{ "type": "Feature", "properties": { "fid": 1138, "id": null, "FUNCTIE": "05_Talut2", "Info": null, "Verhaal": null }, "geometry": { "type": "MultiPolygon", "coordinates": [ [ [ [ 5.134146609316639, 52.070491054359962 ], [ 5.134366075769753, 52.070773790159471 ], [ 5.134387010574383, 52.070800930131362 ], [ 5.134420736263215, 52.070834531708243 ], [ 5.134427663890046, 52.070839657974247 ], [ 5.134445855045421, 52.070850577812372 ], [ 5.134461511852894, 52.070857901764803 ], [ 5.134478947170236, 52.070864320771079 ], [ 5.134506915324478, 52.070871527778031 ], [ 5.134536810451958, 52.070879888126854 ], [ 5.134656722677716, 52.070780955380442 ], [ 5.134349367662391, 52.070378457722065 ], [ 5.134146609316639, 52.070491054359962 ] ] ] ] } },
{ "type": "Feature", "properties": { "fid": 1145, "id": null, "FUNCTIE": "04_Talut1", "Info": null, "Verhaal": null }, "geometry": { "type": "MultiPolygon", "coordinates": [ [ [ [ 5.134204020732322, 52.071417008045202 ], [ 5.134271348356389, 52.07143338113336 ], [ 5.134311545594509, 52.071426800893882 ], [ 5.134738795387977, 52.071210880016608 ], [ 5.134784412854609, 52.071223512768107 ], [ 5.134821101238085, 52.071203960215932 ], [ 5.134812956897542, 52.071165116891166 ], [ 5.13488517718589, 52.071126891788467 ], [ 5.1348626717224, 52.071084918245909 ], [ 5.134204020732322, 52.071417008045202 ] ] ] ] } },
{ "type": "Feature", "properties": { "fid": 1146, "id": null, "FUNCTIE": "04_Talut1", "Info": null, "Verhaal": null }, "geometry": { "type": "MultiPolygon", "coordinates": [ [ [ [ 5.1348626717224, 52.071084918245909 ], [ 5.134884935967135, 52.071127002468508 ], [ 5.134996079798075, 52.071127483289509 ], [ 5.135023454034447, 52.071142948773819 ], [ 5.135073629476619, 52.07114232165182 ], [ 5.135101487623558, 52.071124335212957 ], [ 5.135412161516596, 52.071117590090118 ], [ 5.135450656607341, 52.07113861102826 ], [ 5.135502988877039, 52.071137732590529 ], [ 5.135536884927531, 52.071111986701929 ], [ 5.135591929545569, 52.071111313613535 ], [ 5.135616738029755, 52.071134786707823 ], [ 5.135671742739038, 52.071133865169877 ], [ 5.135704878114402, 52.07110783449906 ], [ 5.135759190145374, 52.071108057781025 ], [ 5.135790574867832, 52.071128976302994 ], [ 5.135844261561074, 52.071127604994302 ], [ 5.135874160704518, 52.071103845133749 ], [ 5.135935715916108, 52.071103636495515 ], [ 5.135963195396911, 52.071129399761183 ], [ 5.136013830555669, 52.07113728039247 ], [ 5.136043202704855, 52.071120011011516 ], [ 5.136061196405283, 52.071122827771632 ], [ 5.1360823708647, 52.071126741509069 ], [ 5.136117749940547, 52.071134798405893 ], [ 5.136143246372153, 52.071141865790167 ], [ 5.136169870141178, 52.071150480944596 ], [ 5.136202589741407, 52.071162996351958 ], [ 5.136225656277768, 52.071173270018498 ], [ 5.136250958406348, 52.071186141554669 ], [ 5.136276325807936, 52.07120103341768 ], [ 5.136297513348844, 52.071215750790458 ], [ 5.136279057786543, 52.071235761670586 ], [ 5.136318802015581, 52.071268374536174 ], [ 5.136351617371549, 52.071272856306749 ], [ 5.136418207855153, 52.071356779142192 ], [ 5.136380725921371, 52.071372646146926 ], [ 5.136413572016009, 52.071405084567651 ], [ 5.136470977946249, 52.071409920726758 ], [ 5.136482792498771, 52.071440706906799 ], [ 5.136467562277301, 52.071459265724201 ], [ 5.136484272496807, 52.071493653354459 ], [ 5.136524181572828, 52.071500808605315 ], [ 5.136578920232821, 52.071565791471123 ], [ 5.136558815590194, 52.071587597293792 ], [ 5.13658046981609, 52.0716194175805 ], [ 5.136626144903674, 52.071628249325521 ], [ 5.136679979892724, 52.071686913955993 ], [ 5.136644965070334, 52.071714715877953 ], [ 5.13667254280091, 52.071747297357739 ], [ 5.136715613910593, 52.071747506117887 ], [ 5.136764738043874, 52.071805360197978 ], [ 5.136849406140795, 52.071806869557236 ], [ 5.136417630750667, 52.071235547083838 ], [ 5.136392641422701, 52.071218456904667 ], [ 5.1363741897646, 52.07120505640485 ], [ 5.136353115090987, 52.071190989865052 ], [ 5.136329319392969, 52.071176498977039 ], [ 5.13628083466303, 52.071150845797646 ], [ 5.136257282479898, 52.071140001333283 ], [ 5.136232006763744, 52.071129394002512 ], [ 5.136200477175174, 52.071117522039287 ], [ 5.136162074798463, 52.07110491402193 ], [ 5.136135889290867, 52.071096247823888 ], [ 5.136098856151868, 52.071086317245154 ], [ 5.136061809765143, 52.071078751034086 ], [ 5.136014613914238, 52.071072290377522 ], [ 5.135980565802663, 52.07106781213421 ], [ 5.135932646434787, 52.071063223791 ], [ 5.135889278406312, 52.071060725613407 ], [ 5.135840027529964, 52.071059742573688 ], [ 5.135829459061911, 52.071059787003072 ], [ 5.1348626717224, 52.071084918245909 ] ] ] ] } },
{ "type": "Feature", "properties": { "fid": 1147, "id": null, "FUNCTIE": "04_Talut1", "Info": null, "Verhaal": null }, "geometry": { "type": "MultiPolygon", "coordinates": [ [ [ [ 5.13487088555374, 52.071219986687268 ], [ 5.134883051506223, 52.07122376821556 ], [ 5.134929510080839, 52.071197583648996 ], [ 5.134923037535884, 52.071191561453389 ], [ 5.13487088555374, 52.071219986687268 ] ] ] ] } },
{ "type": "Feature", "properties": { "fid": 1148, "id": null, "FUNCTIE": "04_Talut1", "Info": null, "Verhaal": null }, "geometry": { "type": "MultiPolygon", "coordinates": [ [ [ [ 5.134929510080839, 52.071197583648996 ], [ 5.135008759685165, 52.071191747750738 ], [ 5.135015791936487, 52.071186505920501 ], [ 5.134923037535884, 52.071191561453389 ], [ 5.134929510080839, 52.071197583648996 ] ] ] ] } },
{ "type": "Feature", "properties": { "fid": 1149, "id": null, "FUNCTIE": "04_Talut1", "Info": null, "Verhaal": null }, "geometry": { "type": "MultiPolygon", "coordinates": [ [ [ [ 5.134792791210891, 52.071237090248751 ], [ 5.134686400816754, 52.071301358914717 ], [ 5.134391887605515, 52.071443498259505 ], [ 5.134391824149559, 52.071454763368983 ], [ 5.134691245584905, 52.071306713873923 ], [ 5.13479272785913, 52.071248355351166 ], [ 5.134792791210891, 52.071237090248751 ] ] ] ] } },
{ "type": "Feature", "properties": { "fid": 1150, "id": null, "FUNCTIE": "05_Talut2", "Info": null, "Verhaal": null }, "geometry": { "type": "MultiPolygon", "coordinates": [ [ [ [ 5.135014960834156, 52.071334425606551 ], [ 5.135543596511009, 52.07136789713595 ], [ 5.135584163188699, 52.071332556061627 ], [ 5.135050474236959, 52.071302150400911 ], [ 5.135014960834156, 52.071334425606551 ] ] ] ] } },
{ "type": "Feature", "properties": { "fid": 1151, "id": null, "FUNCTIE": "04_Talut1", "Info": null, "Verhaal": null }, "geometry": { "type": "MultiPolygon", "coordinates": [ [ [ [ 5.135529121707116, 52.071181702350366 ], [ 5.135602463799358, 52.071181861369972 ], [ 5.135613346464462, 52.071173533512436 ], [ 5.135522563599253, 52.071173336678761 ], [ 5.135529121707116, 52.071181702350366 ] ] ] ] } },
{ "type": "Feature", "properties": { "fid": 1152, "id": null, "FUNCTIE": "04_Talut1", "Info": null, "Verhaal": null }, "geometry": { "type": "MultiPolygon", "coordinates": [ [ [ [ 5.1354402906065, 52.071173158235609 ], [ 5.135095346792209, 52.071181421644617 ], [ 5.13510628560686, 52.071186702515078 ], [ 5.135435365244518, 52.071182159736075 ], [ 5.1354402906065, 52.071173158235609 ] ] ] ] } },
{ "type": "Feature", "properties": { "fid": 1153, "id": null, "FUNCTIE": "04_Talut1", "Info": null, "Verhaal": null }, "geometry": { "type": "MultiPolygon", "coordinates": [ [ [ [ 5.13570106782665, 52.071178229732887 ], [ 5.135769327804941, 52.071176124590195 ], [ 5.135774244680645, 52.071168625091083 ], [ 5.135695041637904, 52.071166200430611 ], [ 5.13570106782665, 52.071178229732887 ] ] ] ] } },
{ "type": "Feature", "properties": { "fid": 1154, "id": null, "FUNCTIE": "04_Talut1", "Info": null, "Verhaal": null }, "geometry": { "type": "MultiPolygon", "coordinates": [ [ [ [ 5.135877798398877, 52.071175275854948 ], [ 5.135943614868185, 52.071174249003796 ], [ 5.135955856533617, 52.071164512311604 ], [ 5.135870534780014, 52.071166580612889 ], [ 5.135877798398877, 52.071175275854948 ] ] ] ] } },
{ "type": "Feature", "properties": { "fid": 1155, "id": null, "FUNCTIE": "04_Talut1", "Info": null, "Verhaal": null }, "geometry": { "type": "MultiPolygon", "coordinates": [ [ [ [ 5.136042637398451, 52.071188328796893 ], [ 5.136064444701525, 52.07119300521115 ], [ 5.136080632385098, 52.071198313652495 ], [ 5.136104354464532, 52.071206915359816 ], [ 5.136125451251032, 52.071215454409362 ], [ 5.136145964590307, 52.071224643578482 ], [ 5.136164314807252, 52.071233679789295 ], [ 5.136192011042551, 52.071248979185917 ], [ 5.136212108045599, 52.071245986421971 ], [ 5.136198238527935, 52.071237062540227 ], [ 5.13617998110204, 52.071226475417866 ], [ 5.136161961768734, 52.071217140507287 ], [ 5.136145735773175, 52.07120994668108 ], [ 5.136125257293852, 52.071200994080336 ], [ 5.136112940957053, 52.071196326940608 ], [ 5.136085321384519, 52.071187062073051 ], [ 5.136065527939856, 52.071180595109396 ], [ 5.13604250698384, 52.071174896623631 ], [ 5.136042637398451, 52.071188328796893 ] ] ] ] } },
{ "type": "Feature", "properties": { "fid": 1156, "id": null, "FUNCTIE": "04_Talut1", "Info": null, "Verhaal": null }, "geometry": { "type": "MultiPolygon", "coordinates": [ [ [ [ 5.136250044450647, 52.071297139678599 ], [ 5.136312649678365, 52.071380074413504 ], [ 5.136329102222632, 52.071380109976715 ], [ 5.136258304099734, 52.071291184087897 ], [ 5.136250044450647, 52.071297139678599 ] ] ] ] } },
{ "type": "Feature", "properties": { "fid": 1157, "id": null, "FUNCTIE": "04_Talut1", "Info": null, "Verhaal": null }, "geometry": { "type": "MultiPolygon", "coordinates": [ [ [ [ 5.136351267034918, 52.071436347610479 ], [ 5.136379471897225, 52.071471467141116 ], [ 5.13639987420669, 52.071473764272561 ], [ 5.136362134260263, 52.071428058565601 ], [ 5.136351267034918, 52.071436347610479 ] ] ] ] } },
{ "type": "Feature", "properties": { "fid": 1158, "id": null, "FUNCTIE": "04_Talut1", "Info": null, "Verhaal": null }, "geometry": { "type": "MultiPolygon", "coordinates": [ [ [ [ 5.136424269887582, 52.071524510486242 ], [ 5.13648205170478, 52.071601277552432 ], [ 5.136497874483591, 52.071602040072626 ], [ 5.136436196366089, 52.07151665059704 ], [ 5.136424269887582, 52.071524510486242 ] ] ] ] } },
{ "type": "Feature", "properties": { "fid": 915, "id": null, "FUNCTIE": "05_Talut2", "Info": null, "Verhaal": null }, "geometry": { "type": "MultiPolygon", "coordinates": [ [ [ [ 5.145855406690617, 52.09648681071662 ], [ 5.14582453381583, 52.096543230850706 ], [ 5.145727434229583, 52.096648071006221 ], [ 5.146460346335296, 52.096790287095907 ], [ 5.146666992786161, 52.096358661033257 ], [ 5.145929228957629, 52.096222381647408 ], [ 5.145925329807559, 52.096349213765343 ], [ 5.145886295454961, 52.096427417798424 ], [ 5.145977902185965, 52.096446433620272 ], [ 5.146038054352919, 52.096330617224623 ], [ 5.146390038002084, 52.096399713461686 ], [ 5.146251856305483, 52.096665001822167 ], [ 5.145903083133549, 52.096596902773584 ], [ 5.145950231364082, 52.096505833161139 ], [ 5.145855406690617, 52.09648681071662 ] ] ] ] } },
{ "type": "Feature", "properties": { "fid": 1159, "id": null, "FUNCTIE": "04_Talut1", "Info": null, "Verhaal": null }, "geometry": { "type": "MultiPolygon", "coordinates": [ [ [ [ 5.136523977290242, 52.071650012842895 ], [ 5.136578266971423, 52.071723787019224 ], [ 5.136591341365436, 52.071723815246017 ], [ 5.136530552511361, 52.071642802686597 ], [ 5.136523977290242, 52.071650012842895 ] ] ] ] } },
{ "type": "Feature", "properties": { "fid": 917, "id": null, "FUNCTIE": "05_Talut2", "Info": null, "Verhaal": null }, "geometry": { "type": "MultiPolygon", "coordinates": [ [ [ [ 5.101697381138015, 52.129207889114149 ], [ 5.102088047192156, 52.129031756491649 ], [ 5.102082703345072, 52.129027116391434 ], [ 5.10168462077958, 52.129205777617159 ], [ 5.101697381138015, 52.129207889114149 ] ] ] ] } },
{ "type": "Feature", "properties": { "fid": 918, "id": null, "FUNCTIE": "05_Talut2", "Info": null, "Verhaal": null }, "geometry": { "type": "MultiPolygon", "coordinates": [ [ [ [ 5.151436194408752, 52.082361134989064 ], [ 5.151481157989628, 52.082375098057234 ], [ 5.15165917254367, 52.082169338183178 ], [ 5.151620622026887, 52.08215935175825 ], [ 5.151436194408752, 52.082361134989064 ] ] ] ] } },
{ "type": "Feature", "properties": { "fid": 919, "id": null, "FUNCTIE": "05_Talut2", "Info": null, "Verhaal": null }, "geometry": { "type": "MultiPolygon", "coordinates": [ [ [ [ 5.152276907461556, 52.082046230229324 ], [ 5.152276369185787, 52.082045618124312 ], [ 5.151666534623888, 52.08199296547042 ], [ 5.151634836076854, 52.082033635883604 ], [ 5.151635722869765, 52.082034659208468 ], [ 5.152232215983975, 52.082087242564498 ], [ 5.152276907461556, 52.082046230229324 ] ] ] ] } },
{ "type": "Feature", "properties": { "fid": 920, "id": null, "FUNCTIE": "05_Talut2", "Info": null, "Verhaal": null }, "geometry": { "type": "MultiPolygon", "coordinates": [ [ [ [ 5.152482241984016, 52.081880192683364 ], [ 5.152530713049721, 52.08190946775013 ], [ 5.152648627419169, 52.081814572085428 ], [ 5.152603705591175, 52.081792682019739 ], [ 5.152482241984016, 52.081880192683364 ] ] ] ] } },
{ "type": "Feature", "properties": { "fid": 921, "id": null, "FUNCTIE": "05_Talut2", "Info": null, "Verhaal": null }, "geometry": { "type": "MultiPolygon", "coordinates": [ [ [ [ 5.15229881096297, 52.081657307050662 ], [ 5.152478850801189, 52.081677484419664 ], [ 5.152496714993159, 52.081644818942088 ], [ 5.152328022663651, 52.081607818215133 ], [ 5.15229881096297, 52.081657307050662 ] ] ] ] } },
{ "type": "Feature", "properties": { "fid": 922, "id": null, "FUNCTIE": "05_Talut2", "Info": null, "Verhaal": null }, "geometry": { "type": "MultiPolygon", "coordinates": [ [ [ [ 5.151628745790567, 52.081838303243281 ], [ 5.152003172932353, 52.081597261240859 ], [ 5.151945311325162, 52.081589218278275 ], [ 5.151580591922993, 52.081819379151106 ], [ 5.151628745790567, 52.081838303243281 ] ] ] ] } },
{ "type": "Feature", "properties": { "fid": 923, "id": null, "FUNCTIE": "05_Talut2", "Info": null, "Verhaal": null }, "geometry": { "type": "MultiPolygon", "coordinates": [ [ [ [ 5.149279594711961, 52.08078120716506 ], [ 5.149914521161499, 52.080552588435673 ], [ 5.150217496016415, 52.080440230549044 ], [ 5.150451229580257, 52.080646815818845 ], [ 5.150809907383241, 52.080950763386518 ], [ 5.150595827761111, 52.081285271941901 ], [ 5.151558893018024, 52.081663758109073 ], [ 5.151939533967109, 52.081464348229851 ], [ 5.152529190079282, 52.081586418087561 ], [ 5.15296139975968, 52.08167448031692 ], [ 5.152341101223595, 52.082180607917017 ], [ 5.151810366370035, 52.082169640128953 ], [ 5.151667675879795, 52.082387362086742 ], [ 5.15173192014398, 52.082405327335309 ], [ 5.151858359173134, 52.082219282960622 ], [ 5.15236335947262, 52.082230199277824 ], [ 5.153090198347711, 52.08165095355438 ], [ 5.151917307824982, 52.081408811201882 ], [ 5.151546359540535, 52.081600312858463 ], [ 5.150711748698009, 52.081263703815971 ], [ 5.150906432373745, 52.08094699311323 ], [ 5.150237163868515, 52.080370904219109 ], [ 5.149189672158928, 52.080753279327034 ], [ 5.149490761701338, 52.081602132058713 ], [ 5.149577679752838, 52.081590415977253 ], [ 5.1495648544546, 52.081582462602782 ], [ 5.149279594711961, 52.08078120716506 ] ] ] ] } },
{ "type": "Feature", "properties": { "fid": 924, "id": null, "FUNCTIE": "05_Talut2", "Info": null, "Verhaal": null }, "geometry": { "type": "MultiPolygon", "coordinates": [ [ [ [ 5.150345737216241, 52.081320788095596 ], [ 5.150344308370516, 52.081320984490418 ], [ 5.150318813576554, 52.081354081562516 ], [ 5.150839050537791, 52.081523585549938 ], [ 5.150868127713871, 52.081499861261143 ], [ 5.150345737216241, 52.081320788095596 ] ] ] ] } },
{ "type": "Feature", "properties": { "fid": 925, "id": null, "FUNCTIE": "05_Talut2", "Info": null, "Verhaal": null }, "geometry": { "type": "MultiPolygon", "coordinates": [ [ [ [ 5.150607060269005, 52.080986030378114 ], [ 5.150562224104379, 52.080948284648173 ], [ 5.150290933827198, 52.081303487568618 ], [ 5.150344726532068, 52.081320441637509 ], [ 5.150607060269005, 52.080986030378114 ] ] ] ] } },
{ "type": "Feature", "properties": { "fid": 926, "id": null, "FUNCTIE": "05_Talut2", "Info": null, "Verhaal": null }, "geometry": { "type": "MultiPolygon", "coordinates": [ [ [ [ 5.149510223693433, 52.081117601272581 ], [ 5.149551301212601, 52.081105792788044 ], [ 5.149414383984596, 52.080840935537111 ], [ 5.14935960369845, 52.080858661977651 ], [ 5.149510223693433, 52.081117601272581 ] ] ] ] } },
{ "type": "Feature", "properties": { "fid": 927, "id": null, "FUNCTIE": "02_Maaiveld", "Info": null, "Verhaal": null }, "geometry": { "type": "MultiPolygon", "coordinates": [ [ [ [ 5.153478154163619, 52.081897476494177 ], [ 5.153457094415862, 52.081926172021234 ], [ 5.153511558759549, 52.081968890424982 ], [ 5.153534216581901, 52.081942179936583 ], [ 5.153478154163619, 52.081897476494177 ] ] ] ] } },
{ "type": "Feature", "properties": { "fid": 928, "id": null, "FUNCTIE": "02_Maaiveld", "Info": null, "Verhaal": null }, "geometry": { "type": "MultiPolygon", "coordinates": [ [ [ [ 5.153178864338368, 52.081304795832231 ], [ 5.153219832269772, 52.081313795605936 ], [ 5.153220034314078, 52.081275149322025 ], [ 5.153182259926698, 52.08127061511982 ], [ 5.153178864338368, 52.081304795832231 ] ] ] ] } },
{ "type": "Feature", "properties": { "fid": 929, "id": null, "FUNCTIE": "05_Talut2", "Info": null, "Verhaal": null }, "geometry": { "type": "MultiPolygon", "coordinates": [ [ [ [ 5.149732067419819, 52.081594690792386 ], [ 5.149603866963412, 52.081505247851169 ], [ 5.149573288551805, 52.081508654518593 ], [ 5.149683783142804, 52.081600539177643 ], [ 5.149732067419819, 52.081594690792386 ] ] ] ] } },
{ "type": "Feature", "properties": { "fid": 930, "id": null, "FUNCTIE": "05_Talut2", "Info": null, "Verhaal": null }, "geometry": { "type": "MultiPolygon", "coordinates": [ [ [ [ 5.149549477955712, 52.081449150084012 ], [ 5.149584860539874, 52.081449716867859 ], [ 5.149630464367332, 52.081342787167536 ], [ 5.149595878183275, 52.081343708413264 ], [ 5.149549477955712, 52.081449150084012 ] ] ] ] } },
{ "type": "Feature", "properties": { "fid": 1160, "id": null, "FUNCTIE": "04_Talut1", "Info": null, "Verhaal": null }, "geometry": { "type": "MultiPolygon", "coordinates": [ [ [ [ 5.136615716020239, 52.071778391453918 ], [ 5.136639294486939, 52.071811861350689 ], [ 5.136653919105805, 52.071811892915242 ], [ 5.136625213915281, 52.071769399776997 ], [ 5.136615716020239, 52.071778391453918 ] ] ] ] } },
{ "type": "Feature", "properties": { "fid": 932, "id": null, "FUNCTIE": "04_Talut1", "Info": null, "Verhaal": null }, "geometry": { "type": "MultiPolygon", "coordinates": [ [ [ [ 5.152310807149962, 52.082145797096409 ], [ 5.15232030584836, 52.082158765800664 ], [ 5.152695069454531, 52.081853311147093 ], [ 5.152675763057627, 52.081854263686871 ], [ 5.152310807149962, 52.082145797096409 ] ] ] ] } },
{ "type": "Feature", "properties": { "fid": 1161, "id": null, "FUNCTIE": "04_Talut1", "Info": null, "Verhaal": null }, "geometry": { "type": "MultiPolygon", "coordinates": [ [ [ [ 5.136639294486939, 52.071811861350689 ], [ 5.136611711678747, 52.071859350629701 ], [ 5.136569152484525, 52.071932624518311 ], [ 5.136579181352182, 52.071940531826854 ], [ 5.136653919105805, 52.071811892915242 ], [ 5.136639294486939, 52.071811861350689 ] ] ] ] } },
{ "type": "Feature", "properties": { "fid": 1162, "id": null, "FUNCTIE": "04_Talut1", "Info": null, "Verhaal": null }, "geometry": { "type": "MultiPolygon", "coordinates": [ [ [ [ 5.136518996399706, 52.072020645825809 ], [ 5.136525918293033, 52.072029412129929 ], [ 5.136554042394208, 52.071984411940001 ], [ 5.136537541110153, 52.071984376314056 ], [ 5.136518996399706, 52.072020645825809 ] ] ] ] } },
{ "type": "Feature", "properties": { "fid": 935, "id": null, "FUNCTIE": "04_Talut1", "Info": null, "Verhaal": null }, "geometry": { "type": "MultiPolygon", "coordinates": [ [ [ [ 5.153580995744418, 52.081916508181124 ], [ 5.153597330869199, 52.081916350131621 ], [ 5.154205821475569, 52.081455505458912 ], [ 5.154176478913745, 52.081460783722669 ], [ 5.154176887191793, 52.081460863791442 ], [ 5.153580995744418, 52.081916508181124 ] ] ] ] } },
{ "type": "Feature", "properties": { "fid": 936, "id": null, "FUNCTIE": "04_Talut1", "Info": null, "Verhaal": null }, "geometry": { "type": "MultiPolygon", "coordinates": [ [ [ [ 5.152168142517716, 52.081117974930294 ], [ 5.152187459014381, 52.081115040612744 ], [ 5.152181238240268, 52.080768198959177 ], [ 5.152168334656508, 52.080775109822632 ], [ 5.152168142517716, 52.081117974930294 ] ] ] ] } },
{ "type": "Feature", "properties": { "fid": 1163, "id": null, "FUNCTIE": "04_Talut1", "Info": null, "Verhaal": null }, "geometry": { "type": "MultiPolygon", "coordinates": [ [ [ [ 5.136492113511846, 52.072081159189231 ], [ 5.136463848957452, 52.072123342764478 ], [ 5.136441737707849, 52.072160971202564 ], [ 5.136458522143056, 52.07215618818222 ], [ 5.136504034492649, 52.072081184929921 ], [ 5.136492113511846, 52.072081159189231 ] ] ] ] } },
{ "type": "Feature", "properties": { "fid": 1164, "id": null, "FUNCTIE": "04_Talut1", "Info": null, "Verhaal": null }, "geometry": { "type": "MultiPolygon", "coordinates": [ [ [ [ 5.136764738043874, 52.071805360197978 ], [ 5.136673784266268, 52.071948556203409 ], [ 5.136631844933744, 52.071958783421941 ], [ 5.136616773019155, 52.071990354967191 ], [ 5.136631140623797, 52.07201440483437 ], [ 5.136610671579272, 52.072046753434925 ], [ 5.136569459006344, 52.072046553660961 ], [ 5.136548872610424, 52.072075729509727 ], [ 5.136579531083062, 52.072098600034948 ], [ 5.136516017869174, 52.072195100130017 ], [ 5.136545055508598, 52.072225924161103 ], [ 5.13658459742742, 52.072249492766844 ], [ 5.136849406140795, 52.071806869557236 ], [ 5.136764738043874, 52.071805360197978 ] ] ] ] } },
{ "type": "Feature", "properties": { "fid": 1165, "id": null, "FUNCTIE": "05_Talut2", "Info": null, "Verhaal": null }, "geometry": { "type": "MultiPolygon", "coordinates": [ [ [ [ 5.136179751025415, 52.071622842122508 ], [ 5.136407542160677, 52.071835400522325 ], [ 5.136465394573899, 52.071828199553508 ], [ 5.136232420887342, 52.071601570601615 ], [ 5.136179751025415, 52.071622842122508 ] ] ] ] } },
{ "type": "Feature", "properties": { "fid": 1166, "id": null, "FUNCTIE": "05_Talut2", "Info": null, "Verhaal": null }, "geometry": { "type": "MultiPolygon", "coordinates": [ [ [ [ 5.135805732731765, 52.071655533026195 ], [ 5.135858156515381, 52.071673816092719 ], [ 5.136092721147511, 52.07136747272871 ], [ 5.136031246370649, 52.071351528353382 ], [ 5.135805732731765, 52.071655533026195 ] ] ] ] } },
{ "type": "Feature", "properties": { "fid": 941, "id": null, "FUNCTIE": "05_Talut2", "Info": null, "Verhaal": null }, "geometry": { "type": "MultiPolygon", "coordinates": [ [ [ [ 5.152215951028393, 52.08058989881048 ], [ 5.152219658372626, 52.081109159146131 ], [ 5.152288705441409, 52.081131097431644 ], [ 5.152291846936618, 52.080532575484526 ], [ 5.151370842359512, 52.080721988448779 ], [ 5.15142376793472, 52.080750831581909 ], [ 5.152215951028393, 52.08058989881048 ] ] ] ] } },
{ "type": "Feature", "properties": { "fid": 1167, "id": null, "FUNCTIE": "04_Talut1", "Info": null, "Verhaal": null }, "geometry": { "type": "MultiPolygon", "coordinates": [ [ [ [ 5.134767783164367, 52.071292611048989 ], [ 5.134745876341888, 52.071275297872752 ], [ 5.13473770738554, 52.071279995522907 ], [ 5.134754370214518, 52.071292581877231 ], [ 5.134767783164367, 52.071292611048989 ] ] ] ] } },
{ "type": "Feature", "properties": { "fid": 1168, "id": null, "FUNCTIE": "05_Talut2", "Info": null, "Verhaal": null }, "geometry": { "type": "MultiPolygon", "coordinates": [ [ [ [ 5.134453902432046, 52.071468416846223 ], [ 5.134468699091909, 52.071476647090435 ], [ 5.134730028822761, 52.071345100062047 ], [ 5.134708206113901, 52.071324775157223 ], [ 5.134714320785729, 52.071321033377657 ], [ 5.134745872871539, 52.071346763574603 ], [ 5.134754089849887, 52.071342427885341 ], [ 5.134792300221678, 52.071324396945656 ], [ 5.134767783164367, 52.071292611048989 ], [ 5.134754370214518, 52.071292581877231 ], [ 5.13468869408481, 52.071326985759434 ], [ 5.134704435910593, 52.071345044392089 ], [ 5.134453902432046, 52.071468416846223 ] ] ] ] } },
{ "type": "Feature", "properties": { "fid": 944, "id": null, "FUNCTIE": "05_Talut2", "Info": null, "Verhaal": null }, "geometry": { "type": "MultiPolygon", "coordinates": [ [ [ [ 5.146950427876204, 52.094804956604378 ], [ 5.147516729038031, 52.094959212985664 ], [ 5.147261802972431, 52.095245568462992 ], [ 5.148074465156407, 52.095816517563236 ], [ 5.148495053795957, 52.095691028342237 ], [ 5.149340748214659, 52.095952863314018 ], [ 5.148713117982504, 52.096437645226729 ], [ 5.148235084548022, 52.096472348249542 ], [ 5.148066632634955, 52.096834688491107 ], [ 5.148146197590033, 52.096849218846074 ], [ 5.148305662908572, 52.096512624591824 ], [ 5.148759552612339, 52.096479854170454 ], [ 5.149476798196748, 52.095934310817228 ], [ 5.148493731831469, 52.095637019702728 ], [ 5.148100534180548, 52.095755132600054 ], [ 5.147372854068351, 52.095238363177835 ], [ 5.147628670910266, 52.094935658887202 ], [ 5.146915380424726, 52.094739978626329 ], [ 5.146332984642983, 52.095937819540652 ], [ 5.146394050747614, 52.095951322323387 ], [ 5.146950427876204, 52.094804956604378 ] ] ] ] } },
{ "type": "Feature", "properties": { "fid": 945, "id": null, "FUNCTIE": "05_Talut2", "Info": null, "Verhaal": null }, "geometry": { "type": "MultiPolygon", "coordinates": [ [ [ [ 5.147044635774368, 52.095239674622206 ], [ 5.147071880491152, 52.095259549029088 ], [ 5.147238170233619, 52.095151876762706 ], [ 5.14719721582031, 52.09513841547372 ], [ 5.147044635774368, 52.095239674622206 ] ] ] ] } },
{ "type": "Feature", "properties": { "fid": 946, "id": null, "FUNCTIE": "05_Talut2", "Info": null, "Verhaal": null }, "geometry": { "type": "MultiPolygon", "coordinates": [ [ [ [ 5.151404361013367, 52.08351848975709 ], [ 5.151549125424785, 52.083518779173744 ], [ 5.151549281964087, 52.083489051276381 ], [ 5.151401300664141, 52.083488755426487 ], [ 5.151404361013367, 52.08351848975709 ] ] ] ] } },
{ "type": "Feature", "properties": { "fid": 947, "id": null, "FUNCTIE": "05_Talut2", "Info": null, "Verhaal": null }, "geometry": { "type": "MultiPolygon", "coordinates": [ [ [ [ 5.150742698432801, 52.083320958485388 ], [ 5.150825366197511, 52.083505439153484 ], [ 5.150863990960414, 52.083501552818852 ], [ 5.150781323043486, 52.08331707217765 ], [ 5.150742698432801, 52.083320958485388 ] ] ] ] } },
{ "type": "Feature", "properties": { "fid": 948, "id": null, "FUNCTIE": "05_Talut2", "Info": null, "Verhaal": null }, "geometry": { "type": "MultiPolygon", "coordinates": [ [ [ [ 5.149617424849277, 52.082284154526022 ], [ 5.149292842204974, 52.081957680697904 ], [ 5.149897782500967, 52.081886074280554 ], [ 5.149937324537739, 52.08188592208537 ], [ 5.14995772206034, 52.081889029390233 ], [ 5.149973667919169, 52.081893326241627 ], [ 5.149993173485961, 52.081901465129036 ], [ 5.150007495228875, 52.08191037448708 ], [ 5.15001793227921, 52.081919534968229 ], [ 5.150027616586663, 52.081932122600094 ], [ 5.15003314230464, 52.08194406161023 ], [ 5.150295509910786, 52.082414345193136 ], [ 5.150333307142971, 52.082479145869286 ], [ 5.150339433779277, 52.082498489480415 ], [ 5.150337920672684, 52.082517511999583 ], [ 5.150329388008227, 52.082535070693289 ], [ 5.150315604982199, 52.082549884865827 ], [ 5.15029670636287, 52.082562662436814 ], [ 5.150275590503441, 52.082572127577713 ], [ 5.149745325481411, 52.082730260635209 ], [ 5.149657251581516, 52.082358597446415 ], [ 5.149608985196815, 52.082370334514799 ], [ 5.149704956102692, 52.082776808665521 ], [ 5.150308735281934, 52.082596376296614 ], [ 5.150337810045302, 52.082583033306214 ], [ 5.150362051882314, 52.082566052800935 ], [ 5.150378205763358, 52.082548107192252 ], [ 5.150388389942096, 52.082527445039297 ], [ 5.150390792039661, 52.082516159943545 ], [ 5.150390989322684, 52.082502455272092 ], [ 5.150388127321676, 52.082488136377762 ], [ 5.150382602866485, 52.082474969016779 ], [ 5.150072963216235, 52.081934449839146 ], [ 5.150067121336855, 52.081920550288373 ], [ 5.15005926167929, 52.081908679516751 ], [ 5.150046921952964, 52.081897621183948 ], [ 5.150033664163054, 52.081885378378971 ], [ 5.150016967080477, 52.081875952480836 ], [ 5.149991216738422, 52.081867902287726 ], [ 5.149963838941837, 52.081860182128516 ], [ 5.149934090471264, 52.081857640167591 ], [ 5.149907498817696, 52.081858410224974 ], [ 5.14922387872963, 52.081939465824618 ], [ 5.149580389115564, 52.082294973546659 ], [ 5.149617424849277, 52.082284154526022 ] ] ] ] } },
{ "type": "Feature", "properties": { "fid": 949, "id": null, "FUNCTIE": "05_Talut2", "Info": null, "Verhaal": null }, "geometry": { "type": "MultiPolygon", "coordinates": [ [ [ [ 5.150596069374447, 52.083065001707212 ], [ 5.150474087205068, 52.083015209838422 ], [ 5.150448299177991, 52.083025067464199 ], [ 5.150563826476849, 52.083078810166676 ], [ 5.150596069374447, 52.083065001707212 ] ] ] ] } },
{ "type": "Feature", "properties": { "fid": 950, "id": null, "FUNCTIE": "05_Talut2", "Info": null, "Verhaal": null }, "geometry": { "type": "MultiPolygon", "coordinates": [ [ [ [ 5.149772608504336, 52.082442026677263 ], [ 5.149716306469485, 52.082443914246809 ], [ 5.149774596019826, 52.082696669589794 ], [ 5.150178757689032, 52.082588492043108 ], [ 5.150151622195285, 52.082558764889846 ], [ 5.149927170755341, 52.082595996973822 ], [ 5.149904862843586, 52.082596714569178 ], [ 5.149884723813848, 52.082595268294945 ], [ 5.149866350466321, 52.082592084724006 ], [ 5.149847071441861, 52.082586407901033 ], [ 5.149829264553073, 52.082578349301592 ], [ 5.149816113436545, 52.082569832510387 ], [ 5.149804384062016, 52.082559044049901 ], [ 5.149795006778018, 52.082545714971474 ], [ 5.149791330901235, 52.082536851753908 ], [ 5.149772608504336, 52.082442026677263 ] ] ] ] } },
{ "type": "Feature", "properties": { "fid": 951, "id": null, "FUNCTIE": "05_Talut2", "Info": null, "Verhaal": null }, "geometry": { "type": "MultiPolygon", "coordinates": [ [ [ [ 5.150410503205713, 52.082872386733698 ], [ 5.150419535362645, 52.082989335847508 ], [ 5.150451736302469, 52.082983454866778 ], [ 5.150442704062488, 52.082866505755256 ], [ 5.150410503205713, 52.082872386733698 ] ] ] ] } },
{ "type": "Feature", "properties": { "fid": 952, "id": null, "FUNCTIE": "05_Talut2", "Info": null, "Verhaal": null }, "geometry": { "type": "MultiPolygon", "coordinates": [ [ [ [ 5.150837773571594, 52.083592666777811 ], [ 5.150326611001391, 52.0829197833663 ], [ 5.15026223015783, 52.082927581531031 ], [ 5.150795711878454, 52.083638165707399 ], [ 5.151928292286844, 52.083602775357484 ], [ 5.15196388960239, 52.082950807623625 ], [ 5.151527365987766, 52.082763639099717 ], [ 5.151660511920604, 52.082526079445785 ], [ 5.151586533297047, 52.08252394975473 ], [ 5.15142753666582, 52.082783258325861 ], [ 5.151886547423834, 52.082976417742969 ], [ 5.151862246637453, 52.083315270854172 ], [ 5.151854541163167, 52.083557044917448 ], [ 5.150837773571594, 52.083592666777811 ] ] ] ] } },
{ "type": "Feature", "properties": { "fid": 953, "id": null, "FUNCTIE": "05_Talut2", "Info": null, "Verhaal": null }, "geometry": { "type": "MultiPolygon", "coordinates": [ [ [ [ 5.149630881593258, 52.082173196293908 ], [ 5.149543413105246, 52.082087047758996 ], [ 5.149537804273081, 52.082076867324105 ], [ 5.149534989541732, 52.082064713384803 ], [ 5.149536438421374, 52.082051705163757 ], [ 5.149540856679544, 52.082041704024491 ], [ 5.149547350360038, 52.08203298253153 ], [ 5.14955781661638, 52.08202337315371 ], [ 5.149583660075423, 52.082008570285616 ], [ 5.149808921717919, 52.081960444599247 ], [ 5.149793124529898, 52.081911947538842 ], [ 5.149353806181787, 52.081974430463731 ], [ 5.149576056660912, 52.08219586076217 ], [ 5.149630881593258, 52.082173196293908 ] ] ] ] } },
{ "type": "Feature", "properties": { "fid": 954, "id": null, "FUNCTIE": "05_Talut2", "Info": null, "Verhaal": null }, "geometry": { "type": "MultiPolygon", "coordinates": [ [ [ [ 5.151258746893324, 52.082764092812951 ], [ 5.151287647050199, 52.082774060046134 ], [ 5.151426032085495, 52.082458226838646 ], [ 5.151387476150576, 52.082449231267844 ], [ 5.151258746893324, 52.082764092812951 ] ] ] ] } },
{ "type": "Feature", "properties": { "fid": 955, "id": null, "FUNCTIE": "05_Talut2", "Info": null, "Verhaal": null }, "geometry": { "type": "MultiPolygon", "coordinates": [ [ [ [ 5.151754170500794, 52.083313073207805 ], [ 5.151756101779954, 52.083312164083999 ], [ 5.151756576605058, 52.083221911498818 ], [ 5.151682575965927, 52.083223745587496 ], [ 5.151694974505403, 52.083312954986305 ], [ 5.151754170500794, 52.083313073207805 ] ] ] ] } },
{ "type": "Feature", "properties": { "fid": 956, "id": null, "FUNCTIE": "05_Talut2", "Info": null, "Verhaal": null }, "geometry": { "type": "MultiPolygon", "coordinates": [ [ [ [ 5.151127912267691, 52.082867879675767 ], [ 5.151689906845333, 52.083053318482889 ], [ 5.15168854867994, 52.083005750630363 ], [ 5.151153851627009, 52.08282928493108 ], [ 5.151127912267691, 52.082867879675767 ] ] ] ] } },
{ "type": "Feature", "properties": { "fid": 957, "id": null, "FUNCTIE": "02_Maaiveld", "Info": null, "Verhaal": null }, "geometry": { "type": "MultiPolygon", "coordinates": [ [ [ [ 5.153556475131682, 52.08260813604425 ], [ 5.153619468877635, 52.082557722894414 ], [ 5.153597022864685, 52.082543805259213 ], [ 5.153542112804545, 52.082586306893653 ], [ 5.153556475131682, 52.08260813604425 ] ] ] ] } },
{ "type": "Feature", "properties": { "fid": 958, "id": null, "FUNCTIE": "05_Talut2", "Info": null, "Verhaal": null }, "geometry": { "type": "MultiPolygon", "coordinates": [ [ [ [ 5.147318464975652, 52.095179786935006 ], [ 5.147283043622433, 52.095184669286525 ], [ 5.147226378908361, 52.09525094626315 ], [ 5.148071136642034, 52.095837320438058 ], [ 5.148499756707025, 52.095714324866712 ], [ 5.14894630906429, 52.095849998135236 ], [ 5.148973707271355, 52.095841135262475 ], [ 5.148495053795957, 52.095691028342237 ], [ 5.148074465156407, 52.095816517563236 ], [ 5.147261802972431, 52.095245568462992 ], [ 5.147318464975652, 52.095179786935006 ] ] ] ] } },
{ "type": "Feature", "properties": { "fid": 959, "id": null, "FUNCTIE": "05_Talut2", "Info": null, "Verhaal": null }, "geometry": { "type": "MultiPolygon", "coordinates": [ [ [ [ 5.153072161503629, 52.082782025344208 ], [ 5.153072260969285, 52.082782058077377 ], [ 5.153102888845111, 52.082769084716418 ], [ 5.153103147213559, 52.08276828529403 ], [ 5.153034026641818, 52.082703220822196 ], [ 5.153000178885009, 52.082716531290238 ], [ 5.153072161503629, 52.082782025344208 ] ] ] ] } },
{ "type": "Feature", "properties": { "fid": 1169, "id": null, "FUNCTIE": "05_Talut2", "Info": null, "Verhaal": null }, "geometry": { "type": "MultiPolygon", "coordinates": [ [ [ [ 5.134084460384775, 52.070406684989187 ], [ 5.13419024859798, 52.070360634833676 ], [ 5.134290584847443, 52.070311145786796 ], [ 5.134146599499247, 52.070123517657024 ], [ 5.134069893572338, 52.070155570707861 ], [ 5.134037746548096, 52.070171653426868 ], [ 5.134026306954505, 52.070179924635639 ], [ 5.13401920863252, 52.070186826355517 ], [ 5.134012428747544, 52.070195477773005 ], [ 5.134007671099662, 52.070203815009272 ], [ 5.134004869138675, 52.070210866004665 ], [ 5.134002615899525, 52.070221344071314 ], [ 5.134005224876161, 52.070242042698894 ], [ 5.134084460384775, 52.070406684989187 ] ] ] ] } },
{ "type": "Feature", "properties": { "fid": 1170, "id": null, "FUNCTIE": "04_Talut1", "Info": null, "Verhaal": null }, "geometry": { "type": "MultiPolygon", "coordinates": [ [ [ [ 5.132519730212328, 52.068224940480548 ], [ 5.132660811937922, 52.068189504781124 ], [ 5.132699987635378, 52.068202784979903 ], [ 5.132751634473192, 52.068189514926956 ], [ 5.132757657756962, 52.068168468308507 ], [ 5.132863169286668, 52.068142539313321 ], [ 5.132858131419693, 52.06810788803552 ], [ 5.132479829427349, 52.068198668052503 ], [ 5.132519730212328, 52.068224940480548 ] ] ] ] } },
{ "type": "Feature", "properties": { "fid": 1171, "id": null, "FUNCTIE": "04_Talut1", "Info": null, "Verhaal": null }, "geometry": { "type": "MultiPolygon", "coordinates": [ [ [ [ 5.132590832164413, 52.068272900008367 ], [ 5.132703788287984, 52.06824798906888 ], [ 5.132711772599099, 52.068236877106862 ], [ 5.132590596290489, 52.068263357127741 ], [ 5.132590832164413, 52.068272900008367 ] ] ] ] } },
{ "type": "Feature", "properties": { "fid": 1172, "id": null, "FUNCTIE": "04_Talut1", "Info": null, "Verhaal": null }, "geometry": { "type": "MultiPolygon", "coordinates": [ [ [ [ 5.132806263766613, 52.06822868763868 ], [ 5.13287459629533, 52.068213066283562 ], [ 5.132868554235016, 52.06820404084322 ], [ 5.132791682805931, 52.068221146123456 ], [ 5.132806263766613, 52.06822868763868 ] ] ] ] } },
{ "type": "Feature", "properties": { "fid": 964, "id": null, "FUNCTIE": "05_Talut2", "Info": null, "Verhaal": null }, "geometry": { "type": "MultiPolygon", "coordinates": [ [ [ [ 5.150353495146099, 52.080687740237281 ], [ 5.150352220001869, 52.080687539033917 ], [ 5.150302934026292, 52.080707960249079 ], [ 5.150389315316461, 52.080797318454216 ], [ 5.150450591602394, 52.080767713290037 ], [ 5.150353495146099, 52.080687740237281 ] ] ] ] } },
{ "type": "Feature", "properties": { "fid": 965, "id": null, "FUNCTIE": "05_Talut2", "Info": null, "Verhaal": null }, "geometry": { "type": "MultiPolygon", "coordinates": [ [ [ [ 5.149956328101522, 52.080600517399503 ], [ 5.149955337249488, 52.080600503739454 ], [ 5.149798172197623, 52.080655416038198 ], [ 5.149830161312813, 52.080689172434482 ], [ 5.149978469486587, 52.080626050714791 ], [ 5.149956328101522, 52.080600517399503 ] ] ] ] } },
{ "type": "Feature", "properties": { "fid": 1173, "id": null, "FUNCTIE": "04_Talut1", "Info": null, "Verhaal": null }, "geometry": { "type": "MultiPolygon", "coordinates": [ [ [ [ 5.13287459629533, 52.068213066283562 ], [ 5.132919651453957, 52.068219173262143 ], [ 5.13293188453278, 52.068210938934087 ], [ 5.132868554235016, 52.06820404084322 ], [ 5.13287459629533, 52.068213066283562 ] ] ] ] } },
{ "type": "Feature", "properties": { "fid": 1174, "id": null, "FUNCTIE": "04_Talut1", "Info": null, "Verhaal": null }, "geometry": { "type": "MultiPolygon", "coordinates": [ [ [ [ 5.133013447454417, 52.068226138143828 ], [ 5.133272887487889, 52.068249237292868 ], [ 5.133283284060515, 52.068242500936911 ], [ 5.133008628246079, 52.068216364378863 ], [ 5.133013447454417, 52.068226138143828 ] ] ] ] } },
{ "type": "Feature", "properties": { "fid": 1175, "id": null, "FUNCTIE": "05_Talut2", "Info": null, "Verhaal": null }, "geometry": { "type": "MultiPolygon", "coordinates": [ [ [ [ 5.133082112886044, 52.068367478720873 ], [ 5.13326652993124, 52.068511327585021 ], [ 5.133309763960524, 52.068483401093623 ], [ 5.133153885531379, 52.068362232334749 ], [ 5.133143143908526, 52.068351091003777 ], [ 5.133137279701141, 52.068343143877435 ], [ 5.133137103679812, 52.068336809058877 ], [ 5.133082112886044, 52.068367478720873 ] ] ] ] } },
{ "type": "Feature", "properties": { "fid": 1176, "id": null, "FUNCTIE": "05_Talut2", "Info": null, "Verhaal": null }, "geometry": { "type": "MultiPolygon", "coordinates": [ [ [ [ 5.133730585532073, 52.068439666513953 ], [ 5.133387624591395, 52.068647526521147 ], [ 5.133426476617239, 52.068673146093083 ], [ 5.13377495774841, 52.068469016036524 ], [ 5.133730585532073, 52.068439666513953 ] ] ] ] } },
{ "type": "Feature", "properties": { "fid": 1177, "id": null, "FUNCTIE": "04_Talut1", "Info": null, "Verhaal": null }, "geometry": { "type": "MultiPolygon", "coordinates": [ [ [ [ 5.133362997922919, 52.068261450919337 ], [ 5.133585295017795, 52.068280045360751 ], [ 5.133746619366471, 52.068305849318754 ], [ 5.133766147091702, 52.06830063491968 ], [ 5.133590817506038, 52.068273214874509 ], [ 5.13347512010764, 52.06826019439977 ], [ 5.133358801585338, 52.068249425492198 ], [ 5.133362997922919, 52.068261450919337 ] ] ] ] } },
{ "type": "Feature", "properties": { "fid": 1178, "id": null, "FUNCTIE": "04_Talut1", "Info": null, "Verhaal": null }, "geometry": { "type": "MultiPolygon", "coordinates": [ [ [ [ 5.133932735169305, 52.068398955833906 ], [ 5.133957125697042, 52.06840538821033 ], [ 5.13395151668463, 52.068399065253296 ], [ 5.133939814731185, 52.068387032117322 ], [ 5.133924122893057, 52.068373700364504 ], [ 5.133918835250009, 52.06836974967112 ], [ 5.133910188927694, 52.068363766175978 ], [ 5.133903930780789, 52.06835976242801 ], [ 5.133890781179575, 52.068352120967191 ], [ 5.13388097877446, 52.068347019963674 ], [ 5.133871337566969, 52.068342437976185 ], [ 5.133849966221022, 52.06833362256851 ], [ 5.133825882907051, 52.068325427210709 ], [ 5.133831727266185, 52.068336099921041 ], [ 5.133837168738559, 52.068338126669943 ], [ 5.133845754283695, 52.068341574590455 ], [ 5.133857133048584, 52.068346546505069 ], [ 5.133866639950254, 52.068351082380197 ], [ 5.13387149599647, 52.068353544536187 ], [ 5.133878875547433, 52.06835748883146 ], [ 5.133886334729593, 52.068361743240935 ], [ 5.133895975588676, 52.068367682082517 ], [ 5.133902600722302, 52.068372084977149 ], [ 5.133908751942504, 52.068376436242474 ], [ 5.133916242077794, 52.068382118610131 ], [ 5.13392295139716, 52.068387615575247 ], [ 5.133932735169305, 52.068398955833906 ] ] ] ] } },
{ "type": "Feature", "properties": { "fid": 1179, "id": null, "FUNCTIE": "04_Talut1", "Info": null, "Verhaal": null }, "geometry": { "type": "MultiPolygon", "coordinates": [ [ [ [ 5.133985842832377, 52.068457327356718 ], [ 5.133997336971298, 52.068476077849773 ], [ 5.13400191851518, 52.06848470158382 ], [ 5.134007351836498, 52.068496173127734 ], [ 5.134013264598217, 52.068510930052994 ], [ 5.134015769328781, 52.068518276502935 ], [ 5.134019598842618, 52.068531661232363 ], [ 5.134023404939005, 52.068550458801063 ], [ 5.13402495885943, 52.068570888728949 ], [ 5.134037108636544, 52.068575182272923 ], [ 5.134037821829424, 52.068565928944658 ], [ 5.134036597474302, 52.068546852823104 ], [ 5.134033120954335, 52.068528008204815 ], [ 5.134029854026201, 52.068516456871521 ], [ 5.134023137079475, 52.068498796973302 ], [ 5.134013685787753, 52.068480177808439 ], [ 5.134003346310076, 52.068463975798629 ], [ 5.133993191970071, 52.068450582112263 ], [ 5.133985842832377, 52.068457327356718 ] ] ] ] } },
{ "type": "Feature", "properties": { "fid": 1180, "id": null, "FUNCTIE": "05_Talut2", "Info": null, "Verhaal": null }, "geometry": { "type": "MultiPolygon", "coordinates": [ [ [ [ 5.133984900898426, 52.068623298247886 ], [ 5.134106840690301, 52.068610046296989 ], [ 5.134098505059272, 52.068575481432347 ], [ 5.133976561122305, 52.068589484375032 ], [ 5.133984900898426, 52.068623298247886 ] ] ] ] } },
{ "type": "Feature", "properties": { "fid": 1181, "id": null, "FUNCTIE": "04_Talut1", "Info": null, "Verhaal": null }, "geometry": { "type": "MultiPolygon", "coordinates": [ [ [ [ 5.134045561578298, 52.06867149567249 ], [ 5.134061305663354, 52.068675129542314 ], [ 5.134052535179417, 52.068623445972698 ], [ 5.134039568610705, 52.068633568290231 ], [ 5.134045561578298, 52.06867149567249 ] ] ] ] } },
{ "type": "Feature", "properties": { "fid": 1182, "id": null, "FUNCTIE": "04_Talut1", "Info": null, "Verhaal": null }, "geometry": { "type": "MultiPolygon", "coordinates": [ [ [ [ 5.134081508139048, 52.068780471281244 ], [ 5.13410219354696, 52.068785815801725 ], [ 5.134080571686371, 52.068730151259494 ], [ 5.134065922609774, 52.068734625359411 ], [ 5.134081508139048, 52.068780471281244 ] ] ] ] } },
{ "type": "Feature", "properties": { "fid": 1183, "id": null, "FUNCTIE": "04_Talut1", "Info": null, "Verhaal": null }, "geometry": { "type": "MultiPolygon", "coordinates": [ [ [ [ 5.134114406948417, 52.068901456464488 ], [ 5.13413015429214, 52.068905996928592 ], [ 5.134110766434146, 52.068840788823024 ], [ 5.134096969825033, 52.068847720848474 ], [ 5.134114406948417, 52.068901456464488 ] ] ] ] } },
{ "type": "Feature", "properties": { "fid": 977, "id": null, "FUNCTIE": "05_Talut2", "Info": null, "Verhaal": null }, "geometry": { "type": "MultiPolygon", "coordinates": [ [ [ [ 5.152092183497126, 52.080754113650897 ], [ 5.152090875445626, 52.080756732306646 ], [ 5.152079551713262, 52.080836375104873 ], [ 5.15213745921184, 52.080835499628641 ], [ 5.152139506319902, 52.080752268659779 ], [ 5.152092183497126, 52.080754113650897 ] ] ] ] } },
{ "type": "Feature", "properties": { "fid": 1184, "id": null, "FUNCTIE": "04_Talut1", "Info": null, "Verhaal": null }, "geometry": { "type": "MultiPolygon", "coordinates": [ [ [ [ 5.134073033381109, 52.069050818075702 ], [ 5.134078708081996, 52.069060593657554 ], [ 5.134155775043843, 52.06900894186537 ], [ 5.134139949577079, 52.069005904059608 ], [ 5.134073033381109, 52.069050818075702 ] ] ] ] } },
{ "type": "Feature", "properties": { "fid": 979, "id": null, "FUNCTIE": "05_Talut2", "Info": null, "Verhaal": null }, "geometry": { "type": "MultiPolygon", "coordinates": [ [ [ [ 5.152017402227145, 52.080726256726564 ], [ 5.151999888494218, 52.080692533776876 ], [ 5.151875894898497, 52.080720028728869 ], [ 5.15188697650606, 52.080753742832471 ], [ 5.152017402227145, 52.080726256726564 ] ] ] ] } },
{ "type": "Feature", "properties": { "fid": 1185, "id": null, "FUNCTIE": "04_Talut1", "Info": null, "Verhaal": null }, "geometry": { "type": "MultiPolygon", "coordinates": [ [ [ [ 5.134139949577079, 52.069005904059608 ], [ 5.134155775043843, 52.06900894186537 ], [ 5.134139035816038, 52.068951828211027 ], [ 5.134124382437957, 52.068957053327928 ], [ 5.134139949577079, 52.069005904059608 ] ] ] ] } },
{ "type": "Feature", "properties": { "fid": 1186, "id": null, "FUNCTIE": "04_Talut1", "Info": null, "Verhaal": null }, "geometry": { "type": "MultiPolygon", "coordinates": [ [ [ [ 5.134255546820076, 52.069030790844508 ], [ 5.134350450586367, 52.069051151972822 ], [ 5.134127365528072, 52.068227797327644 ], [ 5.132858131419693, 52.06810788803552 ], [ 5.132861614930463, 52.068142443763641 ], [ 5.132923892361497, 52.068146272076817 ], [ 5.132945790830395, 52.068178791917866 ], [ 5.132999985312673, 52.068184404720192 ], [ 5.133039857516424, 52.068158219163088 ], [ 5.133279456867127, 52.06818024292204 ], [ 5.133310202744383, 52.068210346093053 ], [ 5.133347718738083, 52.068216020234715 ], [ 5.133378012219016, 52.068192390445482 ], [ 5.133487704320425, 52.06820088787326 ], [ 5.133794497782497, 52.068243619813316 ], [ 5.133807990942353, 52.068273759771067 ], [ 5.133857323868946, 52.068287235636483 ], [ 5.133889367638957, 52.068276872327658 ], [ 5.133902363976119, 52.068281726009864 ], [ 5.133925110574736, 52.068291248933775 ], [ 5.133933169468947, 52.068294965132282 ], [ 5.133945584673217, 52.068301076295732 ], [ 5.133954028459367, 52.068305520551874 ], [ 5.1339625650919, 52.068310270715031 ], [ 5.133979777215187, 52.06832072232573 ], [ 5.133999343116987, 52.068334266433865 ], [ 5.1340095275633, 52.068342163886122 ], [ 5.134018738398294, 52.068349907734564 ], [ 5.134032049635478, 52.068362315474417 ], [ 5.13404098366836, 52.068371638387383 ], [ 5.134050836347107, 52.06838311826494 ], [ 5.134032703871202, 52.068403661855584 ], [ 5.134055889825562, 52.068431322933343 ], [ 5.134101684774536, 52.068444812578591 ], [ 5.134121912609417, 52.068488925453686 ], [ 5.134121912609417, 52.068488925453686 ], [ 5.134135337162611, 52.068539345167267 ], [ 5.134137613025353, 52.068556041668394 ], [ 5.134098505059272, 52.068575481432347 ], [ 5.134106787049041, 52.068609823866176 ], [ 5.134154287008037, 52.06862441915726 ], [ 5.134161395587295, 52.068660483367545 ], [ 5.134125115730239, 52.068678241259093 ], [ 5.134135503575437, 52.068713748872739 ], [ 5.134180512736267, 52.068728116397629 ], [ 5.134194852965946, 52.068770830150775 ], [ 5.134155783828047, 52.068791232148421 ], [ 5.134164378730496, 52.068823523954599 ], [ 5.134210429911403, 52.068835787077063 ], [ 5.134222926638147, 52.068884786272051 ], [ 5.134188050989501, 52.068906954295542 ], [ 5.134193898626827, 52.068937384114015 ], [ 5.134236544303815, 52.068949036952141 ], [ 5.134255546820076, 52.069030790844508 ] ] ] ] } },
{ "type": "Feature", "properties": { "fid": 1187, "id": null, "FUNCTIE": "04_Talut1", "Info": null, "Verhaal": null }, "geometry": { "type": "MultiPolygon", "coordinates": [ [ [ [ 5.134255546820076, 52.069030790844508 ], [ 5.134155288113799, 52.069095307500213 ], [ 5.134104140361917, 52.06908769061755 ], [ 5.134068720170897, 52.069113176224839 ], [ 5.134078229469264, 52.069145457292692 ], [ 5.133994187825516, 52.069199954878052 ], [ 5.133945506838045, 52.069191792073816 ], [ 5.133912111564848, 52.069212685882491 ], [ 5.133932449014487, 52.06924263181169 ], [ 5.133755553232805, 52.069359370984209 ], [ 5.13377741134703, 52.069417831847538 ], [ 5.134350450586367, 52.069051151972822 ], [ 5.134255546820076, 52.069030790844508 ] ] ] ] } },
{ "type": "Feature", "properties": { "fid": 1188, "id": null, "FUNCTIE": "04_Talut1", "Info": null, "Verhaal": null }, "geometry": { "type": "MultiPolygon", "coordinates": [ [ [ [ 5.13401757657102, 52.069095757881151 ], [ 5.134000515485837, 52.069095720624439 ], [ 5.13391491292821, 52.069148182565009 ], [ 5.133918488792252, 52.069162381803132 ], [ 5.13401757657102, 52.069095757881151 ] ] ] ] } },
{ "type": "Feature", "properties": { "fid": 1189, "id": null, "FUNCTIE": "04_Talut1", "Info": null, "Verhaal": null }, "geometry": { "type": "MultiPolygon", "coordinates": [ [ [ [ 5.133926110083197, 52.06910757435444 ], [ 5.13392606346363, 52.06911583541762 ], [ 5.133946177219177, 52.069129022114964 ], [ 5.13395285797683, 52.069124927781758 ], [ 5.133926110083197, 52.06910757435444 ] ] ] ] } },
{ "type": "Feature", "properties": { "fid": 1190, "id": null, "FUNCTIE": "04_Talut1", "Info": null, "Verhaal": null }, "geometry": { "type": "MultiPolygon", "coordinates": [ [ [ [ 5.133850645921792, 52.06919903332723 ], [ 5.133706966440064, 52.06928508606498 ], [ 5.133723997918406, 52.069290380403132 ], [ 5.133867097726736, 52.069199069272535 ], [ 5.133850645921792, 52.06919903332723 ] ] ] ] } },
{ "type": "Feature", "properties": { "fid": 1191, "id": null, "FUNCTIE": "05_Talut2", "Info": null, "Verhaal": null }, "geometry": { "type": "MultiPolygon", "coordinates": [ [ [ [ 5.133778257258028, 52.068745780469669 ], [ 5.133927749570814, 52.068994800106431 ], [ 5.133967330452895, 52.068960465468393 ], [ 5.133831943925766, 52.068734114200424 ], [ 5.133778257258028, 52.068745780469669 ] ] ] ] } },
{ "type": "Feature", "properties": { "fid": 987, "id": null, "FUNCTIE": "02_Maaiveld", "Info": null, "Verhaal": null }, "geometry": { "type": "MultiPolygon", "coordinates": [ [ [ [ 5.153778719277064, 52.082864242829679 ], [ 5.153923621052988, 52.082837774213843 ], [ 5.153902793605, 52.082821877959262 ], [ 5.153778843320484, 52.082840460506254 ], [ 5.153778719277064, 52.082864242829679 ] ] ] ] } },
{ "type": "Feature", "properties": { "fid": 988, "id": null, "FUNCTIE": "05_Talut2", "Info": null, "Verhaal": null }, "geometry": { "type": "MultiPolygon", "coordinates": [ [ [ [ 5.102677054674383, 52.129429187735056 ], [ 5.102747429148774, 52.129492818969901 ], [ 5.10278964730064, 52.12947451797266 ], [ 5.102721067395832, 52.129416526460169 ], [ 5.102677054674383, 52.129429187735056 ] ] ] ] } },
{ "type": "Feature", "properties": { "fid": 989, "id": null, "FUNCTIE": "06_Info", "Info": "Fort de Gagel", "Verhaal": "Fort de Gagel behoort bij de eerste groep forten van de Linie van Utrecht, die liep vanaf dit fort tot aan Fort Jutphaas. \n\nOp de kruising van de Gageldijk met de Klop- en Kerkeindsche dijken werd in 1820 een “aarden redoute” aangelegd. Het lag ter plaatse van het gehucht \"De Gagel”, dat zijn naam ontleende aan de boerderij die behouden bleef.  " }, "geometry": { "type": "MultiPolygon", "coordinates": [ [ [ [ 5.102473387804756, 52.130091296609798 ], [ 5.103135902198806, 52.129814074344957 ], [ 5.103300969814345, 52.13004384509648 ], [ 5.103572394821182, 52.130262712454844 ], [ 5.103709830842113, 52.130225066136163 ], [ 5.103467863467237, 52.130001081137834 ], [ 5.103316971478226, 52.12974241279619 ], [ 5.103716315666363, 52.129576381671356 ], [ 5.103843639900269, 52.129476510751772 ], [ 5.103864885183513, 52.129409599601495 ], [ 5.103817619450872, 52.129289878489359 ], [ 5.103431508185622, 52.128905814425934 ], [ 5.102739240824144, 52.129179247303306 ], [ 5.10222004301745, 52.128638739152912 ], [ 5.101800362366693, 52.1281668530657 ], [ 5.101512831506223, 52.128285380030242 ], [ 5.101994584069577, 52.128698974231 ], [ 5.101853747134586, 52.128779091447683 ], [ 5.101312944545005, 52.129012071838773 ], [ 5.101263793160717, 52.129038221509958 ], [ 5.101192921872162, 52.12910049705502 ], [ 5.101161419477314, 52.129165115696217 ], [ 5.101157962267797, 52.129193085112931 ], [ 5.101165206164506, 52.129241992559322 ], [ 5.101195696401237, 52.129298775697009 ], [ 5.101962274882956, 52.130011744127906 ], [ 5.102073690446447, 52.130092062949622 ], [ 5.102196310165273, 52.13012595550348 ], [ 5.102325867387725, 52.130127568493023 ], [ 5.102473387804756, 52.130091296609798 ] ] ] ] } },
{ "type": "Feature", "properties": { "fid": 990, "id": null, "FUNCTIE": "06_Info", "Info": "Fort de klop", "Verhaal": "Fort aan de Klop behoort bij de eerste groep forten van de Linie van Utrecht, die liep vanaf dit fort tot aan Fort Jutphaas. \n\nIn 1820 als “aarden redoute” aangelegd op de oostelijke oever van de Vecht, bij herberg “de Klop”.  " }, "geometry": { "type": "MultiPolygon", "coordinates": [ [ [ [ 5.087538278984413, 52.118998469115603 ], [ 5.08758959120647, 52.119557855014513 ], [ 5.087894196323782, 52.119720072268869 ], [ 5.088356184368775, 52.119903335358011 ], [ 5.088416108048051, 52.119917128728254 ], [ 5.088462433115231, 52.119922984198269 ], [ 5.088497624112788, 52.119924662946893 ], [ 5.088535002066235, 52.119923513887315 ], [ 5.088573487708799, 52.11991863882961 ], [ 5.088612001770431, 52.119909139585218 ], [ 5.088630932185822, 52.119902375209506 ], [ 5.08866746523985, 52.119884255584552 ], [ 5.088684798060111, 52.119872675789033 ], [ 5.088954705127013, 52.119642043428499 ], [ 5.089000887746919, 52.119596971566835 ], [ 5.089250091459136, 52.119387154024643 ], [ 5.089264617963981, 52.119369876152589 ], [ 5.089277046533062, 52.119349459299698 ], [ 5.089284136255134, 52.119332513695568 ], [ 5.089288676253194, 52.119313432741315 ], [ 5.089289301160862, 52.11929267256123 ], [ 5.089287718779736, 52.119281805300275 ], [ 5.089279910997299, 52.119259381513992 ], [ 5.089264774723269, 52.119236418810303 ], [ 5.089254031728314, 52.119224877902298 ], [ 5.089225342676585, 52.119201962048187 ], [ 5.089196202762555, 52.11918483332142 ], [ 5.089001813266842, 52.11910674514472 ], [ 5.088976820326575, 52.119075582273602 ], [ 5.088979342316954, 52.119041697768722 ], [ 5.088966317937393, 52.118925707224591 ], [ 5.088957111950468, 52.118906632006102 ], [ 5.088944190114132, 52.118888321562423 ], [ 5.08893156661336, 52.118874469979012 ], [ 5.088915263578433, 52.118860119573725 ], [ 5.088883024187339, 52.118839190313821 ], [ 5.088840228295189, 52.118821077202156 ], [ 5.088805158143316, 52.118811733280808 ], [ 5.08878550936131, 52.118808143331542 ], [ 5.088744503944579, 52.118803733628646 ], [ 5.088196003490173, 52.118826354358731 ], [ 5.08776312814841, 52.118850118614191 ], [ 5.087717081884802, 52.118857377282737 ], [ 5.087678970348667, 52.118867512766421 ], [ 5.087638223306676, 52.118883657941112 ], [ 5.087611706492292, 52.118898436667941 ], [ 5.087587186418127, 52.118916901210092 ], [ 5.087565930317116, 52.118939457505896 ], [ 5.087549205425504, 52.118966511494605 ], [ 5.087538278984413, 52.118998469115603 ] ] ] ] } },
{ "type": "Feature", "properties": { "fid": 991, "id": null, "FUNCTIE": "01_Water", "Info": null, "Verhaal": null }, "geometry": { "type": "MultiPolygon", "coordinates": [ [ [ [ 5.141997320353065, 52.121869116158727 ], [ 5.142068215716575, 52.121857370957827 ], [ 5.139881068787421, 52.118020564063364 ], [ 5.139948499482891, 52.117996587374542 ], [ 5.139980660726748, 52.117981389282228 ], [ 5.14000537458189, 52.117967235637053 ], [ 5.140029682961011, 52.117950522895455 ], [ 5.14005276353967, 52.11793107321575 ], [ 5.140072555553433, 52.117910178292682 ], [ 5.140090270871861, 52.117885729023108 ], [ 5.140105543598469, 52.117854855590167 ], [ 5.140114002738576, 52.117824907669558 ], [ 5.140390626434013, 52.117217002440121 ], [ 5.140331175640277, 52.117216390035367 ], [ 5.140316340166694, 52.117219986558823 ], [ 5.140113486636957, 52.117231576268601 ], [ 5.139823608910197, 52.117839278614362 ], [ 5.138757398065935, 52.117369342583565 ], [ 5.139393002837488, 52.117115012510709 ], [ 5.139182648285482, 52.116744014786839 ], [ 5.139140728723685, 52.116751775239607 ], [ 5.138841132428869, 52.116246172655138 ], [ 5.138815141128272, 52.116233823756403 ], [ 5.13877007604977, 52.116241656904826 ], [ 5.138760495339827, 52.11625375723964 ], [ 5.139053599284748, 52.116771433064763 ], [ 5.138676561604272, 52.116851901957155 ], [ 5.138710468545203, 52.117123484241567 ], [ 5.137536017625226, 52.117596664550085 ], [ 5.137289144233949, 52.116833280022256 ], [ 5.13753456964216, 52.11666921394383 ], [ 5.136908070002028, 52.115974708326654 ], [ 5.136413667465558, 52.116033996184406 ], [ 5.135639388306771, 52.115607563533239 ], [ 5.135639261443631, 52.11560604542646 ], [ 5.137220611220752, 52.114706481430318 ], [ 5.13753798559869, 52.114970843705066 ], [ 5.137568197784289, 52.114989374170548 ], [ 5.137602361662468, 52.115003178917284 ], [ 5.137634114124839, 52.115011288924187 ], [ 5.137666684613568, 52.11501581957922 ], [ 5.137705348952204, 52.115016767200963 ], [ 5.137738201206336, 52.11501398404161 ], [ 5.137767711650412, 52.11500860604891 ], [ 5.138007820688564, 52.11494981371586 ], [ 5.13847320635547, 52.115769157274535 ], [ 5.138505392278936, 52.115785241015097 ], [ 5.138521358662793, 52.115809045532373 ], [ 5.138560020003951, 52.115797269433138 ], [ 5.138550551257501, 52.115773428574713 ], [ 5.138560141853521, 52.115745349626508 ], [ 5.138098166233465, 52.1149321414469 ], [ 5.138571633536016, 52.114826706018768 ], [ 5.138595004799265, 52.114820263179723 ], [ 5.138618657928948, 52.114811559117996 ], [ 5.138643606349547, 52.114799211339715 ], [ 5.138662921403339, 52.114786324163077 ], [ 5.138681399753821, 52.114769290858064 ], [ 5.138692978192536, 52.114753824534226 ], [ 5.1387024150144, 52.114733588775671 ], [ 5.138707691774503, 52.114711671474041 ], [ 5.138709605725055, 52.114690391318995 ], [ 5.138707820416765, 52.114670801988943 ], [ 5.138702299151423, 52.114650241294491 ], [ 5.138691501491177, 52.114625675405172 ], [ 5.138504562350536, 52.113839683702231 ], [ 5.138491692598707, 52.113806611587719 ], [ 5.138472047127778, 52.113778413819752 ], [ 5.138457784505249, 52.113763828178435 ], [ 5.138440064093399, 52.113749521653745 ], [ 5.138406183310269, 52.113729575525163 ], [ 5.13836514802914, 52.113713631460755 ], [ 5.1383296250284, 52.113704736755317 ], [ 5.138280157339525, 52.113698278963582 ], [ 5.138229680430358, 52.113697912472865 ], [ 5.138179716112858, 52.11370354761025 ], [ 5.138143494729004, 52.113711658589466 ], [ 5.138109059714684, 52.113723057216205 ], [ 5.137620829746804, 52.11393042323747 ], [ 5.137713416491141, 52.114100780490752 ], [ 5.138265421366226, 52.113789114716418 ], [ 5.138466615306374, 52.114645564889535 ], [ 5.137647927638685, 52.114832120820331 ], [ 5.136837363856507, 52.114138754295794 ], [ 5.137625960566841, 52.114122545903619 ], [ 5.137530379801223, 52.113949814618429 ], [ 5.137479262976134, 52.113910199173823 ], [ 5.137434176993602, 52.113916010118736 ], [ 5.137414066780081, 52.113969541017447 ], [ 5.136847521629398, 52.114036756595759 ], [ 5.136810106470485, 52.1140435653232 ], [ 5.136775626595504, 52.114053238116064 ], [ 5.13674059473885, 52.114067727195945 ], [ 5.136715896821521, 52.114082343308155 ], [ 5.136693515935578, 52.114101188550734 ], [ 5.136676129431993, 52.114123615918359 ], [ 5.136665523488222, 52.114147846229969 ], [ 5.136661718962035, 52.11417331316246 ], [ 5.136664736712487, 52.114199450391297 ], [ 5.136674597599036, 52.114225691590704 ], [ 5.136691322480651, 52.1142514704337 ], [ 5.136714932214921, 52.114276220592053 ], [ 5.136989797301356, 52.114505698145926 ], [ 5.135235575056556, 52.115495535129561 ], [ 5.135203894227993, 52.115519360110042 ], [ 5.135173211616243, 52.115549108355609 ], [ 5.135151420693809, 52.115577196704535 ], [ 5.135133772698905, 52.115609910015415 ], [ 5.135123054335989, 52.115646954085207 ], [ 5.135121134712639, 52.115673910823155 ], [ 5.135124461503212, 52.115703039493035 ], [ 5.135139508147421, 52.11574501429714 ], [ 5.135154782617814, 52.115769928230385 ], [ 5.135183135149803, 52.115802718500724 ], [ 5.135215107579381, 52.115830039947575 ], [ 5.135257711847503, 52.115858015802829 ], [ 5.135285403369107, 52.115872698883059 ], [ 5.135317589574583, 52.115887248252086 ], [ 5.136571603636939, 52.116569438796496 ], [ 5.136947862147569, 52.117705863333391 ], [ 5.136962642005098, 52.117734502466817 ], [ 5.136977890080693, 52.117758099649514 ], [ 5.136998158187886, 52.117784162282398 ], [ 5.137024049895374, 52.11781171485714 ], [ 5.137074752013957, 52.117853703432473 ], [ 5.137117343333567, 52.11788071300338 ], [ 5.137141502302176, 52.117893557127381 ], [ 5.13719592408174, 52.117917314354898 ], [ 5.137258987278988, 52.117937683956427 ], [ 5.1373293489387, 52.117953289871323 ], [ 5.137398304409939, 52.117962212267038 ], [ 5.137464325317265, 52.117965227705056 ], [ 5.13752676273934, 52.117963346727613 ], [ 5.137584967763441, 52.117957579877832 ], [ 5.137662920077061, 52.117943854156771 ], [ 5.137727699441028, 52.117927069531767 ], [ 5.137800443714171, 52.11790156090774 ], [ 5.138666529751839, 52.117541677383393 ], [ 5.139790631891959, 52.118011861055002 ], [ 5.141997320353065, 52.121869116158727 ] ] ] ] } },
{ "type": "Feature", "properties": { "fid": 992, "id": null, "FUNCTIE": "01_Water", "Info": null, "Verhaal": null }, "geometry": { "type": "MultiPolygon", "coordinates": [ [ [ [ 5.14127414107729, 52.114593826975728 ], [ 5.141355067409402, 52.114149281554248 ], [ 5.14135508230564, 52.114121257020784 ], [ 5.141349661948399, 52.114086841559356 ], [ 5.141341582769591, 52.114061368887668 ], [ 5.141328918893081, 52.114034588029945 ], [ 5.141310802711114, 52.114007111875068 ], [ 5.141286366617415, 52.113979553310699 ], [ 5.141254743006343, 52.113952525222714 ], [ 5.141215064271767, 52.113926640494732 ], [ 5.141192817711844, 52.11391476801009 ], [ 5.141170225419021, 52.113904244453735 ], [ 5.141124290529949, 52.113886875850298 ], [ 5.141078079038365, 52.11387393944463 ], [ 5.14103245950798, 52.113864868260436 ], [ 5.140988300504663, 52.113859095322844 ], [ 5.140946470596982, 52.113856053658168 ], [ 5.140889992791002, 52.11385537204518 ], [ 5.140830947578219, 52.113858730943925 ], [ 5.140788642956944, 52.113863897804634 ], [ 5.138666302248176, 52.114063429099545 ], [ 5.138739135099321, 52.114303236692479 ], [ 5.140796971608774, 52.114119266756454 ], [ 5.140647733351825, 52.114945002931229 ], [ 5.140151481179483, 52.115066175476024 ], [ 5.140375489033646, 52.115874381831972 ], [ 5.140816220974366, 52.115907001839481 ], [ 5.141358644199497, 52.116776051156663 ], [ 5.139981568368709, 52.116852561369569 ], [ 5.139743118360629, 52.116624276627313 ], [ 5.139289012378642, 52.116718441718071 ], [ 5.139496183411849, 52.117091423728013 ], [ 5.140194721964257, 52.117055243041911 ], [ 5.140139861570597, 52.117174027470462 ], [ 5.140332804081205, 52.117172452033785 ], [ 5.140346453431607, 52.117177259479384 ], [ 5.140397230421026, 52.117162675168338 ], [ 5.141436643577706, 52.117111352166056 ], [ 5.141504895861551, 52.117099744827648 ], [ 5.141577055762986, 52.117081342875402 ], [ 5.141639038882615, 52.117060090765705 ], [ 5.141702948591551, 52.117031313807196 ], [ 5.141744486152938, 52.117007442664999 ], [ 5.141764452932414, 52.116993987286619 ], [ 5.141801980277911, 52.11696384715566 ], [ 5.141835229727492, 52.116929148180638 ], [ 5.141858958745943, 52.116896147891786 ], [ 5.141880972982695, 52.116850743509197 ], [ 5.141889263672643, 52.11682165354167 ], [ 5.141893285364894, 52.116793842393932 ], [ 5.141893757522177, 52.116767597313739 ], [ 5.141889384198428, 52.11673179442402 ], [ 5.141881071373565, 52.116701130953139 ], [ 5.141871247204758, 52.11667657636162 ], [ 5.141858354355098, 52.116652265507128 ], [ 5.141469150557052, 52.116015377121016 ], [ 5.141395844696101, 52.11588445652955 ], [ 5.142394340249858, 52.115212562651585 ], [ 5.142452443587706, 52.115171100569739 ], [ 5.142478410991418, 52.115129551870005 ], [ 5.142465827526704, 52.115076018697067 ], [ 5.142453675147515, 52.115049894681135 ], [ 5.14242857293454, 52.115016262654429 ], [ 5.142410254966955, 52.114998582201679 ], [ 5.14239439933684, 52.114986302972923 ], [ 5.14127414107729, 52.114593826975728 ] ] ] ] } },
{ "type": "Feature", "properties": { "fid": 993, "id": null, "FUNCTIE": "06_Info", "Info": "Fort Blauwkapel", "Verhaal": "Fort Blauwkapel behoort bij de eerste groep forten van de Linie van Utrecht, die liep vanaf dit fort tot aan Fort Jutphaas. Het werd al eerste in 1819 aangelegd als gebastioneerde schans met twee ravelijnen en een reduit op de kruising van de Gagel- en Voordorpschedijk en de Maartensdijkscheweg. Het daar gelegen dorp met kerk werd in het fort opgenomen. De Gagel- en Voordorpsedijk werden zuidelijk om het fort heengeleid." }, "geometry": { "type": "MultiPolygon", "coordinates": [ [ [ [ 5.139881068787421, 52.118020564063364 ], [ 5.139948499482891, 52.117996587374542 ], [ 5.139980660726748, 52.117981389282228 ], [ 5.14000537458189, 52.117967235637053 ], [ 5.140029682961011, 52.117950522895455 ], [ 5.14005276353967, 52.11793107321575 ], [ 5.140072555553433, 52.117910178292682 ], [ 5.140090270871861, 52.117885729023108 ], [ 5.140105543598469, 52.117854855590167 ], [ 5.140114002738576, 52.117824907669558 ], [ 5.140397230421026, 52.117162675168338 ], [ 5.141436643577706, 52.117111352166056 ], [ 5.141504895861551, 52.117099744827648 ], [ 5.141577055762986, 52.117081342875402 ], [ 5.141639038882615, 52.117060090765705 ], [ 5.141702948591551, 52.117031313807196 ], [ 5.141744486152938, 52.117007442664999 ], [ 5.141764452932414, 52.116993987286619 ], [ 5.141801980277911, 52.11696384715566 ], [ 5.141835229727492, 52.116929148180638 ], [ 5.141858958745943, 52.116896147891786 ], [ 5.141880972982695, 52.116850743509197 ], [ 5.141889263672643, 52.11682165354167 ], [ 5.141893285364894, 52.116793842393932 ], [ 5.141893757522177, 52.116767597313739 ], [ 5.141889384198428, 52.11673179442402 ], [ 5.141881071373565, 52.116701130953139 ], [ 5.141871247204758, 52.11667657636162 ], [ 5.141858354355098, 52.116652265507128 ], [ 5.141469150557052, 52.116015377121016 ], [ 5.141395844696101, 52.11588445652955 ], [ 5.142394340249858, 52.115212562651585 ], [ 5.142452443587706, 52.115171100569739 ], [ 5.142478410991418, 52.115129551870005 ], [ 5.142465827526704, 52.115076018697067 ], [ 5.142453675147515, 52.115049894681135 ], [ 5.14242857293454, 52.115016262654429 ], [ 5.142410254966955, 52.114998582201679 ], [ 5.14239439933684, 52.114986302972923 ], [ 5.14127414107729, 52.114593826975728 ], [ 5.141355067409402, 52.114149281554248 ], [ 5.14135508230564, 52.114121257020784 ], [ 5.141349661948399, 52.114086841559356 ], [ 5.141341582769591, 52.114061368887668 ], [ 5.141328918893081, 52.114034588029945 ], [ 5.141310802711114, 52.114007111875068 ], [ 5.141286366617415, 52.113979553310699 ], [ 5.141254743006343, 52.113952525222714 ], [ 5.141215064271767, 52.113926640494732 ], [ 5.141192817711844, 52.11391476801009 ], [ 5.141170225419021, 52.113904244453735 ], [ 5.141124290529949, 52.113886875850298 ], [ 5.141078079038365, 52.11387393944463 ], [ 5.14103245950798, 52.113864868260436 ], [ 5.140988300504663, 52.113859095322844 ], [ 5.140946470596982, 52.113856053658168 ], [ 5.140889992791002, 52.11385537204518 ], [ 5.140830947578219, 52.113858730943925 ], [ 5.140788642956944, 52.113863897804634 ], [ 5.138565955914708, 52.114070873400422 ], [ 5.138504562350536, 52.113839683702231 ], [ 5.138491692598707, 52.113806611587719 ], [ 5.138472047127778, 52.113778413819752 ], [ 5.138457784505249, 52.113763828178435 ], [ 5.138440064093399, 52.113749521653745 ], [ 5.138406183310269, 52.113729575525163 ], [ 5.13836514802914, 52.113713631460755 ], [ 5.1383296250284, 52.113704736755317 ], [ 5.138280157339525, 52.113698278963582 ], [ 5.138229680430358, 52.113697912472865 ], [ 5.138179716112858, 52.11370354761025 ], [ 5.138143494729004, 52.113711658589466 ], [ 5.138109059714684, 52.113723057216205 ], [ 5.137620829746804, 52.11393042323747 ], [ 5.137479262976134, 52.113910199173823 ], [ 5.137434176993602, 52.113916010118736 ], [ 5.137414066780081, 52.113969541017447 ], [ 5.136847521629398, 52.114036756595759 ], [ 5.136810106470485, 52.1140435653232 ], [ 5.136775626595504, 52.114053238116064 ], [ 5.13674059473885, 52.114067727195945 ], [ 5.136715896821521, 52.114082343308155 ], [ 5.136693515935578, 52.114101188550734 ], [ 5.136676129431993, 52.114123615918359 ], [ 5.136665523488222, 52.114147846229969 ], [ 5.136661718962035, 52.11417331316246 ], [ 5.136664736712487, 52.114199450391297 ], [ 5.136674597599036, 52.114225691590704 ], [ 5.136691322480651, 52.1142514704337 ], [ 5.136714932214921, 52.114276220592053 ], [ 5.136989797301356, 52.114505698145926 ], [ 5.135235575056556, 52.115495535129561 ], [ 5.135203894227993, 52.115519360110042 ], [ 5.135173211616243, 52.115549108355609 ], [ 5.135151420693809, 52.115577196704535 ], [ 5.135133772698905, 52.115609910015415 ], [ 5.135123054335989, 52.115646954085207 ], [ 5.135121134712639, 52.115673910823155 ], [ 5.135124461503212, 52.115703039493035 ], [ 5.135139508147421, 52.11574501429714 ], [ 5.135154782617814, 52.115769928230385 ], [ 5.135183135149803, 52.115802718500724 ], [ 5.135215107579381, 52.115830039947575 ], [ 5.135257711847503, 52.115858015802829 ], [ 5.135285403369107, 52.115872698883059 ], [ 5.135317589574583, 52.115887248252086 ], [ 5.136571603636939, 52.116569438796496 ], [ 5.136947862147569, 52.117705863333391 ], [ 5.136962642005098, 52.117734502466817 ], [ 5.136977890080693, 52.117758099649514 ], [ 5.136998158187886, 52.117784162282398 ], [ 5.137024049895374, 52.11781171485714 ], [ 5.137074752013957, 52.117853703432473 ], [ 5.137117343333567, 52.11788071300338 ], [ 5.137141502302176, 52.117893557127381 ], [ 5.13719592408174, 52.117917314354898 ], [ 5.137258987278988, 52.117937683956427 ], [ 5.1373293489387, 52.117953289871323 ], [ 5.137398304409939, 52.117962212267038 ], [ 5.137464325317265, 52.117965227705056 ], [ 5.13752676273934, 52.117963346727613 ], [ 5.137584967763441, 52.117957579877832 ], [ 5.137662920077061, 52.117943854156771 ], [ 5.137727699441028, 52.117927069531767 ], [ 5.137800443714171, 52.11790156090774 ], [ 5.138666529751839, 52.117541677383393 ], [ 5.139790631891959, 52.118011861055002 ], [ 5.139881068787421, 52.118020564063364 ] ] ] ] } },
{ "type": "Feature", "properties": { "fid": 994, "id": null, "FUNCTIE": "06_Info", "Info": "Fort op de Biltstraat", "Verhaal": "Het Fort op de Biltstraat behoort bij de eerste groep forten van de Linie van Utrecht, die liep vanaf Fort aan de Klop tot aan Fort Jutphaas. Het werd in 1818 aangelegd als gebastioneerde schans met aan de zuidzijde een couvre-face. Het reduit is in 1819 gebouwd. Het fort werd over de weg naar De Bilt heen gebouwd, tussen de in 1815 gebouwde inundatieduiker en de Groeneweg. De weg bleef aanvankelijk nog door het fort lopen." }, "geometry": { "type": "MultiPolygon", "coordinates": [ [ [ [ 5.144674287457699, 52.098128999149004 ], [ 5.14465231571617, 52.0981849401769 ], [ 5.14464189941297, 52.09823733588204 ], [ 5.144641009866075, 52.098286998021834 ], [ 5.144650588062631, 52.098349328076637 ], [ 5.144664747183561, 52.098393093960929 ], [ 5.144687499652069, 52.098430719400312 ], [ 5.144717299447056, 52.098461761120234 ], [ 5.144736948901076, 52.098477120883302 ], [ 5.144758162458474, 52.098490645187098 ], [ 5.14480701168561, 52.098513975567251 ], [ 5.144890546573979, 52.098542624923397 ], [ 5.145022035164096, 52.098580141768785 ], [ 5.145133863948363, 52.098604869933688 ], [ 5.145237426329444, 52.09862212058043 ], [ 5.146021979562957, 52.09870554085802 ], [ 5.146126378023556, 52.098711904581805 ], [ 5.146215672507723, 52.098712321070323 ], [ 5.146294758438035, 52.098707112831782 ], [ 5.146336628077474, 52.09870175664382 ], [ 5.146373672560211, 52.098695242707898 ], [ 5.146435142991749, 52.098678960493039 ], [ 5.146511084938211, 52.098650383410273 ], [ 5.146642043146235, 52.098594341613826 ], [ 5.146724754181108, 52.098552287711541 ], [ 5.146763534248075, 52.098528982282239 ], [ 5.146804788028659, 52.098500935573256 ], [ 5.146841922545172, 52.098472245029839 ], [ 5.146876572199943, 52.098442059865548 ], [ 5.148360988727482, 52.09853175295278 ], [ 5.148444755423207, 52.098534503545224 ], [ 5.148543387668451, 52.09853323723835 ], [ 5.148624923516907, 52.098528264442479 ], [ 5.148707477534054, 52.098518239502482 ], [ 5.148806708040387, 52.098499972029678 ], [ 5.148881014702703, 52.098480596443324 ], [ 5.148945848978748, 52.098456912360469 ], [ 5.148997592938986, 52.098431631017085 ], [ 5.149040789265301, 52.098404570231374 ], [ 5.149086178923501, 52.09836763514533 ], [ 5.149121829164563, 52.098328486585622 ], [ 5.149149349247769, 52.098285211424439 ], [ 5.149166288803062, 52.098241202222148 ], [ 5.149173443844991, 52.098192922458772 ], [ 5.149166346212688, 52.098050426108351 ], [ 5.149109467634961, 52.097148366598184 ], [ 5.149153687616857, 52.097013689816563 ], [ 5.149219869094006, 52.096958028209251 ], [ 5.149375051376438, 52.097010214133356 ], [ 5.150054539709687, 52.097145344386796 ], [ 5.15016121449395, 52.097089211001141 ], [ 5.149597523459311, 52.096974770369016 ], [ 5.150246953592024, 52.096417452850055 ], [ 5.150363299486876, 52.096319594534449 ], [ 5.150391051659756, 52.096291360264672 ], [ 5.150423980556391, 52.096252021774106 ], [ 5.150460110530447, 52.096199108756906 ], [ 5.15048287116431, 52.09615709542566 ], [ 5.150502397923733, 52.096110254098832 ], [ 5.15051682819621, 52.096059066828794 ], [ 5.150521550086758, 52.09603199410639 ], [ 5.150524843257418, 52.095975191768829 ], [ 5.150522948892425, 52.095945582666168 ], [ 5.150510914155352, 52.095884249872761 ], [ 5.150500308143204, 52.095852646693075 ], [ 5.150486332609948, 52.095820499331545 ], [ 5.150455501055881, 52.095766839633875 ], [ 5.150419581050512, 52.095719329431503 ], [ 5.150379157384458, 52.095676354536572 ], [ 5.150357666483041, 52.09565652871273 ], [ 5.150312946148727, 52.095620122079922 ], [ 5.150243978125435, 52.095573389974732 ], [ 5.150176679155767, 52.095535735781091 ], [ 5.150115475070909, 52.095506737070174 ], [ 5.150039033224846, 52.095476492980431 ], [ 5.148650314400331, 52.094988360808706 ], [ 5.14864746168104, 52.09498528008352 ], [ 5.148649345236981, 52.094956155422537 ], [ 5.148647831437112, 52.094918516614413 ], [ 5.148637161189117, 52.094861685489619 ], [ 5.148624107991932, 52.094823447771567 ], [ 5.148611950757316, 52.094796605784879 ], [ 5.148577866968702, 52.094740490151224 ], [ 5.148554986171668, 52.094711224163227 ], [ 5.148524887450344, 52.094678654982772 ], [ 5.148475974152593, 52.094635228636882 ], [ 5.148441766075413, 52.094609746692576 ], [ 5.148407007371993, 52.094586920447384 ], [ 5.148338336629345, 52.094548825470547 ], [ 5.148274959005482, 52.094520124546705 ], [ 5.148210793163138, 52.09449621085745 ], [ 5.147314950669442, 52.094203982287539 ], [ 5.147270013756592, 52.094190432345933 ], [ 5.147201200991242, 52.094173166899047 ], [ 5.147143595856542, 52.094161429709203 ], [ 5.14704189480438, 52.094146239501441 ], [ 5.146965241112865, 52.09413933069898 ], [ 5.146924603600297, 52.094137255086579 ], [ 5.146839282618314, 52.094136550420679 ], [ 5.146749334187792, 52.094141359810159 ], [ 5.146655678891254, 52.094152785629653 ], [ 5.146607748847156, 52.094161324193649 ], [ 5.146559237299905, 52.094171930257176 ], [ 5.146514624016789, 52.094183512725792 ], [ 5.146437637819778, 52.094208024617913 ], [ 5.146368883364358, 52.094235499398472 ], [ 5.146337476846677, 52.094250083350332 ], [ 5.14628037284854, 52.094280415332605 ], [ 5.146208292304435, 52.094327236363739 ], [ 5.146151386889873, 52.094373105634702 ], [ 5.146096949911022, 52.094427846351202 ], [ 5.146070573217363, 52.094460384798069 ], [ 5.146052844672453, 52.09448627091551 ], [ 5.145498829516363, 52.095613085817767 ], [ 5.145493891680029, 52.095617459351907 ], [ 5.145441708546354, 52.095625866087232 ], [ 5.14537761810814, 52.095638316021478 ], [ 5.145280313896309, 52.09566219238495 ], [ 5.14520152966756, 52.095686561476839 ], [ 5.145119515445217, 52.095717491716279 ], [ 5.145058023375088, 52.095744536151578 ], [ 5.145003618438475, 52.095771109919596 ], [ 5.144640919157427, 52.095964584257878 ], [ 5.144596851721792, 52.095983927330444 ], [ 5.144555303134697, 52.095994838313466 ], [ 5.144515385008349, 52.095998490720199 ], [ 5.14449575168983, 52.095997869298721 ], [ 5.144472346318875, 52.095995057643222 ], [ 5.144448886879271, 52.095989940909874 ], [ 5.144428246841545, 52.095983470404001 ], [ 5.144604544850213, 52.096104703796776 ], [ 5.144606158163228, 52.09610272718227 ], [ 5.14467680589931, 52.096089773085048 ], [ 5.144731717993118, 52.096075093675829 ], [ 5.144786445920931, 52.096055214145785 ], [ 5.144830445957389, 52.096034207934075 ], [ 5.144870310456358, 52.096008938111829 ], [ 5.144960761312901, 52.095932657684756 ], [ 5.145065169125524, 52.095856589223168 ], [ 5.145126828527914, 52.09581879102106 ], [ 5.14515640537033, 52.095804041702834 ], [ 5.145197268063621, 52.09578660515524 ], [ 5.145239054525368, 52.095771478370622 ], [ 5.145293073176987, 52.095755307816404 ], [ 5.145343690276453, 52.095743106519393 ], [ 5.14538931031728, 52.095734219447856 ], [ 5.145444880715413, 52.09572567013678 ], [ 5.145505381971652, 52.095718554286819 ], [ 5.145560367453111, 52.095714399570724 ], [ 5.145617051719816, 52.095712392728288 ], [ 5.145824987687416, 52.095734448191003 ], [ 5.145776942439635, 52.095832644124201 ], [ 5.145739290279006, 52.095911897791154 ], [ 5.145725245520603, 52.095915012033956 ], [ 5.145694574161306, 52.095926810507621 ], [ 5.145667953523839, 52.095942839352311 ], [ 5.14564850195653, 52.095960881308265 ], [ 5.14563454491216, 52.095982108747926 ], [ 5.145627910885792, 52.096005740164237 ], [ 5.145619972772182, 52.096380393348419 ], [ 5.145570922400085, 52.096431722825088 ], [ 5.145334659699309, 52.096696726620344 ], [ 5.145318671671856, 52.096712322114733 ], [ 5.145306393647767, 52.096728877768221 ], [ 5.145293940145563, 52.096758218574095 ], [ 5.145292534878094, 52.09678485217502 ], [ 5.145302741750164, 52.096816117357385 ], [ 5.145311193634686, 52.096828522618246 ], [ 5.145322020455795, 52.096839141667793 ], [ 5.145282033553221, 52.096918692924319 ], [ 5.144674287457699, 52.098128999149004 ] ] ] ] } },
{ "type": "Feature", "properties": { "fid": 995, "id": null, "FUNCTIE": "06_Info", "Info": "Lunet I", "Verhaal": null }, "geometry": { "type": "MultiPolygon", "coordinates": [ [ [ [ 5.140983757069189, 52.075427752808466 ], [ 5.140974004402752, 52.075485295676017 ], [ 5.141512745791843, 52.075992433465352 ], [ 5.141572768080716, 52.07604160667649 ], [ 5.141636116599063, 52.076064651147206 ], [ 5.141696223600182, 52.076069055138603 ], [ 5.141744328745533, 52.076164538228554 ], [ 5.141711600582774, 52.076170515986981 ], [ 5.141682405615963, 52.076179394623523 ], [ 5.14165631969587, 52.076191064237641 ], [ 5.141635726060447, 52.076203942242046 ], [ 5.141617815938341, 52.076219522510108 ], [ 5.141603182727115, 52.076238587787266 ], [ 5.141594277301548, 52.076258766068065 ], [ 5.141591281943431, 52.076277859824245 ], [ 5.141700692787587, 52.077045869007641 ], [ 5.14173984481836, 52.077122838727895 ], [ 5.141799653676426, 52.07715150037712 ], [ 5.141818763329281, 52.077110161020528 ], [ 5.14188221759242, 52.077035911128299 ], [ 5.141994477061248, 52.076966546711006 ], [ 5.142238684366474, 52.076840852034799 ], [ 5.142408299234649, 52.076755548126727 ], [ 5.142507563417237, 52.076724983661379 ], [ 5.142576506666286, 52.076714182276206 ], [ 5.142626668392072, 52.07671988381059 ], [ 5.142630874612956, 52.076738591834371 ], [ 5.142755360478949, 52.07673537475722 ], [ 5.142766806032425, 52.076719899518494 ], [ 5.143479793506414, 52.07589899313291 ], [ 5.14350417517507, 52.075869066457621 ], [ 5.143504546909414, 52.075842537495106 ], [ 5.143490577004139, 52.075800946915443 ], [ 5.143473591292066, 52.075778415158538 ], [ 5.142174560151478, 52.07518067821394 ], [ 5.141559222578606, 52.075257728256091 ], [ 5.141495646355323, 52.075264621884891 ], [ 5.141410528969895, 52.075255974709378 ], [ 5.141333947649456, 52.07523397696643 ], [ 5.141260926734703, 52.075187994536499 ], [ 5.141229555159705, 52.075157248323208 ], [ 5.141214833959916, 52.07513142541238 ], [ 5.141195129272012, 52.075129860772527 ], [ 5.141195269572465, 52.075122872324542 ], [ 5.140904499495043, 52.075170412827781 ], [ 5.140904126488384, 52.075179376403725 ], [ 5.140895966399991, 52.075181062784374 ], [ 5.140983757069189, 52.075427752808466 ] ] ] ] } },
{ "type": "Feature", "properties": { "fid": 1, "id": null, "FUNCTIE": "06_Info", "Info": "Fort aan het Vossegat", "Verhaal": "Het Fort aan het Vossegat behoort bij de eerste groep forten van de Linie van Utrecht, die liep vanaf Fort aan de Klop tot aan Fort Jutphaas. Het werd in 1818 aangelegd als gebastioneerde schans met twee ravelijnen, een reduit en een gedeeltelijke enveloppe. De Vossegatsedijk werd door het fort heengeleid." }, "geometry": { "type": "MultiPolygon", "coordinates": [ [ [ [ 5.150401153064014, 52.083760222680787 ], [ 5.150443264476503, 52.08380735059194 ], [ 5.150468037513946, 52.083831280365487 ], [ 5.150488266673306, 52.083847085637494 ], [ 5.150521618064118, 52.083866711083417 ], [ 5.150558302430372, 52.083883248848601 ], [ 5.150591979004823, 52.083894420155772 ], [ 5.15063020688066, 52.083903283740277 ], [ 5.150670426349536, 52.083908875087104 ], [ 5.150711799780926, 52.083911047178454 ], [ 5.152029991187991, 52.083872543530333 ], [ 5.152069948428992, 52.083869587635988 ], [ 5.152115794272741, 52.083862416173524 ], [ 5.152145126131118, 52.0838554399337 ], [ 5.152175190254942, 52.083846046242911 ], [ 5.152207318129578, 52.083833045139137 ], [ 5.15223326073282, 52.083819788606299 ], [ 5.152257836995163, 52.083804277804973 ], [ 5.152280311718399, 52.083786608244175 ], [ 5.15230101808738, 52.083765704406254 ], [ 5.152313721726976, 52.083749140255627 ], [ 5.152328150569012, 52.083723105626177 ], [ 5.152337657777068, 52.083692360797841 ], [ 5.1523602814547, 52.083508448113029 ], [ 5.154423167847467, 52.083194872984762 ], [ 5.154447536260063, 52.083189310352232 ], [ 5.154477388436531, 52.083178898908692 ], [ 5.154503535043463, 52.083165368957907 ], [ 5.154520260720569, 52.083153374404318 ], [ 5.154534161564771, 52.083139952030407 ], [ 5.15454567197983, 52.083123946467936 ], [ 5.154551983410646, 52.083109849446664 ], [ 5.154555401157979, 52.083089663673277 ], [ 5.154553127494401, 52.083071040833204 ], [ 5.1545469262673, 52.083054443551411 ], [ 5.154538561320079, 52.083040334452775 ], [ 5.154524602149813, 52.083023605097324 ], [ 5.15398007890979, 52.082512788209627 ], [ 5.154180169188533, 52.082352383683933 ], [ 5.154200818700178, 52.082336105657497 ], [ 5.154212554052533, 52.082323118735772 ], [ 5.154220715470136, 52.082310625733086 ], [ 5.154227317050497, 52.082294682000644 ], [ 5.154230039591127, 52.082280072095323 ], [ 5.154228915902481, 52.082259255367553 ], [ 5.154222639450172, 52.0822394674978 ], [ 5.154212026818224, 52.082221393043007 ], [ 5.154197915900191, 52.082205312614839 ], [ 5.154187155472701, 52.082195881963422 ], [ 5.153925000207687, 52.08200174149593 ], [ 5.154614784060354, 52.081481370904086 ], [ 5.154631419671949, 52.08146600943715 ], [ 5.154646383583142, 52.081447020920294 ], [ 5.154656024912462, 52.08142820156025 ], [ 5.154660473347559, 52.081412167004054 ], [ 5.154661519937703, 52.0813946271427 ], [ 5.154657639194884, 52.081373798482502 ], [ 5.154648330359673, 52.081353576400581 ], [ 5.154633787122422, 52.081334377853054 ], [ 5.154614583953114, 52.08131728052394 ], [ 5.154594511623127, 52.081304287731164 ], [ 5.154569159943757, 52.081292107038983 ], [ 5.15454178554783, 52.081282585436476 ], [ 5.154519891311494, 52.081277123855756 ], [ 5.153553136565582, 52.081090967415172 ], [ 5.153553192745012, 52.080882261681332 ], [ 5.153547673510533, 52.08086355119525 ], [ 5.153538465886453, 52.080847188413536 ], [ 5.153523707336838, 52.080830244212109 ], [ 5.153504019220722, 52.080814667327452 ], [ 5.153484811719999, 52.080803528422976 ], [ 5.153466714122541, 52.080795523511433 ], [ 5.153421482013139, 52.080782697715073 ], [ 5.153380487238776, 52.080774601642631 ], [ 5.153341909898192, 52.080769398524417 ], [ 5.152619495692682, 52.080621378022066 ], [ 5.152620215761276, 52.080478534512167 ], [ 5.152613172825616, 52.080449911185497 ], [ 5.152599489381459, 52.080423901824297 ], [ 5.152584349007241, 52.080405195507936 ], [ 5.152569107430932, 52.080391063194369 ], [ 5.152548595581357, 52.080376320270091 ], [ 5.15253064277642, 52.080366086909876 ], [ 5.152511186128748, 52.08035702234357 ], [ 5.152479506285922, 52.080345659844696 ], [ 5.152456939698452, 52.080339602987202 ], [ 5.152421291015519, 52.080332843899242 ], [ 5.15238392925339, 52.080328935032227 ], [ 5.1523453555793, 52.080327942517663 ], [ 5.152306071159683, 52.08032993248748 ], [ 5.152273309732079, 52.08033406710662 ], [ 5.151128037705829, 52.080562783637809 ], [ 5.15071793764127, 52.080205907422517 ], [ 5.150701351656495, 52.080186498409894 ], [ 5.150681644797195, 52.080167558520905 ], [ 5.150642462064136, 52.080137711694263 ], [ 5.150617073287233, 52.080122321721902 ], [ 5.150587662014063, 52.080107510868942 ], [ 5.15055411007553, 52.080093946753799 ], [ 5.150516299300111, 52.080082296994483 ], [ 5.150474111513189, 52.080073229208196 ], [ 5.150429436601097, 52.080067577664401 ], [ 5.150394647740115, 52.080065727904881 ], [ 5.150345706415449, 52.080066790806256 ], [ 5.150315483206318, 52.080069575271487 ], [ 5.150274171529786, 52.080076038630168 ], [ 5.150238187574436, 52.080084253419145 ], [ 5.150199468680545, 52.080096000935271 ], [ 5.150161181467516, 52.080111177996542 ], [ 5.148959219675253, 52.080536788771852 ], [ 5.148926392485321, 52.080550543749474 ], [ 5.148897214512632, 52.08056688458867 ], [ 5.148873065365918, 52.080584652636681 ], [ 5.148850911306658, 52.080606870604079 ], [ 5.148837111103035, 52.080626607739404 ], [ 5.14882672321093, 52.080649832929922 ], [ 5.148822124490314, 52.080671933823993 ], [ 5.148822979232524, 52.080698761285547 ], [ 5.148831141970442, 52.080726748849912 ], [ 5.148849345093748, 52.080758761441523 ], [ 5.149130485608378, 52.081678641400458 ], [ 5.149149728743806, 52.081745352728383 ], [ 5.149055746724521, 52.081758247424617 ], [ 5.149018315633254, 52.081766516177666 ], [ 5.148980052040791, 52.081778906227143 ], [ 5.148949860198568, 52.081792355316004 ], [ 5.148920786542878, 52.081809929862231 ], [ 5.148903091492484, 52.081824188236489 ], [ 5.148887492673065, 52.081840655281908 ], [ 5.148872923821526, 52.081862658743354 ], [ 5.148864738043145, 52.081883001230665 ], [ 5.148861054900905, 52.081903684202643 ], [ 5.148861811020306, 52.081924431132045 ], [ 5.148866943026816, 52.08194496549131 ], [ 5.148876387545578, 52.081965010752228 ], [ 5.148895579051779, 52.08199049899644 ], [ 5.148917206076217, 52.082010481289032 ], [ 5.149265147835409, 52.082362629081231 ], [ 5.149306558905526, 52.082426164011792 ], [ 5.149406976336147, 52.082842633586303 ], [ 5.149468503966705, 52.082915135771664 ], [ 5.14948072628796, 52.082927389741933 ], [ 5.14951127154991, 52.082949635269046 ], [ 5.149540710677275, 52.082964255206228 ], [ 5.149578157841751, 52.082976477373364 ], [ 5.149627806191353, 52.08298466287377 ], [ 5.149679452231097, 52.082985151830968 ], [ 5.149726048055954, 52.082979021134783 ], [ 5.149802095336841, 52.082960328911184 ], [ 5.149802800440944, 52.082960129755847 ], [ 5.14984672931796, 52.083023857994732 ], [ 5.150354204714239, 52.083701578262989 ], [ 5.150401153064014, 52.083760222680787 ] ] ] ] } },
{ "type": "Feature", "properties": { "fid": 997, "id": null, "FUNCTIE": "06_Info", "Info": "Lunet IV", "Verhaal": null }, "geometry": { "type": "MultiPolygon", "coordinates": [ [ [ [ 5.133058770859837, 52.068809415531369 ], [ 5.133108302662229, 52.068857556484851 ], [ 5.133125655551765, 52.068873092529763 ], [ 5.13308264091351, 52.068903785294971 ], [ 5.133081017284714, 52.068931635691463 ], [ 5.13309446769287, 52.068959467893102 ], [ 5.133115946951484, 52.068983587569086 ], [ 5.133514921306041, 52.069610476034292 ], [ 5.133542157468014, 52.069672711780285 ], [ 5.133552883239224, 52.069719251446486 ], [ 5.133538094331641, 52.06978644400904 ], [ 5.133517161624059, 52.069828351126262 ], [ 5.133488143837345, 52.069864826372566 ], [ 5.133451127138549, 52.069921886817447 ], [ 5.133434764212667, 52.069974432815719 ], [ 5.133445134908045, 52.070036131620839 ], [ 5.133779007451452, 52.070531119465507 ], [ 5.13382337606917, 52.070559925128123 ], [ 5.134006197308365, 52.070474163022034 ], [ 5.133916730066976, 52.070285256761515 ], [ 5.133901222431473, 52.070249422149431 ], [ 5.133898293997144, 52.070231644419842 ], [ 5.133898394748452, 52.07021461232803 ], [ 5.133901799490748, 52.07019599281378 ], [ 5.133907617538331, 52.070180558099288 ], [ 5.133914999012208, 52.070167139584036 ], [ 5.133923784081074, 52.070155294746669 ], [ 5.133934455373386, 52.070144340122219 ], [ 5.133955625906979, 52.070127221197701 ], [ 5.134806119809633, 52.069576042579115 ], [ 5.13471774242176, 52.0692696399528 ], [ 5.134539062627622, 52.069387298897269 ], [ 5.134574475683207, 52.069494604563062 ], [ 5.134036564873175, 52.069837063171455 ], [ 5.133801780498918, 52.069687586140866 ], [ 5.134624966840428, 52.069160464647794 ], [ 5.134646001647125, 52.069145048205058 ], [ 5.134657100830371, 52.069131281108753 ], [ 5.13466385806767, 52.069114075963576 ], [ 5.134664668005633, 52.069103298269468 ], [ 5.134655273603691, 52.069067383607852 ], [ 5.13441768470194, 52.068246858295751 ], [ 5.134397463773763, 52.068204006609648 ], [ 5.134349443776746, 52.068147548798422 ], [ 5.134298477537998, 52.068110477032491 ], [ 5.134226721278147, 52.068076226448852 ], [ 5.134156652886253, 52.068055315082233 ], [ 5.134119224712917, 52.068047061571185 ], [ 5.132851110355433, 52.067922731614949 ], [ 5.132130197765745, 52.068093086550093 ], [ 5.131882515351835, 52.067933241183745 ], [ 5.132823732807675, 52.067709985046065 ], [ 5.134711111692273, 52.067897186557012 ], [ 5.13501287244867, 52.069090259152148 ], [ 5.135131101765666, 52.069362369038899 ], [ 5.135148595627673, 52.069355243101903 ], [ 5.135219174552057, 52.069307238690662 ], [ 5.135252813672309, 52.069279821854835 ], [ 5.135279722743172, 52.069242056336037 ], [ 5.135290555249518, 52.069178758595029 ], [ 5.135273543534764, 52.069115607507968 ], [ 5.134983756368203, 52.067868540422168 ], [ 5.134966599496878, 52.067837554333273 ], [ 5.134946833912519, 52.067813107313263 ], [ 5.13491186732899, 52.06778262240514 ], [ 5.134844930072679, 52.067750663925167 ], [ 5.134789227492748, 52.067734061757449 ], [ 5.134724810223937, 52.067726673245694 ], [ 5.132841604039528, 52.06755370601509 ], [ 5.132755259137468, 52.067550247916095 ], [ 5.132688556667573, 52.067562229162242 ], [ 5.131949139802244, 52.067742485328239 ], [ 5.131923620936862, 52.067752554369079 ], [ 5.131875961789954, 52.067779210586863 ], [ 5.131830743197991, 52.067810374695576 ], [ 5.131797188931667, 52.067845105994458 ], [ 5.131770343785524, 52.067896770040647 ], [ 5.131761382774914, 52.067955551193194 ], [ 5.131776708358827, 52.068015287119209 ], [ 5.131806058434147, 52.068060284100028 ], [ 5.131876654808769, 52.068117598752998 ], [ 5.132898847805321, 52.068766916154033 ], [ 5.132933710941621, 52.068785627995538 ], [ 5.132973686780694, 52.068796639108427 ], [ 5.133006259465589, 52.068798343255729 ], [ 5.133036443186696, 52.068790764920998 ], [ 5.133058770859837, 52.068809415531369 ] ] ] ] } },
{ "type": "Feature", "properties": { "fid": 998, "id": null, "FUNCTIE": "06_Info", "Info": "Lunet II", "Verhaal": null }, "geometry": { "type": "MultiPolygon", "coordinates": [ [ [ [ 5.138911315967109, 52.073665273306538 ], [ 5.138973797695154, 52.073704093490484 ], [ 5.139007077517174, 52.073724770355263 ], [ 5.138989799948678, 52.073738932012404 ], [ 5.138981249011572, 52.073753201275522 ], [ 5.138975755031583, 52.073765897952526 ], [ 5.138977846763475, 52.073786157256471 ], [ 5.138993166587949, 52.073805240197458 ], [ 5.139828519305444, 52.074543492620002 ], [ 5.139929235078891, 52.074617650653025 ], [ 5.140005234105976, 52.07466314327074 ], [ 5.140112278691059, 52.074720212299539 ], [ 5.140280721042985, 52.074794815989335 ], [ 5.140359183245145, 52.074822848973966 ], [ 5.14043897222693, 52.074839973102158 ], [ 5.140472776514812, 52.074846723781661 ], [ 5.140559634596021, 52.074879171551231 ], [ 5.140624475850279, 52.074909680074171 ], [ 5.140716860743321, 52.074961773691186 ], [ 5.140764525747389, 52.074998861786874 ], [ 5.140803854403558, 52.075048022652368 ], [ 5.140821809619394, 52.075092207072593 ], [ 5.140855468833163, 52.075086897564653 ], [ 5.140864590877041, 52.075104800573108 ], [ 5.141162893199342, 52.075056915467769 ], [ 5.141164113410379, 52.07504362231488 ], [ 5.14114928468439, 52.074999560728337 ], [ 5.141116069486371, 52.074951491106376 ], [ 5.141035963985328, 52.074869591443019 ], [ 5.14097150529603, 52.074818874323398 ], [ 5.140898630226107, 52.074777769012115 ], [ 5.140847864100721, 52.074728448448425 ], [ 5.140820444905994, 52.074695639748498 ], [ 5.140809332281626, 52.07467056807419 ], [ 5.140812999822734, 52.074644592861816 ], [ 5.140836350830865, 52.07460845756205 ], [ 5.140983074246202, 52.074434152159483 ], [ 5.140817077206334, 52.074128854424949 ], [ 5.140669995521932, 52.074290156897341 ], [ 5.140731047023985, 52.074385891775009 ], [ 5.140514837853505, 52.0746299120757 ], [ 5.140296045746865, 52.074560676125273 ], [ 5.140257949321194, 52.074526497524765 ], [ 5.140254391561538, 52.074513626044478 ], [ 5.140261367234096, 52.074495207866427 ], [ 5.140271576861227, 52.074484428120535 ], [ 5.140289675871216, 52.074462298282299 ], [ 5.140697044273803, 52.073991011373103 ], [ 5.140702785321876, 52.073979675891991 ], [ 5.140705381884177, 52.073967606237289 ], [ 5.140703112746515, 52.073951401511316 ], [ 5.140695231891442, 52.073932858815724 ], [ 5.14020635672227, 52.073044890125914 ], [ 5.140186604153475, 52.073016485056357 ], [ 5.140170176931485, 52.073002157588157 ], [ 5.14014838678018, 52.072987249821871 ], [ 5.140134604781307, 52.07297997856611 ], [ 5.140094678012557, 52.072966223745937 ], [ 5.138592056477446, 52.072621916160486 ], [ 5.137860085742374, 52.072856089162947 ], [ 5.137818482128494, 52.07286462981255 ], [ 5.1377806390733, 52.072868079986236 ], [ 5.137745374089968, 52.072863048691609 ], [ 5.137727561582347, 52.072856740092263 ], [ 5.137402351188419, 52.072694395353608 ], [ 5.137296268558101, 52.072778541539357 ], [ 5.137251420348933, 52.072756044288887 ], [ 5.137238924279675, 52.072759649623968 ], [ 5.137221435250302, 52.072750498253299 ], [ 5.137186050177607, 52.072775128464798 ], [ 5.137202043859287, 52.072783367304325 ], [ 5.137185204113613, 52.072793891020616 ], [ 5.137589646593433, 52.073056183798244 ], [ 5.137628089369569, 52.073097159257777 ], [ 5.137665519169999, 52.07312885358435 ], [ 5.137693599785115, 52.073145592914578 ], [ 5.138742048439273, 52.07364967217034 ], [ 5.138781671549065, 52.073667264470714 ], [ 5.138827453051187, 52.073670325050692 ], [ 5.138858118132753, 52.07366701095215 ], [ 5.138891634481856, 52.073656814015465 ], [ 5.138911315967109, 52.073665273306538 ] ] ] ] } },
{ "type": "Feature", "properties": { "fid": 999, "id": null, "FUNCTIE": "06_Info", "Info": "Lunet III", "Verhaal": null }, "geometry": { "type": "MultiPolygon", "coordinates": [ [ [ [ 5.133860876131246, 52.070604869195144 ], [ 5.133845246487604, 52.070618073262494 ], [ 5.133862781321399, 52.070736499374362 ], [ 5.13389819440211, 52.071317138649981 ], [ 5.133903725177031, 52.071472895627821 ], [ 5.13390905655842, 52.071483648679695 ], [ 5.133917114018918, 52.071496202089719 ], [ 5.133929579409036, 52.071510193748168 ], [ 5.133947406667876, 52.071524418319342 ], [ 5.133984994350166, 52.071543538090502 ], [ 5.134046942463275, 52.071564181537745 ], [ 5.13510617455519, 52.071815023137674 ], [ 5.135177752076065, 52.071832000599031 ], [ 5.135202926733073, 52.071837245442403 ], [ 5.135222267861639, 52.071839482019712 ], [ 5.135245451430977, 52.071840154372609 ], [ 5.135325921431233, 52.071823425306697 ], [ 5.13537709785354, 52.071786640758496 ], [ 5.135404049567932, 52.071797846826968 ], [ 5.135489168873019, 52.071833400171762 ], [ 5.135509941245564, 52.071843112589235 ], [ 5.135482906809343, 52.071870868479301 ], [ 5.135474479904119, 52.071893371805835 ], [ 5.135474167018949, 52.071906207582721 ], [ 5.135477157232827, 52.071919274514215 ], [ 5.135482786700093, 52.071930916258964 ], [ 5.135498306113217, 52.071949588755992 ], [ 5.13557260930402, 52.07199589366288 ], [ 5.136420342186372, 52.072479836028911 ], [ 5.136514580457662, 52.072506085403454 ], [ 5.136598335010538, 52.072524634119858 ], [ 5.13670946589584, 52.072562866760279 ], [ 5.136770015691917, 52.072595628855844 ], [ 5.136809403664721, 52.072585277691729 ], [ 5.136836329646033, 52.072596809848726 ], [ 5.136900226773927, 52.072556964298705 ], [ 5.136881001827577, 52.072543261789463 ], [ 5.136888632450381, 52.072536605814548 ], [ 5.136913092832605, 52.072546911078383 ], [ 5.136959866423886, 52.072510358537969 ], [ 5.136946178213575, 52.072464317536252 ], [ 5.136836625188063, 52.072413089628697 ], [ 5.137264832384249, 52.071804626615481 ], [ 5.13651044624058, 52.070787496945613 ], [ 5.134712737508693, 52.070877991537543 ], [ 5.134536548560154, 52.070900492690171 ], [ 5.134455604854518, 52.070937117731958 ], [ 5.134329815617234, 52.070872745375453 ], [ 5.13405174288957, 52.070510815345493 ], [ 5.133860876131246, 52.070604869195144 ] ] ] ] } },
{ "type": "Feature", "properties": { "fid": null, "id": null, "FUNCTIE": "04_Talut1", "Info": null, "Verhaal": null }, "geometry": { "type": "MultiPolygon", "coordinates": [ [ [ [ 5.149669221664288, 52.08281714206867 ], [ 5.149568674586261, 52.082378203585378 ], [ 5.149608899235617, 52.08237036348131 ], [ 5.149705221153384, 52.082776734441815 ], [ 5.149669221664288, 52.08281714206867 ] ] ] ] } },
{ "type": "Feature", "properties": { "fid": null, "id": null, "FUNCTIE": "04_Talut1", "Info": null, "Verhaal": null }, "geometry": { "type": "MultiPolygon", "coordinates": [ [ [ [ 5.149223880260579, 52.081939469801249 ], [ 5.149162545958625, 52.081921549726481 ], [ 5.149543422161988, 52.082303812427448 ], [ 5.14958039064689, 52.08229497752351 ], [ 5.149223880260579, 52.081939469801249 ] ] ] ] } },
{ "type": "Feature", "properties": { "fid": null, "id": null, "FUNCTIE": "04_Talut1", "Info": null, "Verhaal": null }, "geometry": { "type": "MultiPolygon", "coordinates": [ [ [ [ 5.149927823615916, 52.082595942867655 ], [ 5.150069619105945, 52.082547672045443 ], [ 5.150151623727194, 52.082558768866861 ], [ 5.149927823615916, 52.082595942867655 ] ] ] ] } },
{ "type": "Feature", "properties": { "fid": null, "id": null, "FUNCTIE": "04_Talut1", "Info": null, "Verhaal": null }, "geometry": { "type": "MultiPolygon", "coordinates": [ [ [ [ 5.150069619105945, 52.082547672045443 ], [ 5.149980117968416, 52.082439479487036 ], [ 5.150073280786165, 52.082463445489566 ], [ 5.150151625259103, 52.082558772843861 ], [ 5.150069619105945, 52.082547672045443 ] ] ] ] } },
{ "type": "Feature", "properties": { "fid": null, "id": null, "FUNCTIE": "04_Talut1", "Info": null, "Verhaal": null }, "geometry": { "type": "MultiPolygon", "coordinates": [ [ [ [ 5.149323153528426, 52.081967459075912 ], [ 5.149353807712869, 52.081974434440362 ], [ 5.149793116910677, 52.081911922697628 ], [ 5.149323153528426, 52.081967459075912 ] ] ] ] } },
{ "type": "Feature", "properties": { "fid": null, "id": null, "FUNCTIE": "04_Talut1", "Info": null, "Verhaal": null }, "geometry": { "type": "MultiPolygon", "coordinates": [ [ [ [ 5.149789717090405, 52.082097713246753 ], [ 5.149841825853104, 52.082053225832965 ], [ 5.149808923249458, 52.081960448575877 ], [ 5.149754084656854, 52.081992853494647 ], [ 5.149789717090405, 52.082097713246753 ] ] ] ] } },
{ "type": "Feature", "properties": { "fid": null, "id": null, "FUNCTIE": "04_Talut1", "Info": null, "Verhaal": null }, "geometry": { "type": "MultiPolygon", "coordinates": [ [ [ [ 5.149808923249458, 52.081960448575877 ], [ 5.14958366160674, 52.082008574262254 ], [ 5.149754086188339, 52.081992857471299 ], [ 5.149808923249458, 52.081960448575877 ] ] ] ] } },
{ "type": "Feature", "properties": { "fid": null, "id": null, "FUNCTIE": "04_Talut1", "Info": null, "Verhaal": null }, "geometry": { "type": "MultiPolygon", "coordinates": [ [ [ [ 5.149774597551362, 52.082696673566879 ], [ 5.149759915565699, 52.082712531858455 ], [ 5.150178760752906, 52.082588499997165 ], [ 5.149774597551362, 52.082696673566879 ] ] ] ] } },
{ "type": "Feature", "properties": { "fid": 771, "id": null, "FUNCTIE": "04_Talut1", "Info": null, "Verhaal": null }, "geometry": { "type": "MultiPolygon", "coordinates": [ [ [ [ 5.150194666789885, 52.082929431547925 ], [ 5.150264811721134, 52.082927268837771 ], [ 5.150326611001391, 52.0829197833663 ], [ 5.150358864345917, 52.082903993111493 ], [ 5.150410503205713, 52.082872386733698 ], [ 5.150194663834568, 52.082929427614587 ], [ 5.150194666789885, 52.082929431547925 ] ] ] ] } },
{ "type": "Feature", "properties": { "fid": 771, "id": null, "FUNCTIE": "04_Talut1", "Info": null, "Verhaal": null }, "geometry": { "type": "MultiPolygon", "coordinates": [ [ [ [ 5.150757451912266, 52.083677707861696 ], [ 5.150796308531782, 52.083638147063454 ], [ 5.150795711878454, 52.083638165707399 ], [ 5.15026223015783, 52.082927581531031 ], [ 5.150264811721134, 52.082927268837771 ], [ 5.150194666789885, 52.082929431547925 ], [ 5.150756898511693, 52.083677725493764 ], [ 5.150757451912266, 52.083677707861696 ] ] ] ] } },
{ "type": "Feature", "properties": { "fid": 771, "id": null, "FUNCTIE": "04_Talut1", "Info": null, "Verhaal": null }, "geometry": { "type": "MultiPolygon", "coordinates": [ [ [ [ 5.151986028095313, 52.08363818594129 ], [ 5.151927697082572, 52.083602793956153 ], [ 5.150796308531782, 52.083638147063454 ], [ 5.150757451912266, 52.083677707861696 ], [ 5.15198601066276, 52.083638564365089 ], [ 5.151986028095313, 52.08363818594129 ] ] ] ] } },
{ "type": "Feature", "properties": { "fid": 771, "id": null, "FUNCTIE": "04_Talut1", "Info": null, "Verhaal": null }, "geometry": { "type": "MultiPolygon", "coordinates": [ [ [ [ 5.151591788111126, 52.082747912802965 ], [ 5.151527365987766, 52.082763639099717 ], [ 5.15196388960239, 52.082950807623625 ], [ 5.152018692252137, 52.082929116258953 ], [ 5.151591788111126, 52.082747912802965 ] ] ] ] } },
{ "type": "Feature", "properties": { "fid": 771, "id": null, "FUNCTIE": "04_Talut1", "Info": null, "Verhaal": null }, "geometry": { "type": "MultiPolygon", "coordinates": [ [ [ [ 5.151726217499523, 52.082521854188748 ], [ 5.151660381090501, 52.082526312873526 ], [ 5.151527365987766, 52.082763639099717 ], [ 5.151591788111126, 52.082747912802965 ], [ 5.151728088003017, 52.082522250660979 ], [ 5.151726217499523, 52.082521854188748 ] ] ] ] } },
{ "type": "Feature", "properties": { "fid": 771, "id": null, "FUNCTIE": "04_Talut1", "Info": null, "Verhaal": null }, "geometry": { "type": "MultiPolygon", "coordinates": [ [ [ [ 5.151660381090501, 52.082526312873526 ], [ 5.151726217499523, 52.082521854188748 ], [ 5.151426032085495, 52.082458226838646 ], [ 5.151467747531364, 52.082478129059275 ], [ 5.15154166345749, 52.082492149985754 ], [ 5.151557685411358, 52.082504073293812 ], [ 5.151580151637686, 52.082514027596986 ], [ 5.151586533297047, 52.08252394975473 ], [ 5.151660511920604, 52.082526079445785 ], [ 5.151660381090501, 52.082526312873526 ] ] ] ] } },
{ "type": "Feature", "properties": { "fid": 767, "id": null, "FUNCTIE": "04_Talut1", "Info": null, "Verhaal": null }, "geometry": { "type": "MultiPolygon", "coordinates": [ [ [ [ 5.151225019996009, 52.082814693460399 ], [ 5.151154197692019, 52.082828721962464 ], [ 5.151153851627009, 52.08282928493108 ], [ 5.15168854867994, 52.083005750630363 ], [ 5.151225019996009, 52.082814693460399 ] ] ] ] } },
{ "type": "Feature", "properties": { "fid": 770, "id": null, "FUNCTIE": "04_Talut1", "Info": null, "Verhaal": null }, "geometry": { "type": "MultiPolygon", "coordinates": [ [ [ [ 5.151358268142812, 52.082802938600736 ], [ 5.15138565386584, 52.082795065852302 ], [ 5.151557685411358, 52.082504073293812 ], [ 5.15154166345749, 52.082492149985754 ], [ 5.151358268142812, 52.082802938600736 ] ] ] ] } },
{ "type": "Feature", "properties": { "fid": 769, "id": null, "FUNCTIE": "04_Talut1", "Info": null, "Verhaal": null }, "geometry": { "type": "MultiPolygon", "coordinates": [ [ [ [ 5.151409809608427, 52.082791137618401 ], [ 5.151427640533051, 52.082783302034933 ], [ 5.15142753666582, 52.082783258325861 ], [ 5.151586533297047, 52.08252394975473 ], [ 5.151580151637686, 52.082514027596986 ], [ 5.151409809608427, 52.082791137618401 ] ] ] ] } },
{ "type": "Feature", "properties": { "fid": 758, "id": null, "FUNCTIE": "04_Talut1", "Info": null, "Verhaal": null }, "geometry": { "type": "MultiPolygon", "coordinates": [ [ [ [ 5.151786736402831, 52.08329827412841 ], [ 5.151756096976749, 52.083313077055209 ], [ 5.151862246637453, 52.083315270854172 ], [ 5.151854251107244, 52.083306336431939 ], [ 5.151834949276945, 52.083306297903341 ], [ 5.15181408065745, 52.083298328720829 ], [ 5.151786736402831, 52.08329827412841 ] ] ] ] } },
{ "type": "Feature", "properties": { "fid": 955, "id": null, "FUNCTIE": "05_Talut2", "Info": null, "Verhaal": null }, "geometry": { "type": "MultiPolygon", "coordinates": [ [ [ [ 5.151756101779954, 52.083312164083999 ], [ 5.151754170500794, 52.083313073207805 ], [ 5.151756096976749, 52.083313077055209 ], [ 5.151756101779954, 52.083312164083999 ] ] ] ] } },
{ "type": "Feature", "properties": { "fid": 780, "id": null, "FUNCTIE": "04_Talut1", "Info": null, "Verhaal": null }, "geometry": { "type": "MultiPolygon", "coordinates": [ [ [ [ 5.150899506362048, 52.083475849515864 ], [ 5.150865302797231, 52.083501521574135 ], [ 5.151401300664141, 52.083488755426487 ], [ 5.151549281964087, 52.083489051276381 ], [ 5.151684416186789, 52.083485357518185 ], [ 5.151684491624474, 52.083484125726628 ], [ 5.151625276463997, 52.083451597403474 ], [ 5.150899513843483, 52.083475859567045 ], [ 5.150899506362048, 52.083475849515864 ] ] ] ] } },
{ "type": "Feature", "properties": { "fid": 780, "id": null, "FUNCTIE": "04_Talut1", "Info": null, "Verhaal": null }, "geometry": { "type": "MultiPolygon", "coordinates": [ [ [ [ 5.151641501910811, 52.083076994045143 ], [ 5.151689868863087, 52.083054201488046 ], [ 5.151689906845333, 52.083053318482889 ], [ 5.151127912267691, 52.082867879675767 ], [ 5.151641501910811, 52.083076994045143 ] ] ] ] } },
{ "type": "Feature", "properties": { "fid": 780, "id": null, "FUNCTIE": "04_Talut1", "Info": null, "Verhaal": null }, "geometry": { "type": "MultiPolygon", "coordinates": [ [ [ [ 5.150865302797231, 52.083501521574135 ], [ 5.150899506362048, 52.083475849515864 ], [ 5.150781323043486, 52.08331707217765 ], [ 5.150863990960414, 52.083501552818852 ], [ 5.150865302797231, 52.083501521574135 ] ] ] ] } },
{ "type": "Feature", "properties": { "fid": 769, "id": null, "FUNCTIE": "04_Talut1", "Info": null, "Verhaal": null }, "geometry": { "type": "MultiPolygon", "coordinates": [ [ [ [ 5.151886540717337, 52.082976511259176 ], [ 5.151866487388287, 52.08298202091764 ], [ 5.151867214470786, 52.082982324799822 ], [ 5.151854251107244, 52.083306336431939 ], [ 5.151862246637453, 52.083315270854172 ], [ 5.151886540717337, 52.082976511259176 ] ] ] ] } },
{ "type": "Feature", "properties": { "fid": 770, "id": null, "FUNCTIE": "04_Talut1", "Info": null, "Verhaal": null }, "geometry": { "type": "MultiPolygon", "coordinates": [ [ [ [ 5.151846266213299, 52.082987576691835 ], [ 5.151825329900136, 52.082993328950465 ], [ 5.15181408065745, 52.083298328720829 ], [ 5.151834949276945, 52.083306297903341 ], [ 5.151846266213299, 52.082987576691835 ] ] ] ] } },
{ "type": "Feature", "properties": { "fid": 75, "id": null, "FUNCTIE": "02_Maaiveld", "Info": null, "Verhaal": null }, "geometry": { "type": "MultiPolygon", "coordinates": [ [ [ [ 5.151866487388287, 52.08298202091764 ], [ 5.151846266213299, 52.082987576691835 ], [ 5.151834949276945, 52.083306297903341 ], [ 5.151854251107244, 52.083306336431939 ], [ 5.151867214470786, 52.082982324799822 ], [ 5.151866487388287, 52.08298202091764 ] ] ] ] } },
{ "type": "Feature", "properties": { "fid": 784, "id": null, "FUNCTIE": "04_Talut1", "Info": null, "Verhaal": null }, "geometry": { "type": "MultiPolygon", "coordinates": [ [ [ [ 5.151783530595121, 52.082438600425121 ], [ 5.151732725739468, 52.082404141969448 ], [ 5.15173192014398, 52.082405327335309 ], [ 5.151667675879795, 52.082387362086742 ], [ 5.151632300350393, 52.082385309532803 ], [ 5.151609740280705, 52.082393191981097 ], [ 5.151539072709818, 52.082373231946434 ], [ 5.151481157989628, 52.082375098057234 ], [ 5.151783213425032, 52.082439121738815 ], [ 5.151783530595121, 52.082438600425121 ] ] ] ] } },
{ "type": "Feature", "properties": { "fid": 736, "id": null, "FUNCTIE": "04_Talut1", "Info": null, "Verhaal": null }, "geometry": { "type": "MultiPolygon", "coordinates": [ [ [ [ 5.151634146785462, 52.082034520270064 ], [ 5.151675757630098, 52.082074241021125 ], [ 5.152232215983975, 52.082087242564498 ], [ 5.151634146785462, 52.082034520270064 ] ] ] ] } },
{ "type": "Feature", "properties": { "fid": 919, "id": null, "FUNCTIE": "05_Talut2", "Info": null, "Verhaal": null }, "geometry": { "type": "MultiPolygon", "coordinates": [ [ [ [ 5.151635722869765, 52.082034659208468 ], [ 5.151634836076854, 52.082033635883604 ], [ 5.151634146785462, 52.082034520270064 ], [ 5.151635722869765, 52.082034659208468 ] ] ] ] } },
{ "type": "Feature", "properties": { "fid": 748, "id": null, "FUNCTIE": "04_Talut1", "Info": null, "Verhaal": null }, "geometry": { "type": "MultiPolygon", "coordinates": [ [ [ [ 5.151810376509096, 52.082169640338478 ], [ 5.151795932063737, 52.082161683786559 ], [ 5.151649988114685, 52.082386335811073 ], [ 5.151667675879795, 52.082387362086742 ], [ 5.151810366370035, 52.082169640128953 ], [ 5.151810376509096, 52.082169640338478 ] ] ] ] } },
{ "type": "Feature", "properties": { "fid": 784, "id": null, "FUNCTIE": "04_Talut1", "Info": null, "Verhaal": null }, "geometry": { "type": "MultiPolygon", "coordinates": [ [ [ [ 5.151858433336883, 52.082219284563777 ], [ 5.151900007405293, 52.082247154388718 ], [ 5.151900032908842, 52.082247112470043 ], [ 5.152392145150918, 52.082261966704344 ], [ 5.15236335947262, 52.082230199277824 ], [ 5.151858433336883, 52.082219284563777 ] ] ] ] } },
{ "type": "Feature", "properties": { "fid": 748, "id": null, "FUNCTIE": "04_Talut1", "Info": null, "Verhaal": null }, "geometry": { "type": "MultiPolygon", "coordinates": [ [ [ [ 5.152341101223595, 52.082180607917017 ], [ 5.152333111000573, 52.08217068259551 ], [ 5.151795932063737, 52.082161683786559 ], [ 5.151810376509096, 52.082169640338478 ], [ 5.152341101223595, 52.082180607917017 ] ] ] ] } },
{ "type": "Feature", "properties": { "fid": 919, "id": null, "FUNCTIE": "05_Talut2", "Info": null, "Verhaal": null }, "geometry": { "type": "MultiPolygon", "coordinates": [ [ [ [ 5.152276369185787, 52.082045618124312 ], [ 5.152276907461556, 52.082046230229324 ], [ 5.152277470829701, 52.08204571323941 ], [ 5.152276369185787, 52.082045618124312 ] ] ] ] } },
{ "type": "Feature", "properties": { "fid": 737, "id": null, "FUNCTIE": "04_Talut1", "Info": null, "Verhaal": null }, "geometry": { "type": "MultiPolygon", "coordinates": [ [ [ [ 5.152277470829701, 52.08204571323941 ], [ 5.152242282828547, 52.082007987381971 ], [ 5.151666534623888, 52.08199296547042 ], [ 5.152277470829701, 52.08204571323941 ] ] ] ] } },
{ "type": "Feature", "properties": { "fid": 748, "id": null, "FUNCTIE": "04_Talut1", "Info": null, "Verhaal": null }, "geometry": { "type": "MultiPolygon", "coordinates": [ [ [ [ 5.15264848719835, 52.081841327201872 ], [ 5.152649522519836, 52.081814984751553 ], [ 5.152648627419169, 52.081814572085428 ], [ 5.152530713049721, 52.08190946775013 ], [ 5.15264848719835, 52.081841327201872 ] ] ] ] } },
{ "type": "Feature", "properties": { "fid": 737, "id": null, "FUNCTIE": "04_Talut1", "Info": null, "Verhaal": null }, "geometry": { "type": "MultiPolygon", "coordinates": [ [ [ [ 5.152684352673523, 52.081723595085165 ], [ 5.152568590245156, 52.081741083234661 ], [ 5.152242282828547, 52.082007987381971 ], [ 5.152277470829701, 52.08204571323941 ], [ 5.152482241984016, 52.081880192683364 ], [ 5.152603705591175, 52.081792682019739 ], [ 5.152684352673523, 52.081723595085165 ] ] ] ] } },
{ "type": "Feature", "properties": { "fid": 784, "id": null, "FUNCTIE": "04_Talut1", "Info": null, "Verhaal": null }, "geometry": { "type": "MultiPolygon", "coordinates": [ [ [ [ 5.153176971587079, 52.081627510304159 ], [ 5.153087266540113, 52.081650348284938 ], [ 5.153090198347711, 52.08165095355438 ], [ 5.15236335947262, 52.082230199277824 ], [ 5.152392145150918, 52.082261966704344 ], [ 5.153176971587079, 52.081627510304159 ] ] ] ] } },
{ "type": "Feature", "properties": { "fid": 737, "id": null, "FUNCTIE": "04_Talut1", "Info": null, "Verhaal": null }, "geometry": { "type": "MultiPolygon", "coordinates": [ [ [ [ 5.152034938973235, 52.081631132002023 ], [ 5.152004952843247, 52.081597622751154 ], [ 5.152003172932353, 52.081597261240859 ], [ 5.151628745790567, 52.081838303243281 ], [ 5.152034938973235, 52.081631132002023 ] ] ] ] } },
{ "type": "Feature", "properties": { "fid": 747, "id": null, "FUNCTIE": "04_Talut1", "Info": null, "Verhaal": null }, "geometry": { "type": "MultiPolygon", "coordinates": [ [ [ [ 5.151574938754639, 52.081778448640321 ], [ 5.151579700556753, 52.081818962039939 ], [ 5.151580591922993, 52.081819379151106 ], [ 5.151945311325162, 52.081589218278275 ], [ 5.151574938754639, 52.081778448640321 ] ] ] ] } },
{ "type": "Feature", "properties": { "fid": 865, "id": null, "FUNCTIE": "05_Talut2", "Info": null, "Verhaal": null }, "geometry": { "type": "MultiPolygon", "coordinates": [ [ [ [ 5.151579700556753, 52.081818962039939 ], [ 5.151579817914598, 52.081819960520178 ], [ 5.151580591922993, 52.081819379151106 ], [ 5.151579700556753, 52.081818962039939 ] ] ] ] } },
{ "type": "Feature", "properties": { "fid": 213, "id": null, "FUNCTIE": "04_Talut1", "Info": null, "Verhaal": null }, "geometry": { "type": "MultiPolygon", "coordinates": [ [ [ [ 5.150405966696379, 52.081312509554742 ], [ 5.150345737216241, 52.081320788095596 ], [ 5.150868127713871, 52.081499861261143 ], [ 5.150405888219315, 52.081312636963723 ], [ 5.150405966696379, 52.081312509554742 ] ] ] ] } },
{ "type": "Feature", "properties": { "fid": 924, "id": null, "FUNCTIE": "05_Talut2", "Info": null, "Verhaal": null }, "geometry": { "type": "MultiPolygon", "coordinates": [ [ [ [ 5.150344308370516, 52.081320984490418 ], [ 5.150345737216241, 52.081320788095596 ], [ 5.150344726532068, 52.081320441637509 ], [ 5.150344308370516, 52.081320984490418 ] ] ] ] } },
{ "type": "Feature", "properties": { "fid": 754, "id": null, "FUNCTIE": "04_Talut1", "Info": null, "Verhaal": null }, "geometry": { "type": "MultiPolygon", "coordinates": [ [ [ [ 5.150768078486369, 52.080952661395152 ], [ 5.150745571341652, 52.080950634377409 ], [ 5.150531428356859, 52.081297033978032 ], [ 5.150553956624871, 52.081295097315866 ], [ 5.150768078486369, 52.080952661395152 ] ] ] ] } },
{ "type": "Feature", "properties": { "fid": 754, "id": null, "FUNCTIE": "04_Talut1", "Info": null, "Verhaal": null }, "geometry": { "type": "MultiPolygon", "coordinates": [ [ [ [ 5.150809907383241, 52.080950763386518 ], [ 5.150792209737402, 52.080951718842776 ], [ 5.150581346804545, 52.081286233821764 ], [ 5.150595827761111, 52.081285271941901 ], [ 5.150809907383241, 52.080950763386518 ] ] ] ] } },
{ "type": "Feature", "properties": { "fid": 784, "id": null, "FUNCTIE": "04_Talut1", "Info": null, "Verhaal": null }, "geometry": { "type": "MultiPolygon", "coordinates": [ [ [ [ 5.151909009817388, 52.081365423006062 ], [ 5.151917087392941, 52.081408924999685 ], [ 5.151917307824982, 52.081408811201882 ], [ 5.153087266540113, 52.081650348284938 ], [ 5.153176971587079, 52.081627510304159 ], [ 5.153177177734793, 52.081627343653636 ], [ 5.151909009817388, 52.081365423006062 ] ] ] ] } },
{ "type": "Feature", "properties": { "fid": 784, "id": null, "FUNCTIE": "04_Talut1", "Info": null, "Verhaal": null }, "geometry": { "type": "MultiPolygon", "coordinates": [ [ [ [ 5.151547183286687, 52.08159988760039 ], [ 5.151543534461836, 52.081554644732542 ], [ 5.151543382711093, 52.08155472363903 ], [ 5.150785798478234, 52.081251961032351 ], [ 5.150786199213039, 52.081251299355266 ], [ 5.150711908544548, 52.081263443778198 ], [ 5.150711748698009, 52.081263703815971 ], [ 5.151546359540535, 52.081600312858463 ], [ 5.151547183286687, 52.08159988760039 ] ] ] ] } },
{ "type": "Feature", "properties": { "fid": 754, "id": null, "FUNCTIE": "04_Talut1", "Info": null, "Verhaal": null }, "geometry": { "type": "MultiPolygon", "coordinates": [ [ [ [ 5.151559608895463, 52.081706865750121 ], [ 5.151556221332892, 52.081692139740262 ], [ 5.151555524855348, 52.081692488655669 ], [ 5.150553956624871, 52.081295097315866 ], [ 5.150531428356859, 52.081297033978032 ], [ 5.151558663448551, 52.081707359037814 ], [ 5.151559608895463, 52.081706865750121 ] ] ] ] } },
{ "type": "Feature", "properties": { "fid": 754, "id": null, "FUNCTIE": "04_Talut1", "Info": null, "Verhaal": null }, "geometry": { "type": "MultiPolygon", "coordinates": [ [ [ [ 5.15156014957373, 52.081672559348384 ], [ 5.151558882076452, 52.081663753809018 ], [ 5.150595827761111, 52.081285271941901 ], [ 5.150581346804545, 52.081286233821764 ], [ 5.15156014957373, 52.081672559348384 ] ] ] ] } },
{ "type": "Feature", "properties": { "fid": 754, "id": null, "FUNCTIE": "04_Talut1", "Info": null, "Verhaal": null }, "geometry": { "type": "MultiPolygon", "coordinates": [ [ [ [ 5.151946123847522, 52.081473643739521 ], [ 5.151940637814149, 52.08146457674686 ], [ 5.151939533967109, 52.081464348229851 ], [ 5.151558893018024, 52.081663758109073 ], [ 5.151558882076452, 52.081663753809018 ], [ 5.15156014957373, 52.081672559348384 ], [ 5.15156045448775, 52.08167267969548 ], [ 5.151944312345762, 52.081473276230206 ], [ 5.151946123847522, 52.081473643739521 ] ] ] ] } },
{ "type": "Feature", "properties": { "fid": 784, "id": null, "FUNCTIE": "04_Talut1", "Info": null, "Verhaal": null }, "geometry": { "type": "MultiPolygon", "coordinates": [ [ [ [ 5.151917087392941, 52.081408924999685 ], [ 5.151909009817388, 52.081365423006062 ], [ 5.151907886546502, 52.081365191011677 ], [ 5.151543534461836, 52.081554644732542 ], [ 5.151547183286687, 52.08159988760039 ], [ 5.151917087392941, 52.081408924999685 ] ] ] ] } },
{ "type": "Feature", "properties": { "fid": 754, "id": null, "FUNCTIE": "04_Talut1", "Info": null, "Verhaal": null }, "geometry": { "type": "MultiPolygon", "coordinates": [ [ [ [ 5.152497072085885, 52.081644176772265 ], [ 5.15246875116397, 52.08162584469153 ], [ 5.152328022663651, 52.081607818215133 ], [ 5.152496714993159, 52.081644818942088 ], [ 5.152497072085885, 52.081644176772265 ] ] ] ] } },
{ "type": "Feature", "properties": { "fid": 754, "id": null, "FUNCTIE": "04_Talut1", "Info": null, "Verhaal": null }, "geometry": { "type": "MultiPolygon", "coordinates": [ [ [ [ 5.151952583411614, 52.081502103872289 ], [ 5.151956637163864, 52.081492355325068 ], [ 5.1519554723207, 52.081492126369682 ], [ 5.151556221332892, 52.081692139740262 ], [ 5.151559608895463, 52.081706865750121 ], [ 5.15195220339204, 52.081502029253819 ], [ 5.151952583411614, 52.081502103872289 ] ] ] ] } },
{ "type": "Feature", "properties": { "fid": 748, "id": null, "FUNCTIE": "04_Talut1", "Info": null, "Verhaal": null }, "geometry": { "type": "MultiPolygon", "coordinates": [ [ [ [ 5.152715605095343, 52.08185661982079 ], [ 5.152738745206545, 52.081856155207767 ], [ 5.152738773659911, 52.081856131991593 ], [ 5.152649522519836, 52.081814984751553 ], [ 5.15264848719835, 52.081841327201872 ], [ 5.152675763057627, 52.081854263686871 ], [ 5.152695069454531, 52.081853311147093 ], [ 5.152715605095343, 52.08185661982079 ] ] ] ] } },
{ "type": "Feature", "properties": { "fid": 784, "id": null, "FUNCTIE": "04_Talut1", "Info": null, "Verhaal": null }, "geometry": { "type": "MultiPolygon", "coordinates": [ [ [ [ 5.149491655258615, 52.081602013520737 ], [ 5.149448618136985, 52.081635332224252 ], [ 5.149448763684728, 52.081635739361204 ], [ 5.149683783142804, 52.081600539177643 ], [ 5.149593774514199, 52.081588466532224 ], [ 5.149491655258615, 52.081602013520737 ] ] ] ] } },
{ "type": "Feature", "properties": { "fid": 792, "id": null, "FUNCTIE": "04_Talut1", "Info": null, "Verhaal": null }, "geometry": { "type": "MultiPolygon", "coordinates": [ [ [ [ 5.149468170536803, 52.080858880937114 ], [ 5.149414383984596, 52.080840935537111 ], [ 5.149551301212601, 52.081105792788044 ], [ 5.149468170536803, 52.080858880937114 ] ] ] ] } },
{ "type": "Feature", "properties": { "fid": 792, "id": null, "FUNCTIE": "04_Talut1", "Info": null, "Verhaal": null }, "geometry": { "type": "MultiPolygon", "coordinates": [ [ [ [ 5.150118679269928, 52.080619597163739 ], [ 5.150141098226237, 52.080568189517948 ], [ 5.150139621811332, 52.080566914425084 ], [ 5.149978467954936, 52.080626046738978 ], [ 5.149830159781308, 52.080689168458662 ], [ 5.149414383984596, 52.080840935537111 ], [ 5.149468170536803, 52.080858880937114 ], [ 5.150118434568798, 52.080619391687414 ], [ 5.150118679269928, 52.080619597163739 ] ] ] ] } },
{ "type": "Feature", "properties": { "fid": 792, "id": null, "FUNCTIE": "04_Talut1", "Info": null, "Verhaal": null }, "geometry": { "type": "MultiPolygon", "coordinates": [ [ [ [ 5.150561433963357, 52.08094759476613 ], [ 5.150511439666374, 52.080949399332411 ], [ 5.150512353194475, 52.080950166424898 ], [ 5.150290933827198, 52.081303487568618 ], [ 5.150562224104379, 52.080948284648173 ], [ 5.150561433963357, 52.08094759476613 ] ] ] ] } },
{ "type": "Feature", "properties": { "fid": 773, "id": null, "FUNCTIE": "04_Talut1", "Info": null, "Verhaal": null }, "geometry": { "type": "MultiPolygon", "coordinates": [ [ [ [ 5.150406380007631, 52.080696084871413 ], [ 5.150450591602394, 52.080767713290037 ], [ 5.150352904311887, 52.080687250885369 ], [ 5.150406380007631, 52.080696084871413 ] ] ] ] } },
{ "type": "Feature", "properties": { "fid": 964, "id": null, "FUNCTIE": "05_Talut2", "Info": null, "Verhaal": null }, "geometry": { "type": "MultiPolygon", "coordinates": [ [ [ [ 5.150352220001869, 52.080687539033917 ], [ 5.150353495146099, 52.080687740237281 ], [ 5.150352905843918, 52.080687254861232 ], [ 5.150352220001869, 52.080687539033917 ] ] ] ] } },
{ "type": "Feature", "properties": { "fid": 774, "id": null, "FUNCTIE": "04_Talut1", "Info": null, "Verhaal": null }, "geometry": { "type": "MultiPolygon", "coordinates": [ [ [ [ 5.149955337249488, 52.080600503739454 ], [ 5.14991084426002, 52.080599890351749 ], [ 5.149911053736272, 52.080600150590783 ], [ 5.149798172197623, 52.080655416038198 ], [ 5.149955337249488, 52.080600503739454 ] ] ] ] } },
{ "type": "Feature", "properties": { "fid": 965, "id": null, "FUNCTIE": "05_Talut2", "Info": null, "Verhaal": null }, "geometry": { "type": "MultiPolygon", "coordinates": [ [ [ [ 5.149955337249488, 52.080600503739454 ], [ 5.149956328101522, 52.080600517399503 ], [ 5.149956088610266, 52.080600241219592 ], [ 5.149955337249488, 52.080600503739454 ] ] ] ] } },
{ "type": "Feature", "properties": { "fid": 784, "id": null, "FUNCTIE": "04_Talut1", "Info": null, "Verhaal": null }, "geometry": { "type": "MultiPolygon", "coordinates": [ [ [ [ 5.150906432373745, 52.08094699311323 ], [ 5.150974016594551, 52.080941182897938 ], [ 5.150243859710085, 52.080321370632603 ], [ 5.150243278233793, 52.080321583786322 ], [ 5.150236879706386, 52.08037100794931 ], [ 5.150237163868515, 52.080370904219109 ], [ 5.150906432373745, 52.08094699311323 ] ] ] ] } },
{ "type": "Feature", "properties": { "fid": 784, "id": null, "FUNCTIE": "04_Talut1", "Info": null, "Verhaal": null }, "geometry": { "type": "MultiPolygon", "coordinates": [ [ [ [ 5.150974016594551, 52.080941182897938 ], [ 5.150906432373745, 52.08094699311323 ], [ 5.150711908544548, 52.081263443778198 ], [ 5.150786199213039, 52.081251299355266 ], [ 5.150974016594551, 52.080941182897938 ] ] ] ] } },
{ "type": "Feature", "properties": { "fid": 784, "id": null, "FUNCTIE": "04_Talut1", "Info": null, "Verhaal": null }, "geometry": { "type": "MultiPolygon", "coordinates": [ [ [ [ 5.149189842716923, 52.08075376017608 ], [ 5.14912546669395, 52.080731389022233 ], [ 5.149448618136985, 52.081635332224252 ], [ 5.149491655258615, 52.081602013520737 ], [ 5.149490761701338, 52.081602132058713 ], [ 5.149189842716923, 52.08075376017608 ] ] ] ] } },
{ "type": "Feature", "properties": { "fid": 705, "id": null, "FUNCTIE": "04_Talut1", "Info": null, "Verhaal": null }, "geometry": { "type": "MultiPolygon", "coordinates": [ [ [ [ 5.152324144378159, 52.080508767823588 ], [ 5.152291846518634, 52.080532655119441 ], [ 5.152288705441409, 52.081131097431644 ], [ 5.152323934396655, 52.081160895837506 ], [ 5.152324144378159, 52.080508767823588 ] ] ] ] } },
{ "type": "Feature", "properties": { "fid": 705, "id": null, "FUNCTIE": "04_Talut1", "Info": null, "Verhaal": null }, "geometry": { "type": "MultiPolygon", "coordinates": [ [ [ [ 5.152017400693442, 52.080726252750701 ], [ 5.151944851114881, 52.080758809057151 ], [ 5.151836333076826, 52.0809022788861 ], [ 5.152017400693442, 52.080726252750701 ] ] ] ] } },
{ "type": "Feature", "properties": { "fid": 899, "id": null, "FUNCTIE": "05_Talut2", "Info": null, "Verhaal": null }, "geometry": { "type": "MultiPolygon", "coordinates": [ [ [ [ 5.152015763158445, 52.080727844691673 ], [ 5.152018457741775, 52.080726652056804 ], [ 5.152017400693442, 52.080726252750701 ], [ 5.152015763158445, 52.080727844691673 ] ] ] ] } },
{ "type": "Feature", "properties": { "fid": 706, "id": null, "FUNCTIE": "04_Talut1", "Info": null, "Verhaal": null }, "geometry": { "type": "MultiPolygon", "coordinates": [ [ [ [ 5.152055497112713, 52.080822449989618 ], [ 5.152091241020337, 52.080754146359887 ], [ 5.15191340601042, 52.080927206236559 ], [ 5.152055497112713, 52.080822449989618 ] ] ] ] } },
{ "type": "Feature", "properties": { "fid": 977, "id": null, "FUNCTIE": "05_Talut2", "Info": null, "Verhaal": null }, "geometry": { "type": "MultiPolygon", "coordinates": [ [ [ [ 5.152090875445626, 52.080756732306646 ], [ 5.152092183497126, 52.080754113650897 ], [ 5.152091242554113, 52.080754150335764 ], [ 5.152090875445626, 52.080756732306646 ] ] ] ] } },
{ "type": "Feature", "properties": { "fid": 705, "id": null, "FUNCTIE": "04_Talut1", "Info": null, "Verhaal": null }, "geometry": { "type": "MultiPolygon", "coordinates": [ [ [ [ 5.151484721362429, 52.080841061767295 ], [ 5.151473085344526, 52.080853988034612 ], [ 5.151944851114881, 52.080758809057151 ], [ 5.152017400693442, 52.080726252750701 ], [ 5.151484721362429, 52.080841061767295 ] ] ] ] } },
{ "type": "Feature", "properties": { "fid": 705, "id": null, "FUNCTIE": "04_Talut1", "Info": null, "Verhaal": null }, "geometry": { "type": "MultiPolygon", "coordinates": [ [ [ [ 5.151370842359512, 52.080721988448779 ], [ 5.151326080218763, 52.080714912827894 ], [ 5.151325843916759, 52.08071496184828 ], [ 5.151473085344526, 52.080853988034612 ], [ 5.151484721362429, 52.080841061767295 ], [ 5.151484411975041, 52.080841128449933 ], [ 5.15142198726836, 52.080783529066551 ], [ 5.15142365308724, 52.080772632049317 ], [ 5.151417271713296, 52.080762709880162 ], [ 5.15142376793472, 52.080750831581909 ], [ 5.151370842359512, 52.080721988448779 ] ] ] ] } },
{ "type": "Feature", "properties": { "fid": 706, "id": null, "FUNCTIE": "04_Talut1", "Info": null, "Verhaal": null }, "geometry": { "type": "MultiPolygon", "coordinates": [ [ [ [ 5.1520749677112, 52.081098857984529 ], [ 5.152056072164405, 52.081110214268413 ], [ 5.152323934396655, 52.081160895837506 ], [ 5.152288705441409, 52.081131097431644 ], [ 5.152219658372626, 52.081109159146131 ], [ 5.152206759899385, 52.081115079083027 ], [ 5.152187459014381, 52.081115040612744 ], [ 5.152168142517716, 52.081117974930294 ], [ 5.152074948608761, 52.081099952185042 ], [ 5.1520749677112, 52.081098857984529 ] ] ] ] } },
{ "type": "Feature", "properties": { "fid": 707, "id": null, "FUNCTIE": "04_Talut1", "Info": null, "Verhaal": null }, "geometry": { "type": "MultiPolygon", "coordinates": [ [ [ [ 5.152683579185482, 52.080823858046664 ], [ 5.15264598619981, 52.080775651426791 ], [ 5.152643766267297, 52.080901908016266 ], [ 5.152672753816569, 52.080895027160153 ], [ 5.152671205539681, 52.080881152845734 ], [ 5.152690542680463, 52.080874252788554 ], [ 5.152682778069201, 52.080823699367492 ], [ 5.152683579185482, 52.080823858046664 ] ] ] ] } },
{ "type": "Feature", "properties": { "fid": 707, "id": null, "FUNCTIE": "04_Talut1", "Info": null, "Verhaal": null }, "geometry": { "type": "MultiPolygon", "coordinates": [ [ [ [ 5.153274053233648, 52.080941371672182 ], [ 5.153322485256426, 52.080910722124607 ], [ 5.153322467227556, 52.080909201914878 ], [ 5.152646048723491, 52.08077209545084 ], [ 5.15264598619981, 52.080775651426791 ], [ 5.152683579185482, 52.080823858046664 ], [ 5.1532740495045, 52.080940814028295 ], [ 5.153274053233648, 52.080941371672182 ] ] ] ] } },
{ "type": "Feature", "properties": { "fid": 24, "id": null, "FUNCTIE": "02_Maaiveld", "Info": null, "Verhaal": null }, "geometry": { "type": "MultiPolygon", "coordinates": [ [ [ [ 5.153322485256426, 52.080910722124607 ], [ 5.153345857182963, 52.080895931518441 ], [ 5.152625511419884, 52.080754273765677 ], [ 5.152607606867248, 52.081232005258826 ], [ 5.153111170145099, 52.081330995189099 ], [ 5.153110135129828, 52.08099987086436 ], [ 5.152643767145989, 52.080901858041734 ], [ 5.152646139111751, 52.080772113772376 ], [ 5.153322467267965, 52.080909205322122 ], [ 5.153322485256426, 52.080910722124607 ] ] ] ] } },
{ "type": "Feature", "properties": { "fid": 38, "id": null, "FUNCTIE": "02_Maaiveld", "Info": null, "Verhaal": null }, "geometry": { "type": "MultiPolygon", "coordinates": [ [ [ [ 5.15313950820808, 52.080988384463836 ], [ 5.153158038679667, 52.080981170789649 ], [ 5.153158048826202, 52.080979230506834 ], [ 5.152671211832629, 52.080881150922828 ], [ 5.152672747533761, 52.080895027147605 ], [ 5.153139505558684, 52.080988112162558 ], [ 5.15313950820808, 52.080988384463836 ] ] ] ] } },
{ "type": "Feature", "properties": { "fid": 783, "id": null, "FUNCTIE": "04_Talut1", "Info": null, "Verhaal": null }, "geometry": { "type": "MultiPolygon", "coordinates": [ [ [ [ 5.153110048638927, 52.080999852695093 ], [ 5.15313950820808, 52.080988384463836 ], [ 5.153139505558684, 52.080988112162558 ], [ 5.152672747533761, 52.080895027147605 ], [ 5.152643759994631, 52.080901906068341 ], [ 5.153110048638927, 52.080999852695093 ] ] ] ] } },
{ "type": "Feature", "properties": { "fid": 707, "id": null, "FUNCTIE": "04_Talut1", "Info": null, "Verhaal": null }, "geometry": { "type": "MultiPolygon", "coordinates": [ [ [ [ 5.15327586016554, 52.081211348396742 ], [ 5.153325816633052, 52.081191626650558 ], [ 5.153322485256426, 52.080910722124607 ], [ 5.153274053233648, 52.080941371672182 ], [ 5.15327586016554, 52.081211348396742 ] ] ] ] } },
{ "type": "Feature", "properties": { "fid": 38, "id": null, "FUNCTIE": "02_Maaiveld", "Info": null, "Verhaal": null }, "geometry": { "type": "MultiPolygon", "coordinates": [ [ [ [ 5.15416968727347, 52.081465736395465 ], [ 5.154144643312358, 52.081469712966864 ], [ 5.154144672356332, 52.081469718583762 ], [ 5.153543981021529, 52.081920398595841 ], [ 5.15356960736793, 52.081941259128655 ], [ 5.153513084409779, 52.081984748497156 ], [ 5.153436189918986, 52.081925139636347 ], [ 5.15341199608001, 52.08193797389297 ], [ 5.15369397453212, 52.082150593944405 ], [ 5.153714946347592, 52.082138744190352 ], [ 5.153711770818335, 52.082130810377969 ], [ 5.153525895004218, 52.081995674232623 ], [ 5.153605029185646, 52.081934392728371 ], [ 5.153580995744418, 52.081916508181124 ], [ 5.15416968727347, 52.081465736395465 ] ] ] ] } },
{ "type": "Feature", "properties": { "fid": 746, "id": null, "FUNCTIE": "04_Talut1", "Info": null, "Verhaal": null }, "geometry": { "type": "MultiPolygon", "coordinates": [ [ [ [ 5.154144643312358, 52.081469712966864 ], [ 5.154117303412205, 52.081474619184796 ], [ 5.153544058624568, 52.081905534641692 ], [ 5.153543981021529, 52.081920398595841 ], [ 5.154144672356332, 52.081469718583762 ], [ 5.154144643312358, 52.081469712966864 ] ] ] ] } },
{ "type": "Feature", "properties": { "fid": 24, "id": null, "FUNCTIE": "02_Maaiveld", "Info": null, "Verhaal": null }, "geometry": { "type": "MultiPolygon", "coordinates": [ [ [ [ 5.153670135010057, 52.081972422943807 ], [ 5.153698535096876, 52.081971676685534 ], [ 5.154449006076183, 52.081399958338551 ], [ 5.153350014111321, 52.081181765910507 ], [ 5.153348275458048, 52.080896407078143 ], [ 5.153345857182963, 52.080895931518441 ], [ 5.153322485256426, 52.080910722124607 ], [ 5.153325816561248, 52.081191620595952 ], [ 5.154410199670618, 52.081408768134082 ], [ 5.153670135010057, 52.081972422943807 ] ] ] ] } },
{ "type": "Feature", "properties": { "fid": 707, "id": null, "FUNCTIE": "04_Talut1", "Info": null, "Verhaal": null }, "geometry": { "type": "MultiPolygon", "coordinates": [ [ [ [ 5.153690202034731, 52.082170022990219 ], [ 5.15369419069404, 52.082150473403132 ], [ 5.153693980825204, 52.082150592021478 ], [ 5.153412135734929, 52.081938081135675 ], [ 5.153380130950418, 52.08193959472387 ], [ 5.15337981070692, 52.081939891950867 ], [ 5.153690202034731, 52.082170022990219 ] ] ] ] } },
{ "type": "Feature", "properties": { "fid": 707, "id": null, "FUNCTIE": "04_Talut1", "Info": null, "Verhaal": null }, "geometry": { "type": "MultiPolygon", "coordinates": [ [ [ [ 5.153478120053619, 52.08189752959796 ], [ 5.153474547682538, 52.081853605105785 ], [ 5.153473568029876, 52.081852873143355 ], [ 5.153380130950418, 52.08193959472387 ], [ 5.153412135734929, 52.081938081135675 ], [ 5.153411996069901, 52.081937975828396 ], [ 5.153436189918986, 52.081925139636347 ], [ 5.1534570881228, 52.081926173944176 ], [ 5.153478120053619, 52.08189752959796 ] ] ] ] } },
{ "type": "Feature", "properties": { "fid": 707, "id": null, "FUNCTIE": "04_Talut1", "Info": null, "Verhaal": null }, "geometry": { "type": "MultiPolygon", "coordinates": [ [ [ [ 5.153474547682538, 52.081853605105785 ], [ 5.153478120053619, 52.08189752959796 ], [ 5.153478160456677, 52.081897474571193 ], [ 5.15353421030905, 52.081942177988715 ], [ 5.153569613640784, 52.081941261076466 ], [ 5.153543974728471, 52.081920400518825 ], [ 5.153544052331512, 52.081905536564641 ], [ 5.153474547682538, 52.081853605105785 ] ] ] ] } },
{ "type": "Feature", "properties": { "fid": 23, "id": null, "FUNCTIE": "02_Maaiveld", "Info": null, "Verhaal": null }, "geometry": { "type": "MultiPolygon", "coordinates": [ [ [ [ 5.153474547427107, 52.081853601965108 ], [ 5.153474443565409, 52.081852324921869 ], [ 5.153473568029876, 52.081852873143355 ], [ 5.153474547427107, 52.081853601965108 ] ] ] ] } },
{ "type": "Feature", "properties": { "fid": 24, "id": null, "FUNCTIE": "02_Maaiveld", "Info": null, "Verhaal": null }, "geometry": { "type": "MultiPolygon", "coordinates": [ [ [ [ 5.153809997100677, 52.082084549041546 ], [ 5.153834658588849, 52.082079861221267 ], [ 5.153696630062825, 52.08197312796473 ], [ 5.153698535096876, 52.081971676685534 ], [ 5.153670135010057, 52.081972422943807 ], [ 5.153669478477656, 52.081972922978011 ], [ 5.153811624095544, 52.082083351684027 ], [ 5.153809997100677, 52.082084549041546 ] ] ] ] } },
{ "type": "Feature", "properties": { "fid": 707, "id": null, "FUNCTIE": "04_Talut1", "Info": null, "Verhaal": null }, "geometry": { "type": "MultiPolygon", "coordinates": [ [ [ [ 5.153774695411809, 52.082092288291534 ], [ 5.153811742378157, 52.08208344316558 ], [ 5.153669158710211, 52.081973166445344 ], [ 5.15361769607566, 52.081974057379789 ], [ 5.153774695411809, 52.082092288291534 ] ] ] ] } },
{ "type": "Feature", "properties": { "fid": 708, "id": null, "FUNCTIE": "04_Talut1", "Info": null, "Verhaal": null }, "geometry": { "type": "MultiPolygon", "coordinates": [ [ [ [ 5.153482170783644, 52.082581328633239 ], [ 5.153516762784192, 52.082578734272992 ], [ 5.153874995152084, 52.082291665854569 ], [ 5.153874620361417, 52.082291333730986 ], [ 5.153852307768877, 52.082293210303327 ], [ 5.153854069807723, 52.08229459726472 ], [ 5.153482170783644, 52.082581328633239 ] ] ] ] } },
{ "type": "Feature", "properties": { "fid": 708, "id": null, "FUNCTIE": "04_Talut1", "Info": null, "Verhaal": null }, "geometry": { "type": "MultiPolygon", "coordinates": [ [ [ [ 5.154000336359022, 52.082267948999032 ], [ 5.154047221235712, 52.082263745299294 ], [ 5.153912679075795, 52.082159449868939 ], [ 5.153911667553558, 52.082160168077024 ], [ 5.153897056921685, 52.082191588034462 ], [ 5.153898040352094, 52.082190635528981 ], [ 5.154000336359022, 52.082267948999032 ] ] ] ] } },
{ "type": "Feature", "properties": { "fid": 708, "id": null, "FUNCTIE": "04_Talut1", "Info": null, "Verhaal": null }, "geometry": { "type": "MultiPolygon", "coordinates": [ [ [ [ 5.153793290090101, 52.082244219270208 ], [ 5.153819053362856, 52.082242092615182 ], [ 5.153818957792842, 52.082242007925089 ], [ 5.153838321170801, 52.082230154965472 ], [ 5.153859241319431, 52.082228214488296 ], [ 5.153897056921685, 52.082191588034462 ], [ 5.153911667553558, 52.082160168077024 ], [ 5.153793290090101, 52.082244219270208 ] ] ] ] } },
{ "type": "Feature", "properties": { "fid": 742, "id": null, "FUNCTIE": "04_Talut1", "Info": null, "Verhaal": null }, "geometry": { "type": "MultiPolygon", "coordinates": [ [ [ [ 5.153903842160476, 52.082284900052656 ], [ 5.153927691560328, 52.08228319107009 ], [ 5.153928120473279, 52.082282852508634 ], [ 5.153859241319431, 52.082228214488296 ], [ 5.153838321170801, 52.082230154965472 ], [ 5.153903983403433, 52.082284786632869 ], [ 5.153903842160476, 52.082284900052656 ] ] ] ] } },
{ "type": "Feature", "properties": { "fid": 708, "id": null, "FUNCTIE": "04_Talut1", "Info": null, "Verhaal": null }, "geometry": { "type": "MultiPolygon", "coordinates": [ [ [ [ 5.153852307768877, 52.082293210303327 ], [ 5.153874620361417, 52.082291333730986 ], [ 5.153819053362856, 52.082242092615182 ], [ 5.153793290090101, 52.082244219270208 ], [ 5.153791596092545, 52.082245422054179 ], [ 5.153852307768877, 52.082293210303327 ] ] ] ] } },
{ "type": "Feature", "properties": { "fid": 24, "id": null, "FUNCTIE": "02_Maaiveld", "Info": null, "Verhaal": null }, "geometry": { "type": "MultiPolygon", "coordinates": [ [ [ [ 5.153481698988437, 52.082581364017337 ], [ 5.15348019226145, 52.082581477020121 ], [ 5.153480816093372, 52.082582043943511 ], [ 5.153481698988437, 52.082581364017337 ] ] ] ] } },
{ "type": "Feature", "properties": { "fid": 708, "id": null, "FUNCTIE": "04_Talut1", "Info": null, "Verhaal": null }, "geometry": { "type": "MultiPolygon", "coordinates": [ [ [ [ 5.153516762784192, 52.082578734272992 ], [ 5.153482170783644, 52.082581328633239 ], [ 5.153481012020283, 52.082582222031128 ], [ 5.153554659734544, 52.082647770063495 ], [ 5.153556475131682, 52.08260813604425 ], [ 5.153542112804545, 52.082586306893653 ], [ 5.153526028203352, 52.082586275017299 ], [ 5.15351480002824, 52.082580307121503 ], [ 5.153516762784192, 52.082578734272992 ] ] ] ] } },
{ "type": "Feature", "properties": { "fid": 24, "id": null, "FUNCTIE": "02_Maaiveld", "Info": null, "Verhaal": null }, "geometry": { "type": "MultiPolygon", "coordinates": [ [ [ [ 5.15377425267801, 52.08251500327259 ], [ 5.153744763103769, 52.082512620056519 ], [ 5.153744398693289, 52.082512919859774 ], [ 5.154339743739585, 52.083083355059131 ], [ 5.152502935481998, 52.083367243295434 ], [ 5.152417736559499, 52.083378300978637 ], [ 5.152395917579645, 52.083382727452239 ], [ 5.1524141973741, 52.083255175201977 ], [ 5.152403288545948, 52.083205370246226 ], [ 5.152376596823697, 52.083391400238654 ], [ 5.154375863268368, 52.083089379115904 ], [ 5.15377425267801, 52.08251500327259 ] ] ] ] } },
{ "type": "Feature", "properties": { "fid": 708, "id": null, "FUNCTIE": "04_Talut1", "Info": null, "Verhaal": null }, "geometry": { "type": "MultiPolygon", "coordinates": [ [ [ [ 5.15369682084286, 52.082508745576483 ], [ 5.153744686244586, 52.082512613845104 ], [ 5.154047246385576, 52.082263764795158 ], [ 5.154047221235712, 52.082263745299294 ], [ 5.154000336359022, 52.082267948999032 ], [ 5.154000578141606, 52.082268131733933 ], [ 5.153695330139887, 52.082507335194656 ], [ 5.15369682084286, 52.082508745576483 ] ] ] ] } },
{ "type": "Feature", "properties": { "fid": 742, "id": null, "FUNCTIE": "04_Talut1", "Info": null, "Verhaal": null }, "geometry": { "type": "MultiPolygon", "coordinates": [ [ [ [ 5.153624601836683, 52.082509133382644 ], [ 5.153645017241073, 52.082508397567189 ], [ 5.15364385950659, 52.082507233249551 ], [ 5.153927691560328, 52.08228319107009 ], [ 5.153903842160476, 52.082284900052656 ], [ 5.153624601836683, 52.082509133382644 ] ] ] ] } },
{ "type": "Feature", "properties": { "fid": 742, "id": null, "FUNCTIE": "04_Talut1", "Info": null, "Verhaal": null }, "geometry": { "type": "MultiPolygon", "coordinates": [ [ [ [ 5.153667512533454, 52.082554101744385 ], [ 5.153690015042208, 52.082553651236559 ], [ 5.153645017241073, 52.082508397567189 ], [ 5.153624601836683, 52.082509133382644 ], [ 5.153624547675492, 52.08250917687473 ], [ 5.153667743334318, 52.082553854757897 ], [ 5.153667512533454, 52.082554101744385 ] ] ] ] } },
{ "type": "Feature", "properties": { "fid": 757, "id": null, "FUNCTIE": "04_Talut1", "Info": null, "Verhaal": null }, "geometry": { "type": "MultiPolygon", "coordinates": [ [ [ [ 5.153597441115974, 52.082544064595645 ], [ 5.15359877655628, 52.082529976061068 ], [ 5.153598703737149, 52.082529935423409 ], [ 5.153526028203352, 52.082586275017299 ], [ 5.153542112804545, 52.082586306893653 ], [ 5.153597022864685, 52.082543805259213 ], [ 5.153597441115974, 52.082544064595645 ] ] ] ] } },
{ "type": "Feature", "properties": { "fid": 757, "id": null, "FUNCTIE": "04_Talut1", "Info": null, "Verhaal": null }, "geometry": { "type": "MultiPolygon", "coordinates": [ [ [ [ 5.15359877655628, 52.082529976061068 ], [ 5.153597441115974, 52.082544064595645 ], [ 5.153619390420908, 52.082557674247376 ], [ 5.153646615946309, 52.082556673454 ], [ 5.15359877655628, 52.082529976061068 ] ] ] ] } },
{ "type": "Feature", "properties": { "fid": 742, "id": null, "FUNCTIE": "04_Talut1", "Info": null, "Verhaal": null }, "geometry": { "type": "MultiPolygon", "coordinates": [ [ [ [ 5.153642429321625, 52.082580943993683 ], [ 5.153664462534858, 52.082578675056567 ], [ 5.153664397142244, 52.082578621640771 ], [ 5.153690261759857, 52.082553899357102 ], [ 5.153690015042208, 52.082553651236559 ], [ 5.153667512533454, 52.082554101744385 ], [ 5.153642429321625, 52.082580943993683 ] ] ] ] } },
{ "type": "Feature", "properties": { "fid": 742, "id": null, "FUNCTIE": "04_Talut1", "Info": null, "Verhaal": null }, "geometry": { "type": "MultiPolygon", "coordinates": [ [ [ [ 5.153966874558182, 52.082843686685067 ], [ 5.153992656960273, 52.082846843464317 ], [ 5.153992737219535, 52.082846825427701 ], [ 5.153664462534858, 52.082578675056567 ], [ 5.153642429321625, 52.082580943993683 ], [ 5.153641863189883, 52.082581549827154 ], [ 5.153966874558182, 52.082843686685067 ] ] ] ] } },
{ "type": "Feature", "properties": { "fid": 757, "id": null, "FUNCTIE": "04_Talut1", "Info": null, "Verhaal": null }, "geometry": { "type": "MultiPolygon", "coordinates": [ [ [ [ 5.154054303949745, 52.083007536049237 ], [ 5.154080093293146, 52.083012530814621 ], [ 5.154080341024244, 52.083012485705019 ], [ 5.153917087497704, 52.082856585180082 ], [ 5.153918737290584, 52.082848660921293 ], [ 5.153931615377501, 52.082846704519426 ], [ 5.153923619517283, 52.082837770236694 ], [ 5.153779651987481, 52.082864068197622 ], [ 5.153759118169241, 52.082887101084495 ], [ 5.153759292056112, 52.082887981027227 ], [ 5.153909003823596, 52.08286449670895 ], [ 5.154054631228237, 52.083007480168554 ], [ 5.154054303949745, 52.083007536049237 ] ] ] ] } },
{ "type": "Feature", "properties": { "fid": 757, "id": null, "FUNCTIE": "04_Talut1", "Info": null, "Verhaal": null }, "geometry": { "type": "MultiPolygon", "coordinates": [ [ [ [ 5.153764401645161, 52.08282429822593 ], [ 5.153734072445624, 52.082814581832068 ], [ 5.153733939051241, 52.082814603176374 ], [ 5.153749889337864, 52.082840399208145 ], [ 5.153759118169241, 52.082887101084495 ], [ 5.153779651987481, 52.082864068197622 ], [ 5.153778717741501, 52.082864238852522 ], [ 5.153778841784922, 52.082840456529119 ], [ 5.153902792069315, 52.082821873982176 ], [ 5.153896404687594, 52.082812942880182 ], [ 5.153770840787707, 52.082832513166174 ], [ 5.153762839793334, 52.082824569802703 ], [ 5.153764401645161, 52.08282429822593 ] ] ] ] } },
{ "type": "Feature", "properties": { "fid": 159, "id": null, "FUNCTIE": "02_Maaiveld", "Info": null, "Verhaal": null }, "geometry": { "type": "MultiPolygon", "coordinates": [ [ [ [ 5.153734072445624, 52.082814581832068 ], [ 5.153733834040041, 52.082814505455424 ], [ 5.153733939051241, 52.082814603176374 ], [ 5.153734072445624, 52.082814581832068 ] ] ] ] } },
{ "type": "Feature", "properties": { "fid": 757, "id": null, "FUNCTIE": "04_Talut1", "Info": null, "Verhaal": null }, "geometry": { "type": "MultiPolygon", "coordinates": [ [ [ [ 5.153886196109565, 52.082802522462565 ], [ 5.153853966238197, 52.082795397743091 ], [ 5.153734072445624, 52.082814581832068 ], [ 5.153764401645161, 52.08282429822593 ], [ 5.153886805538534, 52.082803014482053 ], [ 5.153886196109565, 52.082802522462565 ] ] ] ] } },
{ "type": "Feature", "properties": { "fid": 742, "id": null, "FUNCTIE": "04_Talut1", "Info": null, "Verhaal": null }, "geometry": { "type": "MultiPolygon", "coordinates": [ [ [ [ 5.154111650444031, 52.083018642663305 ], [ 5.154136547366566, 52.083023464588578 ], [ 5.153962140147583, 52.082853701488574 ], [ 5.153992656960273, 52.082846843464317 ], [ 5.153966874558182, 52.082843686685067 ], [ 5.153967017199965, 52.082843801732331 ], [ 5.153936420126138, 52.082850677786546 ], [ 5.154112479567627, 52.083018494885188 ], [ 5.154111650444031, 52.083018642663305 ] ] ] ] } },
{ "type": "Feature", "properties": { "fid": 757, "id": null, "FUNCTIE": "04_Talut1", "Info": null, "Verhaal": null }, "geometry": { "type": "MultiPolygon", "coordinates": [ [ [ [ 5.154080093293146, 52.083012530814621 ], [ 5.154054303949745, 52.083007536049237 ], [ 5.15373908575547, 52.083061357517394 ], [ 5.153735796428582, 52.083075224169143 ], [ 5.154080093293146, 52.083012530814621 ] ] ] ] } },
{ "type": "Feature", "properties": { "fid": 166, "id": null, "FUNCTIE": "02_Maaiveld", "Info": null, "Verhaal": null }, "geometry": { "type": "MultiPolygon", "coordinates": [ [ [ [ 5.154111650444031, 52.083018642663305 ], [ 5.154080093293146, 52.083012530814621 ], [ 5.153735796428582, 52.083075224169143 ], [ 5.153737342873171, 52.083087118515273 ], [ 5.153676168995776, 52.083096906775317 ], [ 5.153631385015068, 52.083048261992062 ], [ 5.153616898380203, 52.083050215174516 ], [ 5.153661687518204, 52.083097869033125 ], [ 5.153210976768827, 52.083161386573494 ], [ 5.153214100471746, 52.083179229698651 ], [ 5.153111085095239, 52.083192898385398 ], [ 5.153100090083754, 52.083142338598122 ], [ 5.153082396802915, 52.083142303467525 ], [ 5.153091767761242, 52.083195832852866 ], [ 5.152760197257461, 52.083237784478698 ], [ 5.152444773359806, 52.083267876037077 ], [ 5.152436642566433, 52.083284705834188 ], [ 5.153234953743841, 52.083190171423659 ], [ 5.153235046994178, 52.083172334682587 ], [ 5.153751777823659, 52.083095074619045 ], [ 5.153755061978031, 52.083082198897031 ], [ 5.154111650444031, 52.083018642663305 ] ] ] ] } },
{ "type": "Feature", "properties": { "fid": 742, "id": null, "FUNCTIE": "04_Talut1", "Info": null, "Verhaal": null }, "geometry": { "type": "MultiPolygon", "coordinates": [ [ [ [ 5.15375541873251, 52.083082135311209 ], [ 5.153776975802748, 52.083087013116781 ], [ 5.154136580900555, 52.083023497229625 ], [ 5.154136547366566, 52.083023464588578 ], [ 5.154111650444031, 52.083018642663305 ], [ 5.15375541873251, 52.083082135311209 ] ] ] ] } },
{ "type": "Feature", "properties": { "fid": 742, "id": null, "FUNCTIE": "04_Talut1", "Info": null, "Verhaal": null }, "geometry": { "type": "MultiPolygon", "coordinates": [ [ [ [ 5.153751613532323, 52.083095099183396 ], [ 5.153775859912946, 52.083103766619281 ], [ 5.153775946348868, 52.083087194945897 ], [ 5.153776975802748, 52.083087013116781 ], [ 5.15375541873251, 52.083082135311209 ], [ 5.153755061978031, 52.083082198897031 ], [ 5.153751777823659, 52.083095074619045 ], [ 5.153751613532323, 52.083095099183396 ] ] ] ] } },
{ "type": "Feature", "properties": { "fid": 755, "id": null, "FUNCTIE": "04_Talut1", "Info": null, "Verhaal": null }, "geometry": { "type": "MultiPolygon", "coordinates": [ [ [ [ 5.153631178144005, 52.083087899196073 ], [ 5.153661687518204, 52.083097869033125 ], [ 5.153616898380203, 52.083050215174516 ], [ 5.153599205135281, 52.083050180121532 ], [ 5.153631178144005, 52.083087899196073 ] ] ] ] } },
{ "type": "Feature", "properties": { "fid": 742, "id": null, "FUNCTIE": "04_Talut1", "Info": null, "Verhaal": null }, "geometry": { "type": "MultiPolygon", "coordinates": [ [ [ [ 5.153235046994178, 52.083172334682587 ], [ 5.153265577057065, 52.083178340901867 ], [ 5.153775858483072, 52.083104040757661 ], [ 5.153775859912946, 52.083103766619281 ], [ 5.153751613532323, 52.083095099183396 ], [ 5.153235046994178, 52.083172334682587 ] ] ] ] } },
{ "type": "Feature", "properties": { "fid": 742, "id": null, "FUNCTIE": "04_Talut1", "Info": null, "Verhaal": null }, "geometry": { "type": "MultiPolygon", "coordinates": [ [ [ [ 5.15323495438443, 52.083190048893144 ], [ 5.153267096377514, 52.083194198961692 ], [ 5.153265577057065, 52.083178340901867 ], [ 5.153235046994178, 52.083172334682587 ], [ 5.15323495438443, 52.083190048893144 ] ] ] ] } },
{ "type": "Feature", "properties": { "fid": 744, "id": null, "FUNCTIE": "04_Talut1", "Info": null, "Verhaal": null }, "geometry": { "type": "MultiPolygon", "coordinates": [ [ [ [ 5.153111196497423, 52.0831928836039 ], [ 5.153127241055281, 52.083178045680661 ], [ 5.153116169701345, 52.083143361462788 ], [ 5.153100090083754, 52.083142338598122 ], [ 5.153111085095239, 52.083192898385398 ], [ 5.153111196497423, 52.0831928836039 ] ] ] ] } },
{ "type": "Feature", "properties": { "fid": 743, "id": null, "FUNCTIE": "04_Talut1", "Info": null, "Verhaal": null }, "geometry": { "type": "MultiPolygon", "coordinates": [ [ [ [ 5.153091728314166, 52.083195607520764 ], [ 5.153069254855842, 52.083187720610361 ], [ 5.153069290487239, 52.083187860698693 ], [ 5.1524141973741, 52.083255175201977 ], [ 5.152444773359806, 52.083267876037077 ], [ 5.152760197257461, 52.083237784478698 ], [ 5.153091767761242, 52.083195832852866 ], [ 5.153091728314166, 52.083195607520764 ] ] ] ] } },
{ "type": "Feature", "properties": { "fid": 756, "id": null, "FUNCTIE": "04_Talut1", "Info": null, "Verhaal": null }, "geometry": { "type": "MultiPolygon", "coordinates": [ [ [ [ 5.153673272631448, 52.083035462737485 ], [ 5.153714896558055, 52.083073200903499 ], [ 5.153735796428582, 52.083075224169143 ], [ 5.15373908575547, 52.083061357517394 ], [ 5.153684723277182, 52.082998820623047 ], [ 5.153683980313771, 52.082999216698198 ], [ 5.153673203609904, 52.083035504986874 ], [ 5.153673272631448, 52.083035462737485 ] ] ] ] } },
{ "type": "Feature", "properties": { "fid": 756, "id": null, "FUNCTIE": "04_Talut1", "Info": null, "Verhaal": null }, "geometry": { "type": "MultiPolygon", "coordinates": [ [ [ [ 5.153676168995776, 52.083096906775317 ], [ 5.153737342873171, 52.083087118515273 ], [ 5.153737342873171, 52.083087118515273 ], [ 5.153735958535558, 52.083077337907042 ], [ 5.153714896558055, 52.083073200903499 ], [ 5.15368106165008, 52.083084034241054 ], [ 5.153676168995776, 52.083096906775317 ] ] ] ] } },
{ "type": "Feature", "properties": { "fid": 756, "id": null, "FUNCTIE": "04_Talut1", "Info": null, "Verhaal": null }, "geometry": { "type": "MultiPolygon", "coordinates": [ [ [ [ 5.153735820909012, 52.083075412458278 ], [ 5.15371429180782, 52.083072652609125 ], [ 5.153714896558055, 52.083073200903499 ], [ 5.15368106165008, 52.083084034241054 ], [ 5.153676168995776, 52.083096906775317 ], [ 5.153737342873171, 52.083087118515273 ], [ 5.153735820909012, 52.083075412458278 ] ] ] ] } },
{ "type": "Feature", "properties": { "fid": 38, "id": null, "FUNCTIE": "02_Maaiveld", "Info": null, "Verhaal": null }, "geometry": { "type": "MultiPolygon", "coordinates": [ [ [ [ 5.154176887191793, 52.081460863791442 ], [ 5.153252983469828, 52.0812796739379 ], [ 5.153251509734673, 52.081253906556981 ], [ 5.153156675601018, 52.081241827058065 ], [ 5.153158038679667, 52.080981170789649 ], [ 5.15313950820808, 52.080988384463836 ], [ 5.153142643929444, 52.081310669578464 ], [ 5.153169151673379, 52.081316667841293 ], [ 5.153166237980724, 52.081258692030318 ], [ 5.153234533341851, 52.081270718861589 ], [ 5.153246464346872, 52.081296011522859 ], [ 5.154144643312358, 52.081469712966864 ], [ 5.154144672356332, 52.081469718583762 ], [ 5.153543981021529, 52.081920398595841 ], [ 5.15356960736793, 52.081941259128655 ], [ 5.153513084409779, 52.081984748497156 ], [ 5.153436189918986, 52.081925139636347 ], [ 5.15341199608001, 52.08193797389297 ], [ 5.15369397453212, 52.082150593944405 ], [ 5.153714946347592, 52.082138744190352 ], [ 5.153711770818335, 52.082130810377969 ], [ 5.153525895004218, 52.081995674232623 ], [ 5.153605029185646, 52.081934392728371 ], [ 5.153580995744418, 52.081916508181124 ], [ 5.15416968727347, 52.081465736395465 ], [ 5.154176887191793, 52.081460863791442 ] ] ] ] } },
{ "type": "Feature", "properties": { "fid": null, "id": null, "FUNCTIE": "04_Talut1", "Info": null, "Verhaal": null }, "geometry": { "type": "MultiPolygon", "coordinates": [ [ [ [ 5.15327586016554, 52.081211348396742 ], [ 5.153325818168089, 52.081191630626677 ], [ 5.154410349112939, 52.081408828055011 ], [ 5.154332652130674, 52.081423859597059 ], [ 5.15327586016554, 52.081211348396742 ] ] ] ] } },
{ "type": "Feature", "properties": { "fid": 783, "id": null, "FUNCTIE": "04_Talut1", "Info": null, "Verhaal": null }, "geometry": { "type": "MultiPolygon", "coordinates": [ [ [ [ 5.15325327772856, 52.081358435835895 ], [ 5.153219832269772, 52.081313795605936 ], [ 5.153178864338368, 52.081304795832231 ], [ 5.153169151673379, 52.081316667841293 ], [ 5.153142867236822, 52.081310720109222 ], [ 5.153111170251669, 52.081331047219464 ], [ 5.15325327772856, 52.081358435835895 ] ] ] ] } },
{ "type": "Feature", "properties": { "fid": 783, "id": null, "FUNCTIE": "04_Talut1", "Info": null, "Verhaal": null }, "geometry": { "type": "MultiPolygon", "coordinates": [ [ [ [ 5.153219832269772, 52.081313795605936 ], [ 5.15325327772856, 52.081358435835895 ], [ 5.153253375875807, 52.081358454496794 ], [ 5.153256044901392, 52.081309408231483 ], [ 5.153246464346872, 52.081296011522859 ], [ 5.153234533341851, 52.081270718861589 ], [ 5.153220034314078, 52.081275149322025 ], [ 5.153219832269772, 52.081313795605936 ] ] ] ] } },
{ "type": "Feature", "properties": { "fid": 750, "id": null, "FUNCTIE": "04_Talut1", "Info": null, "Verhaal": null }, "geometry": { "type": "MultiPolygon", "coordinates": [ [ [ [ 5.153166621423336, 52.081258759554665 ], [ 5.15318260845118, 52.08127065695453 ], [ 5.153220034314078, 52.081275149322025 ], [ 5.153234533341851, 52.081270718861589 ], [ 5.153166621423336, 52.081258759554665 ] ] ] ] } },
{ "type": "Feature", "properties": { "fid": 935, "id": null, "FUNCTIE": "04_Talut1", "Info": null, "Verhaal": null }, "geometry": { "type": "MultiPolygon", "coordinates": [ [ [ [ 5.153156675601018, 52.081241827058065 ], [ 5.153176807365358, 52.081236269958708 ], [ 5.153173383054827, 52.080968856067621 ], [ 5.152690548963268, 52.080874252801031 ], [ 5.152671211832629, 52.080881150922828 ], [ 5.153158048826202, 52.080979230506834 ], [ 5.153156675601018, 52.081241827058065 ] ] ] ] } },
{ "type": "Feature", "properties": { "fid": 935, "id": null, "FUNCTIE": "04_Talut1", "Info": null, "Verhaal": null }, "geometry": { "type": "MultiPolygon", "coordinates": [ [ [ [ 5.153251266785473, 52.081253875611324 ], [ 5.153263309474661, 52.081248439811588 ], [ 5.153176809246327, 52.081236416848824 ], [ 5.153176807365358, 52.081236269958708 ], [ 5.153156675601018, 52.081241827058065 ], [ 5.153251266785473, 52.081253875611324 ] ] ] ] } },
{ "type": "Feature", "properties": { "fid": 935, "id": null, "FUNCTIE": "04_Talut1", "Info": null, "Verhaal": null }, "geometry": { "type": "MultiPolygon", "coordinates": [ [ [ [ 5.153251509734673, 52.081253906556981 ], [ 5.153252983469828, 52.0812796739379 ], [ 5.153261207359806, 52.081270797953422 ], [ 5.153261072152729, 52.081270771521588 ], [ 5.153263601314067, 52.081248480375343 ], [ 5.153263309474661, 52.081248439811588 ], [ 5.153251266785473, 52.081253875611324 ], [ 5.153251509734673, 52.081253906556981 ] ] ] ] } },
{ "type": "Feature", "properties": { "fid": 935, "id": null, "FUNCTIE": "04_Talut1", "Info": null, "Verhaal": null }, "geometry": { "type": "MultiPolygon", "coordinates": [ [ [ [ 5.154176478913745, 52.081460783722669 ], [ 5.154205821475569, 52.081455505458912 ], [ 5.154205867119924, 52.081455470889836 ], [ 5.153261207359806, 52.081270797953422 ], [ 5.153252983469828, 52.0812796739379 ], [ 5.154176478913745, 52.081460783722669 ] ] ] ] } },
{ "type": "Feature", "properties": { "fid": 935, "id": null, "FUNCTIE": "04_Talut1", "Info": null, "Verhaal": null }, "geometry": { "type": "MultiPolygon", "coordinates": [ [ [ [ 5.15355658521929, 52.081996825894201 ], [ 5.153525895004218, 52.081995674232623 ], [ 5.153711770818335, 52.082130810377969 ], [ 5.153719880242849, 52.082117944210395 ], [ 5.15355658521929, 52.081996825894201 ] ] ] ] } },
{ "type": "Feature", "properties": { "fid": 935, "id": null, "FUNCTIE": "04_Talut1", "Info": null, "Verhaal": null }, "geometry": { "type": "MultiPolygon", "coordinates": [ [ [ [ 5.153604776821386, 52.08193420493086 ], [ 5.153626488891031, 52.081935761078157 ], [ 5.153597080104785, 52.081916540049825 ], [ 5.153597330869199, 52.081916350131621 ], [ 5.153580996947262, 52.081916509076223 ], [ 5.153604776821386, 52.08193420493086 ] ] ] ] } },
{ "type": "Feature", "properties": { "fid": 759, "id": null, "FUNCTIE": "04_Talut1", "Info": null, "Verhaal": null }, "geometry": { "type": "MultiPolygon", "coordinates": [ [ [ [ 5.153511406372002, 52.081968770901781 ], [ 5.153513233998556, 52.081984633401952 ], [ 5.15356960736793, 52.081941259128655 ], [ 5.153534216581901, 52.081942179936583 ], [ 5.153511558759549, 52.081968890424982 ], [ 5.153511406372002, 52.081968770901781 ] ] ] ] } },
{ "type": "Feature", "properties": { "fid": 935, "id": null, "FUNCTIE": "04_Talut1", "Info": null, "Verhaal": null }, "geometry": { "type": "MultiPolygon", "coordinates": [ [ [ [ 5.153525895004218, 52.081995674232623 ], [ 5.15355658521929, 52.081996825894201 ], [ 5.153556450169662, 52.081996725725908 ], [ 5.153626735323301, 52.081935922141646 ], [ 5.153626488891031, 52.081935761078157 ], [ 5.153604776821386, 52.08193420493086 ], [ 5.153605029185646, 52.081934392728371 ], [ 5.153525895004218, 52.081995674232623 ] ] ] ] } },
{ "type": "Feature", "properties": { "fid": 707, "id": null, "FUNCTIE": "04_Talut1", "Info": null, "Verhaal": null }, "geometry": { "type": "MultiPolygon", "coordinates": [ [ [ [ 5.15369419069404, 52.082150473403132 ], [ 5.153690202034731, 52.082170022990219 ], [ 5.153811742378157, 52.08208344316558 ], [ 5.153774695411809, 52.082092288291534 ], [ 5.153719880252947, 52.082117942274984 ], [ 5.153711764535354, 52.082130810365513 ], [ 5.153714946357689, 52.082138742254919 ], [ 5.15369419069404, 52.082150473403132 ] ] ] ] } },
{ "type": "Feature", "properties": { "fid": 784, "id": null, "FUNCTIE": "04_Talut1", "Info": null, "Verhaal": null }, "geometry": { "type": "MultiPolygon", "coordinates": [ [ [ [ 5.151900007405293, 52.082247154388718 ], [ 5.151858433336883, 52.082219284563777 ], [ 5.151858359173134, 52.082219282960622 ], [ 5.151732725739468, 52.082404141969448 ], [ 5.151783530595121, 52.082438600425121 ], [ 5.151900007405293, 52.082247154388718 ] ] ] ] } },
{ "type": "Feature", "properties": { "fid": 751, "id": null, "FUNCTIE": "04_Talut1", "Info": null, "Verhaal": null }, "geometry": { "type": "MultiPolygon", "coordinates": [ [ [ [ 5.152998743950397, 52.08275786434929 ], [ 5.153072159564716, 52.082782024706127 ], [ 5.152774428689177, 52.082516903632722 ], [ 5.152735817920676, 52.082518313269524 ], [ 5.153002373784449, 52.082758155147474 ], [ 5.152998743950397, 52.08275786434929 ] ] ] ] } },
{ "type": "Feature", "properties": { "fid": 751, "id": null, "FUNCTIE": "04_Talut1", "Info": null, "Verhaal": null }, "geometry": { "type": "MultiPolygon", "coordinates": [ [ [ [ 5.152902775752271, 52.082426487695741 ], [ 5.152919876336578, 52.082392363925351 ], [ 5.152919843489349, 52.082392334164503 ], [ 5.152735817920676, 52.082518313269524 ], [ 5.152774428689177, 52.082516903632722 ], [ 5.152832551115663, 52.082475399680604 ], [ 5.152856677956681, 52.08247544763627 ], [ 5.152873605658993, 52.082468049226186 ], [ 5.152873683486074, 52.082453185273877 ], [ 5.152902775752271, 52.082426487695741 ] ] ] ] } },
{ "type": "Feature", "properties": { "fid": 739, "id": null, "FUNCTIE": "04_Talut1", "Info": null, "Verhaal": null }, "geometry": { "type": "MultiPolygon", "coordinates": [ [ [ [ 5.153103652732873, 52.082768761148706 ], [ 5.153111007456095, 52.082746479591599 ], [ 5.153034026641818, 52.082703220822196 ], [ 5.153103652732873, 52.082768761148706 ] ] ] ] } },
{ "type": "Feature", "properties": { "fid": 959, "id": null, "FUNCTIE": "05_Talut2", "Info": null, "Verhaal": null }, "geometry": { "type": "MultiPolygon", "coordinates": [ [ [ [ 5.153103147213559, 52.08276828529403 ], [ 5.153102888845111, 52.082769084716418 ], [ 5.153103652732873, 52.082768761148706 ], [ 5.153103147213559, 52.08276828529403 ] ] ] ] } },
{ "type": "Feature", "properties": { "fid": 739, "id": null, "FUNCTIE": "04_Talut1", "Info": null, "Verhaal": null }, "geometry": { "type": "MultiPolygon", "coordinates": [ [ [ [ 5.153164125694593, 52.082739152986385 ], [ 5.153178584879697, 52.082739165769844 ], [ 5.152873683486074, 52.082453185273877 ], [ 5.152873605658993, 52.082468049226186 ], [ 5.153164125694593, 52.082739152986385 ] ] ] ] } },
{ "type": "Feature", "properties": { "fid": 959, "id": null, "FUNCTIE": "05_Talut2", "Info": null, "Verhaal": null }, "geometry": { "type": "MultiPolygon", "coordinates": [ [ [ [ 5.153072260969285, 52.082782058077377 ], [ 5.153072161503629, 52.082782025344208 ], [ 5.153072217647797, 52.082782076427499 ], [ 5.153072260969285, 52.082782058077377 ] ] ] ] } },
{ "type": "Feature", "properties": { "fid": 751, "id": null, "FUNCTIE": "04_Talut1", "Info": null, "Verhaal": null }, "geometry": { "type": "MultiPolygon", "coordinates": [ [ [ [ 5.153072159564716, 52.082782024706127 ], [ 5.152998743950397, 52.08275786434929 ], [ 5.152831142187898, 52.082744437209961 ], [ 5.153072217647797, 52.082782076427499 ], [ 5.153072159564716, 52.082782024706127 ] ] ] ] } },
{ "type": "Feature", "properties": { "fid": 751, "id": null, "FUNCTIE": "04_Talut1", "Info": null, "Verhaal": null }, "geometry": { "type": "MultiPolygon", "coordinates": [ [ [ [ 5.152886245138355, 52.082818867259178 ], [ 5.152977927838945, 52.082819049423094 ], [ 5.152811599269102, 52.082790477091251 ], [ 5.152886245138355, 52.082818867259178 ] ] ] ] } },
{ "type": "Feature", "properties": { "fid": 840, "id": null, "FUNCTIE": "05_Talut2", "Info": null, "Verhaal": null }, "geometry": { "type": "MultiPolygon", "coordinates": [ [ [ [ 5.15297867908046, 52.082818754845668 ], [ 5.152976141627111, 52.082818742583221 ], [ 5.152977927838945, 52.082819049423094 ], [ 5.15297867908046, 52.082818754845668 ] ] ] ] } },
{ "type": "Feature", "properties": { "fid": 751, "id": null, "FUNCTIE": "04_Talut1", "Info": null, "Verhaal": null }, "geometry": { "type": "MultiPolygon", "coordinates": [ [ [ [ 5.152902775752271, 52.082426487695741 ], [ 5.153402260672382, 52.082877861611458 ], [ 5.153467345866534, 52.082888392339555 ], [ 5.152919876336578, 52.082392363925351 ], [ 5.152902775752271, 52.082426487695741 ] ] ] ] } },
{ "type": "Feature", "properties": { "fid": 59, "id": null, "FUNCTIE": "02_Maaiveld", "Info": null, "Verhaal": null }, "geometry": { "type": "MultiPolygon", "coordinates": [ [ [ [ 5.153004327930358, 52.082897844030569 ], [ 5.153003996562029, 52.082897734303174 ], [ 5.153004055309987, 52.082897881084186 ], [ 5.153004327930358, 52.082897844030569 ] ] ] ] } },
{ "type": "Feature", "properties": { "fid": 741, "id": null, "FUNCTIE": "04_Talut1", "Info": null, "Verhaal": null }, "geometry": { "type": "MultiPolygon", "coordinates": [ [ [ [ 5.153003996562029, 52.082897734303174 ], [ 5.152986613033906, 52.082891978022019 ], [ 5.152492249638026, 52.082956319806314 ], [ 5.152506679127908, 52.082965266992687 ], [ 5.153004055309987, 52.082897881084186 ], [ 5.153003996562029, 52.082897734303174 ] ] ] ] } },
{ "type": "Feature", "properties": { "fid": 751, "id": null, "FUNCTIE": "04_Talut1", "Info": null, "Verhaal": null }, "geometry": { "type": "MultiPolygon", "coordinates": [ [ [ [ 5.152456480009063, 52.082875982424191 ], [ 5.152482972996603, 52.082884953630597 ], [ 5.152977927838945, 52.082819049423094 ], [ 5.152886245138355, 52.082818867259178 ], [ 5.152456480009063, 52.082875982424191 ] ] ] ] } },
{ "type": "Feature", "properties": { "fid": 751, "id": null, "FUNCTIE": "04_Talut1", "Info": null, "Verhaal": null }, "geometry": { "type": "MultiPolygon", "coordinates": [ [ [ [ 5.152438780154461, 52.083030533886038 ], [ 5.152489595264854, 52.083002393250723 ], [ 5.152506679127908, 52.082965266992687 ], [ 5.152492249638026, 52.082956319806314 ], [ 5.152489914883769, 52.082941451052683 ], [ 5.152475477608871, 52.082933990259299 ], [ 5.152482972996603, 52.082884953630597 ], [ 5.152456480009063, 52.082875982424191 ], [ 5.152438780154461, 52.083030533886038 ] ] ] ] } },
{ "type": "Feature", "properties": { "fid": 177, "id": null, "FUNCTIE": "02_Maaiveld", "Info": null, "Verhaal": null }, "geometry": { "type": "MultiPolygon", "coordinates": [ [ [ [ 5.150766384339827, 52.080951228092481 ], [ 5.1507910961982, 52.08095076806152 ], [ 5.150451166032325, 52.080659709840212 ], [ 5.150441487946484, 52.080664641137396 ], [ 5.150438229227758, 52.080672562120071 ], [ 5.150766384339827, 52.080951228092481 ] ] ] ] } },
{ "type": "Feature", "properties": { "fid": 754, "id": null, "FUNCTIE": "04_Talut1", "Info": null, "Verhaal": null }, "geometry": { "type": "MultiPolygon", "coordinates": [ [ [ [ 5.150745571341652, 52.080950634377409 ], [ 5.150768078486369, 52.080952661395152 ], [ 5.150438226163526, 52.080672554168423 ], [ 5.150438173741904, 52.080682463471369 ], [ 5.150745571341652, 52.080950634377409 ] ] ] ] } },
{ "type": "Feature", "properties": { "fid": 754, "id": null, "FUNCTIE": "04_Talut1", "Info": null, "Verhaal": null }, "geometry": { "type": "MultiPolygon", "coordinates": [ [ [ [ 5.150792209737402, 52.080951718842776 ], [ 5.150809907383241, 52.080950763386518 ], [ 5.150451229580257, 52.080646815818845 ], [ 5.150451161435941, 52.080659697912751 ], [ 5.150792209737402, 52.080951718842776 ] ] ] ] } },
{ "type": "Feature", "properties": { "fid": 180, "id": null, "FUNCTIE": "02_Maaiveld", "Info": null, "Verhaal": null }, "geometry": { "type": "MultiPolygon", "coordinates": [ [ [ [ 5.152215107447573, 52.08075086470128 ], [ 5.152214267341329, 52.080751433745689 ], [ 5.152215104508715, 52.080751424441104 ], [ 5.152215107447573, 52.08075086470128 ] ] ] ] } },
{ "type": "Feature", "properties": { "fid": 753, "id": null, "FUNCTIE": "04_Talut1", "Info": null, "Verhaal": null }, "geometry": { "type": "MultiPolygon", "coordinates": [ [ [ [ 5.15219736381196, 52.08076030357573 ], [ 5.152214273334589, 52.080751429686167 ], [ 5.152139503252248, 52.080752260708039 ], [ 5.1521554727018, 52.080774093241637 ], [ 5.152168334656508, 52.080775109822632 ], [ 5.15219736381196, 52.08076030357573 ] ] ] ] } },
{ "type": "Feature", "properties": { "fid": 932, "id": null, "FUNCTIE": "04_Talut1", "Info": null, "Verhaal": null }, "geometry": { "type": "MultiPolygon", "coordinates": [ [ [ [ 5.151778338213415, 52.08214282078773 ], [ 5.151762305903842, 52.08213287936929 ], [ 5.151609740280705, 52.082393191981097 ], [ 5.151632300350393, 52.082385309532803 ], [ 5.151778338213415, 52.08214282078773 ] ] ] ] } },
{ "type": "Feature", "properties": { "fid": 932, "id": null, "FUNCTIE": "04_Talut1", "Info": null, "Verhaal": null }, "geometry": { "type": "MultiPolygon", "coordinates": [ [ [ [ 5.152320304439825, 52.082158765759225 ], [ 5.152310807149962, 52.082145797096409 ], [ 5.152310722792267, 52.082145864482868 ], [ 5.151762305903842, 52.08213287936929 ], [ 5.151778338213415, 52.08214282078773 ], [ 5.152320304439825, 52.082158765759225 ] ] ] ] } },
{ "type": "Feature", "properties": { "fid": 897, "id": null, "FUNCTIE": "05_Talut2", "Info": null, "Verhaal": null }, "geometry": { "type": "MultiPolygon", "coordinates": [ [ [ [ 5.154333099831697, 52.081423516680239 ], [ 5.153275858630553, 52.081211344420623 ], [ 5.153274055787316, 52.08094081404078 ], [ 5.152682771786401, 52.080823699355001 ], [ 5.152690548963268, 52.080874252801031 ], [ 5.153173383054827, 52.080968856067621 ], [ 5.153176809246327, 52.081236416848824 ], [ 5.153263601314067, 52.081248480375343 ], [ 5.153261072152729, 52.081270771521588 ], [ 5.154205867119924, 52.081455470889836 ], [ 5.153597330869199, 52.081916350131621 ], [ 5.153626735323301, 52.081935922141646 ], [ 5.153581419099388, 52.081974754098013 ], [ 5.153556450169662, 52.081996725725908 ], [ 5.153719880242849, 52.082117944210395 ], [ 5.153774701694787, 52.082092288303947 ], [ 5.153617689802799, 52.081974055431921 ], [ 5.153618032083027, 52.081973792032578 ], [ 5.154333099831697, 52.081423516680239 ] ] ] ] } },
{ "type": "Feature", "properties": { "fid": null, "id": null, "FUNCTIE": "04_Talut1", "Info": null, "Verhaal": null }, "geometry": { "type": "MultiPolygon", "coordinates": [ [ [ [ 5.153069256390706, 52.083187724587717 ], [ 5.153056683394682, 52.083138292620824 ], [ 5.15308239833779, 52.083142307444859 ], [ 5.153091729849051, 52.08319561149812 ], [ 5.153069256390706, 52.083187724587717 ] ] ] ] } },
{ "type": "Feature", "properties": { "fid": null, "id": null, "FUNCTIE": "04_Talut1", "Info": null, "Verhaal": null }, "geometry": { "type": "MultiPolygon", "coordinates": [ [ [ [ 5.152962212709156, 52.083129362059587 ], [ 5.153056683394682, 52.083138292620824 ], [ 5.15308239833779, 52.083142307444859 ], [ 5.153100091618649, 52.083142342575449 ], [ 5.153116172771163, 52.083143369417456 ], [ 5.153159641657435, 52.083135524212125 ], [ 5.153220888232647, 52.083111863199491 ], [ 5.153599206670669, 52.083050184098781 ], [ 5.153616899915611, 52.083050219151808 ], [ 5.15363138655049, 52.083048265969374 ], [ 5.153649069451946, 52.083050282877693 ], [ 5.153673205145369, 52.083035508964102 ], [ 5.153683981849244, 52.08299922067544 ], [ 5.153666610049092, 52.083009746017311 ], [ 5.153623157867589, 52.083028780859188 ], [ 5.153584152649559, 52.083040924436837 ], [ 5.153551676935117, 52.083048163235489 ], [ 5.153468921775424, 52.083060817220151 ], [ 5.152962212709156, 52.083129362059587 ] ] ] ] } },
{ "type": "Feature", "properties": { "fid": 1101, "id": null, "FUNCTIE": "02_Maaiveld", "Info": null, "Verhaal": null }, "geometry": { "type": "MultiPolygon", "coordinates": [ [ [ [ 5.142947587948496, 52.075969599045933 ], [ 5.142933398738332, 52.075935580912024 ], [ 5.142815308883457, 52.075947979010976 ], [ 5.142829928079529, 52.075982041883989 ], [ 5.142947587948496, 52.075969599045933 ] ] ] ] } },
{ "type": "Feature", "properties": { "fid": 1101, "id": null, "FUNCTIE": "02_Maaiveld", "Info": null, "Verhaal": null }, "geometry": { "type": "MultiPolygon", "coordinates": [ [ [ [ 5.142888935044623, 52.075828547788845 ], [ 5.142864719152112, 52.075802255498338 ], [ 5.142749977186153, 52.075836769465575 ], [ 5.142771474165799, 52.075868122154937 ], [ 5.142888935044623, 52.075828547788845 ] ] ] ] } },
{ "type": "Feature", "properties": { "fid": 1101, "id": null, "FUNCTIE": "02_Maaiveld", "Info": null, "Verhaal": null }, "geometry": { "type": "MultiPolygon", "coordinates": [ [ [ [ 5.142668853640751, 52.075693432026846 ], [ 5.142624654657116, 52.075673714023075 ], [ 5.142586552907934, 52.07570087113676 ], [ 5.142540352626078, 52.075738328505032 ], [ 5.142585831556884, 52.07575845556503 ], [ 5.142668853640751, 52.075693432026846 ] ] ] ] } },
{ "type": "Feature", "properties": { "fid": 1101, "id": null, "FUNCTIE": "02_Maaiveld", "Info": null, "Verhaal": null }, "geometry": { "type": "MultiPolygon", "coordinates": [ [ [ [ 5.142518124959877, 52.075623205823575 ], [ 5.142473555329167, 52.075602604669754 ], [ 5.142393415405579, 52.075669697228513 ], [ 5.142435661391913, 52.075688514013073 ], [ 5.142518124959877, 52.075623205823575 ] ] ] ] } },
{ "type": "Feature", "properties": { "fid": 1101, "id": null, "FUNCTIE": "02_Maaiveld", "Info": null, "Verhaal": null }, "geometry": { "type": "MultiPolygon", "coordinates": [ [ [ [ 5.14224172622205, 52.075495042855231 ], [ 5.142191187967018, 52.075472173296312 ], [ 5.142112776222793, 52.075539796704113 ], [ 5.142161593391523, 52.075561553594817 ], [ 5.14224172622205, 52.075495042855231 ] ] ] ] } },
{ "type": "Feature", "properties": { "fid": 1102, "id": null, "FUNCTIE": "02_Maaiveld", "Info": null, "Verhaal": null }, "geometry": { "type": "MultiPolygon", "coordinates": [ [ [ [ 5.141963761906763, 52.075453073504676 ], [ 5.141912729727923, 52.075457399562978 ], [ 5.14194768177171, 52.075530860974688 ], [ 5.141996611223301, 52.075525278760615 ], [ 5.141963761906763, 52.075453073504676 ] ] ] ] } },
{ "type": "Feature", "properties": { "fid": 1102, "id": null, "FUNCTIE": "02_Maaiveld", "Info": null, "Verhaal": null }, "geometry": { "type": "MultiPolygon", "coordinates": [ [ [ [ 5.141789775550288, 52.075550946615685 ], [ 5.14175384578317, 52.07548018924966 ], [ 5.141704001544842, 52.075485783781218 ], [ 5.141742453363021, 52.075560533971348 ], [ 5.141789775550288, 52.075550946615685 ] ] ] ] } }
]
}
